scenario,method,seed,round,mean_reward
High-straggler,Async-FedDRL,3407,1,3.9208384640648464
High-straggler,Async-FedDRL,3407,2,3.735790573023006
High-straggler,Async-FedDRL,3407,3,3.9954811994309876
High-straggler,Async-FedDRL,3407,4,4.087070509843021
High-straggler,Async-FedDRL,3407,5,4.195841264840538
High-straggler,Async-FedDRL,3407,6,4.174440748364974
High-straggler,Async-FedDRL,3407,7,3.9014694524072593
High-straggler,Async-FedDRL,3407,8,4.334834343033739
High-straggler,Async-FedDRL,3407,9,3.865117611800663
High-straggler,Async-FedDRL,3407,10,4.120743852528689
High-straggler,Async-FedDRL,3407,11,4.342174659540058
High-straggler,Async-FedDRL,3407,12,4.260448506978243
High-straggler,Async-FedDRL,3407,13,4.020820282167743
High-straggler,Async-FedDRL,3407,14,3.9152644410137762
High-straggler,Async-FedDRL,3407,15,4.201772024538961
High-straggler,Async-FedDRL,3407,16,3.975671033184093
High-straggler,Async-FedDRL,3407,17,4.126351290329167
High-straggler,Async-FedDRL,3407,18,4.147588968980791
High-straggler,Async-FedDRL,3407,19,4.254850515822449
High-straggler,Async-FedDRL,3407,20,4.131716566119632
High-straggler,Async-FedDRL,3407,21,4.260390430899761
High-straggler,Async-FedDRL,3407,22,4.208112090682236
High-straggler,Async-FedDRL,3407,23,4.094755164477576
High-straggler,Async-FedDRL,3407,24,4.314360654488089
High-straggler,Async-FedDRL,3407,25,4.383660651356132
High-straggler,Async-FedDRL,3407,26,4.025934066452528
High-straggler,Async-FedDRL,3407,27,4.237319096903762
High-straggler,Async-FedDRL,3407,28,4.022332459302354
High-straggler,Async-FedDRL,3407,29,4.102655352604935
High-straggler,Async-FedDRL,3407,30,4.201885793090764
High-straggler,Async-FedDRL,3407,31,4.475264810258231
High-straggler,Async-FedDRL,3407,32,3.856865133957961
High-straggler,Async-FedDRL,3407,33,4.2693005932812325
High-straggler,Async-FedDRL,3407,34,4.313752896883632
High-straggler,Async-FedDRL,3407,35,4.208217957916497
High-straggler,Async-FedDRL,3407,36,4.348365344760654
High-straggler,Async-FedDRL,3407,37,4.136742119806261
High-straggler,Async-FedDRL,3407,38,4.10646362428602
High-straggler,Async-FedDRL,3407,39,4.010159482810335
High-straggler,Async-FedDRL,3407,40,4.331093392769473
High-straggler,Async-FedDRL,3407,41,4.2063159011658335
High-straggler,Async-FedDRL,3407,42,4.14970462599449
High-straggler,Async-FedDRL,3407,43,4.163230408487378
High-straggler,Async-FedDRL,3407,44,3.926892266183795
High-straggler,Async-FedDRL,3407,45,4.317787483509288
High-straggler,Async-FedDRL,3407,46,4.069711823002048
High-straggler,Async-FedDRL,3407,47,4.3094041006136505
High-straggler,Async-FedDRL,3407,48,4.634315469927594
High-straggler,Async-FedDRL,3407,49,4.269290153491309
High-straggler,Async-FedDRL,3407,50,4.296672568285809
High-straggler,Async-FedDRL,3407,51,4.329331824267553
High-straggler,Async-FedDRL,3407,52,4.370095131711304
High-straggler,Async-FedDRL,3407,53,4.412402430927728
High-straggler,Async-FedDRL,3407,54,4.17294269880511
High-straggler,Async-FedDRL,3407,55,4.352835498361366
High-straggler,Async-FedDRL,3407,56,4.236549319140815
High-straggler,Async-FedDRL,3407,57,4.27824514901234
High-straggler,Async-FedDRL,3407,58,4.090761605138048
High-straggler,Async-FedDRL,3407,59,4.30864090771757
High-straggler,Async-FedDRL,3407,60,4.505902833555367
High-straggler,Async-FedDRL,3407,61,4.498547166680755
High-straggler,Async-FedDRL,3407,62,4.29491746197417
High-straggler,Async-FedDRL,3407,63,4.4934678567169435
High-straggler,Async-FedDRL,3407,64,4.422812887568002
High-straggler,Async-FedDRL,3407,65,4.292899968900907
High-straggler,Async-FedDRL,3407,66,4.059009871207035
High-straggler,Async-FedDRL,3407,67,4.555916467279981
High-straggler,Async-FedDRL,3407,68,4.257284598362434
High-straggler,Async-FedDRL,3407,69,4.283450480498345
High-straggler,Async-FedDRL,3407,70,4.5408136836850295
High-straggler,Async-FedDRL,3407,71,4.661484606922892
High-straggler,Async-FedDRL,3407,72,4.217002660055018
High-straggler,Async-FedDRL,3407,73,4.647114281650953
High-straggler,Async-FedDRL,3407,74,4.215327659932092
High-straggler,Async-FedDRL,3407,75,4.4627026730800115
High-straggler,Async-FedDRL,3407,76,4.183864055934116
High-straggler,Async-FedDRL,3407,77,4.419060631215991
High-straggler,Async-FedDRL,3407,78,4.5778028675704725
High-straggler,Async-FedDRL,3407,79,4.344768090763908
High-straggler,Async-FedDRL,3407,80,4.4935284514051945
High-straggler,Async-FedDRL,3407,81,4.427963206447055
High-straggler,Async-FedDRL,3407,82,4.351882977051109
High-straggler,Async-FedDRL,3407,83,4.567577064987811
High-straggler,Async-FedDRL,3407,84,4.645348624128477
High-straggler,Async-FedDRL,3407,85,4.697766436236604
High-straggler,Async-FedDRL,3407,86,4.580852569119661
High-straggler,Async-FedDRL,3407,87,4.529313607811755
High-straggler,Async-FedDRL,3407,88,4.620042677800392
High-straggler,Async-FedDRL,3407,89,4.5361027014218145
High-straggler,Async-FedDRL,3407,90,4.672571786665569
High-straggler,Async-FedDRL,3407,91,4.700782647230061
High-straggler,Async-FedDRL,3407,92,4.398369391003202
High-straggler,Async-FedDRL,3407,93,4.5319182426243145
High-straggler,Async-FedDRL,3407,94,4.586499674998136
High-straggler,Async-FedDRL,3407,95,4.30449127398018
High-straggler,Async-FedDRL,3407,96,4.66817539733068
High-straggler,Async-FedDRL,3407,97,4.6459425056549675
High-straggler,Async-FedDRL,3407,98,4.7770102303077016
High-straggler,Async-FedDRL,3407,99,4.629615385487594
High-straggler,Async-FedDRL,3407,100,4.5195654944075905
High-straggler,Async-FedDRL,3407,101,4.3985777874476115
High-straggler,Async-FedDRL,3407,102,4.783728011803824
High-straggler,Async-FedDRL,3407,103,4.593218983128918
High-straggler,Async-FedDRL,3407,104,4.579487536656709
High-straggler,Async-FedDRL,3407,105,4.5677291489364515
High-straggler,Async-FedDRL,3407,106,4.70226882639314
High-straggler,Async-FedDRL,3407,107,4.767030911840218
High-straggler,Async-FedDRL,3407,108,4.41348422620143
High-straggler,Async-FedDRL,3407,109,4.6431894077018505
High-straggler,Async-FedDRL,3407,110,4.958312214819662
High-straggler,Async-FedDRL,3407,111,4.700623090507141
High-straggler,Async-FedDRL,3407,112,4.51738289132001
High-straggler,Async-FedDRL,3407,113,4.52328070513455
High-straggler,Async-FedDRL,3407,114,4.83349327216368
High-straggler,Async-FedDRL,3407,115,4.845074430505085
High-straggler,Async-FedDRL,3407,116,4.843980947325941
High-straggler,Async-FedDRL,3407,117,4.979821753940801
High-straggler,Async-FedDRL,3407,118,4.905574639433085
High-straggler,Async-FedDRL,3407,119,4.494915669519941
High-straggler,Async-FedDRL,3407,120,4.76076273626733
High-straggler,Async-FedDRL,3407,121,4.812451015802489
High-straggler,Async-FedDRL,3407,122,4.77759651221774
High-straggler,Async-FedDRL,3407,123,4.700183342949916
High-straggler,Async-FedDRL,3407,124,4.705445993264987
High-straggler,Async-FedDRL,3407,125,4.927920029719064
High-straggler,Async-FedDRL,3407,126,4.909717339769366
High-straggler,Async-FedDRL,3407,127,5.040777511910374
High-straggler,Async-FedDRL,3407,128,4.815111955813926
High-straggler,Async-FedDRL,3407,129,4.892887281201462
High-straggler,Async-FedDRL,3407,130,4.931188840090535
High-straggler,Async-FedDRL,3407,131,4.617764131616309
High-straggler,Async-FedDRL,3407,132,4.860165567869362
High-straggler,Async-FedDRL,3407,133,4.811250758582274
High-straggler,Async-FedDRL,3407,134,4.914183444127391
High-straggler,Async-FedDRL,3407,135,4.759939428088037
High-straggler,Async-FedDRL,3407,136,4.711487371961964
High-straggler,Async-FedDRL,3407,137,5.111692739726459
High-straggler,Async-FedDRL,3407,138,5.0375055136399425
High-straggler,Async-FedDRL,3407,139,4.576959163129702
High-straggler,Async-FedDRL,3407,140,4.851135943502745
High-straggler,Async-FedDRL,3407,141,4.993412571394525
High-straggler,Async-FedDRL,3407,142,4.891108877585212
High-straggler,Async-FedDRL,3407,143,4.8874848323480435
High-straggler,Async-FedDRL,3407,144,5.035724948601108
High-straggler,Async-FedDRL,3407,145,5.0743209866400285
High-straggler,Async-FedDRL,3407,146,5.034635216565653
High-straggler,Async-FedDRL,3407,147,4.9058523161123935
High-straggler,Async-FedDRL,3407,148,4.91523152665424
High-straggler,Async-FedDRL,3407,149,4.866661768292548
High-straggler,Async-FedDRL,3407,150,4.963906341447927
High-straggler,Async-FedDRL,3407,151,4.483705199783671
High-straggler,Async-FedDRL,3407,152,4.883868870711677
High-straggler,Async-FedDRL,3407,153,4.884437499730006
High-straggler,Async-FedDRL,3407,154,4.907478527201718
High-straggler,Async-FedDRL,3407,155,5.013395482295512
High-straggler,Async-FedDRL,3407,156,4.952513007503982
High-straggler,Async-FedDRL,3407,157,5.0005329697069225
High-straggler,Async-FedDRL,3407,158,4.968104786137697
High-straggler,Async-FedDRL,3407,159,4.96598996691776
High-straggler,Async-FedDRL,3407,160,4.823876257185211
High-straggler,Async-FedDRL,3407,161,4.870164815828178
High-straggler,Async-FedDRL,3407,162,5.128965711782753
High-straggler,Async-FedDRL,3407,163,4.965255188941097
High-straggler,Async-FedDRL,3407,164,4.9469838534402095
High-straggler,Async-FedDRL,3407,165,4.8799390593318055
High-straggler,Async-FedDRL,3407,166,5.01874448713786
High-straggler,Async-FedDRL,3407,167,4.979623985784058
High-straggler,Async-FedDRL,3407,168,4.825869314470632
High-straggler,Async-FedDRL,3407,169,5.046435847398752
High-straggler,Async-FedDRL,3407,170,4.858432986439119
High-straggler,Async-FedDRL,3407,171,5.038318199158345
High-straggler,Async-FedDRL,3407,172,4.920015167718655
High-straggler,Async-FedDRL,3407,173,4.837902845715834
High-straggler,Async-FedDRL,3407,174,5.043746579758977
High-straggler,Async-FedDRL,3407,175,5.035820284232047
High-straggler,Async-FedDRL,3407,176,5.106598671327272
High-straggler,Async-FedDRL,3407,177,4.776474369231602
High-straggler,Async-FedDRL,3407,178,5.011481293086541
High-straggler,Async-FedDRL,3407,179,4.844671824493193
High-straggler,Async-FedDRL,3407,180,5.00270981586956
High-straggler,Async-FedDRL,3407,181,4.7870417508083705
High-straggler,Async-FedDRL,3407,182,4.843220054575932
High-straggler,Async-FedDRL,3407,183,4.9310829937918
High-straggler,Async-FedDRL,3407,184,4.975838026806181
High-straggler,Async-FedDRL,3407,185,5.042631193461173
High-straggler,Async-FedDRL,3407,186,4.87863977909323
High-straggler,Async-FedDRL,3407,187,5.142932540871256
High-straggler,Async-FedDRL,3407,188,5.005926769883364
High-straggler,Async-FedDRL,3407,189,4.999268662804552
High-straggler,Async-FedDRL,3407,190,5.107262718654323
High-straggler,Async-FedDRL,3407,191,5.098261152263515
High-straggler,Async-FedDRL,3407,192,4.991141152740766
High-straggler,Async-FedDRL,3407,193,4.889547666561087
High-straggler,Async-FedDRL,3407,194,5.1954996617286
High-straggler,Async-FedDRL,3407,195,4.932589120402854
High-straggler,Async-FedDRL,3407,196,4.941507815575681
High-straggler,Async-FedDRL,3407,197,4.912536240390234
High-straggler,Async-FedDRL,3407,198,4.837577705302274
High-straggler,Async-FedDRL,3407,199,5.081191828301892
High-straggler,Async-FedDRL,3407,200,4.898615125150608
High-straggler,Async-FedDRL,3407,201,4.920694938216307
High-straggler,Async-FedDRL,3407,202,5.016310339961172
High-straggler,Async-FedDRL,3407,203,5.072109697902675
High-straggler,Async-FedDRL,3407,204,4.948726479986199
High-straggler,Async-FedDRL,3407,205,4.912215656725665
High-straggler,Async-FedDRL,3407,206,5.002073542607883
High-straggler,Async-FedDRL,3407,207,5.068075709767832
High-straggler,Async-FedDRL,3407,208,5.084337073241836
High-straggler,Async-FedDRL,3407,209,4.806934832814776
High-straggler,Async-FedDRL,3407,210,4.9849761832719075
High-straggler,Async-FedDRL,3407,211,5.088932456781056
High-straggler,Async-FedDRL,3407,212,4.822144101553379
High-straggler,Async-FedDRL,3407,213,5.013010089439643
High-straggler,Async-FedDRL,3407,214,5.002078543959454
High-straggler,Async-FedDRL,3407,215,5.007969311589871
High-straggler,Async-FedDRL,3407,216,5.018199422141555
High-straggler,Async-FedDRL,3407,217,5.04702394508647
High-straggler,Async-FedDRL,3407,218,4.93208404851758
High-straggler,Async-FedDRL,3407,219,4.989376503910642
High-straggler,Async-FedDRL,3407,220,5.082870540767645
High-straggler,Async-FedDRL,3407,221,4.905372999353547
High-straggler,Async-FedDRL,3407,222,5.007608828633512
High-straggler,Async-FedDRL,3407,223,4.9332538239362425
High-straggler,Async-FedDRL,3407,224,5.118367925357542
High-straggler,Async-FedDRL,3407,225,5.067390606507311
High-straggler,Async-FedDRL,3407,226,4.980075631176037
High-straggler,Async-FedDRL,3407,227,5.112401749885659
High-straggler,Async-FedDRL,3407,228,5.203198623538293
High-straggler,Async-FedDRL,3407,229,4.967801307699288
High-straggler,Async-FedDRL,3407,230,4.862835529647448
High-straggler,Async-FedDRL,3407,231,5.104008243951396
High-straggler,Async-FedDRL,3407,232,5.0704706881191575
High-straggler,Async-FedDRL,3407,233,4.865028058343409
High-straggler,Async-FedDRL,3407,234,5.0706115989582905
High-straggler,Async-FedDRL,3407,235,5.143482201694871
High-straggler,Async-FedDRL,3407,236,4.856024323440416
High-straggler,Async-FedDRL,3407,237,4.919650209114394
High-straggler,Async-FedDRL,3407,238,4.980264021195936
High-straggler,Async-FedDRL,3407,239,5.052692695359812
High-straggler,Async-FedDRL,3407,240,5.013800233039834
High-straggler,Async-FedDRL,3407,241,5.006801272708033
High-straggler,Async-FedDRL,3407,242,5.0545839012934
High-straggler,Async-FedDRL,3407,243,5.085966562511637
High-straggler,Async-FedDRL,3407,244,5.107535682511465
High-straggler,Async-FedDRL,3407,245,5.13215797405473
High-straggler,Async-FedDRL,3407,246,4.889904942383735
High-straggler,Async-FedDRL,3407,247,4.884311089141329
High-straggler,Async-FedDRL,3407,248,5.183080100031059
High-straggler,Async-FedDRL,3407,249,4.9509292550865425
High-straggler,Async-FedDRL,3407,250,5.149677236216641
High-straggler,Async-FedDRL,3407,251,5.122232403584492
High-straggler,Async-FedDRL,3407,252,5.070503174650901
High-straggler,Async-FedDRL,3407,253,5.115924092158798
High-straggler,Async-FedDRL,3407,254,4.99088158656515
High-straggler,Async-FedDRL,3407,255,4.955432769197741
High-straggler,Async-FedDRL,3407,256,5.074853088322261
High-straggler,Async-FedDRL,3407,257,4.904626349105578
High-straggler,Async-FedDRL,3407,258,5.157950893361059
High-straggler,Async-FedDRL,3407,259,5.047320399584885
High-straggler,Async-FedDRL,3407,260,5.047699907859367
High-straggler,Async-FedDRL,3407,261,5.092136142437527
High-straggler,Async-FedDRL,3407,262,5.044503594350954
High-straggler,Async-FedDRL,3407,263,5.01287636929305
High-straggler,Async-FedDRL,3407,264,5.1156802581325085
High-straggler,Async-FedDRL,3407,265,5.182644811502185
High-straggler,Async-FedDRL,3407,266,5.157308295867964
High-straggler,Async-FedDRL,3407,267,5.091021751014856
High-straggler,Async-FedDRL,3407,268,4.897366419192964
High-straggler,Async-FedDRL,3407,269,5.133771151412977
High-straggler,Async-FedDRL,3407,270,5.081128020363392
High-straggler,Async-FedDRL,3407,271,5.060298918184459
High-straggler,Async-FedDRL,3407,272,4.997221849735418
High-straggler,Async-FedDRL,3407,273,5.111483312802642
High-straggler,Async-FedDRL,3407,274,5.004506051786927
High-straggler,Async-FedDRL,3407,275,5.243939682551155
High-straggler,Async-FedDRL,3407,276,5.065613129992808
High-straggler,Async-FedDRL,3407,277,5.120182836328133
High-straggler,Async-FedDRL,3407,278,5.241667102814509
High-straggler,Async-FedDRL,3407,279,5.042671577521396
High-straggler,Async-FedDRL,3407,280,4.808990779566454
High-straggler,Async-FedDRL,3407,281,4.9811165731683085
High-straggler,Async-FedDRL,3407,282,5.044468064387159
High-straggler,Async-FedDRL,3407,283,5.134415070737619
High-straggler,Async-FedDRL,3407,284,5.039024287780399
High-straggler,Async-FedDRL,3407,285,5.0892026996330735
High-straggler,Async-FedDRL,3407,286,5.218086255687174
High-straggler,Async-FedDRL,3407,287,5.059832271121366
High-straggler,Async-FedDRL,3407,288,5.200627752989428
High-straggler,Async-FedDRL,3407,289,5.036220053131301
High-straggler,Async-FedDRL,3407,290,5.076338880405243
High-straggler,Async-FedDRL,3407,291,5.091035164485249
High-straggler,Async-FedDRL,3407,292,5.084901042243558
High-straggler,Async-FedDRL,3407,293,5.016085371747442
High-straggler,Async-FedDRL,3407,294,5.192822619596894
High-straggler,Async-FedDRL,3407,295,5.09149349125869
High-straggler,Async-FedDRL,3407,296,5.201368542299324
High-straggler,Async-FedDRL,3407,297,5.145901890817889
High-straggler,Async-FedDRL,3407,298,4.9912246556564845
High-straggler,Async-FedDRL,3407,299,4.813129578262049
High-straggler,Async-FedDRL,3407,300,4.997799382895277
High-straggler,Async-FedDRL,3407,301,5.043002252633687
High-straggler,Async-FedDRL,3407,302,5.255782858722024
High-straggler,Async-FedDRL,3407,303,5.068606506501696
High-straggler,Async-FedDRL,3407,304,5.003819237138074
High-straggler,Async-FedDRL,3407,305,5.199381326949624
High-straggler,Async-FedDRL,3407,306,4.895952220478608
High-straggler,Async-FedDRL,3407,307,5.08418111792753
High-straggler,Async-FedDRL,3407,308,5.008450490342655
High-straggler,Async-FedDRL,3407,309,5.015880348792062
High-straggler,Async-FedDRL,3407,310,5.079213386455421
High-straggler,Async-FedDRL,3407,311,5.113211042423299
High-straggler,Async-FedDRL,3407,312,5.017345522144711
High-straggler,Async-FedDRL,3407,313,5.076730098391004
High-straggler,Async-FedDRL,3407,314,5.057574177755617
High-straggler,Async-FedDRL,3407,315,5.082401847268777
High-straggler,Async-FedDRL,3407,316,5.0693801995814045
High-straggler,Async-FedDRL,3407,317,4.947683445474786
High-straggler,Async-FedDRL,3407,318,5.0751282298759905
High-straggler,Async-FedDRL,3407,319,5.2037400183275135
High-straggler,Async-FedDRL,3407,320,5.045187825914303
High-straggler,Async-FedDRL,3407,321,5.120394106868681
High-straggler,Async-FedDRL,3407,322,5.133963360753045
High-straggler,Async-FedDRL,3407,323,5.00654637033075
High-straggler,Async-FedDRL,3407,324,5.087936862476431
High-straggler,Async-FedDRL,3407,325,5.043620971689103
High-straggler,Async-FedDRL,3407,326,5.089761020523632
High-straggler,Async-FedDRL,3407,327,5.0436342774071745
High-straggler,Async-FedDRL,3407,328,5.073607030045538
High-straggler,Async-FedDRL,3407,329,5.07833852778666
High-straggler,Async-FedDRL,3407,330,5.194918937879049
High-straggler,Async-FedDRL,3407,331,5.106553112819891
High-straggler,Async-FedDRL,3407,332,5.050085265288117
High-straggler,Async-FedDRL,3407,333,5.187450714924558
High-straggler,Async-FedDRL,3407,334,5.126328993669183
High-straggler,Async-FedDRL,3407,335,5.235686428396586
High-straggler,Async-FedDRL,3407,336,5.073105915945911
High-straggler,Async-FedDRL,3407,337,5.0652587168280245
High-straggler,Async-FedDRL,3407,338,5.143607610862558
High-straggler,Async-FedDRL,3407,339,5.229417267265441
High-straggler,Async-FedDRL,3407,340,4.951832280466144
High-straggler,Async-FedDRL,3407,341,5.10778461977102
High-straggler,Async-FedDRL,3407,342,5.205628615977452
High-straggler,Async-FedDRL,3407,343,5.1224350694271195
High-straggler,Async-FedDRL,3407,344,5.144535073280914
High-straggler,Async-FedDRL,3407,345,5.253344511379785
High-straggler,Async-FedDRL,3407,346,5.0558127549169605
High-straggler,Async-FedDRL,3407,347,5.085170098789334
High-straggler,Async-FedDRL,3407,348,5.254555638536554
High-straggler,Async-FedDRL,3407,349,5.20079052590136
High-straggler,Async-FedDRL,3407,350,4.991562933142139
High-straggler,Async-FedDRL,3407,351,5.14014811871563
High-straggler,Async-FedDRL,3407,352,5.155523482935138
High-straggler,Async-FedDRL,3407,353,5.185646251681588
High-straggler,Async-FedDRL,3407,354,4.938064506206716
High-straggler,Async-FedDRL,3407,355,5.041611944554737
High-straggler,Async-FedDRL,3407,356,5.160416702980774
High-straggler,Async-FedDRL,3407,357,5.035798394163436
High-straggler,Async-FedDRL,3407,358,5.157916459957428
High-straggler,Async-FedDRL,3407,359,5.079688076381799
High-straggler,Async-FedDRL,3407,360,5.232678325788535
High-straggler,Async-FedDRL,3407,361,5.014141102495598
High-straggler,Async-FedDRL,3407,362,5.108948456206987
High-straggler,Async-FedDRL,3407,363,5.164312313902116
High-straggler,Async-FedDRL,3407,364,5.30251672108097
High-straggler,Async-FedDRL,3407,365,5.258001818335492
High-straggler,Async-FedDRL,3407,366,5.075783519423526
High-straggler,Async-FedDRL,3407,367,5.322533965145125
High-straggler,Async-FedDRL,3407,368,5.16272391324363
High-straggler,Async-FedDRL,3407,369,4.9615611939690965
High-straggler,Async-FedDRL,3407,370,5.323778036003323
High-straggler,Async-FedDRL,3407,371,5.302422973152987
High-straggler,Async-FedDRL,3407,372,5.152262605726615
High-straggler,Async-FedDRL,3407,373,5.2186650745257115
High-straggler,Async-FedDRL,3407,374,5.054523685007482
High-straggler,Async-FedDRL,3407,375,5.28947219243476
High-straggler,Async-FedDRL,3407,376,5.06803719833527
High-straggler,Async-FedDRL,3407,377,5.1348078442446745
High-straggler,Async-FedDRL,3407,378,5.100690168773526
High-straggler,Async-FedDRL,3407,379,5.009603013373892
High-straggler,Async-FedDRL,3407,380,5.102580139454038
High-straggler,Async-FedDRL,3407,381,5.0085332826025555
High-straggler,Async-FedDRL,3407,382,5.154875485366873
High-straggler,Async-FedDRL,3407,383,5.116889234983192
High-straggler,Async-FedDRL,3407,384,5.042739285489829
High-straggler,Async-FedDRL,3407,385,5.19205166276156
High-straggler,Async-FedDRL,3407,386,5.302868036835669
High-straggler,Async-FedDRL,3407,387,5.08390636635734
High-straggler,Async-FedDRL,3407,388,5.018204289451286
High-straggler,Async-FedDRL,3407,389,5.118002319710755
High-straggler,Async-FedDRL,3407,390,5.189242198385618
High-straggler,Async-FedDRL,3407,391,5.136826512291273
High-straggler,Async-FedDRL,3407,392,5.021238745050785
High-straggler,Async-FedDRL,3407,393,5.041433314122285
High-straggler,Async-FedDRL,3407,394,5.08557880818883
High-straggler,Async-FedDRL,3407,395,5.167535743576397
High-straggler,Async-FedDRL,3407,396,5.2106609946715485
High-straggler,Async-FedDRL,3407,397,5.150054110244878
High-straggler,Async-FedDRL,3407,398,5.231014655105268
High-straggler,Async-FedDRL,3407,399,5.203872296121875
High-straggler,Async-FedDRL,3407,400,5.084117167993823
High-straggler,Async-FedDRL,4518,1,3.8064603900226683
High-straggler,Async-FedDRL,4518,2,4.124237022375066
High-straggler,Async-FedDRL,4518,3,3.973625311546822
High-straggler,Async-FedDRL,4518,4,4.268535084499068
High-straggler,Async-FedDRL,4518,5,4.013095510160632
High-straggler,Async-FedDRL,4518,6,3.9475061188486036
High-straggler,Async-FedDRL,4518,7,4.417946359652371
High-straggler,Async-FedDRL,4518,8,4.185443197450334
High-straggler,Async-FedDRL,4518,9,3.9823109428293804
High-straggler,Async-FedDRL,4518,10,4.1816103098615685
High-straggler,Async-FedDRL,4518,11,4.0705076310759445
High-straggler,Async-FedDRL,4518,12,3.816390104403359
High-straggler,Async-FedDRL,4518,13,3.9650942418829183
High-straggler,Async-FedDRL,4518,14,4.046787552963536
High-straggler,Async-FedDRL,4518,15,4.24897617539888
High-straggler,Async-FedDRL,4518,16,3.8568837343092417
High-straggler,Async-FedDRL,4518,17,3.943371789104073
High-straggler,Async-FedDRL,4518,18,4.13599933430374
High-straggler,Async-FedDRL,4518,19,3.8912619441822573
High-straggler,Async-FedDRL,4518,20,3.741451233759918
High-straggler,Async-FedDRL,4518,21,4.2310715349468015
High-straggler,Async-FedDRL,4518,22,4.002619088911525
High-straggler,Async-FedDRL,4518,23,4.136821446608819
High-straggler,Async-FedDRL,4518,24,4.064941947407707
High-straggler,Async-FedDRL,4518,25,4.054971719756549
High-straggler,Async-FedDRL,4518,26,4.28031738703354
High-straggler,Async-FedDRL,4518,27,3.9919613193694317
High-straggler,Async-FedDRL,4518,28,4.147145390145415
High-straggler,Async-FedDRL,4518,29,4.050749239429013
High-straggler,Async-FedDRL,4518,30,3.966018262677377
High-straggler,Async-FedDRL,4518,31,3.7632932281115865
High-straggler,Async-FedDRL,4518,32,4.260300769996835
High-straggler,Async-FedDRL,4518,33,4.305878798890316
High-straggler,Async-FedDRL,4518,34,4.055062884205441
High-straggler,Async-FedDRL,4518,35,3.822907237368232
High-straggler,Async-FedDRL,4518,36,3.9537331451115696
High-straggler,Async-FedDRL,4518,37,4.000461265018166
High-straggler,Async-FedDRL,4518,38,4.05981978465103
High-straggler,Async-FedDRL,4518,39,4.180655481248186
High-straggler,Async-FedDRL,4518,40,4.067579396492924
High-straggler,Async-FedDRL,4518,41,3.9481612856979185
High-straggler,Async-FedDRL,4518,42,4.0463385335633175
High-straggler,Async-FedDRL,4518,43,4.386839137564464
High-straggler,Async-FedDRL,4518,44,4.199221238435915
High-straggler,Async-FedDRL,4518,45,4.122429061588205
High-straggler,Async-FedDRL,4518,46,4.40321079473562
High-straggler,Async-FedDRL,4518,47,4.2521612160127065
High-straggler,Async-FedDRL,4518,48,3.9745640170043663
High-straggler,Async-FedDRL,4518,49,4.266474930710515
High-straggler,Async-FedDRL,4518,50,4.420494918033102
High-straggler,Async-FedDRL,4518,51,4.409797789758928
High-straggler,Async-FedDRL,4518,52,3.8766529442992943
High-straggler,Async-FedDRL,4518,53,4.125555679353972
High-straggler,Async-FedDRL,4518,54,4.406570867685177
High-straggler,Async-FedDRL,4518,55,4.025985845933153
High-straggler,Async-FedDRL,4518,56,3.9936195322310595
High-straggler,Async-FedDRL,4518,57,4.243462805292042
High-straggler,Async-FedDRL,4518,58,3.9562196556975513
High-straggler,Async-FedDRL,4518,59,4.250652596383141
High-straggler,Async-FedDRL,4518,60,4.216218290394053
High-straggler,Async-FedDRL,4518,61,4.122051587476705
High-straggler,Async-FedDRL,4518,62,4.495873279521513
High-straggler,Async-FedDRL,4518,63,4.307913020373653
High-straggler,Async-FedDRL,4518,64,4.048822452984195
High-straggler,Async-FedDRL,4518,65,4.392888990557818
High-straggler,Async-FedDRL,4518,66,4.4835348734348415
High-straggler,Async-FedDRL,4518,67,4.419714846257129
High-straggler,Async-FedDRL,4518,68,4.1933615531245625
High-straggler,Async-FedDRL,4518,69,4.338120776563495
High-straggler,Async-FedDRL,4518,70,4.213997908028917
High-straggler,Async-FedDRL,4518,71,4.107162006568922
High-straggler,Async-FedDRL,4518,72,4.364409380601935
High-straggler,Async-FedDRL,4518,73,4.186149181287355
High-straggler,Async-FedDRL,4518,74,4.351473802630727
High-straggler,Async-FedDRL,4518,75,4.496104132772623
High-straggler,Async-FedDRL,4518,76,4.100742884749265
High-straggler,Async-FedDRL,4518,77,4.189913290095612
High-straggler,Async-FedDRL,4518,78,4.211176722735567
High-straggler,Async-FedDRL,4518,79,4.433257372629681
High-straggler,Async-FedDRL,4518,80,4.442251065962892
High-straggler,Async-FedDRL,4518,81,4.503210284019962
High-straggler,Async-FedDRL,4518,82,4.58441205155856
High-straggler,Async-FedDRL,4518,83,4.469767011247967
High-straggler,Async-FedDRL,4518,84,4.551813919257984
High-straggler,Async-FedDRL,4518,85,4.5844644253520395
High-straggler,Async-FedDRL,4518,86,4.118754559384763
High-straggler,Async-FedDRL,4518,87,4.735997253548129
High-straggler,Async-FedDRL,4518,88,4.6886679886185885
High-straggler,Async-FedDRL,4518,89,4.332493224768132
High-straggler,Async-FedDRL,4518,90,4.755506378740069
High-straggler,Async-FedDRL,4518,91,4.664637601129971
High-straggler,Async-FedDRL,4518,92,4.500971317245819
High-straggler,Async-FedDRL,4518,93,4.5884443179216285
High-straggler,Async-FedDRL,4518,94,4.519489218034502
High-straggler,Async-FedDRL,4518,95,4.643841891285494
High-straggler,Async-FedDRL,4518,96,4.713709636045754
High-straggler,Async-FedDRL,4518,97,4.7569701617914175
High-straggler,Async-FedDRL,4518,98,4.612839258529937
High-straggler,Async-FedDRL,4518,99,4.618417448806366
High-straggler,Async-FedDRL,4518,100,4.492633829857356
High-straggler,Async-FedDRL,4518,101,4.604169164563284
High-straggler,Async-FedDRL,4518,102,4.519832704183575
High-straggler,Async-FedDRL,4518,103,4.61273136692091
High-straggler,Async-FedDRL,4518,104,4.607777805435139
High-straggler,Async-FedDRL,4518,105,4.82311620792281
High-straggler,Async-FedDRL,4518,106,4.5893915429826935
High-straggler,Async-FedDRL,4518,107,4.533974080088327
High-straggler,Async-FedDRL,4518,108,4.865110953903701
High-straggler,Async-FedDRL,4518,109,4.734051147468539
High-straggler,Async-FedDRL,4518,110,4.736949866544596
High-straggler,Async-FedDRL,4518,111,4.759671123681885
High-straggler,Async-FedDRL,4518,112,4.777748090837089
High-straggler,Async-FedDRL,4518,113,4.603606021394532
High-straggler,Async-FedDRL,4518,114,4.646481650446809
High-straggler,Async-FedDRL,4518,115,4.614321326183155
High-straggler,Async-FedDRL,4518,116,4.848934690132939
High-straggler,Async-FedDRL,4518,117,4.6434090056484
High-straggler,Async-FedDRL,4518,118,4.5853234689906515
High-straggler,Async-FedDRL,4518,119,4.555750184772882
High-straggler,Async-FedDRL,4518,120,4.983495912906555
High-straggler,Async-FedDRL,4518,121,4.845830533786588
High-straggler,Async-FedDRL,4518,122,4.834589047051029
High-straggler,Async-FedDRL,4518,123,4.9322185893270465
High-straggler,Async-FedDRL,4518,124,4.694853412482935
High-straggler,Async-FedDRL,4518,125,4.628239551985937
High-straggler,Async-FedDRL,4518,126,4.733640176730771
High-straggler,Async-FedDRL,4518,127,4.762444233760752
High-straggler,Async-FedDRL,4518,128,4.6802744653843
High-straggler,Async-FedDRL,4518,129,4.8400195160563815
High-straggler,Async-FedDRL,4518,130,4.956193576002508
High-straggler,Async-FedDRL,4518,131,4.832278914786023
High-straggler,Async-FedDRL,4518,132,5.020697970520525
High-straggler,Async-FedDRL,4518,133,4.996952838350592
High-straggler,Async-FedDRL,4518,134,4.954499432313164
High-straggler,Async-FedDRL,4518,135,4.990213678165448
High-straggler,Async-FedDRL,4518,136,4.96803925116399
High-straggler,Async-FedDRL,4518,137,4.881805663353842
High-straggler,Async-FedDRL,4518,138,5.039128372152213
High-straggler,Async-FedDRL,4518,139,4.7961504995853685
High-straggler,Async-FedDRL,4518,140,4.770707285166425
High-straggler,Async-FedDRL,4518,141,4.971147252203502
High-straggler,Async-FedDRL,4518,142,4.9194646410660114
High-straggler,Async-FedDRL,4518,143,4.709598642644265
High-straggler,Async-FedDRL,4518,144,4.862102494996889
High-straggler,Async-FedDRL,4518,145,4.862253948428918
High-straggler,Async-FedDRL,4518,146,5.0639085549868925
High-straggler,Async-FedDRL,4518,147,4.805350738839715
High-straggler,Async-FedDRL,4518,148,5.040481068304209
High-straggler,Async-FedDRL,4518,149,4.96387214050409
High-straggler,Async-FedDRL,4518,150,5.069218757541578
High-straggler,Async-FedDRL,4518,151,4.892927639754718
High-straggler,Async-FedDRL,4518,152,4.9433955652942405
High-straggler,Async-FedDRL,4518,153,4.837425381052363
High-straggler,Async-FedDRL,4518,154,4.979647681697692
High-straggler,Async-FedDRL,4518,155,4.911250276759826
High-straggler,Async-FedDRL,4518,156,5.052954169207615
High-straggler,Async-FedDRL,4518,157,4.834949582991834
High-straggler,Async-FedDRL,4518,158,4.974295191777331
High-straggler,Async-FedDRL,4518,159,5.225951373923963
High-straggler,Async-FedDRL,4518,160,4.976979668492611
High-straggler,Async-FedDRL,4518,161,5.0858097893444265
High-straggler,Async-FedDRL,4518,162,5.005462208494626
High-straggler,Async-FedDRL,4518,163,4.826315786161309
High-straggler,Async-FedDRL,4518,164,5.00721066488862
High-straggler,Async-FedDRL,4518,165,4.803354194851842
High-straggler,Async-FedDRL,4518,166,4.933528337450418
High-straggler,Async-FedDRL,4518,167,4.822777526788144
High-straggler,Async-FedDRL,4518,168,4.824002030773932
High-straggler,Async-FedDRL,4518,169,5.2223427996669
High-straggler,Async-FedDRL,4518,170,5.168754795487677
High-straggler,Async-FedDRL,4518,171,4.946268625487497
High-straggler,Async-FedDRL,4518,172,5.1776224634514945
High-straggler,Async-FedDRL,4518,173,4.945435249854647
High-straggler,Async-FedDRL,4518,174,4.9801606574391615
High-straggler,Async-FedDRL,4518,175,5.087298799041796
High-straggler,Async-FedDRL,4518,176,4.958215573086884
High-straggler,Async-FedDRL,4518,177,5.181769361547901
High-straggler,Async-FedDRL,4518,178,5.151200552966581
High-straggler,Async-FedDRL,4518,179,5.036311049914176
High-straggler,Async-FedDRL,4518,180,4.833351509909628
High-straggler,Async-FedDRL,4518,181,5.014071622278134
High-straggler,Async-FedDRL,4518,182,4.836414713044936
High-straggler,Async-FedDRL,4518,183,4.988796559226874
High-straggler,Async-FedDRL,4518,184,5.0651448959574665
High-straggler,Async-FedDRL,4518,185,5.141362854861684
High-straggler,Async-FedDRL,4518,186,5.080804587725917
High-straggler,Async-FedDRL,4518,187,5.116687348324725
High-straggler,Async-FedDRL,4518,188,5.065667638740766
High-straggler,Async-FedDRL,4518,189,5.068866452177365
High-straggler,Async-FedDRL,4518,190,5.106017208227994
High-straggler,Async-FedDRL,4518,191,5.218871116850887
High-straggler,Async-FedDRL,4518,192,5.020027490932438
High-straggler,Async-FedDRL,4518,193,4.910035585481521
High-straggler,Async-FedDRL,4518,194,5.2551631697307615
High-straggler,Async-FedDRL,4518,195,5.075097221042101
High-straggler,Async-FedDRL,4518,196,5.135446985015514
High-straggler,Async-FedDRL,4518,197,5.076452011218297
High-straggler,Async-FedDRL,4518,198,5.167537798619389
High-straggler,Async-FedDRL,4518,199,5.200023616509785
High-straggler,Async-FedDRL,4518,200,5.179011802907592
High-straggler,Async-FedDRL,4518,201,5.174508464590099
High-straggler,Async-FedDRL,4518,202,5.146841602997081
High-straggler,Async-FedDRL,4518,203,5.166018626255865
High-straggler,Async-FedDRL,4518,204,5.103677280668571
High-straggler,Async-FedDRL,4518,205,4.972592495749775
High-straggler,Async-FedDRL,4518,206,5.054938376427657
High-straggler,Async-FedDRL,4518,207,4.995728086396747
High-straggler,Async-FedDRL,4518,208,5.135251343300997
High-straggler,Async-FedDRL,4518,209,5.098256200038488
High-straggler,Async-FedDRL,4518,210,5.090009658949855
High-straggler,Async-FedDRL,4518,211,5.203035775486688
High-straggler,Async-FedDRL,4518,212,4.944665652418979
High-straggler,Async-FedDRL,4518,213,4.936993512376393
High-straggler,Async-FedDRL,4518,214,4.990723610331497
High-straggler,Async-FedDRL,4518,215,5.104215715341686
High-straggler,Async-FedDRL,4518,216,5.028220550426615
High-straggler,Async-FedDRL,4518,217,5.154756312576424
High-straggler,Async-FedDRL,4518,218,5.181935747063743
High-straggler,Async-FedDRL,4518,219,5.104048611945718
High-straggler,Async-FedDRL,4518,220,5.174490570593763
High-straggler,Async-FedDRL,4518,221,5.104467832679771
High-straggler,Async-FedDRL,4518,222,5.173677453897366
High-straggler,Async-FedDRL,4518,223,5.136019000021314
High-straggler,Async-FedDRL,4518,224,5.149379323477704
High-straggler,Async-FedDRL,4518,225,4.9889110091483415
High-straggler,Async-FedDRL,4518,226,5.085668894446297
High-straggler,Async-FedDRL,4518,227,5.005969766241244
High-straggler,Async-FedDRL,4518,228,4.893520447908342
High-straggler,Async-FedDRL,4518,229,5.1018820015621404
High-straggler,Async-FedDRL,4518,230,5.131494501918618
High-straggler,Async-FedDRL,4518,231,5.052983659843855
High-straggler,Async-FedDRL,4518,232,5.130027045938438
High-straggler,Async-FedDRL,4518,233,5.093065393602631
High-straggler,Async-FedDRL,4518,234,5.067260228003636
High-straggler,Async-FedDRL,4518,235,5.1772355258984275
High-straggler,Async-FedDRL,4518,236,5.041498178926867
High-straggler,Async-FedDRL,4518,237,5.1330300542532274
High-straggler,Async-FedDRL,4518,238,5.120007399064027
High-straggler,Async-FedDRL,4518,239,4.939029614635128
High-straggler,Async-FedDRL,4518,240,5.098140150898342
High-straggler,Async-FedDRL,4518,241,5.128938815120181
High-straggler,Async-FedDRL,4518,242,5.185774474708628
High-straggler,Async-FedDRL,4518,243,5.097687226418995
High-straggler,Async-FedDRL,4518,244,5.042652866971583
High-straggler,Async-FedDRL,4518,245,5.0559951683996225
High-straggler,Async-FedDRL,4518,246,5.156676241644691
High-straggler,Async-FedDRL,4518,247,5.172617887417127
High-straggler,Async-FedDRL,4518,248,5.036450923269617
High-straggler,Async-FedDRL,4518,249,5.166076363275042
High-straggler,Async-FedDRL,4518,250,5.068038714752386
High-straggler,Async-FedDRL,4518,251,5.175589964503018
High-straggler,Async-FedDRL,4518,252,5.101067878404077
High-straggler,Async-FedDRL,4518,253,5.1698676054917705
High-straggler,Async-FedDRL,4518,254,5.0766708982235995
High-straggler,Async-FedDRL,4518,255,5.200497280007607
High-straggler,Async-FedDRL,4518,256,5.168958960944042
High-straggler,Async-FedDRL,4518,257,5.2184275678103385
High-straggler,Async-FedDRL,4518,258,5.124874909783699
High-straggler,Async-FedDRL,4518,259,5.186974918065865
High-straggler,Async-FedDRL,4518,260,5.153841270677933
High-straggler,Async-FedDRL,4518,261,5.002807454343855
High-straggler,Async-FedDRL,4518,262,5.244511666503938
High-straggler,Async-FedDRL,4518,263,5.0847640313931635
High-straggler,Async-FedDRL,4518,264,5.1359180185127595
High-straggler,Async-FedDRL,4518,265,5.123424244404268
High-straggler,Async-FedDRL,4518,266,5.267421362990719
High-straggler,Async-FedDRL,4518,267,5.138960340991533
High-straggler,Async-FedDRL,4518,268,5.09593561672788
High-straggler,Async-FedDRL,4518,269,5.227496549128573
High-straggler,Async-FedDRL,4518,270,5.266176071547196
High-straggler,Async-FedDRL,4518,271,5.1424223793645485
High-straggler,Async-FedDRL,4518,272,5.144704232072978
High-straggler,Async-FedDRL,4518,273,5.19003455953794
High-straggler,Async-FedDRL,4518,274,5.194567613593572
High-straggler,Async-FedDRL,4518,275,5.090381336500586
High-straggler,Async-FedDRL,4518,276,5.212302565505917
High-straggler,Async-FedDRL,4518,277,5.264541511959956
High-straggler,Async-FedDRL,4518,278,5.2497238441423155
High-straggler,Async-FedDRL,4518,279,5.197081624323962
High-straggler,Async-FedDRL,4518,280,5.148510854277965
High-straggler,Async-FedDRL,4518,281,5.099997857332738
High-straggler,Async-FedDRL,4518,282,5.15808838483205
High-straggler,Async-FedDRL,4518,283,5.127379453036655
High-straggler,Async-FedDRL,4518,284,5.123760126361942
High-straggler,Async-FedDRL,4518,285,5.154325822712801
High-straggler,Async-FedDRL,4518,286,4.9406629027141316
High-straggler,Async-FedDRL,4518,287,5.016618802236957
High-straggler,Async-FedDRL,4518,288,5.037787264780174
High-straggler,Async-FedDRL,4518,289,5.121037733134561
High-straggler,Async-FedDRL,4518,290,5.162291079845974
High-straggler,Async-FedDRL,4518,291,5.078576031468179
High-straggler,Async-FedDRL,4518,292,5.005347355435214
High-straggler,Async-FedDRL,4518,293,5.09065039767707
High-straggler,Async-FedDRL,4518,294,5.187165148311529
High-straggler,Async-FedDRL,4518,295,5.203037195530509
High-straggler,Async-FedDRL,4518,296,5.055787468161154
High-straggler,Async-FedDRL,4518,297,5.166835239897316
High-straggler,Async-FedDRL,4518,298,5.1138109424419085
High-straggler,Async-FedDRL,4518,299,5.038350682840962
High-straggler,Async-FedDRL,4518,300,5.23743622655494
High-straggler,Async-FedDRL,4518,301,5.081054750542567
High-straggler,Async-FedDRL,4518,302,5.198054845764558
High-straggler,Async-FedDRL,4518,303,5.172376521837021
High-straggler,Async-FedDRL,4518,304,5.2412001833800295
High-straggler,Async-FedDRL,4518,305,4.936015262972048
High-straggler,Async-FedDRL,4518,306,5.061144900000154
High-straggler,Async-FedDRL,4518,307,5.147510685536504
High-straggler,Async-FedDRL,4518,308,5.093333759389307
High-straggler,Async-FedDRL,4518,309,5.243018753402792
High-straggler,Async-FedDRL,4518,310,5.191828805628493
High-straggler,Async-FedDRL,4518,311,5.159853759146053
High-straggler,Async-FedDRL,4518,312,5.111286957626702
High-straggler,Async-FedDRL,4518,313,5.290648503791848
High-straggler,Async-FedDRL,4518,314,4.999943301695128
High-straggler,Async-FedDRL,4518,315,5.107979205207074
High-straggler,Async-FedDRL,4518,316,5.189056583861447
High-straggler,Async-FedDRL,4518,317,5.131677184262258
High-straggler,Async-FedDRL,4518,318,5.249948294305659
High-straggler,Async-FedDRL,4518,319,5.1896180955160744
High-straggler,Async-FedDRL,4518,320,5.224045857647061
High-straggler,Async-FedDRL,4518,321,5.1300995787573225
High-straggler,Async-FedDRL,4518,322,5.0835336584802695
High-straggler,Async-FedDRL,4518,323,5.006548165021946
High-straggler,Async-FedDRL,4518,324,5.145800665805762
High-straggler,Async-FedDRL,4518,325,5.193490755206185
High-straggler,Async-FedDRL,4518,326,5.148811131883869
High-straggler,Async-FedDRL,4518,327,4.977019407273989
High-straggler,Async-FedDRL,4518,328,5.07114193046819
High-straggler,Async-FedDRL,4518,329,5.215342710444288
High-straggler,Async-FedDRL,4518,330,5.198114891692006
High-straggler,Async-FedDRL,4518,331,5.1044619540451945
High-straggler,Async-FedDRL,4518,332,5.259962098204175
High-straggler,Async-FedDRL,4518,333,5.202351517370529
High-straggler,Async-FedDRL,4518,334,5.196872306869267
High-straggler,Async-FedDRL,4518,335,5.149561485157631
High-straggler,Async-FedDRL,4518,336,5.106435193025038
High-straggler,Async-FedDRL,4518,337,5.124000332649344
High-straggler,Async-FedDRL,4518,338,5.190164706688496
High-straggler,Async-FedDRL,4518,339,5.225102033099867
High-straggler,Async-FedDRL,4518,340,5.227444314684489
High-straggler,Async-FedDRL,4518,341,5.302393190431351
High-straggler,Async-FedDRL,4518,342,5.041852261034519
High-straggler,Async-FedDRL,4518,343,5.225691410018477
High-straggler,Async-FedDRL,4518,344,5.0979521548327735
High-straggler,Async-FedDRL,4518,345,5.03037339959444
High-straggler,Async-FedDRL,4518,346,5.062036718404185
High-straggler,Async-FedDRL,4518,347,5.103785980372337
High-straggler,Async-FedDRL,4518,348,5.154923973930195
High-straggler,Async-FedDRL,4518,349,5.1590753231203
High-straggler,Async-FedDRL,4518,350,5.196963435045621
High-straggler,Async-FedDRL,4518,351,5.016629177602255
High-straggler,Async-FedDRL,4518,352,5.117871152508291
High-straggler,Async-FedDRL,4518,353,5.062663555847826
High-straggler,Async-FedDRL,4518,354,5.175162294332914
High-straggler,Async-FedDRL,4518,355,5.071460839365488
High-straggler,Async-FedDRL,4518,356,5.2384484996500635
High-straggler,Async-FedDRL,4518,357,5.143524089992682
High-straggler,Async-FedDRL,4518,358,5.157926373325923
High-straggler,Async-FedDRL,4518,359,5.054828598560661
High-straggler,Async-FedDRL,4518,360,5.239786547304195
High-straggler,Async-FedDRL,4518,361,5.054779353889731
High-straggler,Async-FedDRL,4518,362,5.270352991600941
High-straggler,Async-FedDRL,4518,363,5.201531295974233
High-straggler,Async-FedDRL,4518,364,5.1178367814776955
High-straggler,Async-FedDRL,4518,365,5.098545152764412
High-straggler,Async-FedDRL,4518,366,5.386374238831622
High-straggler,Async-FedDRL,4518,367,5.1142511608858205
High-straggler,Async-FedDRL,4518,368,5.206032324729364
High-straggler,Async-FedDRL,4518,369,5.262134878035203
High-straggler,Async-FedDRL,4518,370,5.199307234761372
High-straggler,Async-FedDRL,4518,371,5.058673317331986
High-straggler,Async-FedDRL,4518,372,5.29308064635592
High-straggler,Async-FedDRL,4518,373,5.213884553158615
High-straggler,Async-FedDRL,4518,374,5.175757051223068
High-straggler,Async-FedDRL,4518,375,5.1767418505248
High-straggler,Async-FedDRL,4518,376,5.247980440565061
High-straggler,Async-FedDRL,4518,377,5.145627314934878
High-straggler,Async-FedDRL,4518,378,5.2184157245256735
High-straggler,Async-FedDRL,4518,379,5.059445219629631
High-straggler,Async-FedDRL,4518,380,5.224038805426018
High-straggler,Async-FedDRL,4518,381,5.163748196743428
High-straggler,Async-FedDRL,4518,382,5.137562094240067
High-straggler,Async-FedDRL,4518,383,5.124480909458948
High-straggler,Async-FedDRL,4518,384,5.243193517377469
High-straggler,Async-FedDRL,4518,385,5.20893607570625
High-straggler,Async-FedDRL,4518,386,5.207073091614964
High-straggler,Async-FedDRL,4518,387,5.138277468185088
High-straggler,Async-FedDRL,4518,388,5.110775893902899
High-straggler,Async-FedDRL,4518,389,5.061206577810181
High-straggler,Async-FedDRL,4518,390,5.149219541617032
High-straggler,Async-FedDRL,4518,391,5.272322007935372
High-straggler,Async-FedDRL,4518,392,5.115042452027399
High-straggler,Async-FedDRL,4518,393,5.1413292581380325
High-straggler,Async-FedDRL,4518,394,5.1013751159629015
High-straggler,Async-FedDRL,4518,395,5.147793161103764
High-straggler,Async-FedDRL,4518,396,5.05271868684408
High-straggler,Async-FedDRL,4518,397,5.239890833597357
High-straggler,Async-FedDRL,4518,398,5.05397879446842
High-straggler,Async-FedDRL,4518,399,5.2030330514418495
High-straggler,Async-FedDRL,4518,400,5.096542082498497
High-straggler,Async-FedDRL,5629,1,4.168933319690829
High-straggler,Async-FedDRL,5629,2,4.108880561374663
High-straggler,Async-FedDRL,5629,3,3.860754289965274
High-straggler,Async-FedDRL,5629,4,4.048343299665899
High-straggler,Async-FedDRL,5629,5,4.011969131247635
High-straggler,Async-FedDRL,5629,6,4.157660732845909
High-straggler,Async-FedDRL,5629,7,4.270981554546792
High-straggler,Async-FedDRL,5629,8,4.140527690874389
High-straggler,Async-FedDRL,5629,9,4.2452153318566355
High-straggler,Async-FedDRL,5629,10,4.271568944539009
High-straggler,Async-FedDRL,5629,11,4.26388282033907
High-straggler,Async-FedDRL,5629,12,4.113859537623395
High-straggler,Async-FedDRL,5629,13,4.238874951935498
High-straggler,Async-FedDRL,5629,14,4.267544469665603
High-straggler,Async-FedDRL,5629,15,4.167404935223367
High-straggler,Async-FedDRL,5629,16,4.329436645667754
High-straggler,Async-FedDRL,5629,17,4.215304132042395
High-straggler,Async-FedDRL,5629,18,4.300046927334507
High-straggler,Async-FedDRL,5629,19,3.864928220505808
High-straggler,Async-FedDRL,5629,20,4.2657912265048585
High-straggler,Async-FedDRL,5629,21,4.332418059510832
High-straggler,Async-FedDRL,5629,22,3.907411829641819
High-straggler,Async-FedDRL,5629,23,4.44618113541204
High-straggler,Async-FedDRL,5629,24,4.150165521506888
High-straggler,Async-FedDRL,5629,25,4.162264655183586
High-straggler,Async-FedDRL,5629,26,4.032471559993387
High-straggler,Async-FedDRL,5629,27,4.428571355439547
High-straggler,Async-FedDRL,5629,28,4.246388410617412
High-straggler,Async-FedDRL,5629,29,4.055685638582135
High-straggler,Async-FedDRL,5629,30,4.358770986259629
High-straggler,Async-FedDRL,5629,31,4.27017966126428
High-straggler,Async-FedDRL,5629,32,4.0964402054103966
High-straggler,Async-FedDRL,5629,33,4.207896938675585
High-straggler,Async-FedDRL,5629,34,4.3769728299763475
High-straggler,Async-FedDRL,5629,35,4.102823178743909
High-straggler,Async-FedDRL,5629,36,4.458832756456581
High-straggler,Async-FedDRL,5629,37,4.226376582296414
High-straggler,Async-FedDRL,5629,38,4.3004575066076285
High-straggler,Async-FedDRL,5629,39,4.475477931542421
High-straggler,Async-FedDRL,5629,40,4.207195101565989
High-straggler,Async-FedDRL,5629,41,4.343807998364633
High-straggler,Async-FedDRL,5629,42,4.3788214200868
High-straggler,Async-FedDRL,5629,43,4.51777099858947
High-straggler,Async-FedDRL,5629,44,4.545090723820823
High-straggler,Async-FedDRL,5629,45,4.455279302715999
High-straggler,Async-FedDRL,5629,46,4.407544266000659
High-straggler,Async-FedDRL,5629,47,4.506244813993806
High-straggler,Async-FedDRL,5629,48,4.27655951175846
High-straggler,Async-FedDRL,5629,49,4.219179968805986
High-straggler,Async-FedDRL,5629,50,4.485958988782566
High-straggler,Async-FedDRL,5629,51,4.307525946492359
High-straggler,Async-FedDRL,5629,52,4.4521696321515245
High-straggler,Async-FedDRL,5629,53,4.401446755058678
High-straggler,Async-FedDRL,5629,54,4.4905192223054655
High-straggler,Async-FedDRL,5629,55,4.613989701405624
High-straggler,Async-FedDRL,5629,56,4.3380242898940615
High-straggler,Async-FedDRL,5629,57,4.564230816985177
High-straggler,Async-FedDRL,5629,58,4.713925108744045
High-straggler,Async-FedDRL,5629,59,4.450542945500809
High-straggler,Async-FedDRL,5629,60,4.444589085807138
High-straggler,Async-FedDRL,5629,61,4.597491494323914
High-straggler,Async-FedDRL,5629,62,4.487774936075353
High-straggler,Async-FedDRL,5629,63,4.423901706706826
High-straggler,Async-FedDRL,5629,64,4.5406191772103615
High-straggler,Async-FedDRL,5629,65,4.614875076958832
High-straggler,Async-FedDRL,5629,66,4.508479938812745
High-straggler,Async-FedDRL,5629,67,4.676820123079323
High-straggler,Async-FedDRL,5629,68,4.366827395171175
High-straggler,Async-FedDRL,5629,69,4.528790082478639
High-straggler,Async-FedDRL,5629,70,4.698571309419495
High-straggler,Async-FedDRL,5629,71,4.693660331949945
High-straggler,Async-FedDRL,5629,72,4.230553976738446
High-straggler,Async-FedDRL,5629,73,4.5251767951749695
High-straggler,Async-FedDRL,5629,74,4.384211340724047
High-straggler,Async-FedDRL,5629,75,4.796310715280639
High-straggler,Async-FedDRL,5629,76,4.473947140781231
High-straggler,Async-FedDRL,5629,77,4.723857869745716
High-straggler,Async-FedDRL,5629,78,4.796374212401679
High-straggler,Async-FedDRL,5629,79,4.699634564599056
High-straggler,Async-FedDRL,5629,80,4.605143524056495
High-straggler,Async-FedDRL,5629,81,4.680900715022191
High-straggler,Async-FedDRL,5629,82,4.5290249415050035
High-straggler,Async-FedDRL,5629,83,4.719450006783025
High-straggler,Async-FedDRL,5629,84,4.724457151358726
High-straggler,Async-FedDRL,5629,85,4.717153784282787
High-straggler,Async-FedDRL,5629,86,4.550644346812151
High-straggler,Async-FedDRL,5629,87,4.732975596090426
High-straggler,Async-FedDRL,5629,88,4.7947410362051865
High-straggler,Async-FedDRL,5629,89,4.5848453614075675
High-straggler,Async-FedDRL,5629,90,4.86191549199647
High-straggler,Async-FedDRL,5629,91,4.690196299999715
High-straggler,Async-FedDRL,5629,92,4.762850645113909
High-straggler,Async-FedDRL,5629,93,4.856941399813391
High-straggler,Async-FedDRL,5629,94,4.8082528534572955
High-straggler,Async-FedDRL,5629,95,4.793913900345101
High-straggler,Async-FedDRL,5629,96,4.854382868268609
High-straggler,Async-FedDRL,5629,97,4.788487136690557
High-straggler,Async-FedDRL,5629,98,4.676667307295088
High-straggler,Async-FedDRL,5629,99,4.690182612875226
High-straggler,Async-FedDRL,5629,100,4.871320137150829
High-straggler,Async-FedDRL,5629,101,4.804151657421524
High-straggler,Async-FedDRL,5629,102,4.647515149217829
High-straggler,Async-FedDRL,5629,103,4.919213437490633
High-straggler,Async-FedDRL,5629,104,4.825814967311289
High-straggler,Async-FedDRL,5629,105,4.824282237875729
High-straggler,Async-FedDRL,5629,106,4.918528689927458
High-straggler,Async-FedDRL,5629,107,4.960877964047651
High-straggler,Async-FedDRL,5629,108,4.9746484891108835
High-straggler,Async-FedDRL,5629,109,4.883221117697376
High-straggler,Async-FedDRL,5629,110,4.765659911204587
High-straggler,Async-FedDRL,5629,111,4.831500328349394
High-straggler,Async-FedDRL,5629,112,4.987805641807961
High-straggler,Async-FedDRL,5629,113,4.8832038137060065
High-straggler,Async-FedDRL,5629,114,4.828905665653576
High-straggler,Async-FedDRL,5629,115,4.965093873541318
High-straggler,Async-FedDRL,5629,116,4.9636716141718
High-straggler,Async-FedDRL,5629,117,4.988341586942787
High-straggler,Async-FedDRL,5629,118,5.014946534058394
High-straggler,Async-FedDRL,5629,119,4.876389326443812
High-straggler,Async-FedDRL,5629,120,4.822913848751217
High-straggler,Async-FedDRL,5629,121,5.190559706513356
High-straggler,Async-FedDRL,5629,122,4.720025838582001
High-straggler,Async-FedDRL,5629,123,5.000295725888307
High-straggler,Async-FedDRL,5629,124,4.92460828140253
High-straggler,Async-FedDRL,5629,125,5.070387182205017
High-straggler,Async-FedDRL,5629,126,4.828923066572112
High-straggler,Async-FedDRL,5629,127,4.822757724723003
High-straggler,Async-FedDRL,5629,128,5.084458827057839
High-straggler,Async-FedDRL,5629,129,4.9636843520654494
High-straggler,Async-FedDRL,5629,130,4.980726103923491
High-straggler,Async-FedDRL,5629,131,4.814687767807941
High-straggler,Async-FedDRL,5629,132,5.0429196606906945
High-straggler,Async-FedDRL,5629,133,5.185864972900092
High-straggler,Async-FedDRL,5629,134,5.0953354488097435
High-straggler,Async-FedDRL,5629,135,5.006324799812511
High-straggler,Async-FedDRL,5629,136,5.274558952333505
High-straggler,Async-FedDRL,5629,137,4.959624130990736
High-straggler,Async-FedDRL,5629,138,5.066950185549499
High-straggler,Async-FedDRL,5629,139,5.036095113058413
High-straggler,Async-FedDRL,5629,140,5.05263289784058
High-straggler,Async-FedDRL,5629,141,5.043377554572557
High-straggler,Async-FedDRL,5629,142,4.901835011158381
High-straggler,Async-FedDRL,5629,143,5.087042751525141
High-straggler,Async-FedDRL,5629,144,5.054562343363553
High-straggler,Async-FedDRL,5629,145,5.198565992333048
High-straggler,Async-FedDRL,5629,146,5.010530372247481
High-straggler,Async-FedDRL,5629,147,5.0967550431116955
High-straggler,Async-FedDRL,5629,148,5.120058245178603
High-straggler,Async-FedDRL,5629,149,5.058407958387728
High-straggler,Async-FedDRL,5629,150,5.02919350701484
High-straggler,Async-FedDRL,5629,151,4.969124068189302
High-straggler,Async-FedDRL,5629,152,5.200526464033385
High-straggler,Async-FedDRL,5629,153,4.97255172204431
High-straggler,Async-FedDRL,5629,154,5.00951286266765
High-straggler,Async-FedDRL,5629,155,5.114195912925015
High-straggler,Async-FedDRL,5629,156,5.1357948728030935
High-straggler,Async-FedDRL,5629,157,5.147496881456115
High-straggler,Async-FedDRL,5629,158,5.056292583283697
High-straggler,Async-FedDRL,5629,159,5.118630586645216
High-straggler,Async-FedDRL,5629,160,5.026286420692031
High-straggler,Async-FedDRL,5629,161,5.046088976378878
High-straggler,Async-FedDRL,5629,162,5.093904699374814
High-straggler,Async-FedDRL,5629,163,5.152818486331098
High-straggler,Async-FedDRL,5629,164,4.806267690719251
High-straggler,Async-FedDRL,5629,165,5.1147832646319715
High-straggler,Async-FedDRL,5629,166,5.043709911272946
High-straggler,Async-FedDRL,5629,167,5.1478112216639635
High-straggler,Async-FedDRL,5629,168,5.115021631143657
High-straggler,Async-FedDRL,5629,169,5.1264925087940325
High-straggler,Async-FedDRL,5629,170,5.148781863791458
High-straggler,Async-FedDRL,5629,171,5.0613539727133965
High-straggler,Async-FedDRL,5629,172,5.209795482523607
High-straggler,Async-FedDRL,5629,173,5.039307815306845
High-straggler,Async-FedDRL,5629,174,5.14140284683406
High-straggler,Async-FedDRL,5629,175,5.207387624769461
High-straggler,Async-FedDRL,5629,176,5.011008274221248
High-straggler,Async-FedDRL,5629,177,4.9900800167554795
High-straggler,Async-FedDRL,5629,178,4.948917108358846
High-straggler,Async-FedDRL,5629,179,4.927345209626027
High-straggler,Async-FedDRL,5629,180,5.033024922220069
High-straggler,Async-FedDRL,5629,181,5.181472041304536
High-straggler,Async-FedDRL,5629,182,5.186018579946208
High-straggler,Async-FedDRL,5629,183,5.195040706455621
High-straggler,Async-FedDRL,5629,184,5.128194820398615
High-straggler,Async-FedDRL,5629,185,5.074873311719632
High-straggler,Async-FedDRL,5629,186,5.060025506589744
High-straggler,Async-FedDRL,5629,187,5.195097008213637
High-straggler,Async-FedDRL,5629,188,5.216909688602262
High-straggler,Async-FedDRL,5629,189,5.135474585589276
High-straggler,Async-FedDRL,5629,190,5.13198370183312
High-straggler,Async-FedDRL,5629,191,5.136281257467954
High-straggler,Async-FedDRL,5629,192,5.239696111636546
High-straggler,Async-FedDRL,5629,193,5.105033694189682
High-straggler,Async-FedDRL,5629,194,5.216040051819539
High-straggler,Async-FedDRL,5629,195,5.2157439789561995
High-straggler,Async-FedDRL,5629,196,5.253005430376725
High-straggler,Async-FedDRL,5629,197,5.071471062492335
High-straggler,Async-FedDRL,5629,198,5.107395121043848
High-straggler,Async-FedDRL,5629,199,5.12600458809281
High-straggler,Async-FedDRL,5629,200,5.053286324123165
High-straggler,Async-FedDRL,5629,201,5.263674993297261
High-straggler,Async-FedDRL,5629,202,5.153877180690687
High-straggler,Async-FedDRL,5629,203,5.214502895253862
High-straggler,Async-FedDRL,5629,204,5.229423676237495
High-straggler,Async-FedDRL,5629,205,5.191504549903714
High-straggler,Async-FedDRL,5629,206,5.210061973166544
High-straggler,Async-FedDRL,5629,207,5.218524660092337
High-straggler,Async-FedDRL,5629,208,5.219892635332173
High-straggler,Async-FedDRL,5629,209,5.191751003172762
High-straggler,Async-FedDRL,5629,210,5.02372952078737
High-straggler,Async-FedDRL,5629,211,5.221248282004959
High-straggler,Async-FedDRL,5629,212,5.029544355609484
High-straggler,Async-FedDRL,5629,213,5.245842901328237
High-straggler,Async-FedDRL,5629,214,5.108677903609394
High-straggler,Async-FedDRL,5629,215,5.35901338342765
High-straggler,Async-FedDRL,5629,216,5.045788668168839
High-straggler,Async-FedDRL,5629,217,5.301963489748176
High-straggler,Async-FedDRL,5629,218,5.146245670713176
High-straggler,Async-FedDRL,5629,219,5.254741897957869
High-straggler,Async-FedDRL,5629,220,5.210312215208377
High-straggler,Async-FedDRL,5629,221,5.120752365153963
High-straggler,Async-FedDRL,5629,222,5.151231771190631
High-straggler,Async-FedDRL,5629,223,4.991349746846205
High-straggler,Async-FedDRL,5629,224,5.249948991918752
High-straggler,Async-FedDRL,5629,225,5.313949013753765
High-straggler,Async-FedDRL,5629,226,5.255945919065667
High-straggler,Async-FedDRL,5629,227,5.132143384550896
High-straggler,Async-FedDRL,5629,228,5.199319421474991
High-straggler,Async-FedDRL,5629,229,5.154545166453237
High-straggler,Async-FedDRL,5629,230,5.0611314971522114
High-straggler,Async-FedDRL,5629,231,5.187650452271508
High-straggler,Async-FedDRL,5629,232,5.238386636149711
High-straggler,Async-FedDRL,5629,233,5.236477823373882
High-straggler,Async-FedDRL,5629,234,5.206472055589355
High-straggler,Async-FedDRL,5629,235,5.218606375501912
High-straggler,Async-FedDRL,5629,236,5.147294544213322
High-straggler,Async-FedDRL,5629,237,5.15084229205438
High-straggler,Async-FedDRL,5629,238,5.233629158407334
High-straggler,Async-FedDRL,5629,239,5.067444999668372
High-straggler,Async-FedDRL,5629,240,5.156729181448353
High-straggler,Async-FedDRL,5629,241,5.16661964439073
High-straggler,Async-FedDRL,5629,242,5.036058998858555
High-straggler,Async-FedDRL,5629,243,5.316558274258294
High-straggler,Async-FedDRL,5629,244,5.065839616978856
High-straggler,Async-FedDRL,5629,245,5.217860316427339
High-straggler,Async-FedDRL,5629,246,5.35305645825805
High-straggler,Async-FedDRL,5629,247,5.281163156893211
High-straggler,Async-FedDRL,5629,248,5.184489249454313
High-straggler,Async-FedDRL,5629,249,5.050122977744999
High-straggler,Async-FedDRL,5629,250,5.255869000624625
High-straggler,Async-FedDRL,5629,251,5.291060040460787
High-straggler,Async-FedDRL,5629,252,5.192755629732339
High-straggler,Async-FedDRL,5629,253,5.158613499545251
High-straggler,Async-FedDRL,5629,254,5.04294340784136
High-straggler,Async-FedDRL,5629,255,5.266683828654702
High-straggler,Async-FedDRL,5629,256,5.18117112427075
High-straggler,Async-FedDRL,5629,257,5.15311293834687
High-straggler,Async-FedDRL,5629,258,5.149238845578655
High-straggler,Async-FedDRL,5629,259,5.208511960358179
High-straggler,Async-FedDRL,5629,260,5.2091871373457375
High-straggler,Async-FedDRL,5629,261,5.086323309104398
High-straggler,Async-FedDRL,5629,262,5.249587844487465
High-straggler,Async-FedDRL,5629,263,5.198753211861221
High-straggler,Async-FedDRL,5629,264,5.156854588063865
High-straggler,Async-FedDRL,5629,265,5.219897517773216
High-straggler,Async-FedDRL,5629,266,5.14090340641394
High-straggler,Async-FedDRL,5629,267,5.090021454145631
High-straggler,Async-FedDRL,5629,268,5.1505053430040855
High-straggler,Async-FedDRL,5629,269,4.957845553954663
High-straggler,Async-FedDRL,5629,270,5.247766192192611
High-straggler,Async-FedDRL,5629,271,5.195996890504593
High-straggler,Async-FedDRL,5629,272,5.282357295648926
High-straggler,Async-FedDRL,5629,273,5.1331867741346455
High-straggler,Async-FedDRL,5629,274,5.200364952753194
High-straggler,Async-FedDRL,5629,275,5.185965052640128
High-straggler,Async-FedDRL,5629,276,5.190286054753426
High-straggler,Async-FedDRL,5629,277,5.065170751828633
High-straggler,Async-FedDRL,5629,278,5.129277003373646
High-straggler,Async-FedDRL,5629,279,5.160485849316068
High-straggler,Async-FedDRL,5629,280,5.153951679544114
High-straggler,Async-FedDRL,5629,281,5.303920379489914
High-straggler,Async-FedDRL,5629,282,5.271666183664489
High-straggler,Async-FedDRL,5629,283,5.28568597338514
High-straggler,Async-FedDRL,5629,284,5.153467652723423
High-straggler,Async-FedDRL,5629,285,5.241980172637902
High-straggler,Async-FedDRL,5629,286,5.027682930266077
High-straggler,Async-FedDRL,5629,287,5.369356557878647
High-straggler,Async-FedDRL,5629,288,5.188790232603146
High-straggler,Async-FedDRL,5629,289,5.1455661538619495
High-straggler,Async-FedDRL,5629,290,5.087363074216901
High-straggler,Async-FedDRL,5629,291,5.06627463152316
High-straggler,Async-FedDRL,5629,292,5.288142538575014
High-straggler,Async-FedDRL,5629,293,5.203937668161283
High-straggler,Async-FedDRL,5629,294,5.204021090315057
High-straggler,Async-FedDRL,5629,295,5.256724727045574
High-straggler,Async-FedDRL,5629,296,5.339245765867279
High-straggler,Async-FedDRL,5629,297,5.283439032705629
High-straggler,Async-FedDRL,5629,298,5.072618909319921
High-straggler,Async-FedDRL,5629,299,5.1670455941897435
High-straggler,Async-FedDRL,5629,300,5.186096359470705
High-straggler,Async-FedDRL,5629,301,5.0943958150873
High-straggler,Async-FedDRL,5629,302,5.301821214953858
High-straggler,Async-FedDRL,5629,303,5.075318155326127
High-straggler,Async-FedDRL,5629,304,5.1892464533402345
High-straggler,Async-FedDRL,5629,305,5.180347688443687
High-straggler,Async-FedDRL,5629,306,5.258612141662321
High-straggler,Async-FedDRL,5629,307,5.272465623194872
High-straggler,Async-FedDRL,5629,308,5.252520836828173
High-straggler,Async-FedDRL,5629,309,5.24339252248493
High-straggler,Async-FedDRL,5629,310,5.153146746323534
High-straggler,Async-FedDRL,5629,311,5.17657148171663
High-straggler,Async-FedDRL,5629,312,5.070897951805413
High-straggler,Async-FedDRL,5629,313,5.125200171759972
High-straggler,Async-FedDRL,5629,314,5.2692642777079
High-straggler,Async-FedDRL,5629,315,5.12808513856766
High-straggler,Async-FedDRL,5629,316,5.173817493558852
High-straggler,Async-FedDRL,5629,317,5.212807313142576
High-straggler,Async-FedDRL,5629,318,5.134654399595585
High-straggler,Async-FedDRL,5629,319,5.226494665297957
High-straggler,Async-FedDRL,5629,320,5.068560857071201
High-straggler,Async-FedDRL,5629,321,5.188319506318041
High-straggler,Async-FedDRL,5629,322,5.200158636098048
High-straggler,Async-FedDRL,5629,323,5.180147699126307
High-straggler,Async-FedDRL,5629,324,5.153669220479191
High-straggler,Async-FedDRL,5629,325,5.2505388532914425
High-straggler,Async-FedDRL,5629,326,5.189704756517094
High-straggler,Async-FedDRL,5629,327,5.166349850924908
High-straggler,Async-FedDRL,5629,328,5.21489827808122
High-straggler,Async-FedDRL,5629,329,5.16007831779233
High-straggler,Async-FedDRL,5629,330,5.076098979935747
High-straggler,Async-FedDRL,5629,331,5.240279292383029
High-straggler,Async-FedDRL,5629,332,5.167472681348674
High-straggler,Async-FedDRL,5629,333,5.263914432598098
High-straggler,Async-FedDRL,5629,334,5.335919323252819
High-straggler,Async-FedDRL,5629,335,5.275869083348508
High-straggler,Async-FedDRL,5629,336,5.188698102957942
High-straggler,Async-FedDRL,5629,337,5.163735085692866
High-straggler,Async-FedDRL,5629,338,5.081225355824099
High-straggler,Async-FedDRL,5629,339,5.18570063431206
High-straggler,Async-FedDRL,5629,340,5.1446162961157045
High-straggler,Async-FedDRL,5629,341,5.189770151580722
High-straggler,Async-FedDRL,5629,342,5.037280971166574
High-straggler,Async-FedDRL,5629,343,5.14468505791651
High-straggler,Async-FedDRL,5629,344,5.162375138222146
High-straggler,Async-FedDRL,5629,345,5.233299848666819
High-straggler,Async-FedDRL,5629,346,5.31616202070086
High-straggler,Async-FedDRL,5629,347,5.088443406459238
High-straggler,Async-FedDRL,5629,348,5.249733556700034
High-straggler,Async-FedDRL,5629,349,5.16033934206747
High-straggler,Async-FedDRL,5629,350,5.243464098266952
High-straggler,Async-FedDRL,5629,351,5.2876135270001
High-straggler,Async-FedDRL,5629,352,5.108216667749803
High-straggler,Async-FedDRL,5629,353,5.038692277366076
High-straggler,Async-FedDRL,5629,354,5.156278882796218
High-straggler,Async-FedDRL,5629,355,5.175312780382537
High-straggler,Async-FedDRL,5629,356,5.124851218467602
High-straggler,Async-FedDRL,5629,357,5.295453522001124
High-straggler,Async-FedDRL,5629,358,5.181736174743342
High-straggler,Async-FedDRL,5629,359,5.319162002852967
High-straggler,Async-FedDRL,5629,360,5.224801152400709
High-straggler,Async-FedDRL,5629,361,5.203416767484834
High-straggler,Async-FedDRL,5629,362,5.1142766799934485
High-straggler,Async-FedDRL,5629,363,5.1150908841701135
High-straggler,Async-FedDRL,5629,364,5.353043431232458
High-straggler,Async-FedDRL,5629,365,5.1033033788830595
High-straggler,Async-FedDRL,5629,366,5.173637098604743
High-straggler,Async-FedDRL,5629,367,5.2513095006220905
High-straggler,Async-FedDRL,5629,368,5.229680265909321
High-straggler,Async-FedDRL,5629,369,5.3650219644447095
High-straggler,Async-FedDRL,5629,370,5.216956500187817
High-straggler,Async-FedDRL,5629,371,5.29987268598556
High-straggler,Async-FedDRL,5629,372,5.28158234247534
High-straggler,Async-FedDRL,5629,373,5.15710657184433
High-straggler,Async-FedDRL,5629,374,5.0943753766799675
High-straggler,Async-FedDRL,5629,375,5.190530888253221
High-straggler,Async-FedDRL,5629,376,5.210037721863719
High-straggler,Async-FedDRL,5629,377,5.201385837805498
High-straggler,Async-FedDRL,5629,378,4.888590125358395
High-straggler,Async-FedDRL,5629,379,5.225544163681287
High-straggler,Async-FedDRL,5629,380,5.236286888994169
High-straggler,Async-FedDRL,5629,381,5.2784830122922415
High-straggler,Async-FedDRL,5629,382,5.126749125470767
High-straggler,Async-FedDRL,5629,383,5.081724545248973
High-straggler,Async-FedDRL,5629,384,5.21004690181514
High-straggler,Async-FedDRL,5629,385,5.198897747515615
High-straggler,Async-FedDRL,5629,386,5.110734172320523
High-straggler,Async-FedDRL,5629,387,5.189913026670455
High-straggler,Async-FedDRL,5629,388,5.060724813235151
High-straggler,Async-FedDRL,5629,389,5.1658392430567055
High-straggler,Async-FedDRL,5629,390,5.135195383839563
High-straggler,Async-FedDRL,5629,391,5.014231952943493
High-straggler,Async-FedDRL,5629,392,5.402178063169533
High-straggler,Async-FedDRL,5629,393,5.033025947412427
High-straggler,Async-FedDRL,5629,394,5.18913002674928
High-straggler,Async-FedDRL,5629,395,5.192972164532042
High-straggler,Async-FedDRL,5629,396,5.206576934534629
High-straggler,Async-FedDRL,5629,397,5.264376840995211
High-straggler,Async-FedDRL,5629,398,5.258743134771102
High-straggler,Async-FedDRL,5629,399,5.307235871804351
High-straggler,Async-FedDRL,5629,400,5.245992750432218
High-straggler,Async-FedDRL,6740,1,4.173162185700618
High-straggler,Async-FedDRL,6740,2,3.811357839907092
High-straggler,Async-FedDRL,6740,3,4.170272721280588
High-straggler,Async-FedDRL,6740,4,4.304185057031451
High-straggler,Async-FedDRL,6740,5,4.28187552214722
High-straggler,Async-FedDRL,6740,6,4.036928341788677
High-straggler,Async-FedDRL,6740,7,4.189870922290312
High-straggler,Async-FedDRL,6740,8,3.9875669005226624
High-straggler,Async-FedDRL,6740,9,4.27431533525191
High-straggler,Async-FedDRL,6740,10,3.976983187341456
High-straggler,Async-FedDRL,6740,11,4.0734627068376135
High-straggler,Async-FedDRL,6740,12,4.178166985480954
High-straggler,Async-FedDRL,6740,13,4.04514114539324
High-straggler,Async-FedDRL,6740,14,4.2315879395416065
High-straggler,Async-FedDRL,6740,15,4.327906624307688
High-straggler,Async-FedDRL,6740,16,4.367830580566223
High-straggler,Async-FedDRL,6740,17,4.158936699279404
High-straggler,Async-FedDRL,6740,18,4.369546882334889
High-straggler,Async-FedDRL,6740,19,4.316448976117638
High-straggler,Async-FedDRL,6740,20,4.350159111322613
High-straggler,Async-FedDRL,6740,21,4.228781057810233
High-straggler,Async-FedDRL,6740,22,4.164300851302109
High-straggler,Async-FedDRL,6740,23,4.056690368189186
High-straggler,Async-FedDRL,6740,24,4.247099070193592
High-straggler,Async-FedDRL,6740,25,4.253005900345856
High-straggler,Async-FedDRL,6740,26,4.374295922376681
High-straggler,Async-FedDRL,6740,27,4.394771416024685
High-straggler,Async-FedDRL,6740,28,4.447557039827656
High-straggler,Async-FedDRL,6740,29,4.184774874673556
High-straggler,Async-FedDRL,6740,30,4.167061156511132
High-straggler,Async-FedDRL,6740,31,4.2106845204986785
High-straggler,Async-FedDRL,6740,32,4.215893354664319
High-straggler,Async-FedDRL,6740,33,4.322753735835881
High-straggler,Async-FedDRL,6740,34,4.4765450107491835
High-straggler,Async-FedDRL,6740,35,4.26946384935709
High-straggler,Async-FedDRL,6740,36,4.220889477018834
High-straggler,Async-FedDRL,6740,37,4.541430413873908
High-straggler,Async-FedDRL,6740,38,4.171644912661451
High-straggler,Async-FedDRL,6740,39,4.3700796360990495
High-straggler,Async-FedDRL,6740,40,4.344481333165918
High-straggler,Async-FedDRL,6740,41,4.412483294766572
High-straggler,Async-FedDRL,6740,42,4.136063079663916
High-straggler,Async-FedDRL,6740,43,4.283243625886706
High-straggler,Async-FedDRL,6740,44,4.740661639820998
High-straggler,Async-FedDRL,6740,45,4.329490235388187
High-straggler,Async-FedDRL,6740,46,4.498508958307848
High-straggler,Async-FedDRL,6740,47,4.5084967794537185
High-straggler,Async-FedDRL,6740,48,4.660862316413797
High-straggler,Async-FedDRL,6740,49,4.360347214394761
High-straggler,Async-FedDRL,6740,50,4.457966356707584
High-straggler,Async-FedDRL,6740,51,4.011644157101336
High-straggler,Async-FedDRL,6740,52,4.440504788074348
High-straggler,Async-FedDRL,6740,53,4.468224721593917
High-straggler,Async-FedDRL,6740,54,4.741719205220802
High-straggler,Async-FedDRL,6740,55,4.522634956485576
High-straggler,Async-FedDRL,6740,56,4.311224206341564
High-straggler,Async-FedDRL,6740,57,4.373851169390827
High-straggler,Async-FedDRL,6740,58,4.5327208172425015
High-straggler,Async-FedDRL,6740,59,4.453686532310434
High-straggler,Async-FedDRL,6740,60,4.73485719821518
High-straggler,Async-FedDRL,6740,61,4.588109305244853
High-straggler,Async-FedDRL,6740,62,4.557291297304415
High-straggler,Async-FedDRL,6740,63,4.65738552418192
High-straggler,Async-FedDRL,6740,64,4.715408610948133
High-straggler,Async-FedDRL,6740,65,4.6620640594872835
High-straggler,Async-FedDRL,6740,66,4.588933310974137
High-straggler,Async-FedDRL,6740,67,4.569513766419303
High-straggler,Async-FedDRL,6740,68,4.658906556557895
High-straggler,Async-FedDRL,6740,69,4.868749657101689
High-straggler,Async-FedDRL,6740,70,4.703753296083136
High-straggler,Async-FedDRL,6740,71,4.508406941457096
High-straggler,Async-FedDRL,6740,72,4.591759163733222
High-straggler,Async-FedDRL,6740,73,4.655504409616198
High-straggler,Async-FedDRL,6740,74,4.6609389386649545
High-straggler,Async-FedDRL,6740,75,4.605924607125101
High-straggler,Async-FedDRL,6740,76,4.795871969391288
High-straggler,Async-FedDRL,6740,77,4.702282134901738
High-straggler,Async-FedDRL,6740,78,4.649880354839393
High-straggler,Async-FedDRL,6740,79,4.7128666153169325
High-straggler,Async-FedDRL,6740,80,4.567112247445167
High-straggler,Async-FedDRL,6740,81,4.772892797223402
High-straggler,Async-FedDRL,6740,82,4.742327283272809
High-straggler,Async-FedDRL,6740,83,4.838060848993208
High-straggler,Async-FedDRL,6740,84,4.643655329986452
High-straggler,Async-FedDRL,6740,85,4.863994981519604
High-straggler,Async-FedDRL,6740,86,4.992182124444555
High-straggler,Async-FedDRL,6740,87,4.6566603244166584
High-straggler,Async-FedDRL,6740,88,4.95617619624898
High-straggler,Async-FedDRL,6740,89,4.744894451715345
High-straggler,Async-FedDRL,6740,90,4.931234648658564
High-straggler,Async-FedDRL,6740,91,4.757661202709374
High-straggler,Async-FedDRL,6740,92,4.819800108460778
High-straggler,Async-FedDRL,6740,93,4.848697868047097
High-straggler,Async-FedDRL,6740,94,4.736873587506505
High-straggler,Async-FedDRL,6740,95,4.770376910954022
High-straggler,Async-FedDRL,6740,96,4.854922801638593
High-straggler,Async-FedDRL,6740,97,4.759111705436498
High-straggler,Async-FedDRL,6740,98,4.931662307649271
High-straggler,Async-FedDRL,6740,99,4.876034529909624
High-straggler,Async-FedDRL,6740,100,5.130999881794394
High-straggler,Async-FedDRL,6740,101,4.886015393847446
High-straggler,Async-FedDRL,6740,102,4.736662596612476
High-straggler,Async-FedDRL,6740,103,4.794729251445386
High-straggler,Async-FedDRL,6740,104,4.823941867981454
High-straggler,Async-FedDRL,6740,105,4.983299033630652
High-straggler,Async-FedDRL,6740,106,4.964209712159171
High-straggler,Async-FedDRL,6740,107,4.84870797099696
High-straggler,Async-FedDRL,6740,108,5.005481032556
High-straggler,Async-FedDRL,6740,109,5.079399397661924
High-straggler,Async-FedDRL,6740,110,4.976201250796208
High-straggler,Async-FedDRL,6740,111,5.0194254513506165
High-straggler,Async-FedDRL,6740,112,4.809376601229575
High-straggler,Async-FedDRL,6740,113,5.02136737202348
High-straggler,Async-FedDRL,6740,114,5.033568800269517
High-straggler,Async-FedDRL,6740,115,5.024726906087388
High-straggler,Async-FedDRL,6740,116,4.778490785311349
High-straggler,Async-FedDRL,6740,117,5.0067879840642275
High-straggler,Async-FedDRL,6740,118,4.905702362594076
High-straggler,Async-FedDRL,6740,119,5.032734472471581
High-straggler,Async-FedDRL,6740,120,5.018012736422794
High-straggler,Async-FedDRL,6740,121,5.075976813774978
High-straggler,Async-FedDRL,6740,122,4.990805346811307
High-straggler,Async-FedDRL,6740,123,4.963276249171302
High-straggler,Async-FedDRL,6740,124,5.048129517670598
High-straggler,Async-FedDRL,6740,125,5.015968836285738
High-straggler,Async-FedDRL,6740,126,4.860679498514388
High-straggler,Async-FedDRL,6740,127,4.94187096408929
High-straggler,Async-FedDRL,6740,128,4.782330339356514
High-straggler,Async-FedDRL,6740,129,4.729756737985672
High-straggler,Async-FedDRL,6740,130,5.054120713532382
High-straggler,Async-FedDRL,6740,131,4.980517026481459
High-straggler,Async-FedDRL,6740,132,5.014678065573905
High-straggler,Async-FedDRL,6740,133,4.9848830934975785
High-straggler,Async-FedDRL,6740,134,5.012400196347688
High-straggler,Async-FedDRL,6740,135,5.052369078404135
High-straggler,Async-FedDRL,6740,136,5.158094738185726
High-straggler,Async-FedDRL,6740,137,5.109283747474354
High-straggler,Async-FedDRL,6740,138,4.977495322393722
High-straggler,Async-FedDRL,6740,139,5.005293917718295
High-straggler,Async-FedDRL,6740,140,5.163834312535548
High-straggler,Async-FedDRL,6740,141,4.955904628741679
High-straggler,Async-FedDRL,6740,142,5.172719821404183
High-straggler,Async-FedDRL,6740,143,4.794791666041536
High-straggler,Async-FedDRL,6740,144,5.060173693150691
High-straggler,Async-FedDRL,6740,145,5.020503905551929
High-straggler,Async-FedDRL,6740,146,5.088022641854513
High-straggler,Async-FedDRL,6740,147,5.113116010049151
High-straggler,Async-FedDRL,6740,148,5.078237200052039
High-straggler,Async-FedDRL,6740,149,5.088890257629286
High-straggler,Async-FedDRL,6740,150,5.145824505653383
High-straggler,Async-FedDRL,6740,151,5.146977335796723
High-straggler,Async-FedDRL,6740,152,5.047877755047511
High-straggler,Async-FedDRL,6740,153,4.948662015830012
High-straggler,Async-FedDRL,6740,154,5.186689110608231
High-straggler,Async-FedDRL,6740,155,5.186315072993205
High-straggler,Async-FedDRL,6740,156,5.031143608078473
High-straggler,Async-FedDRL,6740,157,5.14543132507979
High-straggler,Async-FedDRL,6740,158,5.060109384091994
High-straggler,Async-FedDRL,6740,159,5.024602415803745
High-straggler,Async-FedDRL,6740,160,5.129184849701613
High-straggler,Async-FedDRL,6740,161,5.170393732542476
High-straggler,Async-FedDRL,6740,162,5.027394659893791
High-straggler,Async-FedDRL,6740,163,5.212586685541338
High-straggler,Async-FedDRL,6740,164,4.97100500732718
High-straggler,Async-FedDRL,6740,165,5.040299993764003
High-straggler,Async-FedDRL,6740,166,5.200809883521641
High-straggler,Async-FedDRL,6740,167,4.9685722756610575
High-straggler,Async-FedDRL,6740,168,5.177256224474424
High-straggler,Async-FedDRL,6740,169,5.056948683040092
High-straggler,Async-FedDRL,6740,170,5.22203413361548
High-straggler,Async-FedDRL,6740,171,5.045370344200297
High-straggler,Async-FedDRL,6740,172,5.049480532922598
High-straggler,Async-FedDRL,6740,173,5.221522827404926
High-straggler,Async-FedDRL,6740,174,4.946867047480673
High-straggler,Async-FedDRL,6740,175,5.180133615256259
High-straggler,Async-FedDRL,6740,176,4.961714459051129
High-straggler,Async-FedDRL,6740,177,5.124017758776374
High-straggler,Async-FedDRL,6740,178,4.973179640458782
High-straggler,Async-FedDRL,6740,179,5.051263067173291
High-straggler,Async-FedDRL,6740,180,5.183119310339601
High-straggler,Async-FedDRL,6740,181,5.172654941048535
High-straggler,Async-FedDRL,6740,182,5.17929438829217
High-straggler,Async-FedDRL,6740,183,5.127389485186685
High-straggler,Async-FedDRL,6740,184,5.1423787353909525
High-straggler,Async-FedDRL,6740,185,4.8323792052051
High-straggler,Async-FedDRL,6740,186,5.197940682150989
High-straggler,Async-FedDRL,6740,187,5.084579378980296
High-straggler,Async-FedDRL,6740,188,5.233241774780191
High-straggler,Async-FedDRL,6740,189,5.007925546708749
High-straggler,Async-FedDRL,6740,190,5.046828835554099
High-straggler,Async-FedDRL,6740,191,5.035730710774793
High-straggler,Async-FedDRL,6740,192,5.132310981922201
High-straggler,Async-FedDRL,6740,193,5.382887142048423
High-straggler,Async-FedDRL,6740,194,5.081926301992968
High-straggler,Async-FedDRL,6740,195,5.096271735775519
High-straggler,Async-FedDRL,6740,196,5.044874911844764
High-straggler,Async-FedDRL,6740,197,5.094163598605459
High-straggler,Async-FedDRL,6740,198,5.211274464437722
High-straggler,Async-FedDRL,6740,199,5.06260588946174
High-straggler,Async-FedDRL,6740,200,5.054910306176578
High-straggler,Async-FedDRL,6740,201,5.158187911257355
High-straggler,Async-FedDRL,6740,202,5.232050755291976
High-straggler,Async-FedDRL,6740,203,5.198330925130058
High-straggler,Async-FedDRL,6740,204,5.224082406900375
High-straggler,Async-FedDRL,6740,205,5.186704679649257
High-straggler,Async-FedDRL,6740,206,5.19251562385405
High-straggler,Async-FedDRL,6740,207,5.209909293794509
High-straggler,Async-FedDRL,6740,208,5.098711237139151
High-straggler,Async-FedDRL,6740,209,5.232642938537904
High-straggler,Async-FedDRL,6740,210,5.1131664503498016
High-straggler,Async-FedDRL,6740,211,5.123468192384855
High-straggler,Async-FedDRL,6740,212,5.188413172155099
High-straggler,Async-FedDRL,6740,213,5.126278808735953
High-straggler,Async-FedDRL,6740,214,5.194532415122941
High-straggler,Async-FedDRL,6740,215,5.187271942510439
High-straggler,Async-FedDRL,6740,216,5.289043065821338
High-straggler,Async-FedDRL,6740,217,5.032999048597633
High-straggler,Async-FedDRL,6740,218,5.312136519665777
High-straggler,Async-FedDRL,6740,219,5.185615523107948
High-straggler,Async-FedDRL,6740,220,5.20797382597848
High-straggler,Async-FedDRL,6740,221,5.2425865200786275
High-straggler,Async-FedDRL,6740,222,5.166993725370176
High-straggler,Async-FedDRL,6740,223,5.092823392753059
High-straggler,Async-FedDRL,6740,224,5.2623044403459165
High-straggler,Async-FedDRL,6740,225,5.216374469070359
High-straggler,Async-FedDRL,6740,226,5.1729564885882535
High-straggler,Async-FedDRL,6740,227,5.040083511826426
High-straggler,Async-FedDRL,6740,228,5.008946758755814
High-straggler,Async-FedDRL,6740,229,5.259104517151998
High-straggler,Async-FedDRL,6740,230,5.285080374474888
High-straggler,Async-FedDRL,6740,231,4.991278098615565
High-straggler,Async-FedDRL,6740,232,5.225073980209508
High-straggler,Async-FedDRL,6740,233,5.291322378851552
High-straggler,Async-FedDRL,6740,234,5.218347498980527
High-straggler,Async-FedDRL,6740,235,5.1207824771910655
High-straggler,Async-FedDRL,6740,236,5.132072236344934
High-straggler,Async-FedDRL,6740,237,5.244562758821104
High-straggler,Async-FedDRL,6740,238,5.322311122152672
High-straggler,Async-FedDRL,6740,239,5.039476239343012
High-straggler,Async-FedDRL,6740,240,5.166433908915418
High-straggler,Async-FedDRL,6740,241,5.063680494521241
High-straggler,Async-FedDRL,6740,242,5.173596724861586
High-straggler,Async-FedDRL,6740,243,5.147186889407526
High-straggler,Async-FedDRL,6740,244,5.193454425391232
High-straggler,Async-FedDRL,6740,245,5.101624100467627
High-straggler,Async-FedDRL,6740,246,5.206144924581306
High-straggler,Async-FedDRL,6740,247,5.067482572464706
High-straggler,Async-FedDRL,6740,248,5.098611679892463
High-straggler,Async-FedDRL,6740,249,5.189083025915819
High-straggler,Async-FedDRL,6740,250,5.182988404450932
High-straggler,Async-FedDRL,6740,251,5.4278318062253925
High-straggler,Async-FedDRL,6740,252,5.036786958056428
High-straggler,Async-FedDRL,6740,253,5.2251699377270295
High-straggler,Async-FedDRL,6740,254,5.090250186440413
High-straggler,Async-FedDRL,6740,255,5.2690706220171615
High-straggler,Async-FedDRL,6740,256,5.073331287370442
High-straggler,Async-FedDRL,6740,257,5.169128719334067
High-straggler,Async-FedDRL,6740,258,5.275508418032319
High-straggler,Async-FedDRL,6740,259,5.278870462771634
High-straggler,Async-FedDRL,6740,260,5.232075312520077
High-straggler,Async-FedDRL,6740,261,5.120780471205704
High-straggler,Async-FedDRL,6740,262,5.190655618426226
High-straggler,Async-FedDRL,6740,263,5.1727105953255625
High-straggler,Async-FedDRL,6740,264,5.15510512253184
High-straggler,Async-FedDRL,6740,265,5.160309996764419
High-straggler,Async-FedDRL,6740,266,5.139178303952067
High-straggler,Async-FedDRL,6740,267,5.097894837107454
High-straggler,Async-FedDRL,6740,268,5.231598028795354
High-straggler,Async-FedDRL,6740,269,5.163353826853174
High-straggler,Async-FedDRL,6740,270,5.238311275171286
High-straggler,Async-FedDRL,6740,271,5.022984283799122
High-straggler,Async-FedDRL,6740,272,5.22629646841676
High-straggler,Async-FedDRL,6740,273,5.286374193213406
High-straggler,Async-FedDRL,6740,274,5.090147492243553
High-straggler,Async-FedDRL,6740,275,5.290667185083547
High-straggler,Async-FedDRL,6740,276,5.0401437762313455
High-straggler,Async-FedDRL,6740,277,5.124898393392365
High-straggler,Async-FedDRL,6740,278,5.334686642897878
High-straggler,Async-FedDRL,6740,279,5.215529354101766
High-straggler,Async-FedDRL,6740,280,5.255497240613536
High-straggler,Async-FedDRL,6740,281,5.072853714935883
High-straggler,Async-FedDRL,6740,282,5.1672749293812235
High-straggler,Async-FedDRL,6740,283,5.130994604894404
High-straggler,Async-FedDRL,6740,284,5.228617560391229
High-straggler,Async-FedDRL,6740,285,5.248536525089259
High-straggler,Async-FedDRL,6740,286,5.104445597424108
High-straggler,Async-FedDRL,6740,287,5.105459369955319
High-straggler,Async-FedDRL,6740,288,5.169497190811791
High-straggler,Async-FedDRL,6740,289,5.23975843505923
High-straggler,Async-FedDRL,6740,290,5.182749401457433
High-straggler,Async-FedDRL,6740,291,5.229195974132525
High-straggler,Async-FedDRL,6740,292,5.1314193026675845
High-straggler,Async-FedDRL,6740,293,5.194658017150804
High-straggler,Async-FedDRL,6740,294,5.083689661870001
High-straggler,Async-FedDRL,6740,295,5.185054200168783
High-straggler,Async-FedDRL,6740,296,4.9636605461339
High-straggler,Async-FedDRL,6740,297,5.17662744985903
High-straggler,Async-FedDRL,6740,298,5.241066299486393
High-straggler,Async-FedDRL,6740,299,5.128407746946336
High-straggler,Async-FedDRL,6740,300,5.220331677566044
High-straggler,Async-FedDRL,6740,301,5.0822273887192795
High-straggler,Async-FedDRL,6740,302,5.0780383096638815
High-straggler,Async-FedDRL,6740,303,5.136816895101345
High-straggler,Async-FedDRL,6740,304,5.12876092322147
High-straggler,Async-FedDRL,6740,305,5.108536094256686
High-straggler,Async-FedDRL,6740,306,5.152000332183787
High-straggler,Async-FedDRL,6740,307,5.087067153028018
High-straggler,Async-FedDRL,6740,308,5.201046649635382
High-straggler,Async-FedDRL,6740,309,5.134859890837971
High-straggler,Async-FedDRL,6740,310,5.2885409873284095
High-straggler,Async-FedDRL,6740,311,5.088912276534498
High-straggler,Async-FedDRL,6740,312,5.24653227970435
High-straggler,Async-FedDRL,6740,313,5.306683166184953
High-straggler,Async-FedDRL,6740,314,5.191602586030396
High-straggler,Async-FedDRL,6740,315,5.247621620892715
High-straggler,Async-FedDRL,6740,316,5.217206590751231
High-straggler,Async-FedDRL,6740,317,5.229687087660825
High-straggler,Async-FedDRL,6740,318,5.161088933955958
High-straggler,Async-FedDRL,6740,319,5.204730866529724
High-straggler,Async-FedDRL,6740,320,5.270203991864672
High-straggler,Async-FedDRL,6740,321,5.188566125553252
High-straggler,Async-FedDRL,6740,322,5.128152229945509
High-straggler,Async-FedDRL,6740,323,5.104562899001567
High-straggler,Async-FedDRL,6740,324,5.044496422678931
High-straggler,Async-FedDRL,6740,325,5.313787518949793
High-straggler,Async-FedDRL,6740,326,5.262240026794103
High-straggler,Async-FedDRL,6740,327,5.253890424886413
High-straggler,Async-FedDRL,6740,328,5.042134297078198
High-straggler,Async-FedDRL,6740,329,5.1529575479710275
High-straggler,Async-FedDRL,6740,330,5.0567580621758825
High-straggler,Async-FedDRL,6740,331,5.384893846677687
High-straggler,Async-FedDRL,6740,332,5.112074780105732
High-straggler,Async-FedDRL,6740,333,5.211771050418524
High-straggler,Async-FedDRL,6740,334,5.23407263854029
High-straggler,Async-FedDRL,6740,335,5.12663446694138
High-straggler,Async-FedDRL,6740,336,5.199392362144537
High-straggler,Async-FedDRL,6740,337,5.280062390904435
High-straggler,Async-FedDRL,6740,338,5.236483351400999
High-straggler,Async-FedDRL,6740,339,5.28083257031531
High-straggler,Async-FedDRL,6740,340,5.086363745499283
High-straggler,Async-FedDRL,6740,341,5.162166445192156
High-straggler,Async-FedDRL,6740,342,5.204830881145237
High-straggler,Async-FedDRL,6740,343,5.128339670182295
High-straggler,Async-FedDRL,6740,344,5.148219959571167
High-straggler,Async-FedDRL,6740,345,5.15102013587474
High-straggler,Async-FedDRL,6740,346,5.106488469897231
High-straggler,Async-FedDRL,6740,347,5.214960996296109
High-straggler,Async-FedDRL,6740,348,5.2120121453114
High-straggler,Async-FedDRL,6740,349,5.109924628750234
High-straggler,Async-FedDRL,6740,350,5.139852409449191
High-straggler,Async-FedDRL,6740,351,5.150677229274816
High-straggler,Async-FedDRL,6740,352,5.131614806067994
High-straggler,Async-FedDRL,6740,353,5.284584784696281
High-straggler,Async-FedDRL,6740,354,5.1304559874561635
High-straggler,Async-FedDRL,6740,355,5.2746941582983435
High-straggler,Async-FedDRL,6740,356,5.167707848320328
High-straggler,Async-FedDRL,6740,357,5.2963790666273605
High-straggler,Async-FedDRL,6740,358,5.030009004348679
High-straggler,Async-FedDRL,6740,359,5.259655542627778
High-straggler,Async-FedDRL,6740,360,5.045339571922039
High-straggler,Async-FedDRL,6740,361,5.200728764237381
High-straggler,Async-FedDRL,6740,362,5.1546479355692085
High-straggler,Async-FedDRL,6740,363,5.210320952568622
High-straggler,Async-FedDRL,6740,364,5.261835027325762
High-straggler,Async-FedDRL,6740,365,5.142754195924495
High-straggler,Async-FedDRL,6740,366,5.067281028438625
High-straggler,Async-FedDRL,6740,367,5.09616317541283
High-straggler,Async-FedDRL,6740,368,5.1982864877405515
High-straggler,Async-FedDRL,6740,369,5.130485264390881
High-straggler,Async-FedDRL,6740,370,5.240537990894094
High-straggler,Async-FedDRL,6740,371,5.217570833002714
High-straggler,Async-FedDRL,6740,372,5.203078387381496
High-straggler,Async-FedDRL,6740,373,5.130372369224263
High-straggler,Async-FedDRL,6740,374,5.242979440131436
High-straggler,Async-FedDRL,6740,375,5.274014305534985
High-straggler,Async-FedDRL,6740,376,5.123504567778713
High-straggler,Async-FedDRL,6740,377,5.258108530245846
High-straggler,Async-FedDRL,6740,378,5.238674162698872
High-straggler,Async-FedDRL,6740,379,5.113214861704107
High-straggler,Async-FedDRL,6740,380,5.289143047827815
High-straggler,Async-FedDRL,6740,381,5.165812757731244
High-straggler,Async-FedDRL,6740,382,5.218867301162079
High-straggler,Async-FedDRL,6740,383,5.222423561363616
High-straggler,Async-FedDRL,6740,384,5.110533812449119
High-straggler,Async-FedDRL,6740,385,5.329049302196776
High-straggler,Async-FedDRL,6740,386,5.041589852079042
High-straggler,Async-FedDRL,6740,387,5.296350006458126
High-straggler,Async-FedDRL,6740,388,5.119635286462588
High-straggler,Async-FedDRL,6740,389,5.130839830945115
High-straggler,Async-FedDRL,6740,390,5.238966744091911
High-straggler,Async-FedDRL,6740,391,5.056859079496651
High-straggler,Async-FedDRL,6740,392,5.260604102466275
High-straggler,Async-FedDRL,6740,393,5.373100439363853
High-straggler,Async-FedDRL,6740,394,5.260016282568586
High-straggler,Async-FedDRL,6740,395,5.1774086185216746
High-straggler,Async-FedDRL,6740,396,5.188906548780287
High-straggler,Async-FedDRL,6740,397,5.148009152875465
High-straggler,Async-FedDRL,6740,398,5.2181768349050195
High-straggler,Async-FedDRL,6740,399,5.196027278006948
High-straggler,Async-FedDRL,6740,400,5.04362730531442
High-straggler,Async-FedDRL,7851,1,4.043533473774764
High-straggler,Async-FedDRL,7851,2,4.105140429457819
High-straggler,Async-FedDRL,7851,3,3.9431883594770682
High-straggler,Async-FedDRL,7851,4,3.6763274643959125
High-straggler,Async-FedDRL,7851,5,3.9117964577960023
High-straggler,Async-FedDRL,7851,6,4.133461106107272
High-straggler,Async-FedDRL,7851,7,4.049902776374034
High-straggler,Async-FedDRL,7851,8,4.044222311802709
High-straggler,Async-FedDRL,7851,9,4.076322872591589
High-straggler,Async-FedDRL,7851,10,4.043693410452232
High-straggler,Async-FedDRL,7851,11,4.210571123579337
High-straggler,Async-FedDRL,7851,12,4.236938753055039
High-straggler,Async-FedDRL,7851,13,4.179164182622644
High-straggler,Async-FedDRL,7851,14,4.157993301534357
High-straggler,Async-FedDRL,7851,15,3.8560920703511736
High-straggler,Async-FedDRL,7851,16,4.049582335431234
High-straggler,Async-FedDRL,7851,17,3.7471435282365357
High-straggler,Async-FedDRL,7851,18,4.086018625635651
High-straggler,Async-FedDRL,7851,19,3.9939650181268846
High-straggler,Async-FedDRL,7851,20,3.9817421099481423
High-straggler,Async-FedDRL,7851,21,4.270142960849251
High-straggler,Async-FedDRL,7851,22,4.050603000472074
High-straggler,Async-FedDRL,7851,23,4.111910936691067
High-straggler,Async-FedDRL,7851,24,4.112017354258448
High-straggler,Async-FedDRL,7851,25,4.141023009197446
High-straggler,Async-FedDRL,7851,26,4.194703303189108
High-straggler,Async-FedDRL,7851,27,4.32422159895014
High-straggler,Async-FedDRL,7851,28,4.266604020336635
High-straggler,Async-FedDRL,7851,29,4.18491353080142
High-straggler,Async-FedDRL,7851,30,4.198665489222094
High-straggler,Async-FedDRL,7851,31,3.9928852020189267
High-straggler,Async-FedDRL,7851,32,4.048444806423235
High-straggler,Async-FedDRL,7851,33,4.23962470348963
High-straggler,Async-FedDRL,7851,34,4.441001227564172
High-straggler,Async-FedDRL,7851,35,4.300528500599774
High-straggler,Async-FedDRL,7851,36,4.246936215397459
High-straggler,Async-FedDRL,7851,37,4.2858533070720135
High-straggler,Async-FedDRL,7851,38,4.33442299794425
High-straggler,Async-FedDRL,7851,39,4.180537363143036
High-straggler,Async-FedDRL,7851,40,4.294482323054519
High-straggler,Async-FedDRL,7851,41,4.375399803562035
High-straggler,Async-FedDRL,7851,42,4.425047039397004
High-straggler,Async-FedDRL,7851,43,4.182799786754507
High-straggler,Async-FedDRL,7851,44,4.249039604634134
High-straggler,Async-FedDRL,7851,45,4.05619500334329
High-straggler,Async-FedDRL,7851,46,4.462330696548672
High-straggler,Async-FedDRL,7851,47,4.385190327533734
High-straggler,Async-FedDRL,7851,48,4.248226782998858
High-straggler,Async-FedDRL,7851,49,4.350149262126953
High-straggler,Async-FedDRL,7851,50,4.290862015130305
High-straggler,Async-FedDRL,7851,51,4.295706292206543
High-straggler,Async-FedDRL,7851,52,4.381057450302038
High-straggler,Async-FedDRL,7851,53,4.111146134230171
High-straggler,Async-FedDRL,7851,54,4.311234050581925
High-straggler,Async-FedDRL,7851,55,4.064781883623949
High-straggler,Async-FedDRL,7851,56,4.486206394180797
High-straggler,Async-FedDRL,7851,57,4.278024270568798
High-straggler,Async-FedDRL,7851,58,4.622497344689437
High-straggler,Async-FedDRL,7851,59,4.280570097335359
High-straggler,Async-FedDRL,7851,60,4.462862088240557
High-straggler,Async-FedDRL,7851,61,4.424416940858008
High-straggler,Async-FedDRL,7851,62,4.433121370167857
High-straggler,Async-FedDRL,7851,63,4.385965207036415
High-straggler,Async-FedDRL,7851,64,4.652565825589815
High-straggler,Async-FedDRL,7851,65,4.501520817863407
High-straggler,Async-FedDRL,7851,66,4.5131231624257735
High-straggler,Async-FedDRL,7851,67,4.5562624101189675
High-straggler,Async-FedDRL,7851,68,4.501868774972712
High-straggler,Async-FedDRL,7851,69,4.5727914018105045
High-straggler,Async-FedDRL,7851,70,4.606761591511044
High-straggler,Async-FedDRL,7851,71,4.595183027814083
High-straggler,Async-FedDRL,7851,72,4.590517374121662
High-straggler,Async-FedDRL,7851,73,4.423064702374626
High-straggler,Async-FedDRL,7851,74,4.646287872066376
High-straggler,Async-FedDRL,7851,75,4.6248709739422935
High-straggler,Async-FedDRL,7851,76,4.438487417017209
High-straggler,Async-FedDRL,7851,77,4.603552517086365
High-straggler,Async-FedDRL,7851,78,4.486623732196599
High-straggler,Async-FedDRL,7851,79,4.71546535753039
High-straggler,Async-FedDRL,7851,80,4.702712866548924
High-straggler,Async-FedDRL,7851,81,4.744529911012707
High-straggler,Async-FedDRL,7851,82,4.655592433864964
High-straggler,Async-FedDRL,7851,83,4.564027398528234
High-straggler,Async-FedDRL,7851,84,4.491046771259927
High-straggler,Async-FedDRL,7851,85,4.808978774983724
High-straggler,Async-FedDRL,7851,86,4.844855024836261
High-straggler,Async-FedDRL,7851,87,4.82753566093046
High-straggler,Async-FedDRL,7851,88,4.682150768803247
High-straggler,Async-FedDRL,7851,89,4.876663726407466
High-straggler,Async-FedDRL,7851,90,4.68852026422269
High-straggler,Async-FedDRL,7851,91,4.814816983516263
High-straggler,Async-FedDRL,7851,92,4.638829846601555
High-straggler,Async-FedDRL,7851,93,4.895920081672308
High-straggler,Async-FedDRL,7851,94,4.55452979478729
High-straggler,Async-FedDRL,7851,95,4.825731242877119
High-straggler,Async-FedDRL,7851,96,4.73080634482033
High-straggler,Async-FedDRL,7851,97,4.772150158354641
High-straggler,Async-FedDRL,7851,98,4.760001969373664
High-straggler,Async-FedDRL,7851,99,4.728549752415671
High-straggler,Async-FedDRL,7851,100,4.642981022204072
High-straggler,Async-FedDRL,7851,101,4.578721266497154
High-straggler,Async-FedDRL,7851,102,4.708989119030291
High-straggler,Async-FedDRL,7851,103,4.814989229275281
High-straggler,Async-FedDRL,7851,104,4.6782647719814685
High-straggler,Async-FedDRL,7851,105,4.877653305482883
High-straggler,Async-FedDRL,7851,106,4.897754152646743
High-straggler,Async-FedDRL,7851,107,4.902492349007315
High-straggler,Async-FedDRL,7851,108,4.7756378685349326
High-straggler,Async-FedDRL,7851,109,4.811794059248019
High-straggler,Async-FedDRL,7851,110,5.039561330081985
High-straggler,Async-FedDRL,7851,111,4.82666577628494
High-straggler,Async-FedDRL,7851,112,4.922368605942001
High-straggler,Async-FedDRL,7851,113,4.803601396523315
High-straggler,Async-FedDRL,7851,114,4.781639376695251
High-straggler,Async-FedDRL,7851,115,4.983020711137472
High-straggler,Async-FedDRL,7851,116,4.865078137031115
High-straggler,Async-FedDRL,7851,117,4.641928132006123
High-straggler,Async-FedDRL,7851,118,4.94940921064426
High-straggler,Async-FedDRL,7851,119,4.957405091056057
High-straggler,Async-FedDRL,7851,120,4.836031526667221
High-straggler,Async-FedDRL,7851,121,5.037406715155315
High-straggler,Async-FedDRL,7851,122,4.864835248805111
High-straggler,Async-FedDRL,7851,123,5.017038020220845
High-straggler,Async-FedDRL,7851,124,4.858505264134326
High-straggler,Async-FedDRL,7851,125,4.961528175140653
High-straggler,Async-FedDRL,7851,126,4.89778390788534
High-straggler,Async-FedDRL,7851,127,4.812708876341424
High-straggler,Async-FedDRL,7851,128,5.0600541589758725
High-straggler,Async-FedDRL,7851,129,5.0938802187741885
High-straggler,Async-FedDRL,7851,130,4.9053700276212275
High-straggler,Async-FedDRL,7851,131,4.840075778897135
High-straggler,Async-FedDRL,7851,132,4.950834863358019
High-straggler,Async-FedDRL,7851,133,5.1161971593091655
High-straggler,Async-FedDRL,7851,134,5.078163809829582
High-straggler,Async-FedDRL,7851,135,5.081820144768507
High-straggler,Async-FedDRL,7851,136,5.130758125704724
High-straggler,Async-FedDRL,7851,137,5.017914435277024
High-straggler,Async-FedDRL,7851,138,5.028386084566139
High-straggler,Async-FedDRL,7851,139,4.921328603481071
High-straggler,Async-FedDRL,7851,140,4.987972852198342
High-straggler,Async-FedDRL,7851,141,5.156510869334111
High-straggler,Async-FedDRL,7851,142,4.951507088460462
High-straggler,Async-FedDRL,7851,143,5.042217170497272
High-straggler,Async-FedDRL,7851,144,5.2031893782123495
High-straggler,Async-FedDRL,7851,145,4.973719235470443
High-straggler,Async-FedDRL,7851,146,5.02859074312886
High-straggler,Async-FedDRL,7851,147,4.917003752097394
High-straggler,Async-FedDRL,7851,148,5.043075128318254
High-straggler,Async-FedDRL,7851,149,4.901944535257204
High-straggler,Async-FedDRL,7851,150,5.016770241273461
High-straggler,Async-FedDRL,7851,151,4.9439496818428195
High-straggler,Async-FedDRL,7851,152,5.090209930522353
High-straggler,Async-FedDRL,7851,153,5.080478696577087
High-straggler,Async-FedDRL,7851,154,4.881452792280203
High-straggler,Async-FedDRL,7851,155,5.170207736030345
High-straggler,Async-FedDRL,7851,156,4.855593634204253
High-straggler,Async-FedDRL,7851,157,5.072664147447738
High-straggler,Async-FedDRL,7851,158,5.06261620325333
High-straggler,Async-FedDRL,7851,159,5.101670662342758
High-straggler,Async-FedDRL,7851,160,5.125741313353779
High-straggler,Async-FedDRL,7851,161,5.052814833606144
High-straggler,Async-FedDRL,7851,162,5.059289550582294
High-straggler,Async-FedDRL,7851,163,5.072603055678501
High-straggler,Async-FedDRL,7851,164,5.150015539882813
High-straggler,Async-FedDRL,7851,165,5.0678629488608475
High-straggler,Async-FedDRL,7851,166,4.982883359883235
High-straggler,Async-FedDRL,7851,167,4.951028886571993
High-straggler,Async-FedDRL,7851,168,5.068944203868268
High-straggler,Async-FedDRL,7851,169,5.228370649000989
High-straggler,Async-FedDRL,7851,170,5.150922987042639
High-straggler,Async-FedDRL,7851,171,5.100087511114092
High-straggler,Async-FedDRL,7851,172,5.093777765001389
High-straggler,Async-FedDRL,7851,173,5.089600648524252
High-straggler,Async-FedDRL,7851,174,5.208667882724731
High-straggler,Async-FedDRL,7851,175,5.135021106217405
High-straggler,Async-FedDRL,7851,176,4.967348525927097
High-straggler,Async-FedDRL,7851,177,5.205025168322186
High-straggler,Async-FedDRL,7851,178,5.040272854921832
High-straggler,Async-FedDRL,7851,179,4.7862248172546265
High-straggler,Async-FedDRL,7851,180,5.208769726961384
High-straggler,Async-FedDRL,7851,181,5.2489574941420765
High-straggler,Async-FedDRL,7851,182,5.2508847323504355
High-straggler,Async-FedDRL,7851,183,5.189541918225206
High-straggler,Async-FedDRL,7851,184,5.069574035392945
High-straggler,Async-FedDRL,7851,185,5.121556281600408
High-straggler,Async-FedDRL,7851,186,5.059942861587835
High-straggler,Async-FedDRL,7851,187,4.989450610135329
High-straggler,Async-FedDRL,7851,188,4.958152217782323
High-straggler,Async-FedDRL,7851,189,5.050469891427976
High-straggler,Async-FedDRL,7851,190,5.054392009335665
High-straggler,Async-FedDRL,7851,191,5.162218129215346
High-straggler,Async-FedDRL,7851,192,5.2556885324120755
High-straggler,Async-FedDRL,7851,193,5.063902733124033
High-straggler,Async-FedDRL,7851,194,5.008248481120431
High-straggler,Async-FedDRL,7851,195,5.197577585783938
High-straggler,Async-FedDRL,7851,196,5.1536054589218585
High-straggler,Async-FedDRL,7851,197,5.230762842247246
High-straggler,Async-FedDRL,7851,198,5.0636398549391055
High-straggler,Async-FedDRL,7851,199,5.1712366485067625
High-straggler,Async-FedDRL,7851,200,5.151700232847637
High-straggler,Async-FedDRL,7851,201,5.095094266365881
High-straggler,Async-FedDRL,7851,202,5.021411208605032
High-straggler,Async-FedDRL,7851,203,5.1504906078055575
High-straggler,Async-FedDRL,7851,204,5.4013438996991905
High-straggler,Async-FedDRL,7851,205,5.114165495663748
High-straggler,Async-FedDRL,7851,206,5.169300716983424
High-straggler,Async-FedDRL,7851,207,5.050469053691776
High-straggler,Async-FedDRL,7851,208,5.23546934971261
High-straggler,Async-FedDRL,7851,209,5.159756676778884
High-straggler,Async-FedDRL,7851,210,4.942023452463813
High-straggler,Async-FedDRL,7851,211,5.131176578727694
High-straggler,Async-FedDRL,7851,212,5.0139154207933245
High-straggler,Async-FedDRL,7851,213,5.267517161435644
High-straggler,Async-FedDRL,7851,214,5.274531348261853
High-straggler,Async-FedDRL,7851,215,5.0858460405054755
High-straggler,Async-FedDRL,7851,216,5.238756843023373
High-straggler,Async-FedDRL,7851,217,5.078768759299742
High-straggler,Async-FedDRL,7851,218,5.0753366235625474
High-straggler,Async-FedDRL,7851,219,5.125257427128898
High-straggler,Async-FedDRL,7851,220,4.976947181636579
High-straggler,Async-FedDRL,7851,221,5.13135176439667
High-straggler,Async-FedDRL,7851,222,5.003693246971018
High-straggler,Async-FedDRL,7851,223,5.248211014090713
High-straggler,Async-FedDRL,7851,224,5.04568761187414
High-straggler,Async-FedDRL,7851,225,5.142041058256623
High-straggler,Async-FedDRL,7851,226,5.0944101025438355
High-straggler,Async-FedDRL,7851,227,5.233863064429937
High-straggler,Async-FedDRL,7851,228,5.142793002967326
High-straggler,Async-FedDRL,7851,229,5.062428861459708
High-straggler,Async-FedDRL,7851,230,5.069022533164118
High-straggler,Async-FedDRL,7851,231,5.179323364960965
High-straggler,Async-FedDRL,7851,232,5.2723303995661315
High-straggler,Async-FedDRL,7851,233,4.948451391859659
High-straggler,Async-FedDRL,7851,234,5.151246628801267
High-straggler,Async-FedDRL,7851,235,5.266706681891758
High-straggler,Async-FedDRL,7851,236,5.195873749675191
High-straggler,Async-FedDRL,7851,237,5.165118360372142
High-straggler,Async-FedDRL,7851,238,5.090041743808823
High-straggler,Async-FedDRL,7851,239,4.977974981366671
High-straggler,Async-FedDRL,7851,240,5.093624909993616
High-straggler,Async-FedDRL,7851,241,5.227119862890593
High-straggler,Async-FedDRL,7851,242,5.049789043973767
High-straggler,Async-FedDRL,7851,243,5.256300614232383
High-straggler,Async-FedDRL,7851,244,5.060770467351656
High-straggler,Async-FedDRL,7851,245,5.118009729201247
High-straggler,Async-FedDRL,7851,246,5.081095134577179
High-straggler,Async-FedDRL,7851,247,5.060281082600888
High-straggler,Async-FedDRL,7851,248,5.075897879091935
High-straggler,Async-FedDRL,7851,249,5.197491553811719
High-straggler,Async-FedDRL,7851,250,5.244196157422751
High-straggler,Async-FedDRL,7851,251,4.983725615317302
High-straggler,Async-FedDRL,7851,252,5.304896536795492
High-straggler,Async-FedDRL,7851,253,5.1487855108056575
High-straggler,Async-FedDRL,7851,254,5.199509716556846
High-straggler,Async-FedDRL,7851,255,5.240093722173636
High-straggler,Async-FedDRL,7851,256,5.3218608171035315
High-straggler,Async-FedDRL,7851,257,5.032934546007507
High-straggler,Async-FedDRL,7851,258,5.097986448786463
High-straggler,Async-FedDRL,7851,259,5.083734808224188
High-straggler,Async-FedDRL,7851,260,5.243228879322543
High-straggler,Async-FedDRL,7851,261,5.053927392849098
High-straggler,Async-FedDRL,7851,262,5.141692790268885
High-straggler,Async-FedDRL,7851,263,5.0234337346002444
High-straggler,Async-FedDRL,7851,264,5.171107460093981
High-straggler,Async-FedDRL,7851,265,5.147446500011445
High-straggler,Async-FedDRL,7851,266,5.156458765295267
High-straggler,Async-FedDRL,7851,267,5.061561328390074
High-straggler,Async-FedDRL,7851,268,5.1495167229566725
High-straggler,Async-FedDRL,7851,269,5.131755535327981
High-straggler,Async-FedDRL,7851,270,5.109760098971378
High-straggler,Async-FedDRL,7851,271,5.193747460130873
High-straggler,Async-FedDRL,7851,272,5.152626792402391
High-straggler,Async-FedDRL,7851,273,5.188093774632802
High-straggler,Async-FedDRL,7851,274,5.03084094902204
High-straggler,Async-FedDRL,7851,275,5.144707220636929
High-straggler,Async-FedDRL,7851,276,5.104416778285837
High-straggler,Async-FedDRL,7851,277,5.191951327575385
High-straggler,Async-FedDRL,7851,278,5.2565892288291405
High-straggler,Async-FedDRL,7851,279,5.049828768196658
High-straggler,Async-FedDRL,7851,280,5.072186820088141
High-straggler,Async-FedDRL,7851,281,5.227664208061502
High-straggler,Async-FedDRL,7851,282,5.137370030974569
High-straggler,Async-FedDRL,7851,283,5.259531552425708
High-straggler,Async-FedDRL,7851,284,5.1708194323590515
High-straggler,Async-FedDRL,7851,285,5.390757253550224
High-straggler,Async-FedDRL,7851,286,5.170707941894551
High-straggler,Async-FedDRL,7851,287,5.1518708546985
High-straggler,Async-FedDRL,7851,288,5.170218293950793
High-straggler,Async-FedDRL,7851,289,5.144191479886404
High-straggler,Async-FedDRL,7851,290,5.12559292024436
High-straggler,Async-FedDRL,7851,291,5.1329348759057645
High-straggler,Async-FedDRL,7851,292,5.143728993333615
High-straggler,Async-FedDRL,7851,293,5.268325863760875
High-straggler,Async-FedDRL,7851,294,5.09287885567549
High-straggler,Async-FedDRL,7851,295,4.98113032128122
High-straggler,Async-FedDRL,7851,296,5.22450151042817
High-straggler,Async-FedDRL,7851,297,5.184453276636617
High-straggler,Async-FedDRL,7851,298,5.186096275005498
High-straggler,Async-FedDRL,7851,299,5.164115705985822
High-straggler,Async-FedDRL,7851,300,5.148656071301402
High-straggler,Async-FedDRL,7851,301,5.153410925902624
High-straggler,Async-FedDRL,7851,302,5.105725314921091
High-straggler,Async-FedDRL,7851,303,5.212889604014512
High-straggler,Async-FedDRL,7851,304,5.133513519058695
High-straggler,Async-FedDRL,7851,305,5.097806915487765
High-straggler,Async-FedDRL,7851,306,5.072819344722449
High-straggler,Async-FedDRL,7851,307,5.125106037015081
High-straggler,Async-FedDRL,7851,308,5.144610246001252
High-straggler,Async-FedDRL,7851,309,5.096301269617943
High-straggler,Async-FedDRL,7851,310,5.35657692040118
High-straggler,Async-FedDRL,7851,311,4.9713946629396775
High-straggler,Async-FedDRL,7851,312,5.121942110326906
High-straggler,Async-FedDRL,7851,313,5.3433472094453265
High-straggler,Async-FedDRL,7851,314,5.276637432031746
High-straggler,Async-FedDRL,7851,315,5.305012518063125
High-straggler,Async-FedDRL,7851,316,5.046093655000225
High-straggler,Async-FedDRL,7851,317,5.110014114454609
High-straggler,Async-FedDRL,7851,318,5.248120776620035
High-straggler,Async-FedDRL,7851,319,5.242779641694591
High-straggler,Async-FedDRL,7851,320,5.197719094175149
High-straggler,Async-FedDRL,7851,321,5.168735524282167
High-straggler,Async-FedDRL,7851,322,5.2087065135008555
High-straggler,Async-FedDRL,7851,323,5.277729743731771
High-straggler,Async-FedDRL,7851,324,5.146581224462229
High-straggler,Async-FedDRL,7851,325,5.145540234458543
High-straggler,Async-FedDRL,7851,326,5.163783098480667
High-straggler,Async-FedDRL,7851,327,5.118563956741955
High-straggler,Async-FedDRL,7851,328,5.0635544862925865
High-straggler,Async-FedDRL,7851,329,5.15919971669704
High-straggler,Async-FedDRL,7851,330,5.149966203381239
High-straggler,Async-FedDRL,7851,331,5.109895927296466
High-straggler,Async-FedDRL,7851,332,5.107204144356114
High-straggler,Async-FedDRL,7851,333,5.1356499966768805
High-straggler,Async-FedDRL,7851,334,5.252812765534233
High-straggler,Async-FedDRL,7851,335,5.088789342167325
High-straggler,Async-FedDRL,7851,336,5.2838722117370835
High-straggler,Async-FedDRL,7851,337,5.043212525376045
High-straggler,Async-FedDRL,7851,338,5.119543530033639
High-straggler,Async-FedDRL,7851,339,5.179814099169302
High-straggler,Async-FedDRL,7851,340,5.301339962167831
High-straggler,Async-FedDRL,7851,341,5.177052802900862
High-straggler,Async-FedDRL,7851,342,5.017608923571426
High-straggler,Async-FedDRL,7851,343,5.2359554524396055
High-straggler,Async-FedDRL,7851,344,5.287344327577885
High-straggler,Async-FedDRL,7851,345,5.1950662513758115
High-straggler,Async-FedDRL,7851,346,5.091181026184179
High-straggler,Async-FedDRL,7851,347,5.106898350399693
High-straggler,Async-FedDRL,7851,348,5.1614905179907495
High-straggler,Async-FedDRL,7851,349,5.280155472982686
High-straggler,Async-FedDRL,7851,350,5.203499616928655
High-straggler,Async-FedDRL,7851,351,5.154655917348762
High-straggler,Async-FedDRL,7851,352,5.162097675591086
High-straggler,Async-FedDRL,7851,353,5.161261415321391
High-straggler,Async-FedDRL,7851,354,5.164923257279938
High-straggler,Async-FedDRL,7851,355,5.274112238629005
High-straggler,Async-FedDRL,7851,356,5.165800037555239
High-straggler,Async-FedDRL,7851,357,5.061658988108996
High-straggler,Async-FedDRL,7851,358,5.068199586061539
High-straggler,Async-FedDRL,7851,359,5.16128843248277
High-straggler,Async-FedDRL,7851,360,5.325292045406941
High-straggler,Async-FedDRL,7851,361,5.200661819832061
High-straggler,Async-FedDRL,7851,362,5.261099028424008
High-straggler,Async-FedDRL,7851,363,5.1887915452357065
High-straggler,Async-FedDRL,7851,364,5.280970464235556
High-straggler,Async-FedDRL,7851,365,5.14709608117777
High-straggler,Async-FedDRL,7851,366,5.405570553025587
High-straggler,Async-FedDRL,7851,367,5.21594800023441
High-straggler,Async-FedDRL,7851,368,5.086507118180962
High-straggler,Async-FedDRL,7851,369,5.294275811118765
High-straggler,Async-FedDRL,7851,370,5.355614683136034
High-straggler,Async-FedDRL,7851,371,5.240081372263694
High-straggler,Async-FedDRL,7851,372,5.191299681921561
High-straggler,Async-FedDRL,7851,373,5.0706457231236675
High-straggler,Async-FedDRL,7851,374,5.246786066808442
High-straggler,Async-FedDRL,7851,375,5.033722382380173
High-straggler,Async-FedDRL,7851,376,5.059543814494493
High-straggler,Async-FedDRL,7851,377,5.2378346974939705
High-straggler,Async-FedDRL,7851,378,5.092877806326091
High-straggler,Async-FedDRL,7851,379,5.1878818668755775
High-straggler,Async-FedDRL,7851,380,5.182536470878896
High-straggler,Async-FedDRL,7851,381,5.174818911710313
High-straggler,Async-FedDRL,7851,382,5.064354471716938
High-straggler,Async-FedDRL,7851,383,5.199723436901486
High-straggler,Async-FedDRL,7851,384,5.109337862783194
High-straggler,Async-FedDRL,7851,385,5.1812606415737115
High-straggler,Async-FedDRL,7851,386,5.322353515691642
High-straggler,Async-FedDRL,7851,387,5.068725352941384
High-straggler,Async-FedDRL,7851,388,5.179422107707253
High-straggler,Async-FedDRL,7851,389,5.107104640392711
High-straggler,Async-FedDRL,7851,390,5.2285546025522525
High-straggler,Async-FedDRL,7851,391,5.255204876997717
High-straggler,Async-FedDRL,7851,392,5.1805403505240735
High-straggler,Async-FedDRL,7851,393,5.281250324283174
High-straggler,Async-FedDRL,7851,394,5.077931245722492
High-straggler,Async-FedDRL,7851,395,5.342612458310941
High-straggler,Async-FedDRL,7851,396,5.041948959282695
High-straggler,Async-FedDRL,7851,397,5.175177306616237
High-straggler,Async-FedDRL,7851,398,5.173988175785062
High-straggler,Async-FedDRL,7851,399,5.212197652598179
High-straggler,Async-FedDRL,7851,400,5.18027798723043
High-straggler,JIT-APFRL,3407,1,3.921930258719014
High-straggler,JIT-APFRL,3407,2,3.752551212749905
High-straggler,JIT-APFRL,3407,3,3.992509819505384
High-straggler,JIT-APFRL,3407,4,4.059802387877286
High-straggler,JIT-APFRL,3407,5,4.199857576152165
High-straggler,JIT-APFRL,3407,6,4.116824315983969
High-straggler,JIT-APFRL,3407,7,3.889598426769715
High-straggler,JIT-APFRL,3407,8,4.302412194689019
High-straggler,JIT-APFRL,3407,9,3.819636983258737
High-straggler,JIT-APFRL,3407,10,4.114115837166884
High-straggler,JIT-APFRL,3407,11,4.321946034648021
High-straggler,JIT-APFRL,3407,12,4.273329594808458
High-straggler,JIT-APFRL,3407,13,4.014472658854998
High-straggler,JIT-APFRL,3407,14,3.9175633620381154
High-straggler,JIT-APFRL,3407,15,4.181209084155157
High-straggler,JIT-APFRL,3407,16,3.969510493055446
High-straggler,JIT-APFRL,3407,17,4.100630338762488
High-straggler,JIT-APFRL,3407,18,4.087057534960985
High-straggler,JIT-APFRL,3407,19,4.2096255478401075
High-straggler,JIT-APFRL,3407,20,4.147782577291333
High-straggler,JIT-APFRL,3407,21,4.260581050238494
High-straggler,JIT-APFRL,3407,22,4.1549107694046885
High-straggler,JIT-APFRL,3407,23,3.9888588623334793
High-straggler,JIT-APFRL,3407,24,4.268598825958965
High-straggler,JIT-APFRL,3407,25,4.365547083260682
High-straggler,JIT-APFRL,3407,26,4.000118359675772
High-straggler,JIT-APFRL,3407,27,4.174247554033917
High-straggler,JIT-APFRL,3407,28,3.9869667820969035
High-straggler,JIT-APFRL,3407,29,4.0672558808764325
High-straggler,JIT-APFRL,3407,30,4.089513794642672
High-straggler,JIT-APFRL,3407,31,4.385080668761626
High-straggler,JIT-APFRL,3407,32,3.810005562919586
High-straggler,JIT-APFRL,3407,33,4.238422953693091
High-straggler,JIT-APFRL,3407,34,4.305945144262827
High-straggler,JIT-APFRL,3407,35,4.0957741015703935
High-straggler,JIT-APFRL,3407,36,4.234992203616099
High-straggler,JIT-APFRL,3407,37,4.106951572117383
High-straggler,JIT-APFRL,3407,38,4.095097347651185
High-straggler,JIT-APFRL,3407,39,3.96115925706987
High-straggler,JIT-APFRL,3407,40,4.305210921187633
High-straggler,JIT-APFRL,3407,41,4.1285814976160475
High-straggler,JIT-APFRL,3407,42,4.0746125741995165
High-straggler,JIT-APFRL,3407,43,4.069740741058563
High-straggler,JIT-APFRL,3407,44,3.899687232922224
High-straggler,JIT-APFRL,3407,45,4.256258423102875
High-straggler,JIT-APFRL,3407,46,3.989348807236238
High-straggler,JIT-APFRL,3407,47,4.165211361322004
High-straggler,JIT-APFRL,3407,48,4.541817829414271
High-straggler,JIT-APFRL,3407,49,4.191570218156366
High-straggler,JIT-APFRL,3407,50,4.249018460737029
High-straggler,JIT-APFRL,3407,51,4.251140497979433
High-straggler,JIT-APFRL,3407,52,4.234338265172293
High-straggler,JIT-APFRL,3407,53,4.304514670326935
High-straggler,JIT-APFRL,3407,54,4.084732046444185
High-straggler,JIT-APFRL,3407,55,4.245071634566014
High-straggler,JIT-APFRL,3407,56,4.138181772155869
High-straggler,JIT-APFRL,3407,57,4.172267811922633
High-straggler,JIT-APFRL,3407,58,4.005500766145704
High-straggler,JIT-APFRL,3407,59,4.118713739701466
High-straggler,JIT-APFRL,3407,60,4.395002911684232
High-straggler,JIT-APFRL,3407,61,4.360823952252756
High-straggler,JIT-APFRL,3407,62,4.165751114505321
High-straggler,JIT-APFRL,3407,63,4.369724280710358
High-straggler,JIT-APFRL,3407,64,4.315555181820923
High-straggler,JIT-APFRL,3407,65,4.17591601310777
High-straggler,JIT-APFRL,3407,66,3.9887721804633647
High-straggler,JIT-APFRL,3407,67,4.405189836643816
High-straggler,JIT-APFRL,3407,68,4.165059305669267
High-straggler,JIT-APFRL,3407,69,4.17445305079753
High-straggler,JIT-APFRL,3407,70,4.425340416756164
High-straggler,JIT-APFRL,3407,71,4.521021125873442
High-straggler,JIT-APFRL,3407,72,4.083607971936138
High-straggler,JIT-APFRL,3407,73,4.5329886482256585
High-straggler,JIT-APFRL,3407,74,4.063092365278985
High-straggler,JIT-APFRL,3407,75,4.3344114011668395
High-straggler,JIT-APFRL,3407,76,4.005539785932493
High-straggler,JIT-APFRL,3407,77,4.22565557167694
High-straggler,JIT-APFRL,3407,78,4.371291374021053
High-straggler,JIT-APFRL,3407,79,4.128082286554835
High-straggler,JIT-APFRL,3407,80,4.335590446678634
High-straggler,JIT-APFRL,3407,81,4.246832756167518
High-straggler,JIT-APFRL,3407,82,4.170394172950066
High-straggler,JIT-APFRL,3407,83,4.408444252881721
High-straggler,JIT-APFRL,3407,84,4.511900446643661
High-straggler,JIT-APFRL,3407,85,4.53540709733256
High-straggler,JIT-APFRL,3407,86,4.437767549822895
High-straggler,JIT-APFRL,3407,87,4.356890694018044
High-straggler,JIT-APFRL,3407,88,4.477371602802768
High-straggler,JIT-APFRL,3407,89,4.3798734356692695
High-straggler,JIT-APFRL,3407,90,4.530786309295076
High-straggler,JIT-APFRL,3407,91,4.525400518860573
High-straggler,JIT-APFRL,3407,92,4.247766770112199
High-straggler,JIT-APFRL,3407,93,4.384236003131264
High-straggler,JIT-APFRL,3407,94,4.413717502415667
High-straggler,JIT-APFRL,3407,95,4.07233553969384
High-straggler,JIT-APFRL,3407,96,4.511193969287289
High-straggler,JIT-APFRL,3407,97,4.461896838809645
High-straggler,JIT-APFRL,3407,98,4.512391709810963
High-straggler,JIT-APFRL,3407,99,4.469230134457931
High-straggler,JIT-APFRL,3407,100,4.252673871445941
High-straggler,JIT-APFRL,3407,101,4.225914312856908
High-straggler,JIT-APFRL,3407,102,4.673769924464306
High-straggler,JIT-APFRL,3407,103,4.436728337477533
High-straggler,JIT-APFRL,3407,104,4.384099634432836
High-straggler,JIT-APFRL,3407,105,4.3522746279273115
High-straggler,JIT-APFRL,3407,106,4.501804025347739
High-straggler,JIT-APFRL,3407,107,4.596181947263816
High-straggler,JIT-APFRL,3407,108,4.20003804534699
High-straggler,JIT-APFRL,3407,109,4.42869742982646
High-straggler,JIT-APFRL,3407,110,4.787483618763585
High-straggler,JIT-APFRL,3407,111,4.459044065336935
High-straggler,JIT-APFRL,3407,112,4.279403616368154
High-straggler,JIT-APFRL,3407,113,4.322323010579209
High-straggler,JIT-APFRL,3407,114,4.683145026508314
High-straggler,JIT-APFRL,3407,115,4.674180709650096
High-straggler,JIT-APFRL,3407,116,4.638673348912765
High-straggler,JIT-APFRL,3407,117,4.866630238621321
High-straggler,JIT-APFRL,3407,118,4.733014175360719
High-straggler,JIT-APFRL,3407,119,4.301033411277979
High-straggler,JIT-APFRL,3407,120,4.60576079030764
High-straggler,JIT-APFRL,3407,121,4.625916754423506
High-straggler,JIT-APFRL,3407,122,4.57302949778521
High-straggler,JIT-APFRL,3407,123,4.522030987979493
High-straggler,JIT-APFRL,3407,124,4.545359224486084
High-straggler,JIT-APFRL,3407,125,4.7720477812002216
High-straggler,JIT-APFRL,3407,126,4.749182255789202
High-straggler,JIT-APFRL,3407,127,4.844414980313622
High-straggler,JIT-APFRL,3407,128,4.61568634805413
High-straggler,JIT-APFRL,3407,129,4.7497987830116015
High-straggler,JIT-APFRL,3407,130,4.759277284333944
High-straggler,JIT-APFRL,3407,131,4.434525309740185
High-straggler,JIT-APFRL,3407,132,4.702337351657985
High-straggler,JIT-APFRL,3407,133,4.656186624692308
High-straggler,JIT-APFRL,3407,134,4.837538380200967
High-straggler,JIT-APFRL,3407,135,4.629005602832946
High-straggler,JIT-APFRL,3407,136,4.544347575232365
High-straggler,JIT-APFRL,3407,137,4.956902156655102
High-straggler,JIT-APFRL,3407,138,4.8392222557887825
High-straggler,JIT-APFRL,3407,139,4.387536418447241
High-straggler,JIT-APFRL,3407,140,4.73303385709561
High-straggler,JIT-APFRL,3407,141,4.799133049373362
High-straggler,JIT-APFRL,3407,142,4.803131410149786
High-straggler,JIT-APFRL,3407,143,4.715041039974045
High-straggler,JIT-APFRL,3407,144,4.878261294263028
High-straggler,JIT-APFRL,3407,145,4.8948329236680745
High-straggler,JIT-APFRL,3407,146,4.905044538871035
High-straggler,JIT-APFRL,3407,147,4.788394646949671
High-straggler,JIT-APFRL,3407,148,4.791922783390878
High-straggler,JIT-APFRL,3407,149,4.748042894585998
High-straggler,JIT-APFRL,3407,150,4.854342280894399
High-straggler,JIT-APFRL,3407,151,4.32610933249138
High-straggler,JIT-APFRL,3407,152,4.813630745954578
High-straggler,JIT-APFRL,3407,153,4.742459989798011
High-straggler,JIT-APFRL,3407,154,4.80855892412976
High-straggler,JIT-APFRL,3407,155,4.887980534275812
High-straggler,JIT-APFRL,3407,156,4.8077457602660925
High-straggler,JIT-APFRL,3407,157,4.873640527913237
High-straggler,JIT-APFRL,3407,158,4.78237935720084
High-straggler,JIT-APFRL,3407,159,4.825296857263682
High-straggler,JIT-APFRL,3407,160,4.654436358914685
High-straggler,JIT-APFRL,3407,161,4.7453506660618565
High-straggler,JIT-APFRL,3407,162,5.029190973193707
High-straggler,JIT-APFRL,3407,163,4.841153305104131
High-straggler,JIT-APFRL,3407,164,4.846953696188886
High-straggler,JIT-APFRL,3407,165,4.797410802054461
High-straggler,JIT-APFRL,3407,166,4.843316502167415
High-straggler,JIT-APFRL,3407,167,4.874683996527594
High-straggler,JIT-APFRL,3407,168,4.686975524438711
High-straggler,JIT-APFRL,3407,169,4.9484567010445994
High-straggler,JIT-APFRL,3407,170,4.712268087999265
High-straggler,JIT-APFRL,3407,171,4.928131159851717
High-straggler,JIT-APFRL,3407,172,4.752458672794301
High-straggler,JIT-APFRL,3407,173,4.71537282065986
High-straggler,JIT-APFRL,3407,174,4.961310822167121
High-straggler,JIT-APFRL,3407,175,4.924774972885403
High-straggler,JIT-APFRL,3407,176,4.999389481414041
High-straggler,JIT-APFRL,3407,177,4.652184332008136
High-straggler,JIT-APFRL,3407,178,4.919773666976331
High-straggler,JIT-APFRL,3407,179,4.678031838900821
High-straggler,JIT-APFRL,3407,180,4.897944374386335
High-straggler,JIT-APFRL,3407,181,4.693088687844133
High-straggler,JIT-APFRL,3407,182,4.7581854032427735
High-straggler,JIT-APFRL,3407,183,4.763404832852126
High-straggler,JIT-APFRL,3407,184,4.898849275037491
High-straggler,JIT-APFRL,3407,185,4.9676105830926245
High-straggler,JIT-APFRL,3407,186,4.82418294787569
High-straggler,JIT-APFRL,3407,187,5.066384310000185
High-straggler,JIT-APFRL,3407,188,4.9069960789048706
High-straggler,JIT-APFRL,3407,189,4.912757520520677
High-straggler,JIT-APFRL,3407,190,5.026503763239829
High-straggler,JIT-APFRL,3407,191,4.981266641796612
High-straggler,JIT-APFRL,3407,192,4.903049796786877
High-straggler,JIT-APFRL,3407,193,4.813574968775374
High-straggler,JIT-APFRL,3407,194,5.127934315847428
High-straggler,JIT-APFRL,3407,195,4.842389515618792
High-straggler,JIT-APFRL,3407,196,4.8378538494711485
High-straggler,JIT-APFRL,3407,197,4.853826694327095
High-straggler,JIT-APFRL,3407,198,4.74257671568271
High-straggler,JIT-APFRL,3407,199,4.9887599266250415
High-straggler,JIT-APFRL,3407,200,4.789720389220027
High-straggler,JIT-APFRL,3407,201,4.848241994654933
High-straggler,JIT-APFRL,3407,202,4.952097781794523
High-straggler,JIT-APFRL,3407,203,4.977563611737778
High-straggler,JIT-APFRL,3407,204,4.856855914027143
High-straggler,JIT-APFRL,3407,205,4.847825064760329
High-straggler,JIT-APFRL,3407,206,4.913562964992971
High-straggler,JIT-APFRL,3407,207,4.965510689218974
High-straggler,JIT-APFRL,3407,208,4.981233643494351
High-straggler,JIT-APFRL,3407,209,4.72907307729637
High-straggler,JIT-APFRL,3407,210,4.8870731259155855
High-straggler,JIT-APFRL,3407,211,5.0267107657879215
High-straggler,JIT-APFRL,3407,212,4.727688015229936
High-straggler,JIT-APFRL,3407,213,4.956040348229875
High-straggler,JIT-APFRL,3407,214,4.880168802371396
High-straggler,JIT-APFRL,3407,215,4.812970560100664
High-straggler,JIT-APFRL,3407,216,4.933301395047655
High-straggler,JIT-APFRL,3407,217,4.977524236348079
High-straggler,JIT-APFRL,3407,218,4.866122389715538
High-straggler,JIT-APFRL,3407,219,4.895929596295343
High-straggler,JIT-APFRL,3407,220,5.000062301810117
High-straggler,JIT-APFRL,3407,221,4.794153337707639
High-straggler,JIT-APFRL,3407,222,4.8895993143694865
High-straggler,JIT-APFRL,3407,223,4.87329305290588
High-straggler,JIT-APFRL,3407,224,5.079358623760128
High-straggler,JIT-APFRL,3407,225,4.956173096045641
High-straggler,JIT-APFRL,3407,226,4.915449436494925
High-straggler,JIT-APFRL,3407,227,5.0159184813340705
High-straggler,JIT-APFRL,3407,228,5.130428133089513
High-straggler,JIT-APFRL,3407,229,4.880678194952955
High-straggler,JIT-APFRL,3407,230,4.806468980380216
High-straggler,JIT-APFRL,3407,231,5.0347591951652735
High-straggler,JIT-APFRL,3407,232,5.011973035570358
High-straggler,JIT-APFRL,3407,233,4.790440454824228
High-straggler,JIT-APFRL,3407,234,5.003841952787787
High-straggler,JIT-APFRL,3407,235,5.083157293725914
High-straggler,JIT-APFRL,3407,236,4.774852422351815
High-straggler,JIT-APFRL,3407,237,4.864823903619101
High-straggler,JIT-APFRL,3407,238,4.895080687282619
High-straggler,JIT-APFRL,3407,239,4.970983638981784
High-straggler,JIT-APFRL,3407,240,4.925442604117466
High-straggler,JIT-APFRL,3407,241,4.931571064115515
High-straggler,JIT-APFRL,3407,242,5.0148638466723385
High-straggler,JIT-APFRL,3407,243,5.024183354016365
High-straggler,JIT-APFRL,3407,244,5.0644554776729755
High-straggler,JIT-APFRL,3407,245,5.053064830107792
High-straggler,JIT-APFRL,3407,246,4.814512080655301
High-straggler,JIT-APFRL,3407,247,4.813942875470169
High-straggler,JIT-APFRL,3407,248,5.121741905178032
High-straggler,JIT-APFRL,3407,249,4.890881678284242
High-straggler,JIT-APFRL,3407,250,5.086278726660937
High-straggler,JIT-APFRL,3407,251,5.023466846339938
High-straggler,JIT-APFRL,3407,252,5.028936261873766
High-straggler,JIT-APFRL,3407,253,5.071231912335889
High-straggler,JIT-APFRL,3407,254,4.915345802790145
High-straggler,JIT-APFRL,3407,255,4.857893944030843
High-straggler,JIT-APFRL,3407,256,5.002070045279538
High-straggler,JIT-APFRL,3407,257,4.848446257952221
High-straggler,JIT-APFRL,3407,258,5.106276259951893
High-straggler,JIT-APFRL,3407,259,5.001334682833826
High-straggler,JIT-APFRL,3407,260,4.996072968213592
High-straggler,JIT-APFRL,3407,261,5.025200813151021
High-straggler,JIT-APFRL,3407,262,4.994284820258137
High-straggler,JIT-APFRL,3407,263,4.933857913283288
High-straggler,JIT-APFRL,3407,264,5.092213130641916
High-straggler,JIT-APFRL,3407,265,5.106130920826651
High-straggler,JIT-APFRL,3407,266,5.113492528657245
High-straggler,JIT-APFRL,3407,267,5.037590194878123
High-straggler,JIT-APFRL,3407,268,4.8508084251924375
High-straggler,JIT-APFRL,3407,269,5.0889864114685235
High-straggler,JIT-APFRL,3407,270,5.03097701534712
High-straggler,JIT-APFRL,3407,271,5.0114174891199
High-straggler,JIT-APFRL,3407,272,4.923150417512037
High-straggler,JIT-APFRL,3407,273,5.074652921967567
High-straggler,JIT-APFRL,3407,274,4.930937513792127
High-straggler,JIT-APFRL,3407,275,5.197693867410996
High-straggler,JIT-APFRL,3407,276,5.011277065668424
High-straggler,JIT-APFRL,3407,277,5.077937138223988
High-straggler,JIT-APFRL,3407,278,5.216718820636991
High-straggler,JIT-APFRL,3407,279,5.002026653137154
High-straggler,JIT-APFRL,3407,280,4.762503117329574
High-straggler,JIT-APFRL,3407,281,4.946412583876432
High-straggler,JIT-APFRL,3407,282,4.959778564531444
High-straggler,JIT-APFRL,3407,283,5.094610435490924
High-straggler,JIT-APFRL,3407,284,5.011542266185895
High-straggler,JIT-APFRL,3407,285,5.038056063453156
High-straggler,JIT-APFRL,3407,286,5.17354539394636
High-straggler,JIT-APFRL,3407,287,5.051306020870635
High-straggler,JIT-APFRL,3407,288,5.180952094738037
High-straggler,JIT-APFRL,3407,289,4.975985920915413
High-straggler,JIT-APFRL,3407,290,5.011387472361123
High-straggler,JIT-APFRL,3407,291,5.040330543123024
High-straggler,JIT-APFRL,3407,292,5.012260732257604
High-straggler,JIT-APFRL,3407,293,4.972129166828274
High-straggler,JIT-APFRL,3407,294,5.1283246263221045
High-straggler,JIT-APFRL,3407,295,5.037520520510341
High-straggler,JIT-APFRL,3407,296,5.151712110240038
High-straggler,JIT-APFRL,3407,297,5.097997451826139
High-straggler,JIT-APFRL,3407,298,4.965534520979151
High-straggler,JIT-APFRL,3407,299,4.753380546710845
High-straggler,JIT-APFRL,3407,300,4.953208301993246
High-straggler,JIT-APFRL,3407,301,5.003249252075207
High-straggler,JIT-APFRL,3407,302,5.204275246127493
High-straggler,JIT-APFRL,3407,303,5.032217991950876
High-straggler,JIT-APFRL,3407,304,4.960304459344574
High-straggler,JIT-APFRL,3407,305,5.171518360385148
High-straggler,JIT-APFRL,3407,306,4.867671365241151
High-straggler,JIT-APFRL,3407,307,5.05000887081874
High-straggler,JIT-APFRL,3407,308,4.965588929241785
High-straggler,JIT-APFRL,3407,309,4.965812746533264
High-straggler,JIT-APFRL,3407,310,5.040858706637563
High-straggler,JIT-APFRL,3407,311,5.078922090747917
High-straggler,JIT-APFRL,3407,312,4.970890876238187
High-straggler,JIT-APFRL,3407,313,5.030549228837079
High-straggler,JIT-APFRL,3407,314,5.029877790513599
High-straggler,JIT-APFRL,3407,315,5.0491973888064186
High-straggler,JIT-APFRL,3407,316,4.994605257847374
High-straggler,JIT-APFRL,3407,317,4.862146241366004
High-straggler,JIT-APFRL,3407,318,5.02987131326479
High-straggler,JIT-APFRL,3407,319,5.1579670290219
High-straggler,JIT-APFRL,3407,320,5.023764924284463
High-straggler,JIT-APFRL,3407,321,5.090577342361414
High-straggler,JIT-APFRL,3407,322,5.118200291441027
High-straggler,JIT-APFRL,3407,323,4.986883921910232
High-straggler,JIT-APFRL,3407,324,5.0637763069854085
High-straggler,JIT-APFRL,3407,325,5.007138147452037
High-straggler,JIT-APFRL,3407,326,5.04118048072962
High-straggler,JIT-APFRL,3407,327,5.009508671946168
High-straggler,JIT-APFRL,3407,328,5.050769616268304
High-straggler,JIT-APFRL,3407,329,5.049546018147985
High-straggler,JIT-APFRL,3407,330,5.120728068067942
High-straggler,JIT-APFRL,3407,331,5.05582441043118
High-straggler,JIT-APFRL,3407,332,5.021003349789477
High-straggler,JIT-APFRL,3407,333,5.180347410490607
High-straggler,JIT-APFRL,3407,334,5.0843274064756265
High-straggler,JIT-APFRL,3407,335,5.210836087225718
High-straggler,JIT-APFRL,3407,336,5.0352731668545765
High-straggler,JIT-APFRL,3407,337,5.0396983125654105
High-straggler,JIT-APFRL,3407,338,5.108570867050761
High-straggler,JIT-APFRL,3407,339,5.166479215637985
High-straggler,JIT-APFRL,3407,340,4.9263751040150625
High-straggler,JIT-APFRL,3407,341,5.06140914165378
High-straggler,JIT-APFRL,3407,342,5.167485758282272
High-straggler,JIT-APFRL,3407,343,5.094497864664652
High-straggler,JIT-APFRL,3407,344,5.120046405988276
High-straggler,JIT-APFRL,3407,345,5.2219191565547955
High-straggler,JIT-APFRL,3407,346,5.020548271034009
High-straggler,JIT-APFRL,3407,347,5.052393866040306
High-straggler,JIT-APFRL,3407,348,5.2273462388558745
High-straggler,JIT-APFRL,3407,349,5.145993827492767
High-straggler,JIT-APFRL,3407,350,4.9490998346063755
High-straggler,JIT-APFRL,3407,351,5.126730978389126
High-straggler,JIT-APFRL,3407,352,5.122235742712985
High-straggler,JIT-APFRL,3407,353,5.173092207313793
High-straggler,JIT-APFRL,3407,354,4.8968485359117375
High-straggler,JIT-APFRL,3407,355,5.017732890481914
High-straggler,JIT-APFRL,3407,356,5.143214039075909
High-straggler,JIT-APFRL,3407,357,5.0290922352379335
High-straggler,JIT-APFRL,3407,358,5.138043274281043
High-straggler,JIT-APFRL,3407,359,5.049236121896722
High-straggler,JIT-APFRL,3407,360,5.210608479452741
High-straggler,JIT-APFRL,3407,361,4.994567475017275
High-straggler,JIT-APFRL,3407,362,5.083858678143113
High-straggler,JIT-APFRL,3407,363,5.120271208932418
High-straggler,JIT-APFRL,3407,364,5.265681393688202
High-straggler,JIT-APFRL,3407,365,5.240798619091761
High-straggler,JIT-APFRL,3407,366,5.0482985760174275
High-straggler,JIT-APFRL,3407,367,5.29293581926709
High-straggler,JIT-APFRL,3407,368,5.1048024671793515
High-straggler,JIT-APFRL,3407,369,4.927374816518034
High-straggler,JIT-APFRL,3407,370,5.308970918536933
High-straggler,JIT-APFRL,3407,371,5.290480764307822
High-straggler,JIT-APFRL,3407,372,5.106994238367742
High-straggler,JIT-APFRL,3407,373,5.188194307828871
High-straggler,JIT-APFRL,3407,374,5.009785603696548
High-straggler,JIT-APFRL,3407,375,5.288306271039624
High-straggler,JIT-APFRL,3407,376,5.036778632850228
High-straggler,JIT-APFRL,3407,377,5.126142206396668
High-straggler,JIT-APFRL,3407,378,5.069688392908264
High-straggler,JIT-APFRL,3407,379,4.966529828260009
High-straggler,JIT-APFRL,3407,380,5.073403920636094
High-straggler,JIT-APFRL,3407,381,4.949903082561652
High-straggler,JIT-APFRL,3407,382,5.125443354035964
High-straggler,JIT-APFRL,3407,383,5.08661847163659
High-straggler,JIT-APFRL,3407,384,4.999898553166354
High-straggler,JIT-APFRL,3407,385,5.173684317664678
High-straggler,JIT-APFRL,3407,386,5.251811624052736
High-straggler,JIT-APFRL,3407,387,5.039375579393703
High-straggler,JIT-APFRL,3407,388,4.985030500506978
High-straggler,JIT-APFRL,3407,389,5.068175791357729
High-straggler,JIT-APFRL,3407,390,5.1478023236415025
High-straggler,JIT-APFRL,3407,391,5.102575255157484
High-straggler,JIT-APFRL,3407,392,4.99365008511331
High-straggler,JIT-APFRL,3407,393,4.98914690502197
High-straggler,JIT-APFRL,3407,394,5.069804931375271
High-straggler,JIT-APFRL,3407,395,5.125823462939365
High-straggler,JIT-APFRL,3407,396,5.1663178367634375
High-straggler,JIT-APFRL,3407,397,5.121941126764492
High-straggler,JIT-APFRL,3407,398,5.177598708937933
High-straggler,JIT-APFRL,3407,399,5.178679627148228
High-straggler,JIT-APFRL,3407,400,5.065500067903736
High-straggler,JIT-APFRL,4518,1,3.8656745700493422
High-straggler,JIT-APFRL,4518,2,4.115601592924012
High-straggler,JIT-APFRL,4518,3,3.9525322562982628
High-straggler,JIT-APFRL,4518,4,4.219528605732324
High-straggler,JIT-APFRL,4518,5,4.063229592621859
High-straggler,JIT-APFRL,4518,6,3.8242211098988492
High-straggler,JIT-APFRL,4518,7,4.383522034566118
High-straggler,JIT-APFRL,4518,8,4.1835415504991325
High-straggler,JIT-APFRL,4518,9,3.979599482890006
High-straggler,JIT-APFRL,4518,10,4.139951834782678
High-straggler,JIT-APFRL,4518,11,4.03046376179517
High-straggler,JIT-APFRL,4518,12,3.8197020152481573
High-straggler,JIT-APFRL,4518,13,3.9419800625025436
High-straggler,JIT-APFRL,4518,14,4.047324651845981
High-straggler,JIT-APFRL,4518,15,4.202196371462674
High-straggler,JIT-APFRL,4518,16,3.8460673063914714
High-straggler,JIT-APFRL,4518,17,3.925013982213295
High-straggler,JIT-APFRL,4518,18,4.081336869083142
High-straggler,JIT-APFRL,4518,19,3.870328652081287
High-straggler,JIT-APFRL,4518,20,3.7296180645674295
High-straggler,JIT-APFRL,4518,21,4.179152638901494
High-straggler,JIT-APFRL,4518,22,3.975940245313661
High-straggler,JIT-APFRL,4518,23,4.113608975091598
High-straggler,JIT-APFRL,4518,24,3.9867984238722824
High-straggler,JIT-APFRL,4518,25,3.988480458128002
High-straggler,JIT-APFRL,4518,26,4.255311763135722
High-straggler,JIT-APFRL,4518,27,3.9310081328727913
High-straggler,JIT-APFRL,4518,28,4.112154614555081
High-straggler,JIT-APFRL,4518,29,4.019705209563971
High-straggler,JIT-APFRL,4518,30,3.920797246914728
High-straggler,JIT-APFRL,4518,31,3.7177039988024427
High-straggler,JIT-APFRL,4518,32,4.199087856541139
High-straggler,JIT-APFRL,4518,33,4.254467137455735
High-straggler,JIT-APFRL,4518,34,4.010887035606179
High-straggler,JIT-APFRL,4518,35,3.7809335304017715
High-straggler,JIT-APFRL,4518,36,3.939240800054524
High-straggler,JIT-APFRL,4518,37,3.93832852437251
High-straggler,JIT-APFRL,4518,38,4.0263184680904205
High-straggler,JIT-APFRL,4518,39,4.13488400720007
High-straggler,JIT-APFRL,4518,40,3.985722063649097
High-straggler,JIT-APFRL,4518,41,3.8885903028097104
High-straggler,JIT-APFRL,4518,42,3.964689596022795
High-straggler,JIT-APFRL,4518,43,4.329131641027994
High-straggler,JIT-APFRL,4518,44,4.163401305469719
High-straggler,JIT-APFRL,4518,45,4.032344282586765
High-straggler,JIT-APFRL,4518,46,4.326879311235
High-straggler,JIT-APFRL,4518,47,4.15895006059638
High-straggler,JIT-APFRL,4518,48,3.9151372488145553
High-straggler,JIT-APFRL,4518,49,4.189120340904354
High-straggler,JIT-APFRL,4518,50,4.274679975810608
High-straggler,JIT-APFRL,4518,51,4.315208337926296
High-straggler,JIT-APFRL,4518,52,3.78124481598973
High-straggler,JIT-APFRL,4518,53,4.040173631666218
High-straggler,JIT-APFRL,4518,54,4.299642721658971
High-straggler,JIT-APFRL,4518,55,3.941766238740126
High-straggler,JIT-APFRL,4518,56,3.883141375744749
High-straggler,JIT-APFRL,4518,57,4.157283002390519
High-straggler,JIT-APFRL,4518,58,3.8264433838950676
High-straggler,JIT-APFRL,4518,59,4.0844481652677675
High-straggler,JIT-APFRL,4518,60,4.105045749080855
High-straggler,JIT-APFRL,4518,61,4.02530409129828
High-straggler,JIT-APFRL,4518,62,4.3854657359916125
High-straggler,JIT-APFRL,4518,63,4.155496718235966
High-straggler,JIT-APFRL,4518,64,3.913664057549734
High-straggler,JIT-APFRL,4518,65,4.240713229267611
High-straggler,JIT-APFRL,4518,66,4.342217895250994
High-straggler,JIT-APFRL,4518,67,4.242094971540719
High-straggler,JIT-APFRL,4518,68,3.9934617307187237
High-straggler,JIT-APFRL,4518,69,4.197190065522823
High-straggler,JIT-APFRL,4518,70,4.020213363175822
High-straggler,JIT-APFRL,4518,71,3.933406207217061
High-straggler,JIT-APFRL,4518,72,4.244794762427963
High-straggler,JIT-APFRL,4518,73,3.9487572685212773
High-straggler,JIT-APFRL,4518,74,4.2106693146230825
High-straggler,JIT-APFRL,4518,75,4.281438223568213
High-straggler,JIT-APFRL,4518,76,3.954546752317584
High-straggler,JIT-APFRL,4518,77,3.9905311137240274
High-straggler,JIT-APFRL,4518,78,4.021132586911
High-straggler,JIT-APFRL,4518,79,4.298776062719741
High-straggler,JIT-APFRL,4518,80,4.246077577219695
High-straggler,JIT-APFRL,4518,81,4.3032688867468165
High-straggler,JIT-APFRL,4518,82,4.440059547252391
High-straggler,JIT-APFRL,4518,83,4.252266515206962
High-straggler,JIT-APFRL,4518,84,4.352204978453517
High-straggler,JIT-APFRL,4518,85,4.348421860339203
High-straggler,JIT-APFRL,4518,86,3.897889134351345
High-straggler,JIT-APFRL,4518,87,4.440080904707931
High-straggler,JIT-APFRL,4518,88,4.495884746011219
High-straggler,JIT-APFRL,4518,89,4.0953187373478555
High-straggler,JIT-APFRL,4518,90,4.546289648376952
High-straggler,JIT-APFRL,4518,91,4.41328198105594
High-straggler,JIT-APFRL,4518,92,4.266773695699281
High-straggler,JIT-APFRL,4518,93,4.405145511283622
High-straggler,JIT-APFRL,4518,94,4.2816019551758675
High-straggler,JIT-APFRL,4518,95,4.3490755746283245
High-straggler,JIT-APFRL,4518,96,4.453973818304392
High-straggler,JIT-APFRL,4518,97,4.528745064116211
High-straggler,JIT-APFRL,4518,98,4.3631049544067935
High-straggler,JIT-APFRL,4518,99,4.3866910862314885
High-straggler,JIT-APFRL,4518,100,4.2598139306819265
High-straggler,JIT-APFRL,4518,101,4.349013338131487
High-straggler,JIT-APFRL,4518,102,4.267579611867808
High-straggler,JIT-APFRL,4518,103,4.330112553972822
High-straggler,JIT-APFRL,4518,104,4.340232158547109
High-straggler,JIT-APFRL,4518,105,4.577610899583065
High-straggler,JIT-APFRL,4518,106,4.398656699918916
High-straggler,JIT-APFRL,4518,107,4.184895382135642
High-straggler,JIT-APFRL,4518,108,4.550397145669258
High-straggler,JIT-APFRL,4518,109,4.452862427531407
High-straggler,JIT-APFRL,4518,110,4.491733846649266
High-straggler,JIT-APFRL,4518,111,4.42742337433787
High-straggler,JIT-APFRL,4518,112,4.464864412678758
High-straggler,JIT-APFRL,4518,113,4.362173181138604
High-straggler,JIT-APFRL,4518,114,4.396056938363956
High-straggler,JIT-APFRL,4518,115,4.3413289868161336
High-straggler,JIT-APFRL,4518,116,4.607824879243149
High-straggler,JIT-APFRL,4518,117,4.446415513464702
High-straggler,JIT-APFRL,4518,118,4.316713597544274
High-straggler,JIT-APFRL,4518,119,4.336160292550298
High-straggler,JIT-APFRL,4518,120,4.7185677910500985
High-straggler,JIT-APFRL,4518,121,4.544552192630698
High-straggler,JIT-APFRL,4518,122,4.658859901271235
High-straggler,JIT-APFRL,4518,123,4.665614353861191
High-straggler,JIT-APFRL,4518,124,4.511853567686397
High-straggler,JIT-APFRL,4518,125,4.319217526536588
High-straggler,JIT-APFRL,4518,126,4.499715423010299
High-straggler,JIT-APFRL,4518,127,4.549070803712928
High-straggler,JIT-APFRL,4518,128,4.352680281226238
High-straggler,JIT-APFRL,4518,129,4.615766261796216
High-straggler,JIT-APFRL,4518,130,4.764763607579107
High-straggler,JIT-APFRL,4518,131,4.660635176835182
High-straggler,JIT-APFRL,4518,132,4.793947018135939
High-straggler,JIT-APFRL,4518,133,4.7633810453271765
High-straggler,JIT-APFRL,4518,134,4.758168955143552
High-straggler,JIT-APFRL,4518,135,4.803075949320451
High-straggler,JIT-APFRL,4518,136,4.807449781126902
High-straggler,JIT-APFRL,4518,137,4.633146004375539
High-straggler,JIT-APFRL,4518,138,4.893080130869488
High-straggler,JIT-APFRL,4518,139,4.589477959167305
High-straggler,JIT-APFRL,4518,140,4.583685365699007
High-straggler,JIT-APFRL,4518,141,4.824569053449388
High-straggler,JIT-APFRL,4518,142,4.703221705183683
High-straggler,JIT-APFRL,4518,143,4.534797163729417
High-straggler,JIT-APFRL,4518,144,4.743419754888433
High-straggler,JIT-APFRL,4518,145,4.702491656734439
High-straggler,JIT-APFRL,4518,146,4.906506933476828
High-straggler,JIT-APFRL,4518,147,4.706773005801828
High-straggler,JIT-APFRL,4518,148,4.8450382210501335
High-straggler,JIT-APFRL,4518,149,4.778701460984023
High-straggler,JIT-APFRL,4518,150,4.918341246998032
High-straggler,JIT-APFRL,4518,151,4.626775656847308
High-straggler,JIT-APFRL,4518,152,4.788440405747577
High-straggler,JIT-APFRL,4518,153,4.681891624170088
High-straggler,JIT-APFRL,4518,154,4.837524421499613
High-straggler,JIT-APFRL,4518,155,4.78970452598946
High-straggler,JIT-APFRL,4518,156,4.920959292190879
High-straggler,JIT-APFRL,4518,157,4.6616955922147385
High-straggler,JIT-APFRL,4518,158,4.8614114825177115
High-straggler,JIT-APFRL,4518,159,5.153803298919581
High-straggler,JIT-APFRL,4518,160,4.830347532915448
High-straggler,JIT-APFRL,4518,161,4.9047423460169846
High-straggler,JIT-APFRL,4518,162,4.904471781573935
High-straggler,JIT-APFRL,4518,163,4.663924095232864
High-straggler,JIT-APFRL,4518,164,4.9079526382826195
High-straggler,JIT-APFRL,4518,165,4.666091504633223
High-straggler,JIT-APFRL,4518,166,4.835252425139096
High-straggler,JIT-APFRL,4518,167,4.72977782022741
High-straggler,JIT-APFRL,4518,168,4.718582005169041
High-straggler,JIT-APFRL,4518,169,5.122882068409201
High-straggler,JIT-APFRL,4518,170,5.0594490708984186
High-straggler,JIT-APFRL,4518,171,4.8374676644179
High-straggler,JIT-APFRL,4518,172,5.062965802694057
High-straggler,JIT-APFRL,4518,173,4.824097566342103
High-straggler,JIT-APFRL,4518,174,4.863351139353742
High-straggler,JIT-APFRL,4518,175,4.971645941596699
High-straggler,JIT-APFRL,4518,176,4.800084779467437
High-straggler,JIT-APFRL,4518,177,5.091019471679489
High-straggler,JIT-APFRL,4518,178,5.0784407442205195
High-straggler,JIT-APFRL,4518,179,4.925938365114541
High-straggler,JIT-APFRL,4518,180,4.699671405291714
High-straggler,JIT-APFRL,4518,181,4.9260670226618455
High-straggler,JIT-APFRL,4518,182,4.721971976164031
High-straggler,JIT-APFRL,4518,183,4.889903701483294
High-straggler,JIT-APFRL,4518,184,4.975275506806897
High-straggler,JIT-APFRL,4518,185,5.040315521920949
High-straggler,JIT-APFRL,4518,186,4.990892829650375
High-straggler,JIT-APFRL,4518,187,5.0290563974354425
High-straggler,JIT-APFRL,4518,188,4.95156077152649
High-straggler,JIT-APFRL,4518,189,5.01080109773231
High-straggler,JIT-APFRL,4518,190,5.05106428198681
High-straggler,JIT-APFRL,4518,191,5.168933072937773
High-straggler,JIT-APFRL,4518,192,4.960135867808091
High-straggler,JIT-APFRL,4518,193,4.799291930249219
High-straggler,JIT-APFRL,4518,194,5.158348278878996
High-straggler,JIT-APFRL,4518,195,4.985040106756786
High-straggler,JIT-APFRL,4518,196,5.061368053308559
High-straggler,JIT-APFRL,4518,197,4.9662378113283046
High-straggler,JIT-APFRL,4518,198,5.1005243155317475
High-straggler,JIT-APFRL,4518,199,5.141733324475997
High-straggler,JIT-APFRL,4518,200,5.123790396106024
High-straggler,JIT-APFRL,4518,201,5.131794133276425
High-straggler,JIT-APFRL,4518,202,5.090219523321608
High-straggler,JIT-APFRL,4518,203,5.081111047155884
High-straggler,JIT-APFRL,4518,204,5.032183874231871
High-straggler,JIT-APFRL,4518,205,4.896450047113964
High-straggler,JIT-APFRL,4518,206,4.968349210599055
High-straggler,JIT-APFRL,4518,207,4.919957487502975
High-straggler,JIT-APFRL,4518,208,5.101024475356346
High-straggler,JIT-APFRL,4518,209,5.03342683493867
High-straggler,JIT-APFRL,4518,210,5.041015784151104
High-straggler,JIT-APFRL,4518,211,5.164400003585859
High-straggler,JIT-APFRL,4518,212,4.888108707779655
High-straggler,JIT-APFRL,4518,213,4.867575237668158
High-straggler,JIT-APFRL,4518,214,4.945731735144375
High-straggler,JIT-APFRL,4518,215,5.033503520010176
High-straggler,JIT-APFRL,4518,216,4.966989182198895
High-straggler,JIT-APFRL,4518,217,5.131828209897861
High-straggler,JIT-APFRL,4518,218,5.156874533499741
High-straggler,JIT-APFRL,4518,219,5.067006819069959
High-straggler,JIT-APFRL,4518,220,5.162315320313334
High-straggler,JIT-APFRL,4518,221,5.065748888148319
High-straggler,JIT-APFRL,4518,222,5.1515675324165455
High-straggler,JIT-APFRL,4518,223,5.0452892455712925
High-straggler,JIT-APFRL,4518,224,5.094207651803621
High-straggler,JIT-APFRL,4518,225,4.947310756545392
High-straggler,JIT-APFRL,4518,226,5.0535129849873535
High-straggler,JIT-APFRL,4518,227,4.977296055354313
High-straggler,JIT-APFRL,4518,228,4.871889924568084
High-straggler,JIT-APFRL,4518,229,5.082913514479872
High-straggler,JIT-APFRL,4518,230,5.113502607587953
High-straggler,JIT-APFRL,4518,231,5.006184723755643
High-straggler,JIT-APFRL,4518,232,5.075063000552264
High-straggler,JIT-APFRL,4518,233,5.078011864742841
High-straggler,JIT-APFRL,4518,234,5.00619668896369
High-straggler,JIT-APFRL,4518,235,5.113446041074228
High-straggler,JIT-APFRL,4518,236,5.004845030965933
High-straggler,JIT-APFRL,4518,237,5.111290586152172
High-straggler,JIT-APFRL,4518,238,5.092483602653265
High-straggler,JIT-APFRL,4518,239,4.918389469869791
High-straggler,JIT-APFRL,4518,240,5.075779069202092
High-straggler,JIT-APFRL,4518,241,5.086740728448255
High-straggler,JIT-APFRL,4518,242,5.133827606855709
High-straggler,JIT-APFRL,4518,243,5.0942120972158245
High-straggler,JIT-APFRL,4518,244,5.002807339477392
High-straggler,JIT-APFRL,4518,245,5.030381984715748
High-straggler,JIT-APFRL,4518,246,5.159040999624931
High-straggler,JIT-APFRL,4518,247,5.1397928048741015
High-straggler,JIT-APFRL,4518,248,5.0047553485346405
High-straggler,JIT-APFRL,4518,249,5.136569352348625
High-straggler,JIT-APFRL,4518,250,5.058796696688838
High-straggler,JIT-APFRL,4518,251,5.142237229965822
High-straggler,JIT-APFRL,4518,252,5.07802578684011
High-straggler,JIT-APFRL,4518,253,5.114256775777041
High-straggler,JIT-APFRL,4518,254,5.051266403111584
High-straggler,JIT-APFRL,4518,255,5.17749072093646
High-straggler,JIT-APFRL,4518,256,5.145965591205392
High-straggler,JIT-APFRL,4518,257,5.192952151658032
High-straggler,JIT-APFRL,4518,258,5.085848392821466
High-straggler,JIT-APFRL,4518,259,5.185100784148068
High-straggler,JIT-APFRL,4518,260,5.134278603359335
High-straggler,JIT-APFRL,4518,261,4.972341362449924
High-straggler,JIT-APFRL,4518,262,5.21569475813391
High-straggler,JIT-APFRL,4518,263,5.068719583449668
High-straggler,JIT-APFRL,4518,264,5.104388451844601
High-straggler,JIT-APFRL,4518,265,5.0842735601541955
High-straggler,JIT-APFRL,4518,266,5.231403924188665
High-straggler,JIT-APFRL,4518,267,5.07302462047807
High-straggler,JIT-APFRL,4518,268,5.076855497780987
High-straggler,JIT-APFRL,4518,269,5.1931680080385485
High-straggler,JIT-APFRL,4518,270,5.240588441757768
High-straggler,JIT-APFRL,4518,271,5.121093848928672
High-straggler,JIT-APFRL,4518,272,5.095545070542295
High-straggler,JIT-APFRL,4518,273,5.163225118316328
High-straggler,JIT-APFRL,4518,274,5.171593278076436
High-straggler,JIT-APFRL,4518,275,5.070863814630022
High-straggler,JIT-APFRL,4518,276,5.177753901509135
High-straggler,JIT-APFRL,4518,277,5.248086836626072
High-straggler,JIT-APFRL,4518,278,5.223438180291677
High-straggler,JIT-APFRL,4518,279,5.1864065014103575
High-straggler,JIT-APFRL,4518,280,5.11332034313284
High-straggler,JIT-APFRL,4518,281,5.064327318696657
High-straggler,JIT-APFRL,4518,282,5.142217015174934
High-straggler,JIT-APFRL,4518,283,5.104714068635418
High-straggler,JIT-APFRL,4518,284,5.112733997947343
High-straggler,JIT-APFRL,4518,285,5.1189929421530795
High-straggler,JIT-APFRL,4518,286,4.913669193227331
High-straggler,JIT-APFRL,4518,287,4.966486457892426
High-straggler,JIT-APFRL,4518,288,5.026649146997438
High-straggler,JIT-APFRL,4518,289,5.092100073691644
High-straggler,JIT-APFRL,4518,290,5.134164706993249
High-straggler,JIT-APFRL,4518,291,5.056672220790805
High-straggler,JIT-APFRL,4518,292,4.975050279832257
High-straggler,JIT-APFRL,4518,293,5.059295696357912
High-straggler,JIT-APFRL,4518,294,5.157222302044601
High-straggler,JIT-APFRL,4518,295,5.172802751721245
High-straggler,JIT-APFRL,4518,296,5.045658232570916
High-straggler,JIT-APFRL,4518,297,5.157206403015559
High-straggler,JIT-APFRL,4518,298,5.058202438647836
High-straggler,JIT-APFRL,4518,299,5.0176085531342265
High-straggler,JIT-APFRL,4518,300,5.218528525777053
High-straggler,JIT-APFRL,4518,301,5.0598479229960756
High-straggler,JIT-APFRL,4518,302,5.180233460582646
High-straggler,JIT-APFRL,4518,303,5.1647477534449315
High-straggler,JIT-APFRL,4518,304,5.233094664046725
High-straggler,JIT-APFRL,4518,305,4.907029364631903
High-straggler,JIT-APFRL,4518,306,5.040992297212247
High-straggler,JIT-APFRL,4518,307,5.142506834493547
High-straggler,JIT-APFRL,4518,308,5.079294501316264
High-straggler,JIT-APFRL,4518,309,5.2397754907614305
High-straggler,JIT-APFRL,4518,310,5.169744939634075
High-straggler,JIT-APFRL,4518,311,5.131327670422134
High-straggler,JIT-APFRL,4518,312,5.098892133402796
High-straggler,JIT-APFRL,4518,313,5.275993152712548
High-straggler,JIT-APFRL,4518,314,4.965222858154693
High-straggler,JIT-APFRL,4518,315,5.094322024683291
High-straggler,JIT-APFRL,4518,316,5.165806393320545
High-straggler,JIT-APFRL,4518,317,5.134598288524483
High-straggler,JIT-APFRL,4518,318,5.2256610158725705
High-straggler,JIT-APFRL,4518,319,5.172054575447513
High-straggler,JIT-APFRL,4518,320,5.196515970200938
High-straggler,JIT-APFRL,4518,321,5.119359251684234
High-straggler,JIT-APFRL,4518,322,5.065662688932649
High-straggler,JIT-APFRL,4518,323,5.001220919404177
High-straggler,JIT-APFRL,4518,324,5.132046681293107
High-straggler,JIT-APFRL,4518,325,5.197067352513002
High-straggler,JIT-APFRL,4518,326,5.134938962265853
High-straggler,JIT-APFRL,4518,327,4.966537048023849
High-straggler,JIT-APFRL,4518,328,5.055638111619019
High-straggler,JIT-APFRL,4518,329,5.208994958423981
High-straggler,JIT-APFRL,4518,330,5.187879294063256
High-straggler,JIT-APFRL,4518,331,5.074741041908144
High-straggler,JIT-APFRL,4518,332,5.255014275586621
High-straggler,JIT-APFRL,4518,333,5.19379075465822
High-straggler,JIT-APFRL,4518,334,5.17869054728717
High-straggler,JIT-APFRL,4518,335,5.125664080234032
High-straggler,JIT-APFRL,4518,336,5.082702242792854
High-straggler,JIT-APFRL,4518,337,5.109671485432208
High-straggler,JIT-APFRL,4518,338,5.187340830192099
High-straggler,JIT-APFRL,4518,339,5.206087955589992
High-straggler,JIT-APFRL,4518,340,5.216577677757185
High-straggler,JIT-APFRL,4518,341,5.292191326555646
High-straggler,JIT-APFRL,4518,342,5.037452048064835
High-straggler,JIT-APFRL,4518,343,5.210873868260786
High-straggler,JIT-APFRL,4518,344,5.093340014634281
High-straggler,JIT-APFRL,4518,345,5.013263748711218
High-straggler,JIT-APFRL,4518,346,5.051457633077183
High-straggler,JIT-APFRL,4518,347,5.089017270525534
High-straggler,JIT-APFRL,4518,348,5.152584100763935
High-straggler,JIT-APFRL,4518,349,5.156597260236506
High-straggler,JIT-APFRL,4518,350,5.181396271944772
High-straggler,JIT-APFRL,4518,351,4.99349749596881
High-straggler,JIT-APFRL,4518,352,5.108737578763126
High-straggler,JIT-APFRL,4518,353,5.059809667525951
High-straggler,JIT-APFRL,4518,354,5.171971686179555
High-straggler,JIT-APFRL,4518,355,5.053149268879099
High-straggler,JIT-APFRL,4518,356,5.243115832789704
High-straggler,JIT-APFRL,4518,357,5.136991198321966
High-straggler,JIT-APFRL,4518,358,5.14823423447484
High-straggler,JIT-APFRL,4518,359,5.033971938145583
High-straggler,JIT-APFRL,4518,360,5.22187521983167
High-straggler,JIT-APFRL,4518,361,5.048111285244317
High-straggler,JIT-APFRL,4518,362,5.256806678270911
High-straggler,JIT-APFRL,4518,363,5.181156094030762
High-straggler,JIT-APFRL,4518,364,5.09773741946852
High-straggler,JIT-APFRL,4518,365,5.083367047293315
High-straggler,JIT-APFRL,4518,366,5.385821992241403
High-straggler,JIT-APFRL,4518,367,5.112648180419962
High-straggler,JIT-APFRL,4518,368,5.198939508117136
High-straggler,JIT-APFRL,4518,369,5.257779653269254
High-straggler,JIT-APFRL,4518,370,5.1933898000345655
High-straggler,JIT-APFRL,4518,371,5.048028767344491
High-straggler,JIT-APFRL,4518,372,5.293141116458747
High-straggler,JIT-APFRL,4518,373,5.207196271087443
High-straggler,JIT-APFRL,4518,374,5.164030100583921
High-straggler,JIT-APFRL,4518,375,5.154715881070344
High-straggler,JIT-APFRL,4518,376,5.249220009655884
High-straggler,JIT-APFRL,4518,377,5.1302569234235165
High-straggler,JIT-APFRL,4518,378,5.20922357422618
High-straggler,JIT-APFRL,4518,379,5.053475067768628
High-straggler,JIT-APFRL,4518,380,5.194843106941223
High-straggler,JIT-APFRL,4518,381,5.152184566172944
High-straggler,JIT-APFRL,4518,382,5.125196083384565
High-straggler,JIT-APFRL,4518,383,5.1179180778499305
High-straggler,JIT-APFRL,4518,384,5.241986501905182
High-straggler,JIT-APFRL,4518,385,5.204231712924902
High-straggler,JIT-APFRL,4518,386,5.196079070134331
High-straggler,JIT-APFRL,4518,387,5.123634345280283
High-straggler,JIT-APFRL,4518,388,5.1015000171236515
High-straggler,JIT-APFRL,4518,389,5.056706149878117
High-straggler,JIT-APFRL,4518,390,5.14168033017932
High-straggler,JIT-APFRL,4518,391,5.252151508055551
High-straggler,JIT-APFRL,4518,392,5.107551720266658
High-straggler,JIT-APFRL,4518,393,5.133000041834491
High-straggler,JIT-APFRL,4518,394,5.095311131027701
High-straggler,JIT-APFRL,4518,395,5.146250764187851
High-straggler,JIT-APFRL,4518,396,5.048441004563394
High-straggler,JIT-APFRL,4518,397,5.240658609319087
High-straggler,JIT-APFRL,4518,398,5.055080159290065
High-straggler,JIT-APFRL,4518,399,5.196196652208443
High-straggler,JIT-APFRL,4518,400,5.065849216359085
High-straggler,JIT-APFRL,5629,1,4.1588618426419455
High-straggler,JIT-APFRL,5629,2,4.101509405769487
High-straggler,JIT-APFRL,5629,3,3.869003761887567
High-straggler,JIT-APFRL,5629,4,4.033066015286376
High-straggler,JIT-APFRL,5629,5,4.033898083024319
High-straggler,JIT-APFRL,5629,6,4.135343134139252
High-straggler,JIT-APFRL,5629,7,4.293350551223348
High-straggler,JIT-APFRL,5629,8,4.1546445871850874
High-straggler,JIT-APFRL,5629,9,4.287336425870264
High-straggler,JIT-APFRL,5629,10,4.259962946046917
High-straggler,JIT-APFRL,5629,11,4.273254146839502
High-straggler,JIT-APFRL,5629,12,4.061599144580002
High-straggler,JIT-APFRL,5629,13,4.237480931262864
High-straggler,JIT-APFRL,5629,14,4.260165987910834
High-straggler,JIT-APFRL,5629,15,4.174391556400021
High-straggler,JIT-APFRL,5629,16,4.302444052555364
High-straggler,JIT-APFRL,5629,17,4.208381189373924
High-straggler,JIT-APFRL,5629,18,4.256189676130108
High-straggler,JIT-APFRL,5629,19,3.8098276529100157
High-straggler,JIT-APFRL,5629,20,4.249091250028897
High-straggler,JIT-APFRL,5629,21,4.248121049084946
High-straggler,JIT-APFRL,5629,22,3.8570449820569728
High-straggler,JIT-APFRL,5629,23,4.40618278353298
High-straggler,JIT-APFRL,5629,24,4.109360823880776
High-straggler,JIT-APFRL,5629,25,4.115788168152192
High-straggler,JIT-APFRL,5629,26,4.01427316297029
High-straggler,JIT-APFRL,5629,27,4.395172344660754
High-straggler,JIT-APFRL,5629,28,4.212342361111923
High-straggler,JIT-APFRL,5629,29,4.025349527294212
High-straggler,JIT-APFRL,5629,30,4.310480154389048
High-straggler,JIT-APFRL,5629,31,4.200290235106865
High-straggler,JIT-APFRL,5629,32,4.016325436390577
High-straggler,JIT-APFRL,5629,33,4.167357991677734
High-straggler,JIT-APFRL,5629,34,4.325289467925178
High-straggler,JIT-APFRL,5629,35,4.037229286714669
High-straggler,JIT-APFRL,5629,36,4.394323752853916
High-straggler,JIT-APFRL,5629,37,4.144151175012828
High-straggler,JIT-APFRL,5629,38,4.239245687871438
High-straggler,JIT-APFRL,5629,39,4.4196005162816885
High-straggler,JIT-APFRL,5629,40,4.149103469706497
High-straggler,JIT-APFRL,5629,41,4.260440948629274
High-straggler,JIT-APFRL,5629,42,4.270609948699743
High-straggler,JIT-APFRL,5629,43,4.471742912961785
High-straggler,JIT-APFRL,5629,44,4.5001078328691175
High-straggler,JIT-APFRL,5629,45,4.367925195925341
High-straggler,JIT-APFRL,5629,46,4.286786178452865
High-straggler,JIT-APFRL,5629,47,4.4507528203329185
High-straggler,JIT-APFRL,5629,48,4.124557451400197
High-straggler,JIT-APFRL,5629,49,4.117145838341034
High-straggler,JIT-APFRL,5629,50,4.39108223889402
High-straggler,JIT-APFRL,5629,51,4.219297889942942
High-straggler,JIT-APFRL,5629,52,4.31438726611789
High-straggler,JIT-APFRL,5629,53,4.2954707588226295
High-straggler,JIT-APFRL,5629,54,4.408390800863237
High-straggler,JIT-APFRL,5629,55,4.478826942717131
High-straggler,JIT-APFRL,5629,56,4.249381416460338
High-straggler,JIT-APFRL,5629,57,4.468558360202713
High-straggler,JIT-APFRL,5629,58,4.604162378225344
High-straggler,JIT-APFRL,5629,59,4.321840824322045
High-straggler,JIT-APFRL,5629,60,4.327657677272256
High-straggler,JIT-APFRL,5629,61,4.512206838694812
High-straggler,JIT-APFRL,5629,62,4.361638063833295
High-straggler,JIT-APFRL,5629,63,4.231982380671145
High-straggler,JIT-APFRL,5629,64,4.397973753491702
High-straggler,JIT-APFRL,5629,65,4.47452827522953
High-straggler,JIT-APFRL,5629,66,4.38542072723943
High-straggler,JIT-APFRL,5629,67,4.574774201481833
High-straggler,JIT-APFRL,5629,68,4.244723799871074
High-straggler,JIT-APFRL,5629,69,4.375795710560797
High-straggler,JIT-APFRL,5629,70,4.511631703894455
High-straggler,JIT-APFRL,5629,71,4.526049501363131
High-straggler,JIT-APFRL,5629,72,4.106659448519884
High-straggler,JIT-APFRL,5629,73,4.3508470817602305
High-straggler,JIT-APFRL,5629,74,4.209585329236197
High-straggler,JIT-APFRL,5629,75,4.538734174590876
High-straggler,JIT-APFRL,5629,76,4.249067547280192
High-straggler,JIT-APFRL,5629,77,4.601502987988555
High-straggler,JIT-APFRL,5629,78,4.634035130509201
High-straggler,JIT-APFRL,5629,79,4.478000666894704
High-straggler,JIT-APFRL,5629,80,4.475933332911101
High-straggler,JIT-APFRL,5629,81,4.50312245683901
High-straggler,JIT-APFRL,5629,82,4.369795856308527
High-straggler,JIT-APFRL,5629,83,4.4789653521439705
High-straggler,JIT-APFRL,5629,84,4.518052433298269
High-straggler,JIT-APFRL,5629,85,4.472123222891935
High-straggler,JIT-APFRL,5629,86,4.313727599573978
High-straggler,JIT-APFRL,5629,87,4.524819183410981
High-straggler,JIT-APFRL,5629,88,4.634087562254219
High-straggler,JIT-APFRL,5629,89,4.441760733870659
High-straggler,JIT-APFRL,5629,90,4.7166591620327925
High-straggler,JIT-APFRL,5629,91,4.4637292432103965
High-straggler,JIT-APFRL,5629,92,4.542084242241542
High-straggler,JIT-APFRL,5629,93,4.6773867670546485
High-straggler,JIT-APFRL,5629,94,4.613401583224118
High-straggler,JIT-APFRL,5629,95,4.6360186169118025
High-straggler,JIT-APFRL,5629,96,4.711461906835981
High-straggler,JIT-APFRL,5629,97,4.587031277115261
High-straggler,JIT-APFRL,5629,98,4.3987379891399065
High-straggler,JIT-APFRL,5629,99,4.4776712015798
High-straggler,JIT-APFRL,5629,100,4.667333033047446
High-straggler,JIT-APFRL,5629,101,4.602107325320192
High-straggler,JIT-APFRL,5629,102,4.436262254698975
High-straggler,JIT-APFRL,5629,103,4.737087413427151
High-straggler,JIT-APFRL,5629,104,4.644405397446138
High-straggler,JIT-APFRL,5629,105,4.622255342921663
High-straggler,JIT-APFRL,5629,106,4.685745382734374
High-straggler,JIT-APFRL,5629,107,4.773132823568632
High-straggler,JIT-APFRL,5629,108,4.816707034095938
High-straggler,JIT-APFRL,5629,109,4.7220249195768735
High-straggler,JIT-APFRL,5629,110,4.597654794196269
High-straggler,JIT-APFRL,5629,111,4.601201185872588
High-straggler,JIT-APFRL,5629,112,4.80947296321508
High-straggler,JIT-APFRL,5629,113,4.7022675876429
High-straggler,JIT-APFRL,5629,114,4.6400573608417846
High-straggler,JIT-APFRL,5629,115,4.763223792279594
High-straggler,JIT-APFRL,5629,116,4.775647283912023
High-straggler,JIT-APFRL,5629,117,4.784800641332615
High-straggler,JIT-APFRL,5629,118,4.87152502182954
High-straggler,JIT-APFRL,5629,119,4.651343484963733
High-straggler,JIT-APFRL,5629,120,4.632716485510597
High-straggler,JIT-APFRL,5629,121,5.071288511218678
High-straggler,JIT-APFRL,5629,122,4.544683744817268
High-straggler,JIT-APFRL,5629,123,4.735290797465785
High-straggler,JIT-APFRL,5629,124,4.751080685975095
High-straggler,JIT-APFRL,5629,125,4.846575398174444
High-straggler,JIT-APFRL,5629,126,4.659144436559725
High-straggler,JIT-APFRL,5629,127,4.652261972006511
High-straggler,JIT-APFRL,5629,128,4.92915183574006
High-straggler,JIT-APFRL,5629,129,4.711615892154714
High-straggler,JIT-APFRL,5629,130,4.762423244132166
High-straggler,JIT-APFRL,5629,131,4.501274895030863
High-straggler,JIT-APFRL,5629,132,4.885592349347964
High-straggler,JIT-APFRL,5629,133,4.991968632409475
High-straggler,JIT-APFRL,5629,134,4.971563608534538
High-straggler,JIT-APFRL,5629,135,4.902959967151665
High-straggler,JIT-APFRL,5629,136,5.151190124743286
High-straggler,JIT-APFRL,5629,137,4.842554761231426
High-straggler,JIT-APFRL,5629,138,4.90640858741977
High-straggler,JIT-APFRL,5629,139,4.857668973924128
High-straggler,JIT-APFRL,5629,140,4.903506987597739
High-straggler,JIT-APFRL,5629,141,4.888237960334662
High-straggler,JIT-APFRL,5629,142,4.740018349228432
High-straggler,JIT-APFRL,5629,143,4.956833160569518
High-straggler,JIT-APFRL,5629,144,4.944763914262602
High-straggler,JIT-APFRL,5629,145,5.104561905735804
High-straggler,JIT-APFRL,5629,146,4.873029848165965
High-straggler,JIT-APFRL,5629,147,4.9648401261454005
High-straggler,JIT-APFRL,5629,148,4.945485728507969
High-straggler,JIT-APFRL,5629,149,4.909685210779187
High-straggler,JIT-APFRL,5629,150,4.9136728243390335
High-straggler,JIT-APFRL,5629,151,4.84899742176972
High-straggler,JIT-APFRL,5629,152,5.125546295996772
High-straggler,JIT-APFRL,5629,153,4.878477596343593
High-straggler,JIT-APFRL,5629,154,4.828840937542042
High-straggler,JIT-APFRL,5629,155,5.054875903780652
High-straggler,JIT-APFRL,5629,156,5.033110123605876
High-straggler,JIT-APFRL,5629,157,5.037501670461995
High-straggler,JIT-APFRL,5629,158,4.915135210219336
High-straggler,JIT-APFRL,5629,159,5.019777497563007
High-straggler,JIT-APFRL,5629,160,4.898068298535557
High-straggler,JIT-APFRL,5629,161,4.888764766548426
High-straggler,JIT-APFRL,5629,162,5.022044549457172
High-straggler,JIT-APFRL,5629,163,5.0431804164941525
High-straggler,JIT-APFRL,5629,164,4.721056874021542
High-straggler,JIT-APFRL,5629,165,5.04104792972352
High-straggler,JIT-APFRL,5629,166,4.928937325422613
High-straggler,JIT-APFRL,5629,167,5.005693046070749
High-straggler,JIT-APFRL,5629,168,5.030156576181295
High-straggler,JIT-APFRL,5629,169,5.043666159230122
High-straggler,JIT-APFRL,5629,170,5.071881892595582
High-straggler,JIT-APFRL,5629,171,4.994154194193189
High-straggler,JIT-APFRL,5629,172,5.138535968286354
High-straggler,JIT-APFRL,5629,173,4.950773232452223
High-straggler,JIT-APFRL,5629,174,5.041388954933116
High-straggler,JIT-APFRL,5629,175,5.139387978177763
High-straggler,JIT-APFRL,5629,176,4.91540143368051
High-straggler,JIT-APFRL,5629,177,4.878778174098193
High-straggler,JIT-APFRL,5629,178,4.854922978357663
High-straggler,JIT-APFRL,5629,179,4.837855075914592
High-straggler,JIT-APFRL,5629,180,5.002089106174812
High-straggler,JIT-APFRL,5629,181,5.029725937100648
High-straggler,JIT-APFRL,5629,182,5.123767501590589
High-straggler,JIT-APFRL,5629,183,5.109955367570087
High-straggler,JIT-APFRL,5629,184,5.0436684184572735
High-straggler,JIT-APFRL,5629,185,5.036706300565523
High-straggler,JIT-APFRL,5629,186,4.975866074844442
High-straggler,JIT-APFRL,5629,187,5.169104974320522
High-straggler,JIT-APFRL,5629,188,5.143182079227662
High-straggler,JIT-APFRL,5629,189,5.041230192829879
High-straggler,JIT-APFRL,5629,190,5.090027109342324
High-straggler,JIT-APFRL,5629,191,5.0918169701841025
High-straggler,JIT-APFRL,5629,192,5.211358102224832
High-straggler,JIT-APFRL,5629,193,5.032103408221943
High-straggler,JIT-APFRL,5629,194,5.1657645547207744
High-straggler,JIT-APFRL,5629,195,5.132823939187266
High-straggler,JIT-APFRL,5629,196,5.201075890489849
High-straggler,JIT-APFRL,5629,197,5.003872677744848
High-straggler,JIT-APFRL,5629,198,5.056661785166278
High-straggler,JIT-APFRL,5629,199,5.077210476203622
High-straggler,JIT-APFRL,5629,200,4.980694493807356
High-straggler,JIT-APFRL,5629,201,5.219704036572979
High-straggler,JIT-APFRL,5629,202,5.103194019174539
High-straggler,JIT-APFRL,5629,203,5.151635661659214
High-straggler,JIT-APFRL,5629,204,5.169477916384556
High-straggler,JIT-APFRL,5629,205,5.148355717979182
High-straggler,JIT-APFRL,5629,206,5.172819754170576
High-straggler,JIT-APFRL,5629,207,5.144311377027655
High-straggler,JIT-APFRL,5629,208,5.166787542328181
High-straggler,JIT-APFRL,5629,209,5.109880587206503
High-straggler,JIT-APFRL,5629,210,4.976918675845621
High-straggler,JIT-APFRL,5629,211,5.133243440176466
High-straggler,JIT-APFRL,5629,212,4.975860865887146
High-straggler,JIT-APFRL,5629,213,5.205161568069232
High-straggler,JIT-APFRL,5629,214,5.057970647565351
High-straggler,JIT-APFRL,5629,215,5.314209913667773
High-straggler,JIT-APFRL,5629,216,4.969627074173252
High-straggler,JIT-APFRL,5629,217,5.268993115691161
High-straggler,JIT-APFRL,5629,218,5.0996800312814266
High-straggler,JIT-APFRL,5629,219,5.1735477767923745
High-straggler,JIT-APFRL,5629,220,5.120147517023854
High-straggler,JIT-APFRL,5629,221,5.024340096865957
High-straggler,JIT-APFRL,5629,222,5.071043861031032
High-straggler,JIT-APFRL,5629,223,4.959376761058576
High-straggler,JIT-APFRL,5629,224,5.20227456325516
High-straggler,JIT-APFRL,5629,225,5.267716589819378
High-straggler,JIT-APFRL,5629,226,5.223852231785069
High-straggler,JIT-APFRL,5629,227,5.095561084733108
High-straggler,JIT-APFRL,5629,228,5.16179783377441
High-straggler,JIT-APFRL,5629,229,5.095653665185678
High-straggler,JIT-APFRL,5629,230,4.985563995207498
High-straggler,JIT-APFRL,5629,231,5.152493859490707
High-straggler,JIT-APFRL,5629,232,5.17010266431293
High-straggler,JIT-APFRL,5629,233,5.210645594269105
High-straggler,JIT-APFRL,5629,234,5.179482688824475
High-straggler,JIT-APFRL,5629,235,5.181266227730715
High-straggler,JIT-APFRL,5629,236,5.086673845540846
High-straggler,JIT-APFRL,5629,237,5.112026274805937
High-straggler,JIT-APFRL,5629,238,5.182006925097424
High-straggler,JIT-APFRL,5629,239,5.0288674471479835
High-straggler,JIT-APFRL,5629,240,5.105027166721018
High-straggler,JIT-APFRL,5629,241,5.123903814432357
High-straggler,JIT-APFRL,5629,242,5.015803066007755
High-straggler,JIT-APFRL,5629,243,5.26509609406912
High-straggler,JIT-APFRL,5629,244,5.028824837628409
High-straggler,JIT-APFRL,5629,245,5.187845819604329
High-straggler,JIT-APFRL,5629,246,5.327370037398889
High-straggler,JIT-APFRL,5629,247,5.239898774210513
High-straggler,JIT-APFRL,5629,248,5.130150014943657
High-straggler,JIT-APFRL,5629,249,5.000915369613857
High-straggler,JIT-APFRL,5629,250,5.218940492966256
High-straggler,JIT-APFRL,5629,251,5.249297642367441
High-straggler,JIT-APFRL,5629,252,5.153328363361367
High-straggler,JIT-APFRL,5629,253,5.1281937594048435
High-straggler,JIT-APFRL,5629,254,4.990926027647514
High-straggler,JIT-APFRL,5629,255,5.244168855875204
High-straggler,JIT-APFRL,5629,256,5.139449266686472
High-straggler,JIT-APFRL,5629,257,5.126515568146117
High-straggler,JIT-APFRL,5629,258,5.129070737982316
High-straggler,JIT-APFRL,5629,259,5.157196227697308
High-straggler,JIT-APFRL,5629,260,5.178755245108271
High-straggler,JIT-APFRL,5629,261,5.0424426914227345
High-straggler,JIT-APFRL,5629,262,5.188650940403728
High-straggler,JIT-APFRL,5629,263,5.1632450961985015
High-straggler,JIT-APFRL,5629,264,5.127597806959989
High-straggler,JIT-APFRL,5629,265,5.202022345393117
High-straggler,JIT-APFRL,5629,266,5.098645993024218
High-straggler,JIT-APFRL,5629,267,5.051273829187013
High-straggler,JIT-APFRL,5629,268,5.113464533592508
High-straggler,JIT-APFRL,5629,269,4.897998741420232
High-straggler,JIT-APFRL,5629,270,5.207617835735193
High-straggler,JIT-APFRL,5629,271,5.171441514494709
High-straggler,JIT-APFRL,5629,272,5.256208739618136
High-straggler,JIT-APFRL,5629,273,5.105455425381888
High-straggler,JIT-APFRL,5629,274,5.161606069725837
High-straggler,JIT-APFRL,5629,275,5.176689542893809
High-straggler,JIT-APFRL,5629,276,5.167380547903686
High-straggler,JIT-APFRL,5629,277,5.035121068749988
High-straggler,JIT-APFRL,5629,278,5.114331922770865
High-straggler,JIT-APFRL,5629,279,5.146626605360351
High-straggler,JIT-APFRL,5629,280,5.146513384633147
High-straggler,JIT-APFRL,5629,281,5.275133954843762
High-straggler,JIT-APFRL,5629,282,5.235068154848309
High-straggler,JIT-APFRL,5629,283,5.28086690659457
High-straggler,JIT-APFRL,5629,284,5.136220562221838
High-straggler,JIT-APFRL,5629,285,5.219126470494798
High-straggler,JIT-APFRL,5629,286,5.014260168841344
High-straggler,JIT-APFRL,5629,287,5.3485845793504065
High-straggler,JIT-APFRL,5629,288,5.180458326195616
High-straggler,JIT-APFRL,5629,289,5.1297893238286125
High-straggler,JIT-APFRL,5629,290,5.060713388659808
High-straggler,JIT-APFRL,5629,291,5.029396348044277
High-straggler,JIT-APFRL,5629,292,5.261068604784601
High-straggler,JIT-APFRL,5629,293,5.190789818459061
High-straggler,JIT-APFRL,5629,294,5.200815996727099
High-straggler,JIT-APFRL,5629,295,5.241409334256628
High-straggler,JIT-APFRL,5629,296,5.327454556787199
High-straggler,JIT-APFRL,5629,297,5.266772155579525
High-straggler,JIT-APFRL,5629,298,5.034176910563084
High-straggler,JIT-APFRL,5629,299,5.134233566750383
High-straggler,JIT-APFRL,5629,300,5.16335274230881
High-straggler,JIT-APFRL,5629,301,5.076257314799928
High-straggler,JIT-APFRL,5629,302,5.28725237073467
High-straggler,JIT-APFRL,5629,303,5.05336197301228
High-straggler,JIT-APFRL,5629,304,5.169396392582285
High-straggler,JIT-APFRL,5629,305,5.157164782449396
High-straggler,JIT-APFRL,5629,306,5.239128774751585
High-straggler,JIT-APFRL,5629,307,5.256945957731189
High-straggler,JIT-APFRL,5629,308,5.237027463789902
High-straggler,JIT-APFRL,5629,309,5.238177109383731
High-straggler,JIT-APFRL,5629,310,5.127806466966884
High-straggler,JIT-APFRL,5629,311,5.168513618055865
High-straggler,JIT-APFRL,5629,312,5.047719693090165
High-straggler,JIT-APFRL,5629,313,5.0871041896619555
High-straggler,JIT-APFRL,5629,314,5.260079933831838
High-straggler,JIT-APFRL,5629,315,5.119508871678232
High-straggler,JIT-APFRL,5629,316,5.157323968278732
High-straggler,JIT-APFRL,5629,317,5.191237130392366
High-straggler,JIT-APFRL,5629,318,5.116703006823195
High-straggler,JIT-APFRL,5629,319,5.186932681279459
High-straggler,JIT-APFRL,5629,320,5.06234475243192
High-straggler,JIT-APFRL,5629,321,5.167721717025704
High-straggler,JIT-APFRL,5629,322,5.174008000351649
High-straggler,JIT-APFRL,5629,323,5.14446993096305
High-straggler,JIT-APFRL,5629,324,5.145978314370227
High-straggler,JIT-APFRL,5629,325,5.227781237039175
High-straggler,JIT-APFRL,5629,326,5.163563923030585
High-straggler,JIT-APFRL,5629,327,5.148162985294737
High-straggler,JIT-APFRL,5629,328,5.197602924016449
High-straggler,JIT-APFRL,5629,329,5.148455683594197
High-straggler,JIT-APFRL,5629,330,5.047817094798451
High-straggler,JIT-APFRL,5629,331,5.232370136391292
High-straggler,JIT-APFRL,5629,332,5.156921469149993
High-straggler,JIT-APFRL,5629,333,5.259524245972945
High-straggler,JIT-APFRL,5629,334,5.332686027094106
High-straggler,JIT-APFRL,5629,335,5.270515979740884
High-straggler,JIT-APFRL,5629,336,5.170041355544647
High-straggler,JIT-APFRL,5629,337,5.132291183317673
High-straggler,JIT-APFRL,5629,338,5.0691744292405465
High-straggler,JIT-APFRL,5629,339,5.18014089990119
High-straggler,JIT-APFRL,5629,340,5.126845503756111
High-straggler,JIT-APFRL,5629,341,5.1823681836917554
High-straggler,JIT-APFRL,5629,342,5.017357165482907
High-straggler,JIT-APFRL,5629,343,5.12387549788441
High-straggler,JIT-APFRL,5629,344,5.150964838783049
High-straggler,JIT-APFRL,5629,345,5.233101303452492
High-straggler,JIT-APFRL,5629,346,5.311603080147477
High-straggler,JIT-APFRL,5629,347,5.066174607912975
High-straggler,JIT-APFRL,5629,348,5.244136536002076
High-straggler,JIT-APFRL,5629,349,5.1309232175790696
High-straggler,JIT-APFRL,5629,350,5.229836414509272
High-straggler,JIT-APFRL,5629,351,5.283851156195445
High-straggler,JIT-APFRL,5629,352,5.097776779793649
High-straggler,JIT-APFRL,5629,353,5.027129487338936
High-straggler,JIT-APFRL,5629,354,5.160448418037329
High-straggler,JIT-APFRL,5629,355,5.16127077502522
High-straggler,JIT-APFRL,5629,356,5.115264691972399
High-straggler,JIT-APFRL,5629,357,5.2946196480145
High-straggler,JIT-APFRL,5629,358,5.16974731372321
High-straggler,JIT-APFRL,5629,359,5.314777942110722
High-straggler,JIT-APFRL,5629,360,5.217699115752918
High-straggler,JIT-APFRL,5629,361,5.196922220063611
High-straggler,JIT-APFRL,5629,362,5.108165589444559
High-straggler,JIT-APFRL,5629,363,5.102700555042346
High-straggler,JIT-APFRL,5629,364,5.354767759528134
High-straggler,JIT-APFRL,5629,365,5.094826030365692
High-straggler,JIT-APFRL,5629,366,5.152323665129497
High-straggler,JIT-APFRL,5629,367,5.250216099789049
High-straggler,JIT-APFRL,5629,368,5.224665400764514
High-straggler,JIT-APFRL,5629,369,5.359733361298027
High-straggler,JIT-APFRL,5629,370,5.211609153330355
High-straggler,JIT-APFRL,5629,371,5.287281970119849
High-straggler,JIT-APFRL,5629,372,5.273851134764573
High-straggler,JIT-APFRL,5629,373,5.156420161310618
High-straggler,JIT-APFRL,5629,374,5.093530092387156
High-straggler,JIT-APFRL,5629,375,5.190148606053231
High-straggler,JIT-APFRL,5629,376,5.201881601774854
High-straggler,JIT-APFRL,5629,377,5.2003775013092834
High-straggler,JIT-APFRL,5629,378,4.883453856399297
High-straggler,JIT-APFRL,5629,379,5.225239128551234
High-straggler,JIT-APFRL,5629,380,5.232715110909461
High-straggler,JIT-APFRL,5629,381,5.276542184990022
High-straggler,JIT-APFRL,5629,382,5.1180593693917675
High-straggler,JIT-APFRL,5629,383,5.070352111099636
High-straggler,JIT-APFRL,5629,384,5.206078158041437
High-straggler,JIT-APFRL,5629,385,5.189310981837276
High-straggler,JIT-APFRL,5629,386,5.105973509879858
High-straggler,JIT-APFRL,5629,387,5.192704467127678
High-straggler,JIT-APFRL,5629,388,5.055843619616352
High-straggler,JIT-APFRL,5629,389,5.1663026577031115
High-straggler,JIT-APFRL,5629,390,5.135993891573272
High-straggler,JIT-APFRL,5629,391,5.016390805425737
High-straggler,JIT-APFRL,5629,392,5.406843204496215
High-straggler,JIT-APFRL,5629,393,5.031468496501157
High-straggler,JIT-APFRL,5629,394,5.177689675658124
High-straggler,JIT-APFRL,5629,395,5.189546675314432
High-straggler,JIT-APFRL,5629,396,5.2024964443955986
High-straggler,JIT-APFRL,5629,397,5.258977079163538
High-straggler,JIT-APFRL,5629,398,5.261206388018524
High-straggler,JIT-APFRL,5629,399,5.311058719240087
High-straggler,JIT-APFRL,5629,400,5.2501144011492125
High-straggler,JIT-APFRL,6740,1,4.143095172819234
High-straggler,JIT-APFRL,6740,2,3.8206262529861514
High-straggler,JIT-APFRL,6740,3,4.1775228275025365
High-straggler,JIT-APFRL,6740,4,4.3207979086298645
High-straggler,JIT-APFRL,6740,5,4.277261383283812
High-straggler,JIT-APFRL,6740,6,4.035469922457503
High-straggler,JIT-APFRL,6740,7,4.173400545088745
High-straggler,JIT-APFRL,6740,8,3.967968889728334
High-straggler,JIT-APFRL,6740,9,4.250966225043182
High-straggler,JIT-APFRL,6740,10,4.013868338203717
High-straggler,JIT-APFRL,6740,11,4.045645518229442
High-straggler,JIT-APFRL,6740,12,4.1571811987674465
High-straggler,JIT-APFRL,6740,13,4.039233478895688
High-straggler,JIT-APFRL,6740,14,4.230060375797349
High-straggler,JIT-APFRL,6740,15,4.274438814672303
High-straggler,JIT-APFRL,6740,16,4.309184888600602
High-straggler,JIT-APFRL,6740,17,4.187025229508803
High-straggler,JIT-APFRL,6740,18,4.322348857704216
High-straggler,JIT-APFRL,6740,19,4.317998839274226
High-straggler,JIT-APFRL,6740,20,4.307965314297764
High-straggler,JIT-APFRL,6740,21,4.211730685892969
High-straggler,JIT-APFRL,6740,22,4.1427105954733925
High-straggler,JIT-APFRL,6740,23,3.9965393312721162
High-straggler,JIT-APFRL,6740,24,4.208135673852246
High-straggler,JIT-APFRL,6740,25,4.205041539227623
High-straggler,JIT-APFRL,6740,26,4.323127903638169
High-straggler,JIT-APFRL,6740,27,4.33158159426452
High-straggler,JIT-APFRL,6740,28,4.384145181708518
High-straggler,JIT-APFRL,6740,29,4.109509926634329
High-straggler,JIT-APFRL,6740,30,4.105473490563472
High-straggler,JIT-APFRL,6740,31,4.166151064597435
High-straggler,JIT-APFRL,6740,32,4.178357194330903
High-straggler,JIT-APFRL,6740,33,4.240543901017123
High-straggler,JIT-APFRL,6740,34,4.392456262335135
High-straggler,JIT-APFRL,6740,35,4.203323886174931
High-straggler,JIT-APFRL,6740,36,4.20091777316189
High-straggler,JIT-APFRL,6740,37,4.417225251111311
High-straggler,JIT-APFRL,6740,38,4.108272125078199
High-straggler,JIT-APFRL,6740,39,4.315301110437511
High-straggler,JIT-APFRL,6740,40,4.264595400075967
High-straggler,JIT-APFRL,6740,41,4.326080297648177
High-straggler,JIT-APFRL,6740,42,4.054199495995134
High-straggler,JIT-APFRL,6740,43,4.214679464531235
High-straggler,JIT-APFRL,6740,44,4.678487387687233
High-straggler,JIT-APFRL,6740,45,4.237705736077574
High-straggler,JIT-APFRL,6740,46,4.431979253157429
High-straggler,JIT-APFRL,6740,47,4.454163085649907
High-straggler,JIT-APFRL,6740,48,4.58820022992653
High-straggler,JIT-APFRL,6740,49,4.271514105803337
High-straggler,JIT-APFRL,6740,50,4.306105205734531
High-straggler,JIT-APFRL,6740,51,3.846658521659803
High-straggler,JIT-APFRL,6740,52,4.333461113319202
High-straggler,JIT-APFRL,6740,53,4.349193816834768
High-straggler,JIT-APFRL,6740,54,4.5881637036346445
High-straggler,JIT-APFRL,6740,55,4.374456224667948
High-straggler,JIT-APFRL,6740,56,4.208648003251459
High-straggler,JIT-APFRL,6740,57,4.254888668042208
High-straggler,JIT-APFRL,6740,58,4.392589996146026
High-straggler,JIT-APFRL,6740,59,4.315769867836139
High-straggler,JIT-APFRL,6740,60,4.601922798253965
High-straggler,JIT-APFRL,6740,61,4.494393547292184
High-straggler,JIT-APFRL,6740,62,4.400240084017276
High-straggler,JIT-APFRL,6740,63,4.542982621317487
High-straggler,JIT-APFRL,6740,64,4.490788093031918
High-straggler,JIT-APFRL,6740,65,4.527603893074285
High-straggler,JIT-APFRL,6740,66,4.413137304427875
High-straggler,JIT-APFRL,6740,67,4.402301090728248
High-straggler,JIT-APFRL,6740,68,4.492078672178955
High-straggler,JIT-APFRL,6740,69,4.753558734812037
High-straggler,JIT-APFRL,6740,70,4.594174462134663
High-straggler,JIT-APFRL,6740,71,4.3562500094382814
High-straggler,JIT-APFRL,6740,72,4.439877240959741
High-straggler,JIT-APFRL,6740,73,4.528623999772809
High-straggler,JIT-APFRL,6740,74,4.528969300142511
High-straggler,JIT-APFRL,6740,75,4.470324483939923
High-straggler,JIT-APFRL,6740,76,4.6048528277703085
High-straggler,JIT-APFRL,6740,77,4.501901376528608
High-straggler,JIT-APFRL,6740,78,4.491921624919854
High-straggler,JIT-APFRL,6740,79,4.58688931135802
High-straggler,JIT-APFRL,6740,80,4.454157288643501
High-straggler,JIT-APFRL,6740,81,4.6207323328956065
High-straggler,JIT-APFRL,6740,82,4.6430834885521035
High-straggler,JIT-APFRL,6740,83,4.707080969551724
High-straggler,JIT-APFRL,6740,84,4.458017607020818
High-straggler,JIT-APFRL,6740,85,4.726029168299067
High-straggler,JIT-APFRL,6740,86,4.8304830877061615
High-straggler,JIT-APFRL,6740,87,4.440383801741819
High-straggler,JIT-APFRL,6740,88,4.758990863106232
High-straggler,JIT-APFRL,6740,89,4.599029448263003
High-straggler,JIT-APFRL,6740,90,4.799010789115368
High-straggler,JIT-APFRL,6740,91,4.596077738118267
High-straggler,JIT-APFRL,6740,92,4.670496068350787
High-straggler,JIT-APFRL,6740,93,4.638290460665366
High-straggler,JIT-APFRL,6740,94,4.604318223666607
High-straggler,JIT-APFRL,6740,95,4.509553075756447
High-straggler,JIT-APFRL,6740,96,4.663914629846069
High-straggler,JIT-APFRL,6740,97,4.595194582470723
High-straggler,JIT-APFRL,6740,98,4.748362703589767
High-straggler,JIT-APFRL,6740,99,4.72652328196799
High-straggler,JIT-APFRL,6740,100,4.984631868750273
High-straggler,JIT-APFRL,6740,101,4.686035504768222
High-straggler,JIT-APFRL,6740,102,4.571223936374052
High-straggler,JIT-APFRL,6740,103,4.60850779238598
High-straggler,JIT-APFRL,6740,104,4.631463204176702
High-straggler,JIT-APFRL,6740,105,4.814270626593026
High-straggler,JIT-APFRL,6740,106,4.790490043123808
High-straggler,JIT-APFRL,6740,107,4.687632563503026
High-straggler,JIT-APFRL,6740,108,4.774609506184521
High-straggler,JIT-APFRL,6740,109,4.901032789948803
High-straggler,JIT-APFRL,6740,110,4.849173222578629
High-straggler,JIT-APFRL,6740,111,4.818417890298388
High-straggler,JIT-APFRL,6740,112,4.593451760917463
High-straggler,JIT-APFRL,6740,113,4.858012183000323
High-straggler,JIT-APFRL,6740,114,4.845854970306101
High-straggler,JIT-APFRL,6740,115,4.873178039427112
High-straggler,JIT-APFRL,6740,116,4.593531176931445
High-straggler,JIT-APFRL,6740,117,4.9133983909880365
High-straggler,JIT-APFRL,6740,118,4.728228238050511
High-straggler,JIT-APFRL,6740,119,4.89858252350779
High-straggler,JIT-APFRL,6740,120,4.763955466624906
High-straggler,JIT-APFRL,6740,121,4.840441313286556
High-straggler,JIT-APFRL,6740,122,4.831819605709697
High-straggler,JIT-APFRL,6740,123,4.690934489473453
High-straggler,JIT-APFRL,6740,124,4.8938008763407685
High-straggler,JIT-APFRL,6740,125,4.864787359760338
High-straggler,JIT-APFRL,6740,126,4.63320559306898
High-straggler,JIT-APFRL,6740,127,4.739918949446953
High-straggler,JIT-APFRL,6740,128,4.6174189075200465
High-straggler,JIT-APFRL,6740,129,4.544320780360478
High-straggler,JIT-APFRL,6740,130,4.889822157525886
High-straggler,JIT-APFRL,6740,131,4.810234080705098
High-straggler,JIT-APFRL,6740,132,4.838588541825901
High-straggler,JIT-APFRL,6740,133,4.833044712443485
High-straggler,JIT-APFRL,6740,134,4.859325010402142
High-straggler,JIT-APFRL,6740,135,4.7645316714130725
High-straggler,JIT-APFRL,6740,136,4.918330651868688
High-straggler,JIT-APFRL,6740,137,4.964628271881051
High-straggler,JIT-APFRL,6740,138,4.792820825498952
High-straggler,JIT-APFRL,6740,139,4.907995426970713
High-straggler,JIT-APFRL,6740,140,5.030417186122385
High-straggler,JIT-APFRL,6740,141,4.758220467254861
High-straggler,JIT-APFRL,6740,142,5.0559886471701425
High-straggler,JIT-APFRL,6740,143,4.6717112972215435
High-straggler,JIT-APFRL,6740,144,4.889208697676846
High-straggler,JIT-APFRL,6740,145,4.875713247282891
High-straggler,JIT-APFRL,6740,146,4.871445441398578
High-straggler,JIT-APFRL,6740,147,4.8997585853765955
High-straggler,JIT-APFRL,6740,148,4.991368603261867
High-straggler,JIT-APFRL,6740,149,4.957154738359099
High-straggler,JIT-APFRL,6740,150,5.0464360429254755
High-straggler,JIT-APFRL,6740,151,5.019665681285902
High-straggler,JIT-APFRL,6740,152,4.969144801795595
High-straggler,JIT-APFRL,6740,153,4.801047734543301
High-straggler,JIT-APFRL,6740,154,5.0625249469553895
High-straggler,JIT-APFRL,6740,155,4.971544720302811
High-straggler,JIT-APFRL,6740,156,4.951861769279491
High-straggler,JIT-APFRL,6740,157,5.046205735073951
High-straggler,JIT-APFRL,6740,158,4.980198128188616
High-straggler,JIT-APFRL,6740,159,4.888732572501604
High-straggler,JIT-APFRL,6740,160,4.99527289203014
High-straggler,JIT-APFRL,6740,161,5.051945167989219
High-straggler,JIT-APFRL,6740,162,4.863309080459989
High-straggler,JIT-APFRL,6740,163,5.135801660113618
High-straggler,JIT-APFRL,6740,164,4.833443077651267
High-straggler,JIT-APFRL,6740,165,4.919258435860213
High-straggler,JIT-APFRL,6740,166,5.07820034223543
High-straggler,JIT-APFRL,6740,167,4.879602212029125
High-straggler,JIT-APFRL,6740,168,5.10670938507169
High-straggler,JIT-APFRL,6740,169,4.939392541103381
High-straggler,JIT-APFRL,6740,170,5.1182983548278065
High-straggler,JIT-APFRL,6740,171,4.986167502627821
High-straggler,JIT-APFRL,6740,172,4.976866369747182
High-straggler,JIT-APFRL,6740,173,5.139946352637773
High-straggler,JIT-APFRL,6740,174,4.786365514952264
High-straggler,JIT-APFRL,6740,175,5.111232415200597
High-straggler,JIT-APFRL,6740,176,4.8753807229213155
High-straggler,JIT-APFRL,6740,177,5.032595291524853
High-straggler,JIT-APFRL,6740,178,4.811158991635499
High-straggler,JIT-APFRL,6740,179,4.98373223273105
High-straggler,JIT-APFRL,6740,180,5.096009650780121
High-straggler,JIT-APFRL,6740,181,5.114878795888764
High-straggler,JIT-APFRL,6740,182,5.135865462391401
High-straggler,JIT-APFRL,6740,183,5.024951007302382
High-straggler,JIT-APFRL,6740,184,5.081228850695698
High-straggler,JIT-APFRL,6740,185,4.714049076379033
High-straggler,JIT-APFRL,6740,186,5.122580522033932
High-straggler,JIT-APFRL,6740,187,5.027682427282513
High-straggler,JIT-APFRL,6740,188,5.149795336808973
High-straggler,JIT-APFRL,6740,189,4.912159927398217
High-straggler,JIT-APFRL,6740,190,5.000199709015983
High-straggler,JIT-APFRL,6740,191,5.009038986173736
High-straggler,JIT-APFRL,6740,192,5.046745628594219
High-straggler,JIT-APFRL,6740,193,5.344539285253795
High-straggler,JIT-APFRL,6740,194,5.024614268941707
High-straggler,JIT-APFRL,6740,195,5.01023507127071
High-straggler,JIT-APFRL,6740,196,4.962233350084163
High-straggler,JIT-APFRL,6740,197,5.007086935681503
High-straggler,JIT-APFRL,6740,198,5.149321196517971
High-straggler,JIT-APFRL,6740,199,5.008547940553914
High-straggler,JIT-APFRL,6740,200,4.983854120831955
High-straggler,JIT-APFRL,6740,201,5.117708079412495
High-straggler,JIT-APFRL,6740,202,5.182170119810037
High-straggler,JIT-APFRL,6740,203,5.152325793867038
High-straggler,JIT-APFRL,6740,204,5.178079349635775
High-straggler,JIT-APFRL,6740,205,5.150350008667161
High-straggler,JIT-APFRL,6740,206,5.1153689472960355
High-straggler,JIT-APFRL,6740,207,5.149597074866913
High-straggler,JIT-APFRL,6740,208,5.040011000809587
High-straggler,JIT-APFRL,6740,209,5.152566157627983
High-straggler,JIT-APFRL,6740,210,5.023387361047032
High-straggler,JIT-APFRL,6740,211,5.0376292365041335
High-straggler,JIT-APFRL,6740,212,5.118306359412171
High-straggler,JIT-APFRL,6740,213,5.0572547319419465
High-straggler,JIT-APFRL,6740,214,5.140614390455959
High-straggler,JIT-APFRL,6740,215,5.127871386092229
High-straggler,JIT-APFRL,6740,216,5.217299386704255
High-straggler,JIT-APFRL,6740,217,4.978911333945663
High-straggler,JIT-APFRL,6740,218,5.23568690492098
High-straggler,JIT-APFRL,6740,219,5.137283903572857
High-straggler,JIT-APFRL,6740,220,5.150938499512906
High-straggler,JIT-APFRL,6740,221,5.215235908723088
High-straggler,JIT-APFRL,6740,222,5.122025951069788
High-straggler,JIT-APFRL,6740,223,4.993137023302015
High-straggler,JIT-APFRL,6740,224,5.228091472892128
High-straggler,JIT-APFRL,6740,225,5.1747677661232325
High-straggler,JIT-APFRL,6740,226,5.125635271682485
High-straggler,JIT-APFRL,6740,227,4.981714752074496
High-straggler,JIT-APFRL,6740,228,4.929043455914433
High-straggler,JIT-APFRL,6740,229,5.236072723659895
High-straggler,JIT-APFRL,6740,230,5.2507293373861605
High-straggler,JIT-APFRL,6740,231,4.950432873490206
High-straggler,JIT-APFRL,6740,232,5.156103134321607
High-straggler,JIT-APFRL,6740,233,5.229922421624714
High-straggler,JIT-APFRL,6740,234,5.155611056470669
High-straggler,JIT-APFRL,6740,235,5.07821401276576
High-straggler,JIT-APFRL,6740,236,5.081786816632802
High-straggler,JIT-APFRL,6740,237,5.208805366637545
High-straggler,JIT-APFRL,6740,238,5.2746113783076725
High-straggler,JIT-APFRL,6740,239,4.9938663204774
High-straggler,JIT-APFRL,6740,240,5.097023376387067
High-straggler,JIT-APFRL,6740,241,5.013919463783184
High-straggler,JIT-APFRL,6740,242,5.123453220386975
High-straggler,JIT-APFRL,6740,243,5.10050829533419
High-straggler,JIT-APFRL,6740,244,5.140670162260456
High-straggler,JIT-APFRL,6740,245,5.070691519763272
High-straggler,JIT-APFRL,6740,246,5.141849143938982
High-straggler,JIT-APFRL,6740,247,5.010288903357419
High-straggler,JIT-APFRL,6740,248,5.056689308541961
High-straggler,JIT-APFRL,6740,249,5.167066153362381
High-straggler,JIT-APFRL,6740,250,5.133857604991592
High-straggler,JIT-APFRL,6740,251,5.404061504780593
High-straggler,JIT-APFRL,6740,252,5.012065209294373
High-straggler,JIT-APFRL,6740,253,5.163552021181611
High-straggler,JIT-APFRL,6740,254,5.045396388262328
High-straggler,JIT-APFRL,6740,255,5.220905215104955
High-straggler,JIT-APFRL,6740,256,5.032889736085233
High-straggler,JIT-APFRL,6740,257,5.137661853976286
High-straggler,JIT-APFRL,6740,258,5.247650433865805
High-straggler,JIT-APFRL,6740,259,5.245545701106627
High-straggler,JIT-APFRL,6740,260,5.189930923779222
High-straggler,JIT-APFRL,6740,261,5.079914812250446
High-straggler,JIT-APFRL,6740,262,5.1501671496495165
High-straggler,JIT-APFRL,6740,263,5.131527615038759
High-straggler,JIT-APFRL,6740,264,5.089459879877395
High-straggler,JIT-APFRL,6740,265,5.143740705260898
High-straggler,JIT-APFRL,6740,266,5.104391357921321
High-straggler,JIT-APFRL,6740,267,5.072362009421986
High-straggler,JIT-APFRL,6740,268,5.186336978321775
High-straggler,JIT-APFRL,6740,269,5.126570041153858
High-straggler,JIT-APFRL,6740,270,5.194762364737153
High-straggler,JIT-APFRL,6740,271,4.949495768960045
High-straggler,JIT-APFRL,6740,272,5.20892459130987
High-straggler,JIT-APFRL,6740,273,5.268262322437179
High-straggler,JIT-APFRL,6740,274,5.059995937116148
High-straggler,JIT-APFRL,6740,275,5.270423560127125
High-straggler,JIT-APFRL,6740,276,5.010305761360474
High-straggler,JIT-APFRL,6740,277,5.073403735353168
High-straggler,JIT-APFRL,6740,278,5.295972877649354
High-straggler,JIT-APFRL,6740,279,5.173095529294218
High-straggler,JIT-APFRL,6740,280,5.2474150192720135
High-straggler,JIT-APFRL,6740,281,5.027067113574658
High-straggler,JIT-APFRL,6740,282,5.112990593021099
High-straggler,JIT-APFRL,6740,283,5.080792406150543
High-straggler,JIT-APFRL,6740,284,5.203063133235171
High-straggler,JIT-APFRL,6740,285,5.2212593359890445
High-straggler,JIT-APFRL,6740,286,5.0587174149035725
High-straggler,JIT-APFRL,6740,287,5.069545458377821
High-straggler,JIT-APFRL,6740,288,5.162116144807986
High-straggler,JIT-APFRL,6740,289,5.230412186259358
High-straggler,JIT-APFRL,6740,290,5.1495073789923085
High-straggler,JIT-APFRL,6740,291,5.192702336535853
High-straggler,JIT-APFRL,6740,292,5.117804401583955
High-straggler,JIT-APFRL,6740,293,5.180186224432142
High-straggler,JIT-APFRL,6740,294,5.054648749960519
High-straggler,JIT-APFRL,6740,295,5.124082952873083
High-straggler,JIT-APFRL,6740,296,4.892915178548648
High-straggler,JIT-APFRL,6740,297,5.158878115830337
High-straggler,JIT-APFRL,6740,298,5.2142882388114264
High-straggler,JIT-APFRL,6740,299,5.109972939317738
High-straggler,JIT-APFRL,6740,300,5.199190186056767
High-straggler,JIT-APFRL,6740,301,5.055878278336155
High-straggler,JIT-APFRL,6740,302,5.055886344278158
High-straggler,JIT-APFRL,6740,303,5.128279482223209
High-straggler,JIT-APFRL,6740,304,5.086984822315465
High-straggler,JIT-APFRL,6740,305,5.073127859814066
High-straggler,JIT-APFRL,6740,306,5.12078020897145
High-straggler,JIT-APFRL,6740,307,5.055909957926287
High-straggler,JIT-APFRL,6740,308,5.165590696750576
High-straggler,JIT-APFRL,6740,309,5.113317481171687
High-straggler,JIT-APFRL,6740,310,5.270837638370803
High-straggler,JIT-APFRL,6740,311,5.044240184319792
High-straggler,JIT-APFRL,6740,312,5.18806836223603
High-straggler,JIT-APFRL,6740,313,5.26722677570975
High-straggler,JIT-APFRL,6740,314,5.17275092339261
High-straggler,JIT-APFRL,6740,315,5.23718509364275
High-straggler,JIT-APFRL,6740,316,5.171821041184085
High-straggler,JIT-APFRL,6740,317,5.209608933398148
High-straggler,JIT-APFRL,6740,318,5.13190906070721
High-straggler,JIT-APFRL,6740,319,5.193179599044346
High-straggler,JIT-APFRL,6740,320,5.239690089908473
High-straggler,JIT-APFRL,6740,321,5.173698548253727
High-straggler,JIT-APFRL,6740,322,5.095209210466636
High-straggler,JIT-APFRL,6740,323,5.069620123888111
High-straggler,JIT-APFRL,6740,324,5.008260389497944
High-straggler,JIT-APFRL,6740,325,5.291665865422907
High-straggler,JIT-APFRL,6740,326,5.246982426218601
High-straggler,JIT-APFRL,6740,327,5.23466454900971
High-straggler,JIT-APFRL,6740,328,5.028098023460166
High-straggler,JIT-APFRL,6740,329,5.115653464574106
High-straggler,JIT-APFRL,6740,330,5.0382676837214655
High-straggler,JIT-APFRL,6740,331,5.373860335239496
High-straggler,JIT-APFRL,6740,332,5.100824123348326
High-straggler,JIT-APFRL,6740,333,5.2013484337201294
High-straggler,JIT-APFRL,6740,334,5.173193402522866
High-straggler,JIT-APFRL,6740,335,5.1158988324049615
High-straggler,JIT-APFRL,6740,336,5.1828903042932275
High-straggler,JIT-APFRL,6740,337,5.252154422513253
High-straggler,JIT-APFRL,6740,338,5.213221305540231
High-straggler,JIT-APFRL,6740,339,5.256054227905449
High-straggler,JIT-APFRL,6740,340,5.059041794706162
High-straggler,JIT-APFRL,6740,341,5.140878144322828
High-straggler,JIT-APFRL,6740,342,5.1721618977981905
High-straggler,JIT-APFRL,6740,343,5.089023747871357
High-straggler,JIT-APFRL,6740,344,5.132030872768637
High-straggler,JIT-APFRL,6740,345,5.146234533380436
High-straggler,JIT-APFRL,6740,346,5.084120922028591
High-straggler,JIT-APFRL,6740,347,5.179677785373379
High-straggler,JIT-APFRL,6740,348,5.179050556320057
High-straggler,JIT-APFRL,6740,349,5.058205443189292
High-straggler,JIT-APFRL,6740,350,5.122673922660749
High-straggler,JIT-APFRL,6740,351,5.128858201370457
High-straggler,JIT-APFRL,6740,352,5.112217628815995
High-straggler,JIT-APFRL,6740,353,5.2738439292475
High-straggler,JIT-APFRL,6740,354,5.11619053145009
High-straggler,JIT-APFRL,6740,355,5.227290089430699
High-straggler,JIT-APFRL,6740,356,5.140095765095297
High-straggler,JIT-APFRL,6740,357,5.2842724548799
High-straggler,JIT-APFRL,6740,358,5.012540794100449
High-straggler,JIT-APFRL,6740,359,5.230307140443619
High-straggler,JIT-APFRL,6740,360,5.03457389048558
High-straggler,JIT-APFRL,6740,361,5.16650526448639
High-straggler,JIT-APFRL,6740,362,5.135046385612139
High-straggler,JIT-APFRL,6740,363,5.196314358892429
High-straggler,JIT-APFRL,6740,364,5.235423470668495
High-straggler,JIT-APFRL,6740,365,5.124184145109602
High-straggler,JIT-APFRL,6740,366,5.014743005393921
High-straggler,JIT-APFRL,6740,367,5.035402017601442
High-straggler,JIT-APFRL,6740,368,5.163783830644318
High-straggler,JIT-APFRL,6740,369,5.105686715236634
High-straggler,JIT-APFRL,6740,370,5.227881328158968
High-straggler,JIT-APFRL,6740,371,5.207250325027267
High-straggler,JIT-APFRL,6740,372,5.193660539121314
High-straggler,JIT-APFRL,6740,373,5.110565012932615
High-straggler,JIT-APFRL,6740,374,5.213342600249229
High-straggler,JIT-APFRL,6740,375,5.263497233535479
High-straggler,JIT-APFRL,6740,376,5.116599595200498
High-straggler,JIT-APFRL,6740,377,5.247252099977618
High-straggler,JIT-APFRL,6740,378,5.209159913821152
High-straggler,JIT-APFRL,6740,379,5.080739119259829
High-straggler,JIT-APFRL,6740,380,5.269640515239141
High-straggler,JIT-APFRL,6740,381,5.152187565460927
High-straggler,JIT-APFRL,6740,382,5.194024003188155
High-straggler,JIT-APFRL,6740,383,5.206707739362097
High-straggler,JIT-APFRL,6740,384,5.081142172514534
High-straggler,JIT-APFRL,6740,385,5.31484502520536
High-straggler,JIT-APFRL,6740,386,5.025182977679684
High-straggler,JIT-APFRL,6740,387,5.277773892810581
High-straggler,JIT-APFRL,6740,388,5.077342053646147
High-straggler,JIT-APFRL,6740,389,5.093837668088238
High-straggler,JIT-APFRL,6740,390,5.227541914185619
High-straggler,JIT-APFRL,6740,391,5.030335956299548
High-straggler,JIT-APFRL,6740,392,5.247705346810715
High-straggler,JIT-APFRL,6740,393,5.351961275083717
High-straggler,JIT-APFRL,6740,394,5.235656732079682
High-straggler,JIT-APFRL,6740,395,5.154327711269847
High-straggler,JIT-APFRL,6740,396,5.160963497324831
High-straggler,JIT-APFRL,6740,397,5.117887803180121
High-straggler,JIT-APFRL,6740,398,5.196745072070764
High-straggler,JIT-APFRL,6740,399,5.178065163358649
High-straggler,JIT-APFRL,6740,400,5.02425942915518
High-straggler,JIT-APFRL,7851,1,4.03925738965456
High-straggler,JIT-APFRL,7851,2,4.114168242901903
High-straggler,JIT-APFRL,7851,3,3.941921316220649
High-straggler,JIT-APFRL,7851,4,3.6672241489663433
High-straggler,JIT-APFRL,7851,5,3.9238488515736556
High-straggler,JIT-APFRL,7851,6,4.082517488259357
High-straggler,JIT-APFRL,7851,7,4.077697330665778
High-straggler,JIT-APFRL,7851,8,4.034923426459817
High-straggler,JIT-APFRL,7851,9,4.053928396883391
High-straggler,JIT-APFRL,7851,10,3.9995080953785993
High-straggler,JIT-APFRL,7851,11,4.213352359105022
High-straggler,JIT-APFRL,7851,12,4.230410090147465
High-straggler,JIT-APFRL,7851,13,4.138714359270352
High-straggler,JIT-APFRL,7851,14,4.160014741482033
High-straggler,JIT-APFRL,7851,15,3.8403017477498973
High-straggler,JIT-APFRL,7851,16,4.02789940655641
High-straggler,JIT-APFRL,7851,17,3.693096572477088
High-straggler,JIT-APFRL,7851,18,4.03561245106177
High-straggler,JIT-APFRL,7851,19,3.9533433085324865
High-straggler,JIT-APFRL,7851,20,3.9206939873244364
High-straggler,JIT-APFRL,7851,21,4.237223570597174
High-straggler,JIT-APFRL,7851,22,4.009498640038002
High-straggler,JIT-APFRL,7851,23,4.074756319428741
High-straggler,JIT-APFRL,7851,24,4.051356111874732
High-straggler,JIT-APFRL,7851,25,4.06941632874766
High-straggler,JIT-APFRL,7851,26,4.164124297023097
High-straggler,JIT-APFRL,7851,27,4.322766691977741
High-straggler,JIT-APFRL,7851,28,4.214264076777369
High-straggler,JIT-APFRL,7851,29,4.068791781554325
High-straggler,JIT-APFRL,7851,30,4.161304754349046
High-straggler,JIT-APFRL,7851,31,3.89049315103343
High-straggler,JIT-APFRL,7851,32,3.975692595649899
High-straggler,JIT-APFRL,7851,33,4.126602717963349
High-straggler,JIT-APFRL,7851,34,4.313362403821731
High-straggler,JIT-APFRL,7851,35,4.202082118762876
High-straggler,JIT-APFRL,7851,36,4.170409641350983
High-straggler,JIT-APFRL,7851,37,4.168307907744279
High-straggler,JIT-APFRL,7851,38,4.276477302730745
High-straggler,JIT-APFRL,7851,39,4.097946660526896
High-straggler,JIT-APFRL,7851,40,4.169492995185106
High-straggler,JIT-APFRL,7851,41,4.277518847273818
High-straggler,JIT-APFRL,7851,42,4.368649817180399
High-straggler,JIT-APFRL,7851,43,4.055798723469048
High-straggler,JIT-APFRL,7851,44,4.149888943239998
High-straggler,JIT-APFRL,7851,45,3.969080812386141
High-straggler,JIT-APFRL,7851,46,4.353374408023843
High-straggler,JIT-APFRL,7851,47,4.275806405662239
High-straggler,JIT-APFRL,7851,48,4.115389684614778
High-straggler,JIT-APFRL,7851,49,4.264779350815572
High-straggler,JIT-APFRL,7851,50,4.179547267239472
High-straggler,JIT-APFRL,7851,51,4.160516783222876
High-straggler,JIT-APFRL,7851,52,4.268020049817129
High-straggler,JIT-APFRL,7851,53,3.983270821806636
High-straggler,JIT-APFRL,7851,54,4.199984894636476
High-straggler,JIT-APFRL,7851,55,3.9450909268800816
High-straggler,JIT-APFRL,7851,56,4.326030586878895
High-straggler,JIT-APFRL,7851,57,4.1688627888658125
High-straggler,JIT-APFRL,7851,58,4.490931618066913
High-straggler,JIT-APFRL,7851,59,4.106587857213359
High-straggler,JIT-APFRL,7851,60,4.3294194971134665
High-straggler,JIT-APFRL,7851,61,4.2360782298885935
High-straggler,JIT-APFRL,7851,62,4.286241382068991
High-straggler,JIT-APFRL,7851,63,4.215524071508248
High-straggler,JIT-APFRL,7851,64,4.49814070790686
High-straggler,JIT-APFRL,7851,65,4.333401184400802
High-straggler,JIT-APFRL,7851,66,4.321466528132442
High-straggler,JIT-APFRL,7851,67,4.415828322245744
High-straggler,JIT-APFRL,7851,68,4.332988993979865
High-straggler,JIT-APFRL,7851,69,4.416645648617192
High-straggler,JIT-APFRL,7851,70,4.46221100199276
High-straggler,JIT-APFRL,7851,71,4.418473127119184
High-straggler,JIT-APFRL,7851,72,4.42139943071042
High-straggler,JIT-APFRL,7851,73,4.139662973244787
High-straggler,JIT-APFRL,7851,74,4.481806545882007
High-straggler,JIT-APFRL,7851,75,4.4546482091505695
High-straggler,JIT-APFRL,7851,76,4.27417663594105
High-straggler,JIT-APFRL,7851,77,4.378881132992668
High-straggler,JIT-APFRL,7851,78,4.241561104551865
High-straggler,JIT-APFRL,7851,79,4.471260066886833
High-straggler,JIT-APFRL,7851,80,4.4729052707635
High-straggler,JIT-APFRL,7851,81,4.5824159129221025
High-straggler,JIT-APFRL,7851,82,4.4471525776582705
High-straggler,JIT-APFRL,7851,83,4.3671631378154085
High-straggler,JIT-APFRL,7851,84,4.2586275174603445
High-straggler,JIT-APFRL,7851,85,4.60591928433089
High-straggler,JIT-APFRL,7851,86,4.691728642087282
High-straggler,JIT-APFRL,7851,87,4.632944656654496
High-straggler,JIT-APFRL,7851,88,4.510845959994412
High-straggler,JIT-APFRL,7851,89,4.713609796678838
High-straggler,JIT-APFRL,7851,90,4.524872569115087
High-straggler,JIT-APFRL,7851,91,4.637985789426304
High-straggler,JIT-APFRL,7851,92,4.438678117823969
High-straggler,JIT-APFRL,7851,93,4.7129658206857705
High-straggler,JIT-APFRL,7851,94,4.333065282132918
High-straggler,JIT-APFRL,7851,95,4.666084981159117
High-straggler,JIT-APFRL,7851,96,4.4778075408458085
High-straggler,JIT-APFRL,7851,97,4.616238829060345
High-straggler,JIT-APFRL,7851,98,4.584794779178735
High-straggler,JIT-APFRL,7851,99,4.503678723616324
High-straggler,JIT-APFRL,7851,100,4.469823914988433
High-straggler,JIT-APFRL,7851,101,4.331753840088075
High-straggler,JIT-APFRL,7851,102,4.496389591564805
High-straggler,JIT-APFRL,7851,103,4.598498151925292
High-straggler,JIT-APFRL,7851,104,4.498640408703885
High-straggler,JIT-APFRL,7851,105,4.701947601074984
High-straggler,JIT-APFRL,7851,106,4.650794331884908
High-straggler,JIT-APFRL,7851,107,4.722883828576923
High-straggler,JIT-APFRL,7851,108,4.614687421772562
High-straggler,JIT-APFRL,7851,109,4.627625421388706
High-straggler,JIT-APFRL,7851,110,4.901456724720776
High-straggler,JIT-APFRL,7851,111,4.644861032248245
High-straggler,JIT-APFRL,7851,112,4.782238590343897
High-straggler,JIT-APFRL,7851,113,4.68092447797834
High-straggler,JIT-APFRL,7851,114,4.635462397642517
High-straggler,JIT-APFRL,7851,115,4.792216982213891
High-straggler,JIT-APFRL,7851,116,4.657630327478438
High-straggler,JIT-APFRL,7851,117,4.4623034213266735
High-straggler,JIT-APFRL,7851,118,4.753381295057051
High-straggler,JIT-APFRL,7851,119,4.825891743608245
High-straggler,JIT-APFRL,7851,120,4.678904885704625
High-straggler,JIT-APFRL,7851,121,4.882991911697198
High-straggler,JIT-APFRL,7851,122,4.670682973869134
High-straggler,JIT-APFRL,7851,123,4.860003843009753
High-straggler,JIT-APFRL,7851,124,4.655061658017916
High-straggler,JIT-APFRL,7851,125,4.791286972493531
High-straggler,JIT-APFRL,7851,126,4.694025793065632
High-straggler,JIT-APFRL,7851,127,4.71472176072918
High-straggler,JIT-APFRL,7851,128,4.858728710748175
High-straggler,JIT-APFRL,7851,129,4.954432856373566
High-straggler,JIT-APFRL,7851,130,4.741712087624683
High-straggler,JIT-APFRL,7851,131,4.653082147344938
High-straggler,JIT-APFRL,7851,132,4.776827673836534
High-straggler,JIT-APFRL,7851,133,4.936314956501654
High-straggler,JIT-APFRL,7851,134,4.948940965120217
High-straggler,JIT-APFRL,7851,135,4.920978550711268
High-straggler,JIT-APFRL,7851,136,5.00800988841849
High-straggler,JIT-APFRL,7851,137,4.917731347731575
High-straggler,JIT-APFRL,7851,138,4.912189694964746
High-straggler,JIT-APFRL,7851,139,4.796072241656716
High-straggler,JIT-APFRL,7851,140,4.932386419504044
High-straggler,JIT-APFRL,7851,141,5.023190089904689
High-straggler,JIT-APFRL,7851,142,4.826707420825223
High-straggler,JIT-APFRL,7851,143,4.922116195164663
High-straggler,JIT-APFRL,7851,144,5.020633124037046
High-straggler,JIT-APFRL,7851,145,4.886895879970165
High-straggler,JIT-APFRL,7851,146,4.9499096955965936
High-straggler,JIT-APFRL,7851,147,4.7800052104687545
High-straggler,JIT-APFRL,7851,148,4.917527887878832
High-straggler,JIT-APFRL,7851,149,4.752662934758471
High-straggler,JIT-APFRL,7851,150,4.877101162050975
High-straggler,JIT-APFRL,7851,151,4.780576068505309
High-straggler,JIT-APFRL,7851,152,4.997393885586413
High-straggler,JIT-APFRL,7851,153,4.993276323723341
High-straggler,JIT-APFRL,7851,154,4.7991741065327425
High-straggler,JIT-APFRL,7851,155,5.077165060257887
High-straggler,JIT-APFRL,7851,156,4.71177037552066
High-straggler,JIT-APFRL,7851,157,4.973017851785378
High-straggler,JIT-APFRL,7851,158,4.9782856171190994
High-straggler,JIT-APFRL,7851,159,5.020089717410404
High-straggler,JIT-APFRL,7851,160,5.018328255715678
High-straggler,JIT-APFRL,7851,161,4.981192297207801
High-straggler,JIT-APFRL,7851,162,4.901367496209967
High-straggler,JIT-APFRL,7851,163,4.992649064188341
High-straggler,JIT-APFRL,7851,164,5.069153255402074
High-straggler,JIT-APFRL,7851,165,4.948558992223371
High-straggler,JIT-APFRL,7851,166,4.8740720629256895
High-straggler,JIT-APFRL,7851,167,4.90314532265138
High-straggler,JIT-APFRL,7851,168,4.948674579165798
High-straggler,JIT-APFRL,7851,169,5.104753212839588
High-straggler,JIT-APFRL,7851,170,5.082309530561298
High-straggler,JIT-APFRL,7851,171,4.979097075179043
High-straggler,JIT-APFRL,7851,172,5.055079560163223
High-straggler,JIT-APFRL,7851,173,4.9870349727454455
High-straggler,JIT-APFRL,7851,174,5.149889211273398
High-straggler,JIT-APFRL,7851,175,4.968564985761275
High-straggler,JIT-APFRL,7851,176,4.8602602096266505
High-straggler,JIT-APFRL,7851,177,5.152543408272004
High-straggler,JIT-APFRL,7851,178,4.950982357250096
High-straggler,JIT-APFRL,7851,179,4.697862778914224
High-straggler,JIT-APFRL,7851,180,5.152695818990766
High-straggler,JIT-APFRL,7851,181,5.143249150452953
High-straggler,JIT-APFRL,7851,182,5.201582568781536
High-straggler,JIT-APFRL,7851,183,5.1037124312980735
High-straggler,JIT-APFRL,7851,184,4.978765720319612
High-straggler,JIT-APFRL,7851,185,5.046512838717391
High-straggler,JIT-APFRL,7851,186,5.017630884906183
High-straggler,JIT-APFRL,7851,187,4.938318269273339
High-straggler,JIT-APFRL,7851,188,4.911293972350667
High-straggler,JIT-APFRL,7851,189,4.993034416977304
High-straggler,JIT-APFRL,7851,190,4.996126632807834
High-straggler,JIT-APFRL,7851,191,5.093204189980196
High-straggler,JIT-APFRL,7851,192,5.208184756101516
High-straggler,JIT-APFRL,7851,193,5.012333813788662
High-straggler,JIT-APFRL,7851,194,4.982321690912681
High-straggler,JIT-APFRL,7851,195,5.186293398884455
High-straggler,JIT-APFRL,7851,196,5.116037158410996
High-straggler,JIT-APFRL,7851,197,5.20766997113152
High-straggler,JIT-APFRL,7851,198,5.003854118515185
High-straggler,JIT-APFRL,7851,199,5.136877537864751
High-straggler,JIT-APFRL,7851,200,5.117073536422302
High-straggler,JIT-APFRL,7851,201,5.0623000225358465
High-straggler,JIT-APFRL,7851,202,4.960396314145104
High-straggler,JIT-APFRL,7851,203,5.086290011140793
High-straggler,JIT-APFRL,7851,204,5.374919673752771
High-straggler,JIT-APFRL,7851,205,5.080002623680536
High-straggler,JIT-APFRL,7851,206,5.127342986366238
High-straggler,JIT-APFRL,7851,207,5.030646559291324
High-straggler,JIT-APFRL,7851,208,5.1942006135762
High-straggler,JIT-APFRL,7851,209,5.1058414921518915
High-straggler,JIT-APFRL,7851,210,4.902407058556928
High-straggler,JIT-APFRL,7851,211,5.094653332253296
High-straggler,JIT-APFRL,7851,212,4.976179765247374
High-straggler,JIT-APFRL,7851,213,5.225268943119692
High-straggler,JIT-APFRL,7851,214,5.22104045752686
High-straggler,JIT-APFRL,7851,215,5.052593776190505
High-straggler,JIT-APFRL,7851,216,5.21327922766985
High-straggler,JIT-APFRL,7851,217,5.055479284473458
High-straggler,JIT-APFRL,7851,218,5.034081009578023
High-straggler,JIT-APFRL,7851,219,5.091980082746513
High-straggler,JIT-APFRL,7851,220,4.952313302178733
High-straggler,JIT-APFRL,7851,221,5.099723363722103
High-straggler,JIT-APFRL,7851,222,4.983225839712806
High-straggler,JIT-APFRL,7851,223,5.211002770987774
High-straggler,JIT-APFRL,7851,224,5.038573496036451
High-straggler,JIT-APFRL,7851,225,5.110200271907332
High-straggler,JIT-APFRL,7851,226,5.067281761584185
High-straggler,JIT-APFRL,7851,227,5.205425653299371
High-straggler,JIT-APFRL,7851,228,5.122215109905613
High-straggler,JIT-APFRL,7851,229,5.000057265386376
High-straggler,JIT-APFRL,7851,230,5.025564622332626
High-straggler,JIT-APFRL,7851,231,5.158305942873456
High-straggler,JIT-APFRL,7851,232,5.251225888887984
High-straggler,JIT-APFRL,7851,233,4.938405374615591
High-straggler,JIT-APFRL,7851,234,5.130666689582425
High-straggler,JIT-APFRL,7851,235,5.248417424595309
High-straggler,JIT-APFRL,7851,236,5.1874494067390335
High-straggler,JIT-APFRL,7851,237,5.143215021550936
High-straggler,JIT-APFRL,7851,238,5.057343969796513
High-straggler,JIT-APFRL,7851,239,4.9587345132021055
High-straggler,JIT-APFRL,7851,240,5.079713198814698
High-straggler,JIT-APFRL,7851,241,5.200701761072052
High-straggler,JIT-APFRL,7851,242,5.024993878872123
High-straggler,JIT-APFRL,7851,243,5.210493091880186
High-straggler,JIT-APFRL,7851,244,5.014559001523761
High-straggler,JIT-APFRL,7851,245,5.094212446386986
High-straggler,JIT-APFRL,7851,246,5.072023111556615
High-straggler,JIT-APFRL,7851,247,5.027170197165475
High-straggler,JIT-APFRL,7851,248,5.0510665416689875
High-straggler,JIT-APFRL,7851,249,5.16427493390668
High-straggler,JIT-APFRL,7851,250,5.220735389548488
High-straggler,JIT-APFRL,7851,251,4.9481954798839
High-straggler,JIT-APFRL,7851,252,5.2850480216571745
High-straggler,JIT-APFRL,7851,253,5.135765764605387
High-straggler,JIT-APFRL,7851,254,5.180310323287005
High-straggler,JIT-APFRL,7851,255,5.226420198835434
High-straggler,JIT-APFRL,7851,256,5.297281112743407
High-straggler,JIT-APFRL,7851,257,5.020737957180962
High-straggler,JIT-APFRL,7851,258,5.075312435195359
High-straggler,JIT-APFRL,7851,259,5.056616788492268
High-straggler,JIT-APFRL,7851,260,5.220637935634511
High-straggler,JIT-APFRL,7851,261,5.03347166285021
High-straggler,JIT-APFRL,7851,262,5.123750271777768
High-straggler,JIT-APFRL,7851,263,5.007441750696411
High-straggler,JIT-APFRL,7851,264,5.150821669295714
High-straggler,JIT-APFRL,7851,265,5.127407961971971
High-straggler,JIT-APFRL,7851,266,5.148647400372414
High-straggler,JIT-APFRL,7851,267,5.053355189886739
High-straggler,JIT-APFRL,7851,268,5.1471662734452055
High-straggler,JIT-APFRL,7851,269,5.124702251457809
High-straggler,JIT-APFRL,7851,270,5.0943510283444535
High-straggler,JIT-APFRL,7851,271,5.171245899154746
High-straggler,JIT-APFRL,7851,272,5.146129924810364
High-straggler,JIT-APFRL,7851,273,5.182155212046761
High-straggler,JIT-APFRL,7851,274,5.018717129862597
High-straggler,JIT-APFRL,7851,275,5.135813801794883
High-straggler,JIT-APFRL,7851,276,5.074170151075317
High-straggler,JIT-APFRL,7851,277,5.165470292602668
High-straggler,JIT-APFRL,7851,278,5.235452261840905
High-straggler,JIT-APFRL,7851,279,5.034837566928005
High-straggler,JIT-APFRL,7851,280,5.068687422146851
High-straggler,JIT-APFRL,7851,281,5.226356814601136
High-straggler,JIT-APFRL,7851,282,5.125083469391999
High-straggler,JIT-APFRL,7851,283,5.251828854253797
High-straggler,JIT-APFRL,7851,284,5.171368512699912
High-straggler,JIT-APFRL,7851,285,5.3641748772207025
High-straggler,JIT-APFRL,7851,286,5.154889329047203
High-straggler,JIT-APFRL,7851,287,5.146786690424651
High-straggler,JIT-APFRL,7851,288,5.1595207027390755
High-straggler,JIT-APFRL,7851,289,5.121545495306057
High-straggler,JIT-APFRL,7851,290,5.113974461688438
High-straggler,JIT-APFRL,7851,291,5.119684916697773
High-straggler,JIT-APFRL,7851,292,5.116525376699804
High-straggler,JIT-APFRL,7851,293,5.25941883112014
High-straggler,JIT-APFRL,7851,294,5.060749926603666
High-straggler,JIT-APFRL,7851,295,4.97553573569829
High-straggler,JIT-APFRL,7851,296,5.222383915589196
High-straggler,JIT-APFRL,7851,297,5.174334521017232
High-straggler,JIT-APFRL,7851,298,5.170570423156999
High-straggler,JIT-APFRL,7851,299,5.153783769614823
High-straggler,JIT-APFRL,7851,300,5.139517327461453
High-straggler,JIT-APFRL,7851,301,5.144424807137014
High-straggler,JIT-APFRL,7851,302,5.095448439986777
High-straggler,JIT-APFRL,7851,303,5.202222889898187
High-straggler,JIT-APFRL,7851,304,5.126040770818436
High-straggler,JIT-APFRL,7851,305,5.082118302263872
High-straggler,JIT-APFRL,7851,306,5.066186656928794
High-straggler,JIT-APFRL,7851,307,5.112939983413451
High-straggler,JIT-APFRL,7851,308,5.134512576402807
High-straggler,JIT-APFRL,7851,309,5.099489572262544
High-straggler,JIT-APFRL,7851,310,5.338152529359257
High-straggler,JIT-APFRL,7851,311,4.962189030746594
High-straggler,JIT-APFRL,7851,312,5.0845704762509625
High-straggler,JIT-APFRL,7851,313,5.340232089829091
High-straggler,JIT-APFRL,7851,314,5.270247561683039
High-straggler,JIT-APFRL,7851,315,5.296883112921567
High-straggler,JIT-APFRL,7851,316,5.046978801586643
High-straggler,JIT-APFRL,7851,317,5.109333942998912
High-straggler,JIT-APFRL,7851,318,5.231332865884214
High-straggler,JIT-APFRL,7851,319,5.235804850782657
High-straggler,JIT-APFRL,7851,320,5.198836519650755
High-straggler,JIT-APFRL,7851,321,5.154998459361386
High-straggler,JIT-APFRL,7851,322,5.204272182069795
High-straggler,JIT-APFRL,7851,323,5.279944951462314
High-straggler,JIT-APFRL,7851,324,5.135165495903355
High-straggler,JIT-APFRL,7851,325,5.132902121883566
High-straggler,JIT-APFRL,7851,326,5.163446012040139
High-straggler,JIT-APFRL,7851,327,5.108644514381529
High-straggler,JIT-APFRL,7851,328,5.064835567330703
High-straggler,JIT-APFRL,7851,329,5.14570281936878
High-straggler,JIT-APFRL,7851,330,5.136177650392972
High-straggler,JIT-APFRL,7851,331,5.098026010500611
High-straggler,JIT-APFRL,7851,332,5.097584802308077
High-straggler,JIT-APFRL,7851,333,5.128221857327641
High-straggler,JIT-APFRL,7851,334,5.2315563204462325
High-straggler,JIT-APFRL,7851,335,5.082396113331101
High-straggler,JIT-APFRL,7851,336,5.277258299888979
High-straggler,JIT-APFRL,7851,337,5.031599639714024
High-straggler,JIT-APFRL,7851,338,5.110574872518156
High-straggler,JIT-APFRL,7851,339,5.171564858849589
High-straggler,JIT-APFRL,7851,340,5.290133489512431
High-straggler,JIT-APFRL,7851,341,5.151922829645659
High-straggler,JIT-APFRL,7851,342,5.0216310207879875
High-straggler,JIT-APFRL,7851,343,5.232351767790811
High-straggler,JIT-APFRL,7851,344,5.2804105656165214
High-straggler,JIT-APFRL,7851,345,5.190452931411843
High-straggler,JIT-APFRL,7851,346,5.083519706377754
High-straggler,JIT-APFRL,7851,347,5.090138329902941
High-straggler,JIT-APFRL,7851,348,5.150595095741624
High-straggler,JIT-APFRL,7851,349,5.272399184166207
High-straggler,JIT-APFRL,7851,350,5.201766459601069
High-straggler,JIT-APFRL,7851,351,5.1486270929487405
High-straggler,JIT-APFRL,7851,352,5.154439613243698
High-straggler,JIT-APFRL,7851,353,5.156975223526729
High-straggler,JIT-APFRL,7851,354,5.154118674626719
High-straggler,JIT-APFRL,7851,355,5.270436199816972
High-straggler,JIT-APFRL,7851,356,5.159664571255235
High-straggler,JIT-APFRL,7851,357,5.058823963654504
High-straggler,JIT-APFRL,7851,358,5.066998011120015
High-straggler,JIT-APFRL,7851,359,5.139136751569218
High-straggler,JIT-APFRL,7851,360,5.322327554743656
High-straggler,JIT-APFRL,7851,361,5.182240496491872
High-straggler,JIT-APFRL,7851,362,5.242011196458492
High-straggler,JIT-APFRL,7851,363,5.178054960034887
High-straggler,JIT-APFRL,7851,364,5.282074425646952
High-straggler,JIT-APFRL,7851,365,5.137690959496076
High-straggler,JIT-APFRL,7851,366,5.408308239184398
High-straggler,JIT-APFRL,7851,367,5.226038176006667
High-straggler,JIT-APFRL,7851,368,5.08237365018441
High-straggler,JIT-APFRL,7851,369,5.2981843736196526
High-straggler,JIT-APFRL,7851,370,5.344015223821491
High-straggler,JIT-APFRL,7851,371,5.232047024078487
High-straggler,JIT-APFRL,7851,372,5.195230488314547
High-straggler,JIT-APFRL,7851,373,5.066327492097156
High-straggler,JIT-APFRL,7851,374,5.241147680415248
High-straggler,JIT-APFRL,7851,375,5.027659795110604
High-straggler,JIT-APFRL,7851,376,5.060729864686286
High-straggler,JIT-APFRL,7851,377,5.225759978491173
High-straggler,JIT-APFRL,7851,378,5.0938778508938105
High-straggler,JIT-APFRL,7851,379,5.174166919109453
High-straggler,JIT-APFRL,7851,380,5.172287969069287
High-straggler,JIT-APFRL,7851,381,5.168954486297263
High-straggler,JIT-APFRL,7851,382,5.064299063916333
High-straggler,JIT-APFRL,7851,383,5.202745317358136
High-straggler,JIT-APFRL,7851,384,5.09790933428053
High-straggler,JIT-APFRL,7851,385,5.176147051424026
High-straggler,JIT-APFRL,7851,386,5.316821563919892
High-straggler,JIT-APFRL,7851,387,5.066373894237689
High-straggler,JIT-APFRL,7851,388,5.175616922967855
High-straggler,JIT-APFRL,7851,389,5.110818755507387
High-straggler,JIT-APFRL,7851,390,5.2170150445432615
High-straggler,JIT-APFRL,7851,391,5.250753004114269
High-straggler,JIT-APFRL,7851,392,5.177152110230879
High-straggler,JIT-APFRL,7851,393,5.266583170705694
High-straggler,JIT-APFRL,7851,394,5.07023917294405
High-straggler,JIT-APFRL,7851,395,5.334129352610709
High-straggler,JIT-APFRL,7851,396,5.034046724131731
High-straggler,JIT-APFRL,7851,397,5.161233477482665
High-straggler,JIT-APFRL,7851,398,5.176418730424509
High-straggler,JIT-APFRL,7851,399,5.209306549487335
High-straggler,JIT-APFRL,7851,400,5.183113878306858
