scenario,method,seed,round,p95_jit_violation_ms
High-straggler,Async-FedDRL,3407,1,288.1829939721492
High-straggler,Async-FedDRL,3407,2,338.00429183600653
High-straggler,Async-FedDRL,3407,3,274.0823744757009
High-straggler,Async-FedDRL,3407,4,284.47157706845627
High-straggler,Async-FedDRL,3407,5,255.5877818679364
High-straggler,Async-FedDRL,3407,6,287.60077595957307
High-straggler,Async-FedDRL,3407,7,321.9788027495655
High-straggler,Async-FedDRL,3407,8,220.71999307572105
High-straggler,Async-FedDRL,3407,9,317.4735129880648
High-straggler,Async-FedDRL,3407,10,288.8756214426534
High-straggler,Async-FedDRL,3407,11,246.01257487387068
High-straggler,Async-FedDRL,3407,12,247.68952469649483
High-straggler,Async-FedDRL,3407,13,273.76114870020905
High-straggler,Async-FedDRL,3407,14,307.78396252057735
High-straggler,Async-FedDRL,3407,15,241.15828964442966
High-straggler,Async-FedDRL,3407,16,289.94828689509814
High-straggler,Async-FedDRL,3407,17,256.8049862009961
High-straggler,Async-FedDRL,3407,18,251.18123302836068
High-straggler,Async-FedDRL,3407,19,240.87882432223088
High-straggler,Async-FedDRL,3407,20,257.1283599103186
High-straggler,Async-FedDRL,3407,21,251.5447077638096
High-straggler,Async-FedDRL,3407,22,236.42939714888405
High-straggler,Async-FedDRL,3407,23,282.0751861561552
High-straggler,Async-FedDRL,3407,24,224.53224868352308
High-straggler,Async-FedDRL,3407,25,212.4580008940777
High-straggler,Async-FedDRL,3407,26,281.61978833255534
High-straggler,Async-FedDRL,3407,27,245.92664448962296
High-straggler,Async-FedDRL,3407,28,272.7778566162675
High-straggler,Async-FedDRL,3407,29,290.59972670518727
High-straggler,Async-FedDRL,3407,30,255.75279264524585
High-straggler,Async-FedDRL,3407,31,218.89215125934768
High-straggler,Async-FedDRL,3407,32,281.647717024891
High-straggler,Async-FedDRL,3407,33,241.48192192328705
High-straggler,Async-FedDRL,3407,34,247.557302464459
High-straggler,Async-FedDRL,3407,35,262.9224359382722
High-straggler,Async-FedDRL,3407,36,211.19114715610806
High-straggler,Async-FedDRL,3407,37,250.71054372705328
High-straggler,Async-FedDRL,3407,38,292.22207824614344
High-straggler,Async-FedDRL,3407,39,272.55818919636744
High-straggler,Async-FedDRL,3407,40,243.58076031301204
High-straggler,Async-FedDRL,3407,41,248.61303030025556
High-straggler,Async-FedDRL,3407,42,255.36287683259738
High-straggler,Async-FedDRL,3407,43,236.3736526114774
High-straggler,Async-FedDRL,3407,44,265.3198012366688
High-straggler,Async-FedDRL,3407,45,221.3996102293427
High-straggler,Async-FedDRL,3407,46,272.10040973189035
High-straggler,Async-FedDRL,3407,47,236.25123616790722
High-straggler,Async-FedDRL,3407,48,209.8578568949211
High-straggler,Async-FedDRL,3407,49,244.32566489683913
High-straggler,Async-FedDRL,3407,50,219.25474747876694
High-straggler,Async-FedDRL,3407,51,234.98328213209717
High-straggler,Async-FedDRL,3407,52,226.98184794745004
High-straggler,Async-FedDRL,3407,53,203.68614987224
High-straggler,Async-FedDRL,3407,54,219.56604946156406
High-straggler,Async-FedDRL,3407,55,233.0411897615785
High-straggler,Async-FedDRL,3407,56,249.0552516473488
High-straggler,Async-FedDRL,3407,57,227.87573288570312
High-straggler,Async-FedDRL,3407,58,253.47728294048935
High-straggler,Async-FedDRL,3407,59,233.8834422131678
High-straggler,Async-FedDRL,3407,60,219.41727521372903
High-straggler,Async-FedDRL,3407,61,181.78370151358803
High-straggler,Async-FedDRL,3407,62,213.92780100776957
High-straggler,Async-FedDRL,3407,63,206.81684511281009
High-straggler,Async-FedDRL,3407,64,208.9922806335507
High-straggler,Async-FedDRL,3407,65,221.19192160029735
High-straggler,Async-FedDRL,3407,66,277.8383853712311
High-straggler,Async-FedDRL,3407,67,177.1941533866206
High-straggler,Async-FedDRL,3407,68,245.40732279083826
High-straggler,Async-FedDRL,3407,69,234.5627251240778
High-straggler,Async-FedDRL,3407,70,205.7906239084524
High-straggler,Async-FedDRL,3407,71,174.17820937990453
High-straggler,Async-FedDRL,3407,72,248.30359060291437
High-straggler,Async-FedDRL,3407,73,182.9223064272799
High-straggler,Async-FedDRL,3407,74,233.73520144178346
High-straggler,Async-FedDRL,3407,75,215.7941774362281
High-straggler,Async-FedDRL,3407,76,238.22301694897348
High-straggler,Async-FedDRL,3407,77,209.58394515215429
High-straggler,Async-FedDRL,3407,78,173.0484962618464
High-straggler,Async-FedDRL,3407,79,211.44491547900077
High-straggler,Async-FedDRL,3407,80,194.32918005337862
High-straggler,Async-FedDRL,3407,81,209.6767416996767
High-straggler,Async-FedDRL,3407,82,192.43547267614866
High-straggler,Async-FedDRL,3407,83,177.37723199505882
High-straggler,Async-FedDRL,3407,84,172.1826301531112
High-straggler,Async-FedDRL,3407,85,172.0889811540775
High-straggler,Async-FedDRL,3407,86,182.20960683403936
High-straggler,Async-FedDRL,3407,87,186.70077926575038
High-straggler,Async-FedDRL,3407,88,187.06351544536042
High-straggler,Async-FedDRL,3407,89,183.29128741083215
High-straggler,Async-FedDRL,3407,90,165.74810125713304
High-straggler,Async-FedDRL,3407,91,155.33641964275017
High-straggler,Async-FedDRL,3407,92,188.76386558829225
High-straggler,Async-FedDRL,3407,93,206.22099922168053
High-straggler,Async-FedDRL,3407,94,172.24196010509831
High-straggler,Async-FedDRL,3407,95,225.83753666753864
High-straggler,Async-FedDRL,3407,96,142.33463854124983
High-straggler,Async-FedDRL,3407,97,182.4586680457761
High-straggler,Async-FedDRL,3407,98,143.25536659900126
High-straggler,Async-FedDRL,3407,99,178.5387207417344
High-straggler,Async-FedDRL,3407,100,174.06505331716488
High-straggler,Async-FedDRL,3407,101,214.40920443120928
High-straggler,Async-FedDRL,3407,102,145.33307907907573
High-straggler,Async-FedDRL,3407,103,146.75754061364344
High-straggler,Async-FedDRL,3407,104,165.68980840471735
High-straggler,Async-FedDRL,3407,105,167.13681418472976
High-straggler,Async-FedDRL,3407,106,145.86473806401045
High-straggler,Async-FedDRL,3407,107,128.7501846544883
High-straggler,Async-FedDRL,3407,108,198.8745387164057
High-straggler,Async-FedDRL,3407,109,159.67276915755255
High-straggler,Async-FedDRL,3407,110,117.57812284232044
High-straggler,Async-FedDRL,3407,111,166.66618727902775
High-straggler,Async-FedDRL,3407,112,181.79822774732236
High-straggler,Async-FedDRL,3407,113,187.22298889835386
High-straggler,Async-FedDRL,3407,114,130.09803238316596
High-straggler,Async-FedDRL,3407,115,146.1470744371324
High-straggler,Async-FedDRL,3407,116,142.7698846722299
High-straggler,Async-FedDRL,3407,117,134.663561428791
High-straggler,Async-FedDRL,3407,118,116.26141425915719
High-straggler,Async-FedDRL,3407,119,175.80459741927123
High-straggler,Async-FedDRL,3407,120,154.10695128293284
High-straggler,Async-FedDRL,3407,121,141.07865696262974
High-straggler,Async-FedDRL,3407,122,157.51462520717627
High-straggler,Async-FedDRL,3407,123,164.16380031772863
High-straggler,Async-FedDRL,3407,124,166.16498227081678
High-straggler,Async-FedDRL,3407,125,113.1766392094151
High-straggler,Async-FedDRL,3407,126,132.84286619614662
High-straggler,Async-FedDRL,3407,127,104.98611486855751
High-straggler,Async-FedDRL,3407,128,155.41061706912978
High-straggler,Async-FedDRL,3407,129,117.50279947819176
High-straggler,Async-FedDRL,3407,130,132.4474689810827
High-straggler,Async-FedDRL,3407,131,174.90107792626875
High-straggler,Async-FedDRL,3407,132,124.43930623951519
High-straggler,Async-FedDRL,3407,133,144.1992799541179
High-straggler,Async-FedDRL,3407,134,115.15202518627208
High-straggler,Async-FedDRL,3407,135,149.03985727623973
High-straggler,Async-FedDRL,3407,136,153.88680125199448
High-straggler,Async-FedDRL,3407,137,111.68580557988295
High-straggler,Async-FedDRL,3407,138,122.8573610020798
High-straggler,Async-FedDRL,3407,139,186.75980613278634
High-straggler,Async-FedDRL,3407,140,141.38353464826255
High-straggler,Async-FedDRL,3407,141,119.60925490342574
High-straggler,Async-FedDRL,3407,142,144.77202385276163
High-straggler,Async-FedDRL,3407,143,135.1710381899336
High-straggler,Async-FedDRL,3407,144,107.26790535014828
High-straggler,Async-FedDRL,3407,145,100.4081278006202
High-straggler,Async-FedDRL,3407,146,136.04138439306965
High-straggler,Async-FedDRL,3407,147,133.2797169409207
High-straggler,Async-FedDRL,3407,148,127.0004476078736
High-straggler,Async-FedDRL,3407,149,114.37328642038071
High-straggler,Async-FedDRL,3407,150,122.74851665717884
High-straggler,Async-FedDRL,3407,151,150.93439268597504
High-straggler,Async-FedDRL,3407,152,130.42549494771217
High-straggler,Async-FedDRL,3407,153,124.43502756559003
High-straggler,Async-FedDRL,3407,154,132.67624413840932
High-straggler,Async-FedDRL,3407,155,126.92415735416948
High-straggler,Async-FedDRL,3407,156,126.15409814558816
High-straggler,Async-FedDRL,3407,157,120.28170131994645
High-straggler,Async-FedDRL,3407,158,138.6215067009978
High-straggler,Async-FedDRL,3407,159,109.78528491251284
High-straggler,Async-FedDRL,3407,160,150.54395399327075
High-straggler,Async-FedDRL,3407,161,143.11651548438593
High-straggler,Async-FedDRL,3407,162,94.0486633268036
High-straggler,Async-FedDRL,3407,163,133.80593359841455
High-straggler,Async-FedDRL,3407,164,120.93482897728065
High-straggler,Async-FedDRL,3407,165,113.84067841702816
High-straggler,Async-FedDRL,3407,166,110.05878241149539
High-straggler,Async-FedDRL,3407,167,127.026497000522
High-straggler,Async-FedDRL,3407,168,128.81831061102227
High-straggler,Async-FedDRL,3407,169,98.21979799581966
High-straggler,Async-FedDRL,3407,170,135.80249346530934
High-straggler,Async-FedDRL,3407,171,108.09360405733904
High-straggler,Async-FedDRL,3407,172,122.54606547234272
High-straggler,Async-FedDRL,3407,173,145.2644989747325
High-straggler,Async-FedDRL,3407,174,109.0959375779847
High-straggler,Async-FedDRL,3407,175,121.15566811026275
High-straggler,Async-FedDRL,3407,176,88.31651322582393
High-straggler,Async-FedDRL,3407,177,140.1903993173024
High-straggler,Async-FedDRL,3407,178,101.80365320544603
High-straggler,Async-FedDRL,3407,179,149.5066016979953
High-straggler,Async-FedDRL,3407,180,134.69871841795904
High-straggler,Async-FedDRL,3407,181,145.27859165570902
High-straggler,Async-FedDRL,3407,182,127.0709344878126
High-straggler,Async-FedDRL,3407,183,136.0516534520707
High-straggler,Async-FedDRL,3407,184,125.85113651361164
High-straggler,Async-FedDRL,3407,185,99.48640880135751
High-straggler,Async-FedDRL,3407,186,125.69080555794567
High-straggler,Async-FedDRL,3407,187,89.63784204810372
High-straggler,Async-FedDRL,3407,188,123.48160446720219
High-straggler,Async-FedDRL,3407,189,104.69572852824217
High-straggler,Async-FedDRL,3407,190,132.8404102457059
High-straggler,Async-FedDRL,3407,191,98.74170160600171
High-straggler,Async-FedDRL,3407,192,147.59930599266087
High-straggler,Async-FedDRL,3407,193,118.92926766717815
High-straggler,Async-FedDRL,3407,194,83.2254238453365
High-straggler,Async-FedDRL,3407,195,118.61235653169109
High-straggler,Async-FedDRL,3407,196,142.82083210845656
High-straggler,Async-FedDRL,3407,197,127.27932468531215
High-straggler,Async-FedDRL,3407,198,145.08999126140512
High-straggler,Async-FedDRL,3407,199,110.10145161114102
High-straggler,Async-FedDRL,3407,200,97.53056675069841
High-straggler,Async-FedDRL,3407,201,117.59788215033534
High-straggler,Async-FedDRL,3407,202,114.44296113060042
High-straggler,Async-FedDRL,3407,203,100.87714252175641
High-straggler,Async-FedDRL,3407,204,109.07012870233669
High-straggler,Async-FedDRL,3407,205,129.82207212242477
High-straggler,Async-FedDRL,3407,206,107.38253520949672
High-straggler,Async-FedDRL,3407,207,121.38030664119785
High-straggler,Async-FedDRL,3407,208,124.43063109162132
High-straggler,Async-FedDRL,3407,209,133.0079304923167
High-straggler,Async-FedDRL,3407,210,120.70377618453706
High-straggler,Async-FedDRL,3407,211,92.30463968348423
High-straggler,Async-FedDRL,3407,212,122.94035117031271
High-straggler,Async-FedDRL,3407,213,109.46355793508953
High-straggler,Async-FedDRL,3407,214,113.94753033956772
High-straggler,Async-FedDRL,3407,215,111.18740964581832
High-straggler,Async-FedDRL,3407,216,103.58272314745075
High-straggler,Async-FedDRL,3407,217,113.26015809078724
High-straggler,Async-FedDRL,3407,218,122.70894598373583
High-straggler,Async-FedDRL,3407,219,122.50789111611795
High-straggler,Async-FedDRL,3407,220,119.8287633785418
High-straggler,Async-FedDRL,3407,221,124.89328004707704
High-straggler,Async-FedDRL,3407,222,110.12014060215252
High-straggler,Async-FedDRL,3407,223,130.58211236908505
High-straggler,Async-FedDRL,3407,224,89.63508526134791
High-straggler,Async-FedDRL,3407,225,104.16493354129045
High-straggler,Async-FedDRL,3407,226,118.06856550290188
High-straggler,Async-FedDRL,3407,227,106.54740285426
High-straggler,Async-FedDRL,3407,228,90.33693297425455
High-straggler,Async-FedDRL,3407,229,115.00507858759076
High-straggler,Async-FedDRL,3407,230,137.381222790303
High-straggler,Async-FedDRL,3407,231,88.52337946477253
High-straggler,Async-FedDRL,3407,232,105.27775667194004
High-straggler,Async-FedDRL,3407,233,130.02628894757422
High-straggler,Async-FedDRL,3407,234,128.59818040298208
High-straggler,Async-FedDRL,3407,235,90.80669303785943
High-straggler,Async-FedDRL,3407,236,126.40769004343784
High-straggler,Async-FedDRL,3407,237,125.38196566700357
High-straggler,Async-FedDRL,3407,238,119.10433996670972
High-straggler,Async-FedDRL,3407,239,94.76444578315225
High-straggler,Async-FedDRL,3407,240,121.65027831192208
High-straggler,Async-FedDRL,3407,241,112.09993322962647
High-straggler,Async-FedDRL,3407,242,90.49687179804744
High-straggler,Async-FedDRL,3407,243,102.20599746907118
High-straggler,Async-FedDRL,3407,244,85.39967182412121
High-straggler,Async-FedDRL,3407,245,82.05721203986054
High-straggler,Async-FedDRL,3407,246,121.06324791656452
High-straggler,Async-FedDRL,3407,247,129.82263725907868
High-straggler,Async-FedDRL,3407,248,85.9874528561976
High-straggler,Async-FedDRL,3407,249,115.27813495916675
High-straggler,Async-FedDRL,3407,250,78.72359859325812
High-straggler,Async-FedDRL,3407,251,82.79369019540725
High-straggler,Async-FedDRL,3407,252,88.53210061289431
High-straggler,Async-FedDRL,3407,253,74.60723531799752
High-straggler,Async-FedDRL,3407,254,108.08386152220044
High-straggler,Async-FedDRL,3407,255,122.5403420286702
High-straggler,Async-FedDRL,3407,256,130.25214250767942
High-straggler,Async-FedDRL,3407,257,108.63481725874928
High-straggler,Async-FedDRL,3407,258,81.42035323091875
High-straggler,Async-FedDRL,3407,259,91.09334415123273
High-straggler,Async-FedDRL,3407,260,113.09986312981125
High-straggler,Async-FedDRL,3407,261,105.86809477174769
High-straggler,Async-FedDRL,3407,262,87.79553801496164
High-straggler,Async-FedDRL,3407,263,111.75867359085763
High-straggler,Async-FedDRL,3407,264,77.87642178697307
High-straggler,Async-FedDRL,3407,265,67.51809475300313
High-straggler,Async-FedDRL,3407,266,97.83604413791168
High-straggler,Async-FedDRL,3407,267,88.76168111098603
High-straggler,Async-FedDRL,3407,268,144.11665896237832
High-straggler,Async-FedDRL,3407,269,69.28768184806894
High-straggler,Async-FedDRL,3407,270,107.30009062823552
High-straggler,Async-FedDRL,3407,271,103.66794202495147
High-straggler,Async-FedDRL,3407,272,96.65191531491206
High-straggler,Async-FedDRL,3407,273,102.2527546364903
High-straggler,Async-FedDRL,3407,274,113.72054221209446
High-straggler,Async-FedDRL,3407,275,87.06632482808352
High-straggler,Async-FedDRL,3407,276,106.19311374450712
High-straggler,Async-FedDRL,3407,277,85.28852942116025
High-straggler,Async-FedDRL,3407,278,77.54571718236097
High-straggler,Async-FedDRL,3407,279,116.50134739739131
High-straggler,Async-FedDRL,3407,280,126.07801317121387
High-straggler,Async-FedDRL,3407,281,114.0191295209352
High-straggler,Async-FedDRL,3407,282,120.98492849617439
High-straggler,Async-FedDRL,3407,283,96.69054182727338
High-straggler,Async-FedDRL,3407,284,82.61590711811347
High-straggler,Async-FedDRL,3407,285,83.42880500328798
High-straggler,Async-FedDRL,3407,286,66.16601414720728
High-straggler,Async-FedDRL,3407,287,80.55467060105902
High-straggler,Async-FedDRL,3407,288,99.47131457194685
High-straggler,Async-FedDRL,3407,289,114.71854656431162
High-straggler,Async-FedDRL,3407,290,106.96101948059136
High-straggler,Async-FedDRL,3407,291,80.90481975868535
High-straggler,Async-FedDRL,3407,292,72.52652320400075
High-straggler,Async-FedDRL,3407,293,110.78464954822256
High-straggler,Async-FedDRL,3407,294,71.06147819262169
High-straggler,Async-FedDRL,3407,295,103.6038460340882
High-straggler,Async-FedDRL,3407,296,90.41644046293897
High-straggler,Async-FedDRL,3407,297,111.07856107406828
High-straggler,Async-FedDRL,3407,298,118.10426535319026
High-straggler,Async-FedDRL,3407,299,134.1671298748501
High-straggler,Async-FedDRL,3407,300,109.2892794447279
High-straggler,Async-FedDRL,3407,301,123.82397124182702
High-straggler,Async-FedDRL,3407,302,44.75292417609862
High-straggler,Async-FedDRL,3407,303,95.33421087857265
High-straggler,Async-FedDRL,3407,304,111.23164177551139
High-straggler,Async-FedDRL,3407,305,67.31908297534171
High-straggler,Async-FedDRL,3407,306,120.2360666455742
High-straggler,Async-FedDRL,3407,307,89.97117753552668
High-straggler,Async-FedDRL,3407,308,105.57282388257475
High-straggler,Async-FedDRL,3407,309,88.05146507505198
High-straggler,Async-FedDRL,3407,310,76.63950878445793
High-straggler,Async-FedDRL,3407,311,95.38747553648929
High-straggler,Async-FedDRL,3407,312,105.50485071529859
High-straggler,Async-FedDRL,3407,313,105.32386725150596
High-straggler,Async-FedDRL,3407,314,98.51939891638702
High-straggler,Async-FedDRL,3407,315,95.46583946851266
High-straggler,Async-FedDRL,3407,316,95.85587608981369
High-straggler,Async-FedDRL,3407,317,123.39682259671547
High-straggler,Async-FedDRL,3407,318,105.27498285029498
High-straggler,Async-FedDRL,3407,319,96.20326304518996
High-straggler,Async-FedDRL,3407,320,91.39774051686673
High-straggler,Async-FedDRL,3407,321,93.26259969677146
High-straggler,Async-FedDRL,3407,322,62.974955313356716
High-straggler,Async-FedDRL,3407,323,93.79543464036183
High-straggler,Async-FedDRL,3407,324,105.11642289090295
High-straggler,Async-FedDRL,3407,325,109.24537835532769
High-straggler,Async-FedDRL,3407,326,96.54119598034313
High-straggler,Async-FedDRL,3407,327,89.60299726547193
High-straggler,Async-FedDRL,3407,328,72.55982135987935
High-straggler,Async-FedDRL,3407,329,84.03818874035669
High-straggler,Async-FedDRL,3407,330,92.70197348374981
High-straggler,Async-FedDRL,3407,331,89.51925248632516
High-straggler,Async-FedDRL,3407,332,98.80833582892959
High-straggler,Async-FedDRL,3407,333,58.8782897184742
High-straggler,Async-FedDRL,3407,334,60.05256818575298
High-straggler,Async-FedDRL,3407,335,64.34494559070349
High-straggler,Async-FedDRL,3407,336,96.92089688430177
High-straggler,Async-FedDRL,3407,337,96.71856974569909
High-straggler,Async-FedDRL,3407,338,69.0176198413839
High-straggler,Async-FedDRL,3407,339,86.20692626213257
High-straggler,Async-FedDRL,3407,340,112.61733708129171
High-straggler,Async-FedDRL,3407,341,99.65480581121217
High-straggler,Async-FedDRL,3407,342,81.68183322899127
High-straggler,Async-FedDRL,3407,343,89.07985299470735
High-straggler,Async-FedDRL,3407,344,80.57765215139453
High-straggler,Async-FedDRL,3407,345,71.12135619017208
High-straggler,Async-FedDRL,3407,346,98.05492611455387
High-straggler,Async-FedDRL,3407,347,81.88271529716222
High-straggler,Async-FedDRL,3407,348,52.60948751921316
High-straggler,Async-FedDRL,3407,349,83.8239950084087
High-straggler,Async-FedDRL,3407,350,113.85495669286514
High-straggler,Async-FedDRL,3407,351,89.174132402832
High-straggler,Async-FedDRL,3407,352,66.42870690538025
High-straggler,Async-FedDRL,3407,353,54.39050407591423
High-straggler,Async-FedDRL,3407,354,100.23945633972758
High-straggler,Async-FedDRL,3407,355,82.41080299204489
High-straggler,Async-FedDRL,3407,356,74.66376032471996
High-straggler,Async-FedDRL,3407,357,77.27181235815323
High-straggler,Async-FedDRL,3407,358,84.47011409637985
High-straggler,Async-FedDRL,3407,359,115.08955396261433
High-straggler,Async-FedDRL,3407,360,74.90301474023585
High-straggler,Async-FedDRL,3407,361,95.29372694110471
High-straggler,Async-FedDRL,3407,362,115.125626773566
High-straggler,Async-FedDRL,3407,363,86.71235078067542
High-straggler,Async-FedDRL,3407,364,36.795820864808626
High-straggler,Async-FedDRL,3407,365,53.74679563183481
High-straggler,Async-FedDRL,3407,366,71.98738381423422
High-straggler,Async-FedDRL,3407,367,57.448034204624854
High-straggler,Async-FedDRL,3407,368,59.254796288170375
High-straggler,Async-FedDRL,3407,369,94.89217934871556
High-straggler,Async-FedDRL,3407,370,50.10837682725841
High-straggler,Async-FedDRL,3407,371,58.59387654147488
High-straggler,Async-FedDRL,3407,372,90.11183190553045
High-straggler,Async-FedDRL,3407,373,62.544509174826594
High-straggler,Async-FedDRL,3407,374,105.8630041111613
High-straggler,Async-FedDRL,3407,375,33.27865402768309
High-straggler,Async-FedDRL,3407,376,104.32772489515865
High-straggler,Async-FedDRL,3407,377,105.06146507845654
High-straggler,Async-FedDRL,3407,378,96.30383630084171
High-straggler,Async-FedDRL,3407,379,96.96888439187147
High-straggler,Async-FedDRL,3407,380,92.24946612024355
High-straggler,Async-FedDRL,3407,381,100.57849429843556
High-straggler,Async-FedDRL,3407,382,85.52072495513187
High-straggler,Async-FedDRL,3407,383,86.08406975582511
High-straggler,Async-FedDRL,3407,384,105.42088517230813
High-straggler,Async-FedDRL,3407,385,78.23217644642769
High-straggler,Async-FedDRL,3407,386,61.56400872744641
High-straggler,Async-FedDRL,3407,387,97.97175298311292
High-straggler,Async-FedDRL,3407,388,93.1031637860341
High-straggler,Async-FedDRL,3407,389,104.34014801672495
High-straggler,Async-FedDRL,3407,390,108.74741622909738
High-straggler,Async-FedDRL,3407,391,75.05241420492564
High-straggler,Async-FedDRL,3407,392,92.74915544414553
High-straggler,Async-FedDRL,3407,393,108.640836223107
High-straggler,Async-FedDRL,3407,394,102.12555361134571
High-straggler,Async-FedDRL,3407,395,97.71657298824547
High-straggler,Async-FedDRL,3407,396,96.7092682239986
High-straggler,Async-FedDRL,3407,397,92.92863728919875
High-straggler,Async-FedDRL,3407,398,50.32845780403288
High-straggler,Async-FedDRL,3407,399,65.60685509954898
High-straggler,Async-FedDRL,3407,400,85.46237270958468
High-straggler,Async-FedDRL,4518,1,305.7269993612733
High-straggler,Async-FedDRL,4518,2,276.80279639615384
High-straggler,Async-FedDRL,4518,3,292.125970481185
High-straggler,Async-FedDRL,4518,4,251.58716771616923
High-straggler,Async-FedDRL,4518,5,270.51830964019024
High-straggler,Async-FedDRL,4518,6,301.9070125623273
High-straggler,Async-FedDRL,4518,7,225.0749353941751
High-straggler,Async-FedDRL,4518,8,271.6262634810008
High-straggler,Async-FedDRL,4518,9,300.4577022159464
High-straggler,Async-FedDRL,4518,10,261.86300259453134
High-straggler,Async-FedDRL,4518,11,270.9593847558156
High-straggler,Async-FedDRL,4518,12,309.4746690513084
High-straggler,Async-FedDRL,4518,13,287.1379085529007
High-straggler,Async-FedDRL,4518,14,257.6532038070781
High-straggler,Async-FedDRL,4518,15,268.16203240993445
High-straggler,Async-FedDRL,4518,16,302.81193864059105
High-straggler,Async-FedDRL,4518,17,320.7547684560192
High-straggler,Async-FedDRL,4518,18,252.44654849977348
High-straggler,Async-FedDRL,4518,19,328.3262157259118
High-straggler,Async-FedDRL,4518,20,341.4765341903125
High-straggler,Async-FedDRL,4518,21,234.5527739903532
High-straggler,Async-FedDRL,4518,22,311.0420482312858
High-straggler,Async-FedDRL,4518,23,286.3734550882841
High-straggler,Async-FedDRL,4518,24,297.67054402865267
High-straggler,Async-FedDRL,4518,25,290.26611783909675
High-straggler,Async-FedDRL,4518,26,270.2735032251967
High-straggler,Async-FedDRL,4518,27,280.1219304376937
High-straggler,Async-FedDRL,4518,28,240.0018828828276
High-straggler,Async-FedDRL,4518,29,269.04791308005497
High-straggler,Async-FedDRL,4518,30,308.33564465348314
High-straggler,Async-FedDRL,4518,31,322.70300994415487
High-straggler,Async-FedDRL,4518,32,270.40834681314635
High-straggler,Async-FedDRL,4518,33,240.6649458073663
High-straggler,Async-FedDRL,4518,34,267.20925801095825
High-straggler,Async-FedDRL,4518,35,327.13988404713876
High-straggler,Async-FedDRL,4518,36,290.58187490164875
High-straggler,Async-FedDRL,4518,37,301.5857576244321
High-straggler,Async-FedDRL,4518,38,273.73251246235
High-straggler,Async-FedDRL,4518,39,264.0203822258801
High-straggler,Async-FedDRL,4518,40,285.5039135341263
High-straggler,Async-FedDRL,4518,41,295.3934243120815
High-straggler,Async-FedDRL,4518,42,268.4656711181981
High-straggler,Async-FedDRL,4518,43,228.1462496724168
High-straggler,Async-FedDRL,4518,44,260.9140082651241
High-straggler,Async-FedDRL,4518,45,277.1773281267994
High-straggler,Async-FedDRL,4518,46,252.19093212989532
High-straggler,Async-FedDRL,4518,47,247.18937791796597
High-straggler,Async-FedDRL,4518,48,296.4959734699806
High-straggler,Async-FedDRL,4518,49,290.1816612689702
High-straggler,Async-FedDRL,4518,50,231.6923539446967
High-straggler,Async-FedDRL,4518,51,215.70457210071157
High-straggler,Async-FedDRL,4518,52,303.9075536673032
High-straggler,Async-FedDRL,4518,53,248.29082200112833
High-straggler,Async-FedDRL,4518,54,241.12940257255804
High-straggler,Async-FedDRL,4518,55,280.9587551116764
High-straggler,Async-FedDRL,4518,56,297.15754520992215
High-straggler,Async-FedDRL,4518,57,265.37733178663143
High-straggler,Async-FedDRL,4518,58,267.82194258391064
High-straggler,Async-FedDRL,4518,59,241.6783452855488
High-straggler,Async-FedDRL,4518,60,270.8901321816819
High-straggler,Async-FedDRL,4518,61,257.6901603123937
High-straggler,Async-FedDRL,4518,62,188.4711007744114
High-straggler,Async-FedDRL,4518,63,251.42071683821732
High-straggler,Async-FedDRL,4518,64,292.2716927970791
High-straggler,Async-FedDRL,4518,65,206.80399896655604
High-straggler,Async-FedDRL,4518,66,206.35107382573514
High-straggler,Async-FedDRL,4518,67,241.44326772384477
High-straggler,Async-FedDRL,4518,68,266.6635422352321
High-straggler,Async-FedDRL,4518,69,229.04870212651292
High-straggler,Async-FedDRL,4518,70,261.23953210357297
High-straggler,Async-FedDRL,4518,71,266.0974999932406
High-straggler,Async-FedDRL,4518,72,204.95328094139848
High-straggler,Async-FedDRL,4518,73,259.7423079365688
High-straggler,Async-FedDRL,4518,74,212.2086797132391
High-straggler,Async-FedDRL,4518,75,189.37487682768332
High-straggler,Async-FedDRL,4518,76,257.5849777114348
High-straggler,Async-FedDRL,4518,77,258.9710252380159
High-straggler,Async-FedDRL,4518,78,254.78913343855396
High-straggler,Async-FedDRL,4518,79,209.67600642812693
High-straggler,Async-FedDRL,4518,80,203.50715081236473
High-straggler,Async-FedDRL,4518,81,200.79429205629123
High-straggler,Async-FedDRL,4518,82,178.9674215436267
High-straggler,Async-FedDRL,4518,83,189.80623979948757
High-straggler,Async-FedDRL,4518,84,166.11014577230824
High-straggler,Async-FedDRL,4518,85,186.4020233405991
High-straggler,Async-FedDRL,4518,86,263.6700175527702
High-straggler,Async-FedDRL,4518,87,155.40780584295172
High-straggler,Async-FedDRL,4518,88,181.74108425792045
High-straggler,Async-FedDRL,4518,89,236.39561377286321
High-straggler,Async-FedDRL,4518,90,170.17312233072715
High-straggler,Async-FedDRL,4518,91,174.4484946823996
High-straggler,Async-FedDRL,4518,92,198.17419195254033
High-straggler,Async-FedDRL,4518,93,198.4288761245921
High-straggler,Async-FedDRL,4518,94,189.31268432751253
High-straggler,Async-FedDRL,4518,95,202.36247669765157
High-straggler,Async-FedDRL,4518,96,143.10019105995215
High-straggler,Async-FedDRL,4518,97,151.7380361786803
High-straggler,Async-FedDRL,4518,98,165.11234249369804
High-straggler,Async-FedDRL,4518,99,160.5849951448198
High-straggler,Async-FedDRL,4518,100,189.34545311423977
High-straggler,Async-FedDRL,4518,101,177.17969135263468
High-straggler,Async-FedDRL,4518,102,199.06589269114306
High-straggler,Async-FedDRL,4518,103,184.19562989355876
High-straggler,Async-FedDRL,4518,104,165.27928754945444
High-straggler,Async-FedDRL,4518,105,138.50398553286342
High-straggler,Async-FedDRL,4518,106,186.5656791335793
High-straggler,Async-FedDRL,4518,107,188.36356530769112
High-straggler,Async-FedDRL,4518,108,139.71505397962758
High-straggler,Async-FedDRL,4518,109,143.19506314230478
High-straggler,Async-FedDRL,4518,110,158.96737632494583
High-straggler,Async-FedDRL,4518,111,176.5638618587144
High-straggler,Async-FedDRL,4518,112,143.4988734877536
High-straggler,Async-FedDRL,4518,113,164.8761819376511
High-straggler,Async-FedDRL,4518,114,184.77486991508016
High-straggler,Async-FedDRL,4518,115,171.4084357320619
High-straggler,Async-FedDRL,4518,116,134.443393670306
High-straggler,Async-FedDRL,4518,117,164.69451405425713
High-straggler,Async-FedDRL,4518,118,184.48146152130988
High-straggler,Async-FedDRL,4518,119,169.41824563257703
High-straggler,Async-FedDRL,4518,120,142.03709308164653
High-straggler,Async-FedDRL,4518,121,131.7425975955005
High-straggler,Async-FedDRL,4518,122,137.73916789910203
High-straggler,Async-FedDRL,4518,123,126.08056912594874
High-straggler,Async-FedDRL,4518,124,146.27317303118988
High-straggler,Async-FedDRL,4518,125,163.31303486237562
High-straggler,Async-FedDRL,4518,126,151.80867222401838
High-straggler,Async-FedDRL,4518,127,151.62840159893003
High-straggler,Async-FedDRL,4518,128,158.8415351012453
High-straggler,Async-FedDRL,4518,129,137.7849997601259
High-straggler,Async-FedDRL,4518,130,117.25128253148917
High-straggler,Async-FedDRL,4518,131,117.18264318877095
High-straggler,Async-FedDRL,4518,132,107.85123825508167
High-straggler,Async-FedDRL,4518,133,114.06152002653123
High-straggler,Async-FedDRL,4518,134,138.90029017064373
High-straggler,Async-FedDRL,4518,135,140.89711036584995
High-straggler,Async-FedDRL,4518,136,122.99221909870441
High-straggler,Async-FedDRL,4518,137,139.79169743840808
High-straggler,Async-FedDRL,4518,138,95.98008107387636
High-straggler,Async-FedDRL,4518,139,150.39919293983752
High-straggler,Async-FedDRL,4518,140,145.345190195859
High-straggler,Async-FedDRL,4518,141,117.34704486681613
High-straggler,Async-FedDRL,4518,142,133.46249127693022
High-straggler,Async-FedDRL,4518,143,158.09360447114676
High-straggler,Async-FedDRL,4518,144,140.32143613005346
High-straggler,Async-FedDRL,4518,145,120.78478218313799
High-straggler,Async-FedDRL,4518,146,113.97090906200455
High-straggler,Async-FedDRL,4518,147,138.67175803699345
High-straggler,Async-FedDRL,4518,148,114.19275134736841
High-straggler,Async-FedDRL,4518,149,140.99228485354482
High-straggler,Async-FedDRL,4518,150,95.49426156128885
High-straggler,Async-FedDRL,4518,151,134.1524304520361
High-straggler,Async-FedDRL,4518,152,125.50294430566895
High-straggler,Async-FedDRL,4518,153,126.4921789920292
High-straggler,Async-FedDRL,4518,154,115.4390850249989
High-straggler,Async-FedDRL,4518,155,124.97225481796848
High-straggler,Async-FedDRL,4518,156,96.53682368371665
High-straggler,Async-FedDRL,4518,157,114.46595073598208
High-straggler,Async-FedDRL,4518,158,127.48198874610762
High-straggler,Async-FedDRL,4518,159,84.84309514398892
High-straggler,Async-FedDRL,4518,160,114.62855327107968
High-straggler,Async-FedDRL,4518,161,86.05952526931941
High-straggler,Async-FedDRL,4518,162,102.79852079509074
High-straggler,Async-FedDRL,4518,163,139.50945989091164
High-straggler,Async-FedDRL,4518,164,101.74088588026858
High-straggler,Async-FedDRL,4518,165,134.09793486077518
High-straggler,Async-FedDRL,4518,166,103.17485026128166
High-straggler,Async-FedDRL,4518,167,137.93259707111616
High-straggler,Async-FedDRL,4518,168,134.4002182759591
High-straggler,Async-FedDRL,4518,169,99.19114609423985
High-straggler,Async-FedDRL,4518,170,82.0099081519645
High-straggler,Async-FedDRL,4518,171,110.28951909350768
High-straggler,Async-FedDRL,4518,172,99.12158758713413
High-straggler,Async-FedDRL,4518,173,108.28470393009667
High-straggler,Async-FedDRL,4518,174,116.12589783893698
High-straggler,Async-FedDRL,4518,175,105.35653262489862
High-straggler,Async-FedDRL,4518,176,130.5975521743342
High-straggler,Async-FedDRL,4518,177,93.50594253150834
High-straggler,Async-FedDRL,4518,178,92.96267590864831
High-straggler,Async-FedDRL,4518,179,102.89381453532556
High-straggler,Async-FedDRL,4518,180,140.32216710763055
High-straggler,Async-FedDRL,4518,181,96.63872245099522
High-straggler,Async-FedDRL,4518,182,137.66725815646126
High-straggler,Async-FedDRL,4518,183,127.59219952255887
High-straggler,Async-FedDRL,4518,184,103.92039842504214
High-straggler,Async-FedDRL,4518,185,88.1668568954612
High-straggler,Async-FedDRL,4518,186,87.71191689898318
High-straggler,Async-FedDRL,4518,187,110.16624087756055
High-straggler,Async-FedDRL,4518,188,104.72291925714985
High-straggler,Async-FedDRL,4518,189,104.43887493881164
High-straggler,Async-FedDRL,4518,190,116.515401716152
High-straggler,Async-FedDRL,4518,191,72.90033127584934
High-straggler,Async-FedDRL,4518,192,103.66674635589952
High-straggler,Async-FedDRL,4518,193,132.3179860292564
High-straggler,Async-FedDRL,4518,194,76.11945802032652
High-straggler,Async-FedDRL,4518,195,92.70108093705211
High-straggler,Async-FedDRL,4518,196,75.76656955901136
High-straggler,Async-FedDRL,4518,197,104.46465647555401
High-straggler,Async-FedDRL,4518,198,81.1296882034637
High-straggler,Async-FedDRL,4518,199,94.30380514244098
High-straggler,Async-FedDRL,4518,200,91.12384857454046
High-straggler,Async-FedDRL,4518,201,77.67290753433602
High-straggler,Async-FedDRL,4518,202,79.81779404968691
High-straggler,Async-FedDRL,4518,203,105.0752304470935
High-straggler,Async-FedDRL,4518,204,99.26546726368667
High-straggler,Async-FedDRL,4518,205,106.93343081770945
High-straggler,Async-FedDRL,4518,206,91.08236598393088
High-straggler,Async-FedDRL,4518,207,93.60622410432339
High-straggler,Async-FedDRL,4518,208,81.03933385934072
High-straggler,Async-FedDRL,4518,209,90.10513678767514
High-straggler,Async-FedDRL,4518,210,84.09764422502533
High-straggler,Async-FedDRL,4518,211,74.15018340574505
High-straggler,Async-FedDRL,4518,212,106.99731806481226
High-straggler,Async-FedDRL,4518,213,133.70784402096402
High-straggler,Async-FedDRL,4518,214,115.23284815301365
High-straggler,Async-FedDRL,4518,215,75.29949151219957
High-straggler,Async-FedDRL,4518,216,109.59149933354341
High-straggler,Async-FedDRL,4518,217,83.84206644349186
High-straggler,Async-FedDRL,4518,218,73.24089847891162
High-straggler,Async-FedDRL,4518,219,94.09423751294123
High-straggler,Async-FedDRL,4518,220,62.891910297225515
High-straggler,Async-FedDRL,4518,221,95.53295590294825
High-straggler,Async-FedDRL,4518,222,84.1153155978468
High-straggler,Async-FedDRL,4518,223,92.1523132425248
High-straggler,Async-FedDRL,4518,224,80.36128520125429
High-straggler,Async-FedDRL,4518,225,114.60377156235745
High-straggler,Async-FedDRL,4518,226,106.29407571715073
High-straggler,Async-FedDRL,4518,227,97.94384934503778
High-straggler,Async-FedDRL,4518,228,132.16676360396806
High-straggler,Async-FedDRL,4518,229,53.26739422171952
High-straggler,Async-FedDRL,4518,230,87.59672951476456
High-straggler,Async-FedDRL,4518,231,93.81581582372053
High-straggler,Async-FedDRL,4518,232,91.77879875274145
High-straggler,Async-FedDRL,4518,233,68.5594715291957
High-straggler,Async-FedDRL,4518,234,97.05194539053863
High-straggler,Async-FedDRL,4518,235,69.02161377585203
High-straggler,Async-FedDRL,4518,236,111.54982636546357
High-straggler,Async-FedDRL,4518,237,63.41540441586775
High-straggler,Async-FedDRL,4518,238,93.85219871204372
High-straggler,Async-FedDRL,4518,239,121.96740805586512
High-straggler,Async-FedDRL,4518,240,58.12986252236765
High-straggler,Async-FedDRL,4518,241,89.28706036648981
High-straggler,Async-FedDRL,4518,242,87.45558196728884
High-straggler,Async-FedDRL,4518,243,60.79065781116037
High-straggler,Async-FedDRL,4518,244,96.51185778091407
High-straggler,Async-FedDRL,4518,245,104.70796330757283
High-straggler,Async-FedDRL,4518,246,74.16911253329528
High-straggler,Async-FedDRL,4518,247,52.89704434537431
High-straggler,Async-FedDRL,4518,248,87.75538165779753
High-straggler,Async-FedDRL,4518,249,64.27203789777877
High-straggler,Async-FedDRL,4518,250,88.7025613058762
High-straggler,Async-FedDRL,4518,251,98.46523173011032
High-straggler,Async-FedDRL,4518,252,74.93717810171158
High-straggler,Async-FedDRL,4518,253,83.65765697819235
High-straggler,Async-FedDRL,4518,254,100.95220787249289
High-straggler,Async-FedDRL,4518,255,88.39739019627473
High-straggler,Async-FedDRL,4518,256,87.86587674032701
High-straggler,Async-FedDRL,4518,257,80.16701891349396
High-straggler,Async-FedDRL,4518,258,70.97873605881726
High-straggler,Async-FedDRL,4518,259,82.32347068326801
High-straggler,Async-FedDRL,4518,260,74.94642611574687
High-straggler,Async-FedDRL,4518,261,117.4237772440389
High-straggler,Async-FedDRL,4518,262,58.9257009086231
High-straggler,Async-FedDRL,4518,263,89.53128296131324
High-straggler,Async-FedDRL,4518,264,61.196530072384334
High-straggler,Async-FedDRL,4518,265,92.09902597545448
High-straggler,Async-FedDRL,4518,266,71.62614121640131
High-straggler,Async-FedDRL,4518,267,78.61663614456326
High-straggler,Async-FedDRL,4518,268,90.65950855642711
High-straggler,Async-FedDRL,4518,269,78.33428470131882
High-straggler,Async-FedDRL,4518,270,53.70489501017192
High-straggler,Async-FedDRL,4518,271,66.48610705504196
High-straggler,Async-FedDRL,4518,272,83.9380837438684
High-straggler,Async-FedDRL,4518,273,99.4789045160783
High-straggler,Async-FedDRL,4518,274,75.17632331010836
High-straggler,Async-FedDRL,4518,275,55.60059353124656
High-straggler,Async-FedDRL,4518,276,84.83656903587351
High-straggler,Async-FedDRL,4518,277,90.09177407836404
High-straggler,Async-FedDRL,4518,278,63.98846675416075
High-straggler,Async-FedDRL,4518,279,69.72114335834888
High-straggler,Async-FedDRL,4518,280,64.81449560573887
High-straggler,Async-FedDRL,4518,281,83.4271224842053
High-straggler,Async-FedDRL,4518,282,40.47687826942805
High-straggler,Async-FedDRL,4518,283,96.60498743958422
High-straggler,Async-FedDRL,4518,284,94.0976677816007
High-straggler,Async-FedDRL,4518,285,101.35511668478199
High-straggler,Async-FedDRL,4518,286,119.29436281270246
High-straggler,Async-FedDRL,4518,287,99.52309568166994
High-straggler,Async-FedDRL,4518,288,97.68292521839012
High-straggler,Async-FedDRL,4518,289,94.82888397682883
High-straggler,Async-FedDRL,4518,290,81.2563811579223
High-straggler,Async-FedDRL,4518,291,90.02756001218854
High-straggler,Async-FedDRL,4518,292,93.46023313351063
High-straggler,Async-FedDRL,4518,293,82.165382117439
High-straggler,Async-FedDRL,4518,294,77.89892258102995
High-straggler,Async-FedDRL,4518,295,84.02589042305083
High-straggler,Async-FedDRL,4518,296,81.15245149499542
High-straggler,Async-FedDRL,4518,297,58.93233836958477
High-straggler,Async-FedDRL,4518,298,106.7487884696386
High-straggler,Async-FedDRL,4518,299,99.42453974312251
High-straggler,Async-FedDRL,4518,300,56.53495242891189
High-straggler,Async-FedDRL,4518,301,99.05075144776893
High-straggler,Async-FedDRL,4518,302,79.02444247794804
High-straggler,Async-FedDRL,4518,303,70.8413870335851
High-straggler,Async-FedDRL,4518,304,67.91761507557668
High-straggler,Async-FedDRL,4518,305,122.04903011757166
High-straggler,Async-FedDRL,4518,306,90.82153544660692
High-straggler,Async-FedDRL,4518,307,80.47686336264138
High-straggler,Async-FedDRL,4518,308,107.41134466405273
High-straggler,Async-FedDRL,4518,309,87.0064748381163
High-straggler,Async-FedDRL,4518,310,73.56238578378526
High-straggler,Async-FedDRL,4518,311,68.81599138545803
High-straggler,Async-FedDRL,4518,312,83.10229544729043
High-straggler,Async-FedDRL,4518,313,62.90482659345621
High-straggler,Async-FedDRL,4518,314,88.77769856848552
High-straggler,Async-FedDRL,4518,315,98.57707042276172
High-straggler,Async-FedDRL,4518,316,81.14014309893781
High-straggler,Async-FedDRL,4518,317,76.75084305838703
High-straggler,Async-FedDRL,4518,318,69.40141579489256
High-straggler,Async-FedDRL,4518,319,68.84056131909888
High-straggler,Async-FedDRL,4518,320,95.26340375623835
High-straggler,Async-FedDRL,4518,321,78.697157717675
High-straggler,Async-FedDRL,4518,322,92.5178745971598
High-straggler,Async-FedDRL,4518,323,95.19269421129115
High-straggler,Async-FedDRL,4518,324,76.31296274129363
High-straggler,Async-FedDRL,4518,325,49.60754456912116
High-straggler,Async-FedDRL,4518,326,74.38847761625064
High-straggler,Async-FedDRL,4518,327,97.03435878509704
High-straggler,Async-FedDRL,4518,328,78.71854525709446
High-straggler,Async-FedDRL,4518,329,44.704629217402484
High-straggler,Async-FedDRL,4518,330,74.97366347269049
High-straggler,Async-FedDRL,4518,331,78.83914409461615
High-straggler,Async-FedDRL,4518,332,81.90798733391114
High-straggler,Async-FedDRL,4518,333,80.93367411923668
High-straggler,Async-FedDRL,4518,334,75.55320455717583
High-straggler,Async-FedDRL,4518,335,73.33282935162
High-straggler,Async-FedDRL,4518,336,99.71282283667426
High-straggler,Async-FedDRL,4518,337,94.50992289738885
High-straggler,Async-FedDRL,4518,338,27.162108653740475
High-straggler,Async-FedDRL,4518,339,80.94732857041714
High-straggler,Async-FedDRL,4518,340,69.40667460286195
High-straggler,Async-FedDRL,4518,341,66.4925184362549
High-straggler,Async-FedDRL,4518,342,82.9939512255097
High-straggler,Async-FedDRL,4518,343,72.59557789501423
High-straggler,Async-FedDRL,4518,344,77.6891756622974
High-straggler,Async-FedDRL,4518,345,92.12090025783439
High-straggler,Async-FedDRL,4518,346,64.79788395119087
High-straggler,Async-FedDRL,4518,347,92.84797654091702
High-straggler,Async-FedDRL,4518,348,84.72491386572433
High-straggler,Async-FedDRL,4518,349,80.25190161610725
High-straggler,Async-FedDRL,4518,350,39.331915372861815
High-straggler,Async-FedDRL,4518,351,84.09673536830066
High-straggler,Async-FedDRL,4518,352,99.17016866631532
High-straggler,Async-FedDRL,4518,353,117.8457331641141
High-straggler,Async-FedDRL,4518,354,70.032526799066
High-straggler,Async-FedDRL,4518,355,107.00312378211196
High-straggler,Async-FedDRL,4518,356,49.00110916021504
High-straggler,Async-FedDRL,4518,357,92.63436511585306
High-straggler,Async-FedDRL,4518,358,74.45188543985722
High-straggler,Async-FedDRL,4518,359,78.04798572575054
High-straggler,Async-FedDRL,4518,360,53.60336403625099
High-straggler,Async-FedDRL,4518,361,95.46418199192263
High-straggler,Async-FedDRL,4518,362,57.353960056501506
High-straggler,Async-FedDRL,4518,363,64.81631969784755
High-straggler,Async-FedDRL,4518,364,77.55280960297996
High-straggler,Async-FedDRL,4518,365,89.66836773529572
High-straggler,Async-FedDRL,4518,366,45.50773159770851
High-straggler,Async-FedDRL,4518,367,75.55460956943668
High-straggler,Async-FedDRL,4518,368,61.020403036547094
High-straggler,Async-FedDRL,4518,369,55.338628642209095
High-straggler,Async-FedDRL,4518,370,63.27043234894125
High-straggler,Async-FedDRL,4518,371,107.85091466034407
High-straggler,Async-FedDRL,4518,372,55.71819549967716
High-straggler,Async-FedDRL,4518,373,86.2262179591744
High-straggler,Async-FedDRL,4518,374,72.80943466235146
High-straggler,Async-FedDRL,4518,375,76.37238068918118
High-straggler,Async-FedDRL,4518,376,61.78718284191725
High-straggler,Async-FedDRL,4518,377,81.11494956172825
High-straggler,Async-FedDRL,4518,378,71.16910556302066
High-straggler,Async-FedDRL,4518,379,81.14094721722513
High-straggler,Async-FedDRL,4518,380,75.14383090473805
High-straggler,Async-FedDRL,4518,381,88.3569984064424
High-straggler,Async-FedDRL,4518,382,81.43768460237813
High-straggler,Async-FedDRL,4518,383,59.180340490242386
High-straggler,Async-FedDRL,4518,384,95.57528715986176
High-straggler,Async-FedDRL,4518,385,39.66667535246672
High-straggler,Async-FedDRL,4518,386,85.61637277456971
High-straggler,Async-FedDRL,4518,387,86.42131158465091
High-straggler,Async-FedDRL,4518,388,94.20748487538764
High-straggler,Async-FedDRL,4518,389,67.16875201265185
High-straggler,Async-FedDRL,4518,390,88.35416287848831
High-straggler,Async-FedDRL,4518,391,69.54572985982105
High-straggler,Async-FedDRL,4518,392,83.17791683158084
High-straggler,Async-FedDRL,4518,393,81.74575755100979
High-straggler,Async-FedDRL,4518,394,81.07893535679115
High-straggler,Async-FedDRL,4518,395,64.79241459117048
High-straggler,Async-FedDRL,4518,396,95.98148608794034
High-straggler,Async-FedDRL,4518,397,88.7193779385732
High-straggler,Async-FedDRL,4518,398,92.44703713890073
High-straggler,Async-FedDRL,4518,399,99.81516091939768
High-straggler,Async-FedDRL,4518,400,78.48384808040508
High-straggler,Async-FedDRL,5629,1,263.54245384412576
High-straggler,Async-FedDRL,5629,2,298.6720407038785
High-straggler,Async-FedDRL,5629,3,302.8926119516746
High-straggler,Async-FedDRL,5629,4,286.1653257067691
High-straggler,Async-FedDRL,5629,5,284.30059992811357
High-straggler,Async-FedDRL,5629,6,283.8465861201806
High-straggler,Async-FedDRL,5629,7,241.2955449449078
High-straggler,Async-FedDRL,5629,8,266.14408911221625
High-straggler,Async-FedDRL,5629,9,246.39812311138195
High-straggler,Async-FedDRL,5629,10,244.11607215104453
High-straggler,Async-FedDRL,5629,11,246.99577540089618
High-straggler,Async-FedDRL,5629,12,277.91878301337005
High-straggler,Async-FedDRL,5629,13,264.5064337425246
High-straggler,Async-FedDRL,5629,14,284.2815348492252
High-straggler,Async-FedDRL,5629,15,254.1135014974492
High-straggler,Async-FedDRL,5629,16,216.35970654029032
High-straggler,Async-FedDRL,5629,17,278.88931782681425
High-straggler,Async-FedDRL,5629,18,248.93865490094495
High-straggler,Async-FedDRL,5629,19,314.75619075441494
High-straggler,Async-FedDRL,5629,20,263.63566836807547
High-straggler,Async-FedDRL,5629,21,257.5821072493492
High-straggler,Async-FedDRL,5629,22,278.5326568076976
High-straggler,Async-FedDRL,5629,23,192.4745287280403
High-straggler,Async-FedDRL,5629,24,281.5255659307722
High-straggler,Async-FedDRL,5629,25,268.3245335552725
High-straggler,Async-FedDRL,5629,26,284.1441769266708
High-straggler,Async-FedDRL,5629,27,236.35827196906627
High-straggler,Async-FedDRL,5629,28,240.07835696304815
High-straggler,Async-FedDRL,5629,29,291.26280351091793
High-straggler,Async-FedDRL,5629,30,209.40804687765112
High-straggler,Async-FedDRL,5629,31,247.6374795744884
High-straggler,Async-FedDRL,5629,32,289.49405059919997
High-straggler,Async-FedDRL,5629,33,221.99401988598615
High-straggler,Async-FedDRL,5629,34,239.59653103258037
High-straggler,Async-FedDRL,5629,35,269.7923532023376
High-straggler,Async-FedDRL,5629,36,232.7339688023552
High-straggler,Async-FedDRL,5629,37,251.92951952846244
High-straggler,Async-FedDRL,5629,38,229.39891104216724
High-straggler,Async-FedDRL,5629,39,202.96425082773993
High-straggler,Async-FedDRL,5629,40,257.5797301462652
High-straggler,Async-FedDRL,5629,41,210.66325585384874
High-straggler,Async-FedDRL,5629,42,217.34262035937647
High-straggler,Async-FedDRL,5629,43,200.94643527940417
High-straggler,Async-FedDRL,5629,44,205.65741363085905
High-straggler,Async-FedDRL,5629,45,220.59424998033694
High-straggler,Async-FedDRL,5629,46,217.9252212619418
High-straggler,Async-FedDRL,5629,47,205.5089857547517
High-straggler,Async-FedDRL,5629,48,242.44299606799683
High-straggler,Async-FedDRL,5629,49,263.93584473532013
High-straggler,Async-FedDRL,5629,50,210.72688588053057
High-straggler,Async-FedDRL,5629,51,209.52223924053337
High-straggler,Async-FedDRL,5629,52,219.77253767620488
High-straggler,Async-FedDRL,5629,53,198.77341841620293
High-straggler,Async-FedDRL,5629,54,200.73037492707218
High-straggler,Async-FedDRL,5629,55,183.82465886425018
High-straggler,Async-FedDRL,5629,56,231.78343652893068
High-straggler,Async-FedDRL,5629,57,190.43013502659275
High-straggler,Async-FedDRL,5629,58,161.64591689309628
High-straggler,Async-FedDRL,5629,59,211.51254277917934
High-straggler,Async-FedDRL,5629,60,236.05744489905726
High-straggler,Async-FedDRL,5629,61,169.63134280525847
High-straggler,Async-FedDRL,5629,62,197.37611000090064
High-straggler,Async-FedDRL,5629,63,222.7954042054487
High-straggler,Async-FedDRL,5629,64,185.15248920552364
High-straggler,Async-FedDRL,5629,65,179.26267454271294
High-straggler,Async-FedDRL,5629,66,185.76825002374363
High-straggler,Async-FedDRL,5629,67,178.1531942095941
High-straggler,Async-FedDRL,5629,68,219.9251342170943
High-straggler,Async-FedDRL,5629,69,221.6143321131695
High-straggler,Async-FedDRL,5629,70,153.79181449971028
High-straggler,Async-FedDRL,5629,71,163.27748487118922
High-straggler,Async-FedDRL,5629,72,238.00670272000156
High-straggler,Async-FedDRL,5629,73,203.9875908394218
High-straggler,Async-FedDRL,5629,74,197.26380593467638
High-straggler,Async-FedDRL,5629,75,159.64503585852822
High-straggler,Async-FedDRL,5629,76,212.50985040731177
High-straggler,Async-FedDRL,5629,77,155.9335909193341
High-straggler,Async-FedDRL,5629,78,143.9173934316367
High-straggler,Async-FedDRL,5629,79,173.45260417946665
High-straggler,Async-FedDRL,5629,80,191.9676057882023
High-straggler,Async-FedDRL,5629,81,166.19440806816655
High-straggler,Async-FedDRL,5629,82,183.10944728934444
High-straggler,Async-FedDRL,5629,83,145.6598199572967
High-straggler,Async-FedDRL,5629,84,153.40165601569296
High-straggler,Async-FedDRL,5629,85,174.5056770336363
High-straggler,Async-FedDRL,5629,86,165.8021840679648
High-straggler,Async-FedDRL,5629,87,166.39572458873116
High-straggler,Async-FedDRL,5629,88,140.72040842209873
High-straggler,Async-FedDRL,5629,89,173.48157415748005
High-straggler,Async-FedDRL,5629,90,140.8589560794414
High-straggler,Async-FedDRL,5629,91,150.75806933242876
High-straggler,Async-FedDRL,5629,92,148.43509316127478
High-straggler,Async-FedDRL,5629,93,148.74085856923034
High-straggler,Async-FedDRL,5629,94,149.9796826242154
High-straggler,Async-FedDRL,5629,95,151.53939581468396
High-straggler,Async-FedDRL,5629,96,140.462027718527
High-straggler,Async-FedDRL,5629,97,141.6766191628287
High-straggler,Async-FedDRL,5629,98,184.65121101743173
High-straggler,Async-FedDRL,5629,99,149.45355225227783
High-straggler,Async-FedDRL,5629,100,137.43041451352568
High-straggler,Async-FedDRL,5629,101,150.16564951073178
High-straggler,Async-FedDRL,5629,102,160.15202693009235
High-straggler,Async-FedDRL,5629,103,108.32499354417894
High-straggler,Async-FedDRL,5629,104,131.8323592925525
High-straggler,Async-FedDRL,5629,105,135.93104776028287
High-straggler,Async-FedDRL,5629,106,109.91369467652518
High-straggler,Async-FedDRL,5629,107,109.81385792947997
High-straggler,Async-FedDRL,5629,108,134.57350930010003
High-straggler,Async-FedDRL,5629,109,119.8912459132861
High-straggler,Async-FedDRL,5629,110,130.75673500775065
High-straggler,Async-FedDRL,5629,111,161.44722885160257
High-straggler,Async-FedDRL,5629,112,109.26369426496107
High-straggler,Async-FedDRL,5629,113,132.69504262687545
High-straggler,Async-FedDRL,5629,114,139.06271469191537
High-straggler,Async-FedDRL,5629,115,112.4153269825184
High-straggler,Async-FedDRL,5629,116,136.34406213240808
High-straggler,Async-FedDRL,5629,117,120.19344438890795
High-straggler,Async-FedDRL,5629,118,95.01076960776896
High-straggler,Async-FedDRL,5629,119,141.53398315969224
High-straggler,Async-FedDRL,5629,120,121.87550784455868
High-straggler,Async-FedDRL,5629,121,80.45934788402845
High-straggler,Async-FedDRL,5629,122,155.1511257688416
High-straggler,Async-FedDRL,5629,123,99.41846321111406
High-straggler,Async-FedDRL,5629,124,110.08157521513735
High-straggler,Async-FedDRL,5629,125,77.64463810719265
High-straggler,Async-FedDRL,5629,126,137.26896827961787
High-straggler,Async-FedDRL,5629,127,141.6418696107119
High-straggler,Async-FedDRL,5629,128,101.13517815273656
High-straggler,Async-FedDRL,5629,129,115.67341620383915
High-straggler,Async-FedDRL,5629,130,129.36636194048418
High-straggler,Async-FedDRL,5629,131,141.20687676196636
High-straggler,Async-FedDRL,5629,132,79.98162726006441
High-straggler,Async-FedDRL,5629,133,92.22445752842233
High-straggler,Async-FedDRL,5629,134,90.21655361931997
High-straggler,Async-FedDRL,5629,135,127.8137778271151
High-straggler,Async-FedDRL,5629,136,80.51278223686843
High-straggler,Async-FedDRL,5629,137,109.0836549958261
High-straggler,Async-FedDRL,5629,138,85.7094870434127
High-straggler,Async-FedDRL,5629,139,102.99985649823225
High-straggler,Async-FedDRL,5629,140,102.7518807024272
High-straggler,Async-FedDRL,5629,141,116.11112136440404
High-straggler,Async-FedDRL,5629,142,135.0454245574352
High-straggler,Async-FedDRL,5629,143,102.75590359990805
High-straggler,Async-FedDRL,5629,144,110.93656902049352
High-straggler,Async-FedDRL,5629,145,89.1758222605643
High-straggler,Async-FedDRL,5629,146,108.98999263504031
High-straggler,Async-FedDRL,5629,147,93.87085774232865
High-straggler,Async-FedDRL,5629,148,112.99488667807802
High-straggler,Async-FedDRL,5629,149,107.6131196896812
High-straggler,Async-FedDRL,5629,150,119.44914741790657
High-straggler,Async-FedDRL,5629,151,135.56529467027542
High-straggler,Async-FedDRL,5629,152,88.3061964297539
High-straggler,Async-FedDRL,5629,153,112.2492115214617
High-straggler,Async-FedDRL,5629,154,111.12635902526547
High-straggler,Async-FedDRL,5629,155,85.40748563405884
High-straggler,Async-FedDRL,5629,156,70.81827750772761
High-straggler,Async-FedDRL,5629,157,62.04362788341275
High-straggler,Async-FedDRL,5629,158,100.37936197359812
High-straggler,Async-FedDRL,5629,159,101.47902564044836
High-straggler,Async-FedDRL,5629,160,104.73196151491159
High-straggler,Async-FedDRL,5629,161,96.02860423170235
High-straggler,Async-FedDRL,5629,162,97.44762561863398
High-straggler,Async-FedDRL,5629,163,78.2705204465724
High-straggler,Async-FedDRL,5629,164,139.167764345169
High-straggler,Async-FedDRL,5629,165,100.98009414003468
High-straggler,Async-FedDRL,5629,166,99.29566483636074
High-straggler,Async-FedDRL,5629,167,91.28499224751523
High-straggler,Async-FedDRL,5629,168,74.55402816405518
High-straggler,Async-FedDRL,5629,169,99.58333394296058
High-straggler,Async-FedDRL,5629,170,72.89559483933914
High-straggler,Async-FedDRL,5629,171,100.02647581483359
High-straggler,Async-FedDRL,5629,172,61.871852508897064
High-straggler,Async-FedDRL,5629,173,102.75631099899381
High-straggler,Async-FedDRL,5629,174,108.78582435869751
High-straggler,Async-FedDRL,5629,175,68.61719425800926
High-straggler,Async-FedDRL,5629,176,103.93397336757
High-straggler,Async-FedDRL,5629,177,117.44731483610344
High-straggler,Async-FedDRL,5629,178,132.64411584052434
High-straggler,Async-FedDRL,5629,179,121.42067908898885
High-straggler,Async-FedDRL,5629,180,122.54207606811492
High-straggler,Async-FedDRL,5629,181,66.3732904531519
High-straggler,Async-FedDRL,5629,182,80.67107625810513
High-straggler,Async-FedDRL,5629,183,87.59031552781381
High-straggler,Async-FedDRL,5629,184,100.71205505501584
High-straggler,Async-FedDRL,5629,185,79.37994309745245
High-straggler,Async-FedDRL,5629,186,107.66130487079309
High-straggler,Async-FedDRL,5629,187,71.0493886044176
High-straggler,Async-FedDRL,5629,188,79.29343429999686
High-straggler,Async-FedDRL,5629,189,73.11133986564934
High-straggler,Async-FedDRL,5629,190,83.9860185514571
High-straggler,Async-FedDRL,5629,191,75.16922600099842
High-straggler,Async-FedDRL,5629,192,52.125925310377546
High-straggler,Async-FedDRL,5629,193,91.62987412624818
High-straggler,Async-FedDRL,5629,194,77.11300782839174
High-straggler,Async-FedDRL,5629,195,65.159226296028
High-straggler,Async-FedDRL,5629,196,51.04366274052701
High-straggler,Async-FedDRL,5629,197,100.65652647582063
High-straggler,Async-FedDRL,5629,198,76.71542263760686
High-straggler,Async-FedDRL,5629,199,85.19718606284329
High-straggler,Async-FedDRL,5629,200,96.03659610243895
High-straggler,Async-FedDRL,5629,201,58.713044825538944
High-straggler,Async-FedDRL,5629,202,56.07668127950784
High-straggler,Async-FedDRL,5629,203,61.557731322393956
High-straggler,Async-FedDRL,5629,204,65.99537454747659
High-straggler,Async-FedDRL,5629,205,59.888886874025026
High-straggler,Async-FedDRL,5629,206,63.686490727301084
High-straggler,Async-FedDRL,5629,207,88.5731186077669
High-straggler,Async-FedDRL,5629,208,63.112045393487
High-straggler,Async-FedDRL,5629,209,76.17718756907992
High-straggler,Async-FedDRL,5629,210,81.41722583359739
High-straggler,Async-FedDRL,5629,211,53.701094688935115
High-straggler,Async-FedDRL,5629,212,100.5871691892436
High-straggler,Async-FedDRL,5629,213,87.55440788740421
High-straggler,Async-FedDRL,5629,214,84.44381014287465
High-straggler,Async-FedDRL,5629,215,51.23600877652224
High-straggler,Async-FedDRL,5629,216,91.56971945192782
High-straggler,Async-FedDRL,5629,217,88.20524143984085
High-straggler,Async-FedDRL,5629,218,59.44019571331004
High-straggler,Async-FedDRL,5629,219,82.10359549091086
High-straggler,Async-FedDRL,5629,220,86.91778101110188
High-straggler,Async-FedDRL,5629,221,86.68675215783612
High-straggler,Async-FedDRL,5629,222,78.02341836648188
High-straggler,Async-FedDRL,5629,223,81.65315779338876
High-straggler,Async-FedDRL,5629,224,64.40558129584805
High-straggler,Async-FedDRL,5629,225,61.259046997660185
High-straggler,Async-FedDRL,5629,226,44.58796290056713
High-straggler,Async-FedDRL,5629,227,81.92358782141484
High-straggler,Async-FedDRL,5629,228,84.63860362609866
High-straggler,Async-FedDRL,5629,229,66.32340411743462
High-straggler,Async-FedDRL,5629,230,102.96755106521049
High-straggler,Async-FedDRL,5629,231,73.37627900549096
High-straggler,Async-FedDRL,5629,232,68.81892655880026
High-straggler,Async-FedDRL,5629,233,69.98098555309438
High-straggler,Async-FedDRL,5629,234,91.94016726299996
High-straggler,Async-FedDRL,5629,235,81.87352839067931
High-straggler,Async-FedDRL,5629,236,84.79053498821513
High-straggler,Async-FedDRL,5629,237,103.7641630141279
High-straggler,Async-FedDRL,5629,238,77.92975040733984
High-straggler,Async-FedDRL,5629,239,94.5836550189338
High-straggler,Async-FedDRL,5629,240,95.86546666982798
High-straggler,Async-FedDRL,5629,241,89.41965357582782
High-straggler,Async-FedDRL,5629,242,129.68299892640076
High-straggler,Async-FedDRL,5629,243,67.8698974519822
High-straggler,Async-FedDRL,5629,244,101.36925831530098
High-straggler,Async-FedDRL,5629,245,64.23980767924132
High-straggler,Async-FedDRL,5629,246,48.7074417511262
High-straggler,Async-FedDRL,5629,247,61.958488026392274
High-straggler,Async-FedDRL,5629,248,85.09870538676425
High-straggler,Async-FedDRL,5629,249,108.06373083122921
High-straggler,Async-FedDRL,5629,250,61.507035693534576
High-straggler,Async-FedDRL,5629,251,50.277555631531236
High-straggler,Async-FedDRL,5629,252,66.43703110272212
High-straggler,Async-FedDRL,5629,253,75.77214626658733
High-straggler,Async-FedDRL,5629,254,85.77576101428035
High-straggler,Async-FedDRL,5629,255,43.295558479597375
High-straggler,Async-FedDRL,5629,256,58.66332350244616
High-straggler,Async-FedDRL,5629,257,88.68490780536351
High-straggler,Async-FedDRL,5629,258,89.74076649388586
High-straggler,Async-FedDRL,5629,259,59.29024873614512
High-straggler,Async-FedDRL,5629,260,66.24169533778935
High-straggler,Async-FedDRL,5629,261,102.98647062044101
High-straggler,Async-FedDRL,5629,262,73.28018130693336
High-straggler,Async-FedDRL,5629,263,78.67407141345019
High-straggler,Async-FedDRL,5629,264,82.83923643600487
High-straggler,Async-FedDRL,5629,265,78.65474033405054
High-straggler,Async-FedDRL,5629,266,67.69280255154723
High-straggler,Async-FedDRL,5629,267,105.80464002355592
High-straggler,Async-FedDRL,5629,268,59.45156598770024
High-straggler,Async-FedDRL,5629,269,127.98751628770366
High-straggler,Async-FedDRL,5629,270,68.21363241168636
High-straggler,Async-FedDRL,5629,271,91.78468066698909
High-straggler,Async-FedDRL,5629,272,62.53578851464554
High-straggler,Async-FedDRL,5629,273,53.325255648679544
High-straggler,Async-FedDRL,5629,274,92.72767010936003
High-straggler,Async-FedDRL,5629,275,92.20209929845981
High-straggler,Async-FedDRL,5629,276,84.7251199398922
High-straggler,Async-FedDRL,5629,277,89.89448902421317
High-straggler,Async-FedDRL,5629,278,64.41994844574725
High-straggler,Async-FedDRL,5629,279,75.22600253840425
High-straggler,Async-FedDRL,5629,280,72.96114801979735
High-straggler,Async-FedDRL,5629,281,43.058199344791014
High-straggler,Async-FedDRL,5629,282,69.00778361926618
High-straggler,Async-FedDRL,5629,283,68.20585833105196
High-straggler,Async-FedDRL,5629,284,30.656452873096217
High-straggler,Async-FedDRL,5629,285,66.34552972017215
High-straggler,Async-FedDRL,5629,286,92.80792190791861
High-straggler,Async-FedDRL,5629,287,57.9729381289784
High-straggler,Async-FedDRL,5629,288,62.15317850000834
High-straggler,Async-FedDRL,5629,289,69.86239822325891
High-straggler,Async-FedDRL,5629,290,94.67619859976487
High-straggler,Async-FedDRL,5629,291,77.67378495004161
High-straggler,Async-FedDRL,5629,292,45.236003707141855
High-straggler,Async-FedDRL,5629,293,58.44937574554982
High-straggler,Async-FedDRL,5629,294,55.36631266752927
High-straggler,Async-FedDRL,5629,295,62.82624005363068
High-straggler,Async-FedDRL,5629,296,60.277574771357486
High-straggler,Async-FedDRL,5629,297,66.746628392725
High-straggler,Async-FedDRL,5629,298,93.98276961894345
High-straggler,Async-FedDRL,5629,299,63.687388477649364
High-straggler,Async-FedDRL,5629,300,89.19921815482766
High-straggler,Async-FedDRL,5629,301,101.86131232126847
High-straggler,Async-FedDRL,5629,302,52.915298680998376
High-straggler,Async-FedDRL,5629,303,95.9851827206914
High-straggler,Async-FedDRL,5629,304,73.63033095006507
High-straggler,Async-FedDRL,5629,305,69.48736251095316
High-straggler,Async-FedDRL,5629,306,54.57351923888269
High-straggler,Async-FedDRL,5629,307,44.60598035691582
High-straggler,Async-FedDRL,5629,308,72.53634151171812
High-straggler,Async-FedDRL,5629,309,58.940847989072935
High-straggler,Async-FedDRL,5629,310,77.0829620964255
High-straggler,Async-FedDRL,5629,311,40.69353289901314
High-straggler,Async-FedDRL,5629,312,88.95756143624843
High-straggler,Async-FedDRL,5629,313,91.80059596035707
High-straggler,Async-FedDRL,5629,314,61.979861661865236
High-straggler,Async-FedDRL,5629,315,93.09154391952187
High-straggler,Async-FedDRL,5629,316,70.35454853987423
High-straggler,Async-FedDRL,5629,317,61.67798287611195
High-straggler,Async-FedDRL,5629,318,96.92587990235336
High-straggler,Async-FedDRL,5629,319,54.58529398083758
High-straggler,Async-FedDRL,5629,320,68.65470248821246
High-straggler,Async-FedDRL,5629,321,63.99460792861408
High-straggler,Async-FedDRL,5629,322,99.57509798942168
High-straggler,Async-FedDRL,5629,323,79.76051314777084
High-straggler,Async-FedDRL,5629,324,73.35869146052708
High-straggler,Async-FedDRL,5629,325,76.2719755856846
High-straggler,Async-FedDRL,5629,326,94.68693914370253
High-straggler,Async-FedDRL,5629,327,74.55199426292667
High-straggler,Async-FedDRL,5629,328,71.87721489435629
High-straggler,Async-FedDRL,5629,329,75.70323564277474
High-straggler,Async-FedDRL,5629,330,108.11244493016301
High-straggler,Async-FedDRL,5629,331,64.9523503859281
High-straggler,Async-FedDRL,5629,332,83.14988612848246
High-straggler,Async-FedDRL,5629,333,49.038081094325456
High-straggler,Async-FedDRL,5629,334,55.19950711712313
High-straggler,Async-FedDRL,5629,335,92.03263845590288
High-straggler,Async-FedDRL,5629,336,43.79435291505329
High-straggler,Async-FedDRL,5629,337,100.84256009716951
High-straggler,Async-FedDRL,5629,338,75.07755745493861
High-straggler,Async-FedDRL,5629,339,65.2661675271146
High-straggler,Async-FedDRL,5629,340,84.45269622572397
High-straggler,Async-FedDRL,5629,341,83.39603004708916
High-straggler,Async-FedDRL,5629,342,97.47376774503999
High-straggler,Async-FedDRL,5629,343,79.89788300559125
High-straggler,Async-FedDRL,5629,344,93.86981277312954
High-straggler,Async-FedDRL,5629,345,50.795447062574596
High-straggler,Async-FedDRL,5629,346,50.85048744826122
High-straggler,Async-FedDRL,5629,347,89.98577265101537
High-straggler,Async-FedDRL,5629,348,73.0805653546475
High-straggler,Async-FedDRL,5629,349,83.4980781656077
High-straggler,Async-FedDRL,5629,350,63.57566892684779
High-straggler,Async-FedDRL,5629,351,55.3778881661766
High-straggler,Async-FedDRL,5629,352,93.38992483073156
High-straggler,Async-FedDRL,5629,353,78.01706854598974
High-straggler,Async-FedDRL,5629,354,68.40593869984014
High-straggler,Async-FedDRL,5629,355,89.601755458942
High-straggler,Async-FedDRL,5629,356,80.01545350770724
High-straggler,Async-FedDRL,5629,357,68.9111806165084
High-straggler,Async-FedDRL,5629,358,52.14383802773067
High-straggler,Async-FedDRL,5629,359,25.747021374503586
High-straggler,Async-FedDRL,5629,360,61.85907465303306
High-straggler,Async-FedDRL,5629,361,52.48346471632506
High-straggler,Async-FedDRL,5629,362,78.42540699373745
High-straggler,Async-FedDRL,5629,363,69.82781512333761
High-straggler,Async-FedDRL,5629,364,54.280714459473415
High-straggler,Async-FedDRL,5629,365,100.57434712273533
High-straggler,Async-FedDRL,5629,366,79.71138853041342
High-straggler,Async-FedDRL,5629,367,72.29211751046927
High-straggler,Async-FedDRL,5629,368,63.87164278655319
High-straggler,Async-FedDRL,5629,369,45.016517421222765
High-straggler,Async-FedDRL,5629,370,44.94649114825563
High-straggler,Async-FedDRL,5629,371,50.62677627371655
High-straggler,Async-FedDRL,5629,372,56.32986932982803
High-straggler,Async-FedDRL,5629,373,34.25604349579677
High-straggler,Async-FedDRL,5629,374,87.97493551756732
High-straggler,Async-FedDRL,5629,375,84.79473535947267
High-straggler,Async-FedDRL,5629,376,69.57584524320607
High-straggler,Async-FedDRL,5629,377,102.32155511576656
High-straggler,Async-FedDRL,5629,378,123.02248579072884
High-straggler,Async-FedDRL,5629,379,50.22096018111992
High-straggler,Async-FedDRL,5629,380,62.730082669578145
High-straggler,Async-FedDRL,5629,381,73.81907982795353
High-straggler,Async-FedDRL,5629,382,71.73467316879669
High-straggler,Async-FedDRL,5629,383,89.56133785436617
High-straggler,Async-FedDRL,5629,384,66.53076965598068
High-straggler,Async-FedDRL,5629,385,88.53387689543685
High-straggler,Async-FedDRL,5629,386,57.09455363268635
High-straggler,Async-FedDRL,5629,387,69.131195989585
High-straggler,Async-FedDRL,5629,388,107.53019244903373
High-straggler,Async-FedDRL,5629,389,87.68814534030052
High-straggler,Async-FedDRL,5629,390,78.87908872722404
High-straggler,Async-FedDRL,5629,391,97.58893238607331
High-straggler,Async-FedDRL,5629,392,54.88665015589201
High-straggler,Async-FedDRL,5629,393,91.6118518018937
High-straggler,Async-FedDRL,5629,394,70.56298671250185
High-straggler,Async-FedDRL,5629,395,52.228517420976914
High-straggler,Async-FedDRL,5629,396,69.63058891394618
High-straggler,Async-FedDRL,5629,397,76.10637858224884
High-straggler,Async-FedDRL,5629,398,74.11973784734931
High-straggler,Async-FedDRL,5629,399,47.87360162481326
High-straggler,Async-FedDRL,5629,400,78.82908844255873
High-straggler,Async-FedDRL,6740,1,267.61864333571447
High-straggler,Async-FedDRL,6740,2,301.330675097382
High-straggler,Async-FedDRL,6740,3,260.4441960737337
High-straggler,Async-FedDRL,6740,4,227.69648829959354
High-straggler,Async-FedDRL,6740,5,247.14148920912777
High-straggler,Async-FedDRL,6740,6,269.01164536547253
High-straggler,Async-FedDRL,6740,7,251.01993165367952
High-straggler,Async-FedDRL,6740,8,295.09625067274413
High-straggler,Async-FedDRL,6740,9,238.82872458266547
High-straggler,Async-FedDRL,6740,10,298.6167522818585
High-straggler,Async-FedDRL,6740,11,270.0110696831935
High-straggler,Async-FedDRL,6740,12,262.2359552584196
High-straggler,Async-FedDRL,6740,13,257.9363325924265
High-straggler,Async-FedDRL,6740,14,241.56087014288653
High-straggler,Async-FedDRL,6740,15,232.60564023837597
High-straggler,Async-FedDRL,6740,16,238.74097937132973
High-straggler,Async-FedDRL,6740,17,269.23118083930274
High-straggler,Async-FedDRL,6740,18,262.06417176967136
High-straggler,Async-FedDRL,6740,19,242.06227911363948
High-straggler,Async-FedDRL,6740,20,222.05674625490545
High-straggler,Async-FedDRL,6740,21,248.56353575684835
High-straggler,Async-FedDRL,6740,22,265.8252526621374
High-straggler,Async-FedDRL,6740,23,274.72468195275883
High-straggler,Async-FedDRL,6740,24,247.34641790207664
High-straggler,Async-FedDRL,6740,25,234.0543801161846
High-straggler,Async-FedDRL,6740,26,213.0794000816825
High-straggler,Async-FedDRL,6740,27,216.07325058094676
High-straggler,Async-FedDRL,6740,28,223.1963875002505
High-straggler,Async-FedDRL,6740,29,257.46294016208304
High-straggler,Async-FedDRL,6740,30,282.43939545358364
High-straggler,Async-FedDRL,6740,31,243.14810572563306
High-straggler,Async-FedDRL,6740,32,245.65390858395665
High-straggler,Async-FedDRL,6740,33,219.9987811152267
High-straggler,Async-FedDRL,6740,34,204.17558694787482
High-straggler,Async-FedDRL,6740,35,220.21706226212544
High-straggler,Async-FedDRL,6740,36,266.71107011375733
High-straggler,Async-FedDRL,6740,37,205.55143700853037
High-straggler,Async-FedDRL,6740,38,257.8915355976644
High-straggler,Async-FedDRL,6740,39,233.31334968552954
High-straggler,Async-FedDRL,6740,40,231.3581051852254
High-straggler,Async-FedDRL,6740,41,216.60092008244405
High-straggler,Async-FedDRL,6740,42,253.3900201574798
High-straggler,Async-FedDRL,6740,43,228.42068255797784
High-straggler,Async-FedDRL,6740,44,154.01605861414473
High-straggler,Async-FedDRL,6740,45,241.34208333078624
High-straggler,Async-FedDRL,6740,46,204.571844762705
High-straggler,Async-FedDRL,6740,47,212.2106521127209
High-straggler,Async-FedDRL,6740,48,178.21872217939577
High-straggler,Async-FedDRL,6740,49,237.59648928383615
High-straggler,Async-FedDRL,6740,50,184.94064299627252
High-straggler,Async-FedDRL,6740,51,270.4744117717487
High-straggler,Async-FedDRL,6740,52,224.19155015108288
High-straggler,Async-FedDRL,6740,53,216.7605589557099
High-straggler,Async-FedDRL,6740,54,164.8806752943268
High-straggler,Async-FedDRL,6740,55,203.10262468014167
High-straggler,Async-FedDRL,6740,56,232.00401409495143
High-straggler,Async-FedDRL,6740,57,222.08297612110525
High-straggler,Async-FedDRL,6740,58,209.9152216509468
High-straggler,Async-FedDRL,6740,59,220.1791995147938
High-straggler,Async-FedDRL,6740,60,164.67488138570917
High-straggler,Async-FedDRL,6740,61,149.68207888022525
High-straggler,Async-FedDRL,6740,62,180.49054586926124
High-straggler,Async-FedDRL,6740,63,164.07551537632335
High-straggler,Async-FedDRL,6740,64,171.77863608023233
High-straggler,Async-FedDRL,6740,65,162.3044303115243
High-straggler,Async-FedDRL,6740,66,179.6777917950508
High-straggler,Async-FedDRL,6740,67,178.93668620625684
High-straggler,Async-FedDRL,6740,68,171.4915950375282
High-straggler,Async-FedDRL,6740,69,141.40072580676846
High-straggler,Async-FedDRL,6740,70,157.59431441860815
High-straggler,Async-FedDRL,6740,71,177.06047398190807
High-straggler,Async-FedDRL,6740,72,170.3941405338949
High-straggler,Async-FedDRL,6740,73,168.0005873272461
High-straggler,Async-FedDRL,6740,74,164.70008014132404
High-straggler,Async-FedDRL,6740,75,163.10254378123722
High-straggler,Async-FedDRL,6740,76,133.03843520787387
High-straggler,Async-FedDRL,6740,77,169.9458098154822
High-straggler,Async-FedDRL,6740,78,177.7107129406725
High-straggler,Async-FedDRL,6740,79,172.56470181666188
High-straggler,Async-FedDRL,6740,80,179.55046670036117
High-straggler,Async-FedDRL,6740,81,143.48051759732408
High-straggler,Async-FedDRL,6740,82,149.80384157294912
High-straggler,Async-FedDRL,6740,83,145.6140895517028
High-straggler,Async-FedDRL,6740,84,164.52046136484606
High-straggler,Async-FedDRL,6740,85,144.92712843396944
High-straggler,Async-FedDRL,6740,86,130.9132973725618
High-straggler,Async-FedDRL,6740,87,152.65309500706752
High-straggler,Async-FedDRL,6740,88,145.3100002506181
High-straggler,Async-FedDRL,6740,89,135.25309765713413
High-straggler,Async-FedDRL,6740,90,148.09075059742685
High-straggler,Async-FedDRL,6740,91,119.74578137125361
High-straggler,Async-FedDRL,6740,92,131.71959969231543
High-straggler,Async-FedDRL,6740,93,133.42752385229795
High-straggler,Async-FedDRL,6740,94,163.52825145254153
High-straggler,Async-FedDRL,6740,95,158.37926388904307
High-straggler,Async-FedDRL,6740,96,127.65215409449377
High-straggler,Async-FedDRL,6740,97,141.83767051019532
High-straggler,Async-FedDRL,6740,98,106.6166262506387
High-straggler,Async-FedDRL,6740,99,121.89068945474564
High-straggler,Async-FedDRL,6740,100,124.91078662226319
High-straggler,Async-FedDRL,6740,101,123.58315637434953
High-straggler,Async-FedDRL,6740,102,151.86280721550256
High-straggler,Async-FedDRL,6740,103,136.62817844372435
High-straggler,Async-FedDRL,6740,104,136.80990024709783
High-straggler,Async-FedDRL,6740,105,127.04729319780328
High-straggler,Async-FedDRL,6740,106,120.05937365698668
High-straggler,Async-FedDRL,6740,107,140.7630771126264
High-straggler,Async-FedDRL,6740,108,115.63292717080743
High-straggler,Async-FedDRL,6740,109,82.75078550300523
High-straggler,Async-FedDRL,6740,110,110.28651953875061
High-straggler,Async-FedDRL,6740,111,113.29005826705843
High-straggler,Async-FedDRL,6740,112,145.20556026781705
High-straggler,Async-FedDRL,6740,113,95.24063692563355
High-straggler,Async-FedDRL,6740,114,113.29986095194161
High-straggler,Async-FedDRL,6740,115,121.61228300427264
High-straggler,Async-FedDRL,6740,116,146.91715656991502
High-straggler,Async-FedDRL,6740,117,97.12462401207151
High-straggler,Async-FedDRL,6740,118,137.21838841344
High-straggler,Async-FedDRL,6740,119,107.01874277250896
High-straggler,Async-FedDRL,6740,120,117.54216087210693
High-straggler,Async-FedDRL,6740,121,87.39980778308139
High-straggler,Async-FedDRL,6740,122,114.46633396656206
High-straggler,Async-FedDRL,6740,123,121.02782564066803
High-straggler,Async-FedDRL,6740,124,107.84161484866029
High-straggler,Async-FedDRL,6740,125,93.40397553941756
High-straggler,Async-FedDRL,6740,126,116.42828656083852
High-straggler,Async-FedDRL,6740,127,121.70115276812818
High-straggler,Async-FedDRL,6740,128,145.555337254063
High-straggler,Async-FedDRL,6740,129,129.62841846038546
High-straggler,Async-FedDRL,6740,130,101.7930309506622
High-straggler,Async-FedDRL,6740,131,120.08807696178168
High-straggler,Async-FedDRL,6740,132,101.75855922964114
High-straggler,Async-FedDRL,6740,133,116.66291659818157
High-straggler,Async-FedDRL,6740,134,116.73090254311994
High-straggler,Async-FedDRL,6740,135,107.95208011744549
High-straggler,Async-FedDRL,6740,136,102.06814804107903
High-straggler,Async-FedDRL,6740,137,100.65957339039916
High-straggler,Async-FedDRL,6740,138,100.1123053462597
High-straggler,Async-FedDRL,6740,139,109.1343134110967
High-straggler,Async-FedDRL,6740,140,95.50327913193333
High-straggler,Async-FedDRL,6740,141,131.65487822625917
High-straggler,Async-FedDRL,6740,142,111.92129954917334
High-straggler,Async-FedDRL,6740,143,129.32960543673127
High-straggler,Async-FedDRL,6740,144,95.56011336905691
High-straggler,Async-FedDRL,6740,145,115.39002273529721
High-straggler,Async-FedDRL,6740,146,103.28412006937957
High-straggler,Async-FedDRL,6740,147,93.98592069380737
High-straggler,Async-FedDRL,6740,148,100.34763560574002
High-straggler,Async-FedDRL,6740,149,90.68834700493218
High-straggler,Async-FedDRL,6740,150,84.60062306565818
High-straggler,Async-FedDRL,6740,151,77.93453865344276
High-straggler,Async-FedDRL,6740,152,88.24522442254695
High-straggler,Async-FedDRL,6740,153,110.78033305744873
High-straggler,Async-FedDRL,6740,154,85.04983897905383
High-straggler,Async-FedDRL,6740,155,86.23851676538683
High-straggler,Async-FedDRL,6740,156,106.33472234270765
High-straggler,Async-FedDRL,6740,157,85.20114708434627
High-straggler,Async-FedDRL,6740,158,100.5254302284937
High-straggler,Async-FedDRL,6740,159,88.28192368108678
High-straggler,Async-FedDRL,6740,160,91.23706837999718
High-straggler,Async-FedDRL,6740,161,86.85641760406867
High-straggler,Async-FedDRL,6740,162,101.72114580187224
High-straggler,Async-FedDRL,6740,163,58.91949543387252
High-straggler,Async-FedDRL,6740,164,109.0919254488393
High-straggler,Async-FedDRL,6740,165,112.13791934818701
High-straggler,Async-FedDRL,6740,166,92.07738829795774
High-straggler,Async-FedDRL,6740,167,117.98676566582662
High-straggler,Async-FedDRL,6740,168,70.05255658962783
High-straggler,Async-FedDRL,6740,169,98.93989316953895
High-straggler,Async-FedDRL,6740,170,61.97897387731965
High-straggler,Async-FedDRL,6740,171,107.98216956047914
High-straggler,Async-FedDRL,6740,172,95.33204760516509
High-straggler,Async-FedDRL,6740,173,76.43003309796937
High-straggler,Async-FedDRL,6740,174,113.36585063019436
High-straggler,Async-FedDRL,6740,175,66.81998011414927
High-straggler,Async-FedDRL,6740,176,129.07672432937557
High-straggler,Async-FedDRL,6740,177,93.79413631579871
High-straggler,Async-FedDRL,6740,178,115.33600445498661
High-straggler,Async-FedDRL,6740,179,93.3417938583964
High-straggler,Async-FedDRL,6740,180,71.30414567497026
High-straggler,Async-FedDRL,6740,181,80.72526559166313
High-straggler,Async-FedDRL,6740,182,75.5727111170872
High-straggler,Async-FedDRL,6740,183,108.251168482465
High-straggler,Async-FedDRL,6740,184,65.47579424767994
High-straggler,Async-FedDRL,6740,185,125.56586202645491
High-straggler,Async-FedDRL,6740,186,55.708345587590685
High-straggler,Async-FedDRL,6740,187,75.31250989199141
High-straggler,Async-FedDRL,6740,188,54.33675558542971
High-straggler,Async-FedDRL,6740,189,111.37441617005156
High-straggler,Async-FedDRL,6740,190,97.24212209472728
High-straggler,Async-FedDRL,6740,191,66.89399021216958
High-straggler,Async-FedDRL,6740,192,79.07010773001777
High-straggler,Async-FedDRL,6740,193,31.20573162334211
High-straggler,Async-FedDRL,6740,194,78.0331080633682
High-straggler,Async-FedDRL,6740,195,81.1398456305334
High-straggler,Async-FedDRL,6740,196,119.35234693237251
High-straggler,Async-FedDRL,6740,197,86.70813611092716
High-straggler,Async-FedDRL,6740,198,75.26317127640048
High-straggler,Async-FedDRL,6740,199,78.11715569860226
High-straggler,Async-FedDRL,6740,200,92.26501220931344
High-straggler,Async-FedDRL,6740,201,61.067718314267125
High-straggler,Async-FedDRL,6740,202,67.78606239966727
High-straggler,Async-FedDRL,6740,203,60.536678976597834
High-straggler,Async-FedDRL,6740,204,65.93910423564019
High-straggler,Async-FedDRL,6740,205,79.55084619125645
High-straggler,Async-FedDRL,6740,206,78.21904230776407
High-straggler,Async-FedDRL,6740,207,60.46927062503091
High-straggler,Async-FedDRL,6740,208,78.45103683021345
High-straggler,Async-FedDRL,6740,209,49.01536084107634
High-straggler,Async-FedDRL,6740,210,97.18847826179604
High-straggler,Async-FedDRL,6740,211,79.80773146925428
High-straggler,Async-FedDRL,6740,212,99.63855892456615
High-straggler,Async-FedDRL,6740,213,57.7923797315676
High-straggler,Async-FedDRL,6740,214,95.93615106957675
High-straggler,Async-FedDRL,6740,215,49.38259658175746
High-straggler,Async-FedDRL,6740,216,79.92608412577853
High-straggler,Async-FedDRL,6740,217,103.55673972070802
High-straggler,Async-FedDRL,6740,218,54.052806108379244
High-straggler,Async-FedDRL,6740,219,39.445000487171306
High-straggler,Async-FedDRL,6740,220,80.85042422223087
High-straggler,Async-FedDRL,6740,221,59.80838494243841
High-straggler,Async-FedDRL,6740,222,65.91346744717993
High-straggler,Async-FedDRL,6740,223,85.97164581919877
High-straggler,Async-FedDRL,6740,224,65.86890097905611
High-straggler,Async-FedDRL,6740,225,85.79743633156936
High-straggler,Async-FedDRL,6740,226,69.11357864161666
High-straggler,Async-FedDRL,6740,227,104.29819079778619
High-straggler,Async-FedDRL,6740,228,119.15821312369627
High-straggler,Async-FedDRL,6740,229,52.03348755891838
High-straggler,Async-FedDRL,6740,230,47.7909528904068
High-straggler,Async-FedDRL,6740,231,113.48923259530889
High-straggler,Async-FedDRL,6740,232,74.46829503767505
High-straggler,Async-FedDRL,6740,233,45.49877327563892
High-straggler,Async-FedDRL,6740,234,73.79965327967066
High-straggler,Async-FedDRL,6740,235,100.05445201464558
High-straggler,Async-FedDRL,6740,236,59.52528156447186
High-straggler,Async-FedDRL,6740,237,68.21614829903008
High-straggler,Async-FedDRL,6740,238,74.38452903095961
High-straggler,Async-FedDRL,6740,239,107.11608768472075
High-straggler,Async-FedDRL,6740,240,83.87692496247767
High-straggler,Async-FedDRL,6740,241,103.47369848010337
High-straggler,Async-FedDRL,6740,242,96.88343926920092
High-straggler,Async-FedDRL,6740,243,79.44423928029832
High-straggler,Async-FedDRL,6740,244,72.79776390866499
High-straggler,Async-FedDRL,6740,245,59.49904101233623
High-straggler,Async-FedDRL,6740,246,83.23314751774919
High-straggler,Async-FedDRL,6740,247,87.4498554342304
High-straggler,Async-FedDRL,6740,248,77.08998012690519
High-straggler,Async-FedDRL,6740,249,80.76132325670166
High-straggler,Async-FedDRL,6740,250,90.56636224519168
High-straggler,Async-FedDRL,6740,251,63.42488163729047
High-straggler,Async-FedDRL,6740,252,117.78498253779732
High-straggler,Async-FedDRL,6740,253,59.58561098471689
High-straggler,Async-FedDRL,6740,254,68.99196249588701
High-straggler,Async-FedDRL,6740,255,74.79736490648934
High-straggler,Async-FedDRL,6740,256,70.30179822156926
High-straggler,Async-FedDRL,6740,257,75.99189085742185
High-straggler,Async-FedDRL,6740,258,51.60324931363729
High-straggler,Async-FedDRL,6740,259,79.39785382191256
High-straggler,Async-FedDRL,6740,260,66.88294174212061
High-straggler,Async-FedDRL,6740,261,77.70012530109376
High-straggler,Async-FedDRL,6740,262,77.65378795319317
High-straggler,Async-FedDRL,6740,263,49.833968781289336
High-straggler,Async-FedDRL,6740,264,93.16160592770885
High-straggler,Async-FedDRL,6740,265,92.21339988145805
High-straggler,Async-FedDRL,6740,266,79.65336480150525
High-straggler,Async-FedDRL,6740,267,71.22244813759947
High-straggler,Async-FedDRL,6740,268,64.93369159438828
High-straggler,Async-FedDRL,6740,269,62.85257784118278
High-straggler,Async-FedDRL,6740,270,64.65602282914872
High-straggler,Async-FedDRL,6740,271,109.79225663639507
High-straggler,Async-FedDRL,6740,272,72.89321502840737
High-straggler,Async-FedDRL,6740,273,30.308764719122017
High-straggler,Async-FedDRL,6740,274,94.8331051806545
High-straggler,Async-FedDRL,6740,275,54.95511306569407
High-straggler,Async-FedDRL,6740,276,93.75717307742674
High-straggler,Async-FedDRL,6740,277,102.96878588784797
High-straggler,Async-FedDRL,6740,278,51.841608267927036
High-straggler,Async-FedDRL,6740,279,63.22090656517165
High-straggler,Async-FedDRL,6740,280,98.17204924013573
High-straggler,Async-FedDRL,6740,281,95.50033357093041
High-straggler,Async-FedDRL,6740,282,100.47703372444396
High-straggler,Async-FedDRL,6740,283,84.67517718028458
High-straggler,Async-FedDRL,6740,284,72.09585719575131
High-straggler,Async-FedDRL,6740,285,75.91695503464916
High-straggler,Async-FedDRL,6740,286,80.5023980534123
High-straggler,Async-FedDRL,6740,287,73.31665863065267
High-straggler,Async-FedDRL,6740,288,58.695536737121834
High-straggler,Async-FedDRL,6740,289,79.28878036944272
High-straggler,Async-FedDRL,6740,290,86.89696285692689
High-straggler,Async-FedDRL,6740,291,79.94166525059849
High-straggler,Async-FedDRL,6740,292,69.30636869837201
High-straggler,Async-FedDRL,6740,293,52.83055761850924
High-straggler,Async-FedDRL,6740,294,75.48102784643959
High-straggler,Async-FedDRL,6740,295,83.80164181762322
High-straggler,Async-FedDRL,6740,296,83.00843892955645
High-straggler,Async-FedDRL,6740,297,94.94889718333476
High-straggler,Async-FedDRL,6740,298,73.54921019939638
High-straggler,Async-FedDRL,6740,299,59.57832624023576
High-straggler,Async-FedDRL,6740,300,59.13376374856619
High-straggler,Async-FedDRL,6740,301,96.39938612586022
High-straggler,Async-FedDRL,6740,302,109.97238239962762
High-straggler,Async-FedDRL,6740,303,81.85132113040336
High-straggler,Async-FedDRL,6740,304,76.79950023381076
High-straggler,Async-FedDRL,6740,305,79.15597045522631
High-straggler,Async-FedDRL,6740,306,103.0082509132265
High-straggler,Async-FedDRL,6740,307,78.71012274465127
High-straggler,Async-FedDRL,6740,308,66.53066646496612
High-straggler,Async-FedDRL,6740,309,72.98871877845947
High-straggler,Async-FedDRL,6740,310,75.82336405172471
High-straggler,Async-FedDRL,6740,311,85.33300335573368
High-straggler,Async-FedDRL,6740,312,87.413696190737
High-straggler,Async-FedDRL,6740,313,68.55675067188501
High-straggler,Async-FedDRL,6740,314,69.063379804752
High-straggler,Async-FedDRL,6740,315,63.89722708162537
High-straggler,Async-FedDRL,6740,316,76.56848077908553
High-straggler,Async-FedDRL,6740,317,80.04793229609693
High-straggler,Async-FedDRL,6740,318,71.85801763488503
High-straggler,Async-FedDRL,6740,319,66.66090496619182
High-straggler,Async-FedDRL,6740,320,51.20839903644738
High-straggler,Async-FedDRL,6740,321,65.82693990755416
High-straggler,Async-FedDRL,6740,322,72.06193839421628
High-straggler,Async-FedDRL,6740,323,92.00527562138706
High-straggler,Async-FedDRL,6740,324,107.04681764405241
High-straggler,Async-FedDRL,6740,325,74.81319396750492
High-straggler,Async-FedDRL,6740,326,74.27136874662932
High-straggler,Async-FedDRL,6740,327,74.36745076585149
High-straggler,Async-FedDRL,6740,328,111.07607848190327
High-straggler,Async-FedDRL,6740,329,73.4434736422642
High-straggler,Async-FedDRL,6740,330,89.11645905900656
High-straggler,Async-FedDRL,6740,331,46.94439209872196
High-straggler,Async-FedDRL,6740,332,103.87057339936396
High-straggler,Async-FedDRL,6740,333,96.76673085140773
High-straggler,Async-FedDRL,6740,334,77.38503605056087
High-straggler,Async-FedDRL,6740,335,68.65831691355605
High-straggler,Async-FedDRL,6740,336,81.10770700611815
High-straggler,Async-FedDRL,6740,337,47.943879065687746
High-straggler,Async-FedDRL,6740,338,84.79178117591636
High-straggler,Async-FedDRL,6740,339,56.27894941175399
High-straggler,Async-FedDRL,6740,340,86.38513042486541
High-straggler,Async-FedDRL,6740,341,68.85722642496808
High-straggler,Async-FedDRL,6740,342,55.75828474454737
High-straggler,Async-FedDRL,6740,343,77.68108433411298
High-straggler,Async-FedDRL,6740,344,74.28801069732621
High-straggler,Async-FedDRL,6740,345,74.86796670989841
High-straggler,Async-FedDRL,6740,346,92.33270802589
High-straggler,Async-FedDRL,6740,347,73.06762908795076
High-straggler,Async-FedDRL,6740,348,102.85435787570532
High-straggler,Async-FedDRL,6740,349,76.97967290496854
High-straggler,Async-FedDRL,6740,350,76.68993434107838
High-straggler,Async-FedDRL,6740,351,51.21156719611
High-straggler,Async-FedDRL,6740,352,91.68188284750671
High-straggler,Async-FedDRL,6740,353,74.80686240134698
High-straggler,Async-FedDRL,6740,354,65.67167383584446
High-straggler,Async-FedDRL,6740,355,71.09777115146908
High-straggler,Async-FedDRL,6740,356,78.75680875310917
High-straggler,Async-FedDRL,6740,357,39.144332468129726
High-straggler,Async-FedDRL,6740,358,100.25362862985666
High-straggler,Async-FedDRL,6740,359,56.784418287756495
High-straggler,Async-FedDRL,6740,360,79.40285818654046
High-straggler,Async-FedDRL,6740,361,65.2746858477278
High-straggler,Async-FedDRL,6740,362,67.38846255737536
High-straggler,Async-FedDRL,6740,363,84.7080295753137
High-straggler,Async-FedDRL,6740,364,85.25035910641184
High-straggler,Async-FedDRL,6740,365,41.58275950039611
High-straggler,Async-FedDRL,6740,366,85.19745400003694
High-straggler,Async-FedDRL,6740,367,87.72607841620234
High-straggler,Async-FedDRL,6740,368,79.00367723846854
High-straggler,Async-FedDRL,6740,369,91.05488786765281
High-straggler,Async-FedDRL,6740,370,58.470292033259774
High-straggler,Async-FedDRL,6740,371,63.42945236208313
High-straggler,Async-FedDRL,6740,372,83.65124954239286
High-straggler,Async-FedDRL,6740,373,79.65952241459222
High-straggler,Async-FedDRL,6740,374,62.6730781960835
High-straggler,Async-FedDRL,6740,375,88.16452344997703
High-straggler,Async-FedDRL,6740,376,108.46843666261512
High-straggler,Async-FedDRL,6740,377,57.099131205580576
High-straggler,Async-FedDRL,6740,378,68.06145947583015
High-straggler,Async-FedDRL,6740,379,102.89295929493387
High-straggler,Async-FedDRL,6740,380,54.65583766788524
High-straggler,Async-FedDRL,6740,381,77.94839091632419
High-straggler,Async-FedDRL,6740,382,52.62767780685004
High-straggler,Async-FedDRL,6740,383,81.9923069540019
High-straggler,Async-FedDRL,6740,384,86.23471200719294
High-straggler,Async-FedDRL,6740,385,55.78131785947726
High-straggler,Async-FedDRL,6740,386,86.46793304148737
High-straggler,Async-FedDRL,6740,387,80.84354899732732
High-straggler,Async-FedDRL,6740,388,96.17853307776706
High-straggler,Async-FedDRL,6740,389,73.22485583070113
High-straggler,Async-FedDRL,6740,390,76.11427085543673
High-straggler,Async-FedDRL,6740,391,99.69624730011252
High-straggler,Async-FedDRL,6740,392,63.95456403173744
High-straggler,Async-FedDRL,6740,393,49.261417703019475
High-straggler,Async-FedDRL,6740,394,97.50296202039365
High-straggler,Async-FedDRL,6740,395,108.24398658852773
High-straggler,Async-FedDRL,6740,396,78.61446540030477
High-straggler,Async-FedDRL,6740,397,113.21539136577981
High-straggler,Async-FedDRL,6740,398,67.97027863407999
High-straggler,Async-FedDRL,6740,399,37.39739680355177
High-straggler,Async-FedDRL,6740,400,105.74669673339135
High-straggler,Async-FedDRL,7851,1,277.7891259549802
High-straggler,Async-FedDRL,7851,2,265.40912124891446
High-straggler,Async-FedDRL,7851,3,292.9938992485367
High-straggler,Async-FedDRL,7851,4,321.82051428869727
High-straggler,Async-FedDRL,7851,5,308.243905872133
High-straggler,Async-FedDRL,7851,6,252.01058958279248
High-straggler,Async-FedDRL,7851,7,257.1879242258021
High-straggler,Async-FedDRL,7851,8,274.74522338944814
High-straggler,Async-FedDRL,7851,9,292.62136477827056
High-straggler,Async-FedDRL,7851,10,282.10421518538647
High-straggler,Async-FedDRL,7851,11,273.9689453222743
High-straggler,Async-FedDRL,7851,12,255.63864224188055
High-straggler,Async-FedDRL,7851,13,299.0325743341287
High-straggler,Async-FedDRL,7851,14,277.2507789822419
High-straggler,Async-FedDRL,7851,15,305.4158017873544
High-straggler,Async-FedDRL,7851,16,285.90173497663255
High-straggler,Async-FedDRL,7851,17,292.9699031515477
High-straggler,Async-FedDRL,7851,18,279.0690437137444
High-straggler,Async-FedDRL,7851,19,304.8668416865738
High-straggler,Async-FedDRL,7851,20,285.4512253434951
High-straggler,Async-FedDRL,7851,21,261.8323597165031
High-straggler,Async-FedDRL,7851,22,301.61067672262163
High-straggler,Async-FedDRL,7851,23,275.9037889376199
High-straggler,Async-FedDRL,7851,24,279.8598465951894
High-straggler,Async-FedDRL,7851,25,268.67554069815526
High-straggler,Async-FedDRL,7851,26,266.6919389199949
High-straggler,Async-FedDRL,7851,27,232.87915683780398
High-straggler,Async-FedDRL,7851,28,237.100262331353
High-straggler,Async-FedDRL,7851,29,245.14313387712238
High-straggler,Async-FedDRL,7851,30,250.8961213205871
High-straggler,Async-FedDRL,7851,31,306.4464577253561
High-straggler,Async-FedDRL,7851,32,299.55836326393415
High-straggler,Async-FedDRL,7851,33,253.19310379336915
High-straggler,Async-FedDRL,7851,34,216.61541703476078
High-straggler,Async-FedDRL,7851,35,249.06393163520792
High-straggler,Async-FedDRL,7851,36,247.7648743157798
High-straggler,Async-FedDRL,7851,37,232.6907013467553
High-straggler,Async-FedDRL,7851,38,217.27063160767847
High-straggler,Async-FedDRL,7851,39,245.7342298531063
High-straggler,Async-FedDRL,7851,40,238.36115903865985
High-straggler,Async-FedDRL,7851,41,232.39248665468565
High-straggler,Async-FedDRL,7851,42,211.66014012028288
High-straggler,Async-FedDRL,7851,43,241.78062625217842
High-straggler,Async-FedDRL,7851,44,265.21855023450087
High-straggler,Async-FedDRL,7851,45,281.1217504367756
High-straggler,Async-FedDRL,7851,46,216.73275982854238
High-straggler,Async-FedDRL,7851,47,207.30138431352174
High-straggler,Async-FedDRL,7851,48,248.73188504197427
High-straggler,Async-FedDRL,7851,49,210.68595576713724
High-straggler,Async-FedDRL,7851,50,237.4498818567182
High-straggler,Async-FedDRL,7851,51,238.09412889094887
High-straggler,Async-FedDRL,7851,52,245.69049250434782
High-straggler,Async-FedDRL,7851,53,267.3428660503715
High-straggler,Async-FedDRL,7851,54,247.4823865627201
High-straggler,Async-FedDRL,7851,55,267.66236809650377
High-straggler,Async-FedDRL,7851,56,213.09169910457229
High-straggler,Async-FedDRL,7851,57,222.81741393474937
High-straggler,Async-FedDRL,7851,58,182.1088864718549
High-straggler,Async-FedDRL,7851,59,245.25798773511195
High-straggler,Async-FedDRL,7851,60,229.9228104226384
High-straggler,Async-FedDRL,7851,61,206.57753806139692
High-straggler,Async-FedDRL,7851,62,216.82644677248496
High-straggler,Async-FedDRL,7851,63,220.05960550014032
High-straggler,Async-FedDRL,7851,64,148.50126042910713
High-straggler,Async-FedDRL,7851,65,202.42618436596302
High-straggler,Async-FedDRL,7851,66,193.97812303493765
High-straggler,Async-FedDRL,7851,67,201.56392015015686
High-straggler,Async-FedDRL,7851,68,205.01670444719784
High-straggler,Async-FedDRL,7851,69,184.06327482816346
High-straggler,Async-FedDRL,7851,70,179.45011685635635
High-straggler,Async-FedDRL,7851,71,177.59603954660633
High-straggler,Async-FedDRL,7851,72,164.3097356119873
High-straggler,Async-FedDRL,7851,73,205.19879740524388
High-straggler,Async-FedDRL,7851,74,177.5695063945042
High-straggler,Async-FedDRL,7851,75,181.01238333317474
High-straggler,Async-FedDRL,7851,76,196.0089534691474
High-straggler,Async-FedDRL,7851,77,182.5889832829876
High-straggler,Async-FedDRL,7851,78,191.99450015613283
High-straggler,Async-FedDRL,7851,79,170.35830564938914
High-straggler,Async-FedDRL,7851,80,173.27803287988291
High-straggler,Async-FedDRL,7851,81,155.2317965128295
High-straggler,Async-FedDRL,7851,82,161.9309542461658
High-straggler,Async-FedDRL,7851,83,168.70923892245025
High-straggler,Async-FedDRL,7851,84,187.33119709213238
High-straggler,Async-FedDRL,7851,85,159.31595281681257
High-straggler,Async-FedDRL,7851,86,128.62215747188367
High-straggler,Async-FedDRL,7851,87,133.3133071028307
High-straggler,Async-FedDRL,7851,88,190.12828974444423
High-straggler,Async-FedDRL,7851,89,122.31102961492415
High-straggler,Async-FedDRL,7851,90,164.38739737917993
High-straggler,Async-FedDRL,7851,91,149.0606095613446
High-straggler,Async-FedDRL,7851,92,152.90130070774774
High-straggler,Async-FedDRL,7851,93,135.05221123463042
High-straggler,Async-FedDRL,7851,94,181.19838657520708
High-straggler,Async-FedDRL,7851,95,154.89451678555307
High-straggler,Async-FedDRL,7851,96,142.29607419656801
High-straggler,Async-FedDRL,7851,97,144.49152257083625
High-straggler,Async-FedDRL,7851,98,152.3780487221223
High-straggler,Async-FedDRL,7851,99,158.68845171717788
High-straggler,Async-FedDRL,7851,100,154.55583506309304
High-straggler,Async-FedDRL,7851,101,171.98554498635133
High-straggler,Async-FedDRL,7851,102,177.80997977397305
High-straggler,Async-FedDRL,7851,103,160.30634858129926
High-straggler,Async-FedDRL,7851,104,158.7936124036819
High-straggler,Async-FedDRL,7851,105,136.74779164613875
High-straggler,Async-FedDRL,7851,106,155.67389423994433
High-straggler,Async-FedDRL,7851,107,121.70876510642738
High-straggler,Async-FedDRL,7851,108,129.12158708933134
High-straggler,Async-FedDRL,7851,109,141.12286164699083
High-straggler,Async-FedDRL,7851,110,101.95429532318603
High-straggler,Async-FedDRL,7851,111,156.06657151243513
High-straggler,Async-FedDRL,7851,112,142.7422871414886
High-straggler,Async-FedDRL,7851,113,137.81763714831527
High-straggler,Async-FedDRL,7851,114,134.24076699427553
High-straggler,Async-FedDRL,7851,115,109.30345962389862
High-straggler,Async-FedDRL,7851,116,146.8831679569217
High-straggler,Async-FedDRL,7851,117,145.43420622083977
High-straggler,Async-FedDRL,7851,118,143.34068332366667
High-straggler,Async-FedDRL,7851,119,125.2911085610255
High-straggler,Async-FedDRL,7851,120,142.07139788854198
High-straggler,Async-FedDRL,7851,121,98.55793897467441
High-straggler,Async-FedDRL,7851,122,131.76667536786167
High-straggler,Async-FedDRL,7851,123,102.30414484730845
High-straggler,Async-FedDRL,7851,124,154.1075144301243
High-straggler,Async-FedDRL,7851,125,139.27805341452017
High-straggler,Async-FedDRL,7851,126,128.42557918215672
High-straggler,Async-FedDRL,7851,127,137.31941210095997
High-straggler,Async-FedDRL,7851,128,102.35911585740752
High-straggler,Async-FedDRL,7851,129,98.65213286860212
High-straggler,Async-FedDRL,7851,130,144.57409002394445
High-straggler,Async-FedDRL,7851,131,129.70374935575623
High-straggler,Async-FedDRL,7851,132,121.41054000080204
High-straggler,Async-FedDRL,7851,133,93.75680139009403
High-straggler,Async-FedDRL,7851,134,110.67764060947393
High-straggler,Async-FedDRL,7851,135,100.85599867541096
High-straggler,Async-FedDRL,7851,136,115.33166448444983
High-straggler,Async-FedDRL,7851,137,105.32628366449404
High-straggler,Async-FedDRL,7851,138,98.91789911200728
High-straggler,Async-FedDRL,7851,139,119.07909977283352
High-straggler,Async-FedDRL,7851,140,112.4297171162195
High-straggler,Async-FedDRL,7851,141,99.57287050302094
High-straggler,Async-FedDRL,7851,142,141.7082463385973
High-straggler,Async-FedDRL,7851,143,115.41349796776761
High-straggler,Async-FedDRL,7851,144,96.39955938487529
High-straggler,Async-FedDRL,7851,145,102.23790783317531
High-straggler,Async-FedDRL,7851,146,114.05594347096672
High-straggler,Async-FedDRL,7851,147,121.33266024851757
High-straggler,Async-FedDRL,7851,148,79.28009988349429
High-straggler,Async-FedDRL,7851,149,108.87744024484594
High-straggler,Async-FedDRL,7851,150,99.01217008480543
High-straggler,Async-FedDRL,7851,151,133.6077471932661
High-straggler,Async-FedDRL,7851,152,101.66782856738932
High-straggler,Async-FedDRL,7851,153,98.282813188405
High-straggler,Async-FedDRL,7851,154,110.36468013974766
High-straggler,Async-FedDRL,7851,155,98.62293601038233
High-straggler,Async-FedDRL,7851,156,117.418498168766
High-straggler,Async-FedDRL,7851,157,78.94420276903257
High-straggler,Async-FedDRL,7851,158,97.63586300651318
High-straggler,Async-FedDRL,7851,159,98.66870179369546
High-straggler,Async-FedDRL,7851,160,113.45650012028715
High-straggler,Async-FedDRL,7851,161,106.67944227251328
High-straggler,Async-FedDRL,7851,162,112.50445446607348
High-straggler,Async-FedDRL,7851,163,86.85039055963118
High-straggler,Async-FedDRL,7851,164,99.31435742384731
High-straggler,Async-FedDRL,7851,165,81.17824161031689
High-straggler,Async-FedDRL,7851,166,102.78031899383477
High-straggler,Async-FedDRL,7851,167,103.66895069590583
High-straggler,Async-FedDRL,7851,168,94.44113883436297
High-straggler,Async-FedDRL,7851,169,66.15201820355159
High-straggler,Async-FedDRL,7851,170,88.2165257461902
High-straggler,Async-FedDRL,7851,171,88.11901711655484
High-straggler,Async-FedDRL,7851,172,89.44900534761155
High-straggler,Async-FedDRL,7851,173,99.85691431064417
High-straggler,Async-FedDRL,7851,174,65.44071344182457
High-straggler,Async-FedDRL,7851,175,111.99493300333161
High-straggler,Async-FedDRL,7851,176,120.78538444369107
High-straggler,Async-FedDRL,7851,177,78.64557632704178
High-straggler,Async-FedDRL,7851,178,112.86641461786384
High-straggler,Async-FedDRL,7851,179,128.98168099155316
High-straggler,Async-FedDRL,7851,180,53.146972513012834
High-straggler,Async-FedDRL,7851,181,55.48323262960458
High-straggler,Async-FedDRL,7851,182,38.40712317178448
High-straggler,Async-FedDRL,7851,183,88.97363850846916
High-straggler,Async-FedDRL,7851,184,77.8017012588187
High-straggler,Async-FedDRL,7851,185,92.6757541399912
High-straggler,Async-FedDRL,7851,186,79.39437478532965
High-straggler,Async-FedDRL,7851,187,121.89634830386176
High-straggler,Async-FedDRL,7851,188,99.93728024725328
High-straggler,Async-FedDRL,7851,189,94.66241693710371
High-straggler,Async-FedDRL,7851,190,91.19015410553929
High-straggler,Async-FedDRL,7851,191,88.83943722035737
High-straggler,Async-FedDRL,7851,192,63.09803427338194
High-straggler,Async-FedDRL,7851,193,82.7951679624975
High-straggler,Async-FedDRL,7851,194,92.83781663200229
High-straggler,Async-FedDRL,7851,195,86.42232339319321
High-straggler,Async-FedDRL,7851,196,91.96267049881975
High-straggler,Async-FedDRL,7851,197,71.95199837248029
High-straggler,Async-FedDRL,7851,198,102.29909824445328
High-straggler,Async-FedDRL,7851,199,70.30561933260033
High-straggler,Async-FedDRL,7851,200,95.17606035495436
High-straggler,Async-FedDRL,7851,201,89.79931058156714
High-straggler,Async-FedDRL,7851,202,105.5994474595858
High-straggler,Async-FedDRL,7851,203,89.4106856071275
High-straggler,Async-FedDRL,7851,204,47.197534166964495
High-straggler,Async-FedDRL,7851,205,68.64581624762717
High-straggler,Async-FedDRL,7851,206,91.23080271606668
High-straggler,Async-FedDRL,7851,207,88.07378011966324
High-straggler,Async-FedDRL,7851,208,61.85550261326264
High-straggler,Async-FedDRL,7851,209,89.48814545893971
High-straggler,Async-FedDRL,7851,210,115.31802526900489
High-straggler,Async-FedDRL,7851,211,88.50515844211102
High-straggler,Async-FedDRL,7851,212,95.1703227921567
High-straggler,Async-FedDRL,7851,213,93.1851287382139
High-straggler,Async-FedDRL,7851,214,72.80071565809286
High-straggler,Async-FedDRL,7851,215,102.23454561250364
High-straggler,Async-FedDRL,7851,216,41.046536084620804
High-straggler,Async-FedDRL,7851,217,99.82367519948276
High-straggler,Async-FedDRL,7851,218,102.03884813398822
High-straggler,Async-FedDRL,7851,219,64.03069775669393
High-straggler,Async-FedDRL,7851,220,115.92190566510155
High-straggler,Async-FedDRL,7851,221,88.40786052151854
High-straggler,Async-FedDRL,7851,222,90.62419866805767
High-straggler,Async-FedDRL,7851,223,86.99475416141985
High-straggler,Async-FedDRL,7851,224,102.97452295231906
High-straggler,Async-FedDRL,7851,225,98.1390913852382
High-straggler,Async-FedDRL,7851,226,105.73014835584513
High-straggler,Async-FedDRL,7851,227,86.2654152762106
High-straggler,Async-FedDRL,7851,228,76.49041901624192
High-straggler,Async-FedDRL,7851,229,114.50109887639603
High-straggler,Async-FedDRL,7851,230,109.23721724825563
High-straggler,Async-FedDRL,7851,231,77.23754834008517
High-straggler,Async-FedDRL,7851,232,74.88331636561638
High-straggler,Async-FedDRL,7851,233,97.34210692848161
High-straggler,Async-FedDRL,7851,234,92.34637249901294
High-straggler,Async-FedDRL,7851,235,63.48461210131127
High-straggler,Async-FedDRL,7851,236,78.46826888763894
High-straggler,Async-FedDRL,7851,237,67.3756407258463
High-straggler,Async-FedDRL,7851,238,84.03371461121175
High-straggler,Async-FedDRL,7851,239,97.77874809397447
High-straggler,Async-FedDRL,7851,240,84.2984208110291
High-straggler,Async-FedDRL,7851,241,73.06990684337138
High-straggler,Async-FedDRL,7851,242,95.2576111930387
High-straggler,Async-FedDRL,7851,243,56.553084889429265
High-straggler,Async-FedDRL,7851,244,106.29575343196252
High-straggler,Async-FedDRL,7851,245,96.5394640230446
High-straggler,Async-FedDRL,7851,246,88.27814621504298
High-straggler,Async-FedDRL,7851,247,87.97543402231814
High-straggler,Async-FedDRL,7851,248,114.96590741694764
High-straggler,Async-FedDRL,7851,249,86.14247194060677
High-straggler,Async-FedDRL,7851,250,85.40020402967133
High-straggler,Async-FedDRL,7851,251,105.12067961645253
High-straggler,Async-FedDRL,7851,252,83.83749541802547
High-straggler,Async-FedDRL,7851,253,104.66797300952653
High-straggler,Async-FedDRL,7851,254,79.3837006316044
High-straggler,Async-FedDRL,7851,255,92.91724232878406
High-straggler,Async-FedDRL,7851,256,47.1337108474883
High-straggler,Async-FedDRL,7851,257,113.23003366430294
High-straggler,Async-FedDRL,7851,258,81.39743951073875
High-straggler,Async-FedDRL,7851,259,101.83926351885461
High-straggler,Async-FedDRL,7851,260,93.39411382734657
High-straggler,Async-FedDRL,7851,261,117.7094529364306
High-straggler,Async-FedDRL,7851,262,69.0147723182805
High-straggler,Async-FedDRL,7851,263,96.33895136212504
High-straggler,Async-FedDRL,7851,264,76.49012724161597
High-straggler,Async-FedDRL,7851,265,86.9370125456549
High-straggler,Async-FedDRL,7851,266,66.45412267277233
High-straggler,Async-FedDRL,7851,267,79.966567466089
High-straggler,Async-FedDRL,7851,268,100.60297801329318
High-straggler,Async-FedDRL,7851,269,69.36335141571672
High-straggler,Async-FedDRL,7851,270,86.23385500454108
High-straggler,Async-FedDRL,7851,271,84.16075294497674
High-straggler,Async-FedDRL,7851,272,99.31370454345756
High-straggler,Async-FedDRL,7851,273,92.35247600494928
High-straggler,Async-FedDRL,7851,274,107.22678663327723
High-straggler,Async-FedDRL,7851,275,81.48646937773539
High-straggler,Async-FedDRL,7851,276,99.61970346060707
High-straggler,Async-FedDRL,7851,277,55.71886839832572
High-straggler,Async-FedDRL,7851,278,63.90079996689773
High-straggler,Async-FedDRL,7851,279,73.01503988393267
High-straggler,Async-FedDRL,7851,280,86.7081748154422
High-straggler,Async-FedDRL,7851,281,72.98340584517283
High-straggler,Async-FedDRL,7851,282,95.83750997948188
High-straggler,Async-FedDRL,7851,283,41.16217826128911
High-straggler,Async-FedDRL,7851,284,98.14519097135732
High-straggler,Async-FedDRL,7851,285,54.25747709007713
High-straggler,Async-FedDRL,7851,286,95.88529301152717
High-straggler,Async-FedDRL,7851,287,85.4059034050442
High-straggler,Async-FedDRL,7851,288,70.9950504174509
High-straggler,Async-FedDRL,7851,289,73.87822477986309
High-straggler,Async-FedDRL,7851,290,84.7000242821859
High-straggler,Async-FedDRL,7851,291,75.25840549490626
High-straggler,Async-FedDRL,7851,292,82.75795857490482
High-straggler,Async-FedDRL,7851,293,73.48261219342739
High-straggler,Async-FedDRL,7851,294,81.9959987324891
High-straggler,Async-FedDRL,7851,295,95.90302849703554
High-straggler,Async-FedDRL,7851,296,57.773816192351696
High-straggler,Async-FedDRL,7851,297,74.39218094816506
High-straggler,Async-FedDRL,7851,298,84.0426415743049
High-straggler,Async-FedDRL,7851,299,57.81850201350008
High-straggler,Async-FedDRL,7851,300,69.61123026766455
High-straggler,Async-FedDRL,7851,301,75.22628838554114
High-straggler,Async-FedDRL,7851,302,74.66822592486326
High-straggler,Async-FedDRL,7851,303,65.2612860720804
High-straggler,Async-FedDRL,7851,304,82.12146664889053
High-straggler,Async-FedDRL,7851,305,83.84702416721883
High-straggler,Async-FedDRL,7851,306,71.04739748734359
High-straggler,Async-FedDRL,7851,307,101.30367693600695
High-straggler,Async-FedDRL,7851,308,91.63200740725105
High-straggler,Async-FedDRL,7851,309,75.44922851484296
High-straggler,Async-FedDRL,7851,310,49.37549602423552
High-straggler,Async-FedDRL,7851,311,102.59805445289147
High-straggler,Async-FedDRL,7851,312,104.84641124259069
High-straggler,Async-FedDRL,7851,313,35.53922922742353
High-straggler,Async-FedDRL,7851,314,62.848057445208575
High-straggler,Async-FedDRL,7851,315,36.73174764446419
High-straggler,Async-FedDRL,7851,316,98.22890487745143
High-straggler,Async-FedDRL,7851,317,83.4530191276804
High-straggler,Async-FedDRL,7851,318,79.04066935080255
High-straggler,Async-FedDRL,7851,319,63.821961578170296
High-straggler,Async-FedDRL,7851,320,56.554606425244195
High-straggler,Async-FedDRL,7851,321,69.39891212655685
High-straggler,Async-FedDRL,7851,322,75.55703800372861
High-straggler,Async-FedDRL,7851,323,66.79280854852807
High-straggler,Async-FedDRL,7851,324,83.64310544568706
High-straggler,Async-FedDRL,7851,325,90.17752224117797
High-straggler,Async-FedDRL,7851,326,54.44966302787421
High-straggler,Async-FedDRL,7851,327,94.68331219555802
High-straggler,Async-FedDRL,7851,328,108.97624805563605
High-straggler,Async-FedDRL,7851,329,68.16429561246503
High-straggler,Async-FedDRL,7851,330,86.00614449392498
High-straggler,Async-FedDRL,7851,331,67.46848333985832
High-straggler,Async-FedDRL,7851,332,91.79436281063427
High-straggler,Async-FedDRL,7851,333,101.88940986322494
High-straggler,Async-FedDRL,7851,334,41.84664247303826
High-straggler,Async-FedDRL,7851,335,103.09476332044939
High-straggler,Async-FedDRL,7851,336,58.06537072572401
High-straggler,Async-FedDRL,7851,337,103.83956060305965
High-straggler,Async-FedDRL,7851,338,72.35799295154811
High-straggler,Async-FedDRL,7851,339,64.81772499485764
High-straggler,Async-FedDRL,7851,340,35.63295119275402
High-straggler,Async-FedDRL,7851,341,97.8195927606254
High-straggler,Async-FedDRL,7851,342,87.71215365245003
High-straggler,Async-FedDRL,7851,343,81.21730405592395
High-straggler,Async-FedDRL,7851,344,71.03605475128231
High-straggler,Async-FedDRL,7851,345,81.60835415388692
High-straggler,Async-FedDRL,7851,346,96.38711140270564
High-straggler,Async-FedDRL,7851,347,88.47877885775873
High-straggler,Async-FedDRL,7851,348,81.51545563223881
High-straggler,Async-FedDRL,7851,349,74.80518031487419
High-straggler,Async-FedDRL,7851,350,67.8813358411251
High-straggler,Async-FedDRL,7851,351,83.85611599917344
High-straggler,Async-FedDRL,7851,352,82.96764528622289
High-straggler,Async-FedDRL,7851,353,83.6601133536641
High-straggler,Async-FedDRL,7851,354,80.72908791544371
High-straggler,Async-FedDRL,7851,355,66.31163696302117
High-straggler,Async-FedDRL,7851,356,96.25234640914454
High-straggler,Async-FedDRL,7851,357,88.25346191080907
High-straggler,Async-FedDRL,7851,358,85.19047003277922
High-straggler,Async-FedDRL,7851,359,111.76148219730528
High-straggler,Async-FedDRL,7851,360,49.14082392285732
High-straggler,Async-FedDRL,7851,361,76.80789652583078
High-straggler,Async-FedDRL,7851,362,68.1527467701738
High-straggler,Async-FedDRL,7851,363,60.935004937617485
High-straggler,Async-FedDRL,7851,364,46.439719191602485
High-straggler,Async-FedDRL,7851,365,76.4997958019773
High-straggler,Async-FedDRL,7851,366,36.405741730000535
High-straggler,Async-FedDRL,7851,367,56.266576808602515
High-straggler,Async-FedDRL,7851,368,95.38062223219477
High-straggler,Async-FedDRL,7851,369,73.97684105409868
High-straggler,Async-FedDRL,7851,370,49.676062778040425
High-straggler,Async-FedDRL,7851,371,59.63623367128513
High-straggler,Async-FedDRL,7851,372,83.80435161973728
High-straggler,Async-FedDRL,7851,373,87.43199067726752
High-straggler,Async-FedDRL,7851,374,67.53196292973774
High-straggler,Async-FedDRL,7851,375,85.13206823107757
High-straggler,Async-FedDRL,7851,376,85.25080535357526
High-straggler,Async-FedDRL,7851,377,65.92828986547154
High-straggler,Async-FedDRL,7851,378,110.22213644080979
High-straggler,Async-FedDRL,7851,379,71.64137919889531
High-straggler,Async-FedDRL,7851,380,71.36409076685477
High-straggler,Async-FedDRL,7851,381,79.96566159804837
High-straggler,Async-FedDRL,7851,382,100.4702548423865
High-straggler,Async-FedDRL,7851,383,66.79508335772445
High-straggler,Async-FedDRL,7851,384,80.52013712561873
High-straggler,Async-FedDRL,7851,385,88.91599482173704
High-straggler,Async-FedDRL,7851,386,52.214670052438805
High-straggler,Async-FedDRL,7851,387,97.27311380334984
High-straggler,Async-FedDRL,7851,388,77.6156994228897
High-straggler,Async-FedDRL,7851,389,89.45946463661814
High-straggler,Async-FedDRL,7851,390,85.93105037043836
High-straggler,Async-FedDRL,7851,391,82.08542356722268
High-straggler,Async-FedDRL,7851,392,62.72358894075772
High-straggler,Async-FedDRL,7851,393,29.904686320797026
High-straggler,Async-FedDRL,7851,394,93.72364164129341
High-straggler,Async-FedDRL,7851,395,48.256697156655605
High-straggler,Async-FedDRL,7851,396,82.06864902642934
High-straggler,Async-FedDRL,7851,397,87.44829104131736
High-straggler,Async-FedDRL,7851,398,69.15780840706732
High-straggler,Async-FedDRL,7851,399,56.76857144594842
High-straggler,Async-FedDRL,7851,400,58.640300804878365
High-straggler,JIT-APFRL,3407,1,287.8150618787934
High-straggler,JIT-APFRL,3407,2,327.9245111704509
High-straggler,JIT-APFRL,3407,3,278.0513641753155
High-straggler,JIT-APFRL,3407,4,285.451736923585
High-straggler,JIT-APFRL,3407,5,264.4333512297811
High-straggler,JIT-APFRL,3407,6,285.49147257580086
High-straggler,JIT-APFRL,3407,7,317.78023627982634
High-straggler,JIT-APFRL,3407,8,221.7582980049629
High-straggler,JIT-APFRL,3407,9,318.58194719438416
High-straggler,JIT-APFRL,3407,10,290.7583672496643
High-straggler,JIT-APFRL,3407,11,247.15419642695093
High-straggler,JIT-APFRL,3407,12,247.53596488466349
High-straggler,JIT-APFRL,3407,13,274.78195235369407
High-straggler,JIT-APFRL,3407,14,308.67545550187526
High-straggler,JIT-APFRL,3407,15,242.5361968506089
High-straggler,JIT-APFRL,3407,16,295.88794334223434
High-straggler,JIT-APFRL,3407,17,258.4581276096567
High-straggler,JIT-APFRL,3407,18,262.2965059987579
High-straggler,JIT-APFRL,3407,19,256.45994402032443
High-straggler,JIT-APFRL,3407,20,255.4471322377689
High-straggler,JIT-APFRL,3407,21,250.60082701057078
High-straggler,JIT-APFRL,3407,22,236.1607259669189
High-straggler,JIT-APFRL,3407,23,295.16316583837806
High-straggler,JIT-APFRL,3407,24,239.91811137302733
High-straggler,JIT-APFRL,3407,25,218.12742316667257
High-straggler,JIT-APFRL,3407,26,286.28616129916566
High-straggler,JIT-APFRL,3407,27,262.7038390446185
High-straggler,JIT-APFRL,3407,28,283.2734509881794
High-straggler,JIT-APFRL,3407,29,297.88228497402474
High-straggler,JIT-APFRL,3407,30,277.8313675828145
High-straggler,JIT-APFRL,3407,31,232.22177380407757
High-straggler,JIT-APFRL,3407,32,292.63912891304733
High-straggler,JIT-APFRL,3407,33,262.0475708572811
High-straggler,JIT-APFRL,3407,34,255.63547270251362
High-straggler,JIT-APFRL,3407,35,272.1233063748026
High-straggler,JIT-APFRL,3407,36,230.05729323992068
High-straggler,JIT-APFRL,3407,37,259.0649818594036
High-straggler,JIT-APFRL,3407,38,295.9183826646876
High-straggler,JIT-APFRL,3407,39,282.33710146939774
High-straggler,JIT-APFRL,3407,40,249.1355465176871
High-straggler,JIT-APFRL,3407,41,266.71326132739637
High-straggler,JIT-APFRL,3407,42,268.2461341876645
High-straggler,JIT-APFRL,3407,43,251.8067456805496
High-straggler,JIT-APFRL,3407,44,274.9906133427722
High-straggler,JIT-APFRL,3407,45,235.09185678775617
High-straggler,JIT-APFRL,3407,46,292.66634343315246
High-straggler,JIT-APFRL,3407,47,257.2173662510349
High-straggler,JIT-APFRL,3407,48,217.708021167383
High-straggler,JIT-APFRL,3407,49,260.7239814280695
High-straggler,JIT-APFRL,3407,50,237.74574349903307
High-straggler,JIT-APFRL,3407,51,253.02992086606366
High-straggler,JIT-APFRL,3407,52,249.11095814810753
High-straggler,JIT-APFRL,3407,53,231.57192415114753
High-straggler,JIT-APFRL,3407,54,239.0087716229318
High-straggler,JIT-APFRL,3407,55,259.48122701193324
High-straggler,JIT-APFRL,3407,56,269.59174197187195
High-straggler,JIT-APFRL,3407,57,249.81527145245127
High-straggler,JIT-APFRL,3407,58,268.7469385464663
High-straggler,JIT-APFRL,3407,59,250.9020612026936
High-straggler,JIT-APFRL,3407,60,239.0743050539828
High-straggler,JIT-APFRL,3407,61,204.45100866287856
High-straggler,JIT-APFRL,3407,62,232.4213791174476
High-straggler,JIT-APFRL,3407,63,228.4297080498015
High-straggler,JIT-APFRL,3407,64,229.93649759394896
High-straggler,JIT-APFRL,3407,65,252.30420621650924
High-straggler,JIT-APFRL,3407,66,301.2029300426381
High-straggler,JIT-APFRL,3407,67,203.59956332967283
High-straggler,JIT-APFRL,3407,68,264.84049534523973
High-straggler,JIT-APFRL,3407,69,271.7352564096646
High-straggler,JIT-APFRL,3407,70,228.79702498131948
High-straggler,JIT-APFRL,3407,71,205.66386003494495
High-straggler,JIT-APFRL,3407,72,269.7634797436008
High-straggler,JIT-APFRL,3407,73,205.14736312985121
High-straggler,JIT-APFRL,3407,74,264.73484372366494
High-straggler,JIT-APFRL,3407,75,232.13034947023098
High-straggler,JIT-APFRL,3407,76,258.88920917955
High-straggler,JIT-APFRL,3407,77,237.12382546955575
High-straggler,JIT-APFRL,3407,78,212.26299632018726
High-straggler,JIT-APFRL,3407,79,244.11716266973784
High-straggler,JIT-APFRL,3407,80,222.4711021495596
High-straggler,JIT-APFRL,3407,81,249.94168897529414
High-straggler,JIT-APFRL,3407,82,226.15299779097742
High-straggler,JIT-APFRL,3407,83,214.6481019549217
High-straggler,JIT-APFRL,3407,84,202.47753323165077
High-straggler,JIT-APFRL,3407,85,194.871686469835
High-straggler,JIT-APFRL,3407,86,211.71814531592784
High-straggler,JIT-APFRL,3407,87,223.3655169247852
High-straggler,JIT-APFRL,3407,88,215.6528213538786
High-straggler,JIT-APFRL,3407,89,206.75945836469677
High-straggler,JIT-APFRL,3407,90,185.21175230447048
High-straggler,JIT-APFRL,3407,91,186.50987803430647
High-straggler,JIT-APFRL,3407,92,216.53114473120533
High-straggler,JIT-APFRL,3407,93,231.3326252506858
High-straggler,JIT-APFRL,3407,94,198.19423077041128
High-straggler,JIT-APFRL,3407,95,267.79204757769014
High-straggler,JIT-APFRL,3407,96,162.700224685917
High-straggler,JIT-APFRL,3407,97,212.48183593312032
High-straggler,JIT-APFRL,3407,98,184.17079313602983
High-straggler,JIT-APFRL,3407,99,215.42112639947706
High-straggler,JIT-APFRL,3407,100,221.4102295931266
High-straggler,JIT-APFRL,3407,101,246.28748742644896
High-straggler,JIT-APFRL,3407,102,171.38979779782687
High-straggler,JIT-APFRL,3407,103,174.07914676878366
High-straggler,JIT-APFRL,3407,104,194.2029428215782
High-straggler,JIT-APFRL,3407,105,202.03317686086774
High-straggler,JIT-APFRL,3407,106,185.3299741234815
High-straggler,JIT-APFRL,3407,107,150.9529359707324
High-straggler,JIT-APFRL,3407,108,237.38796035181545
High-straggler,JIT-APFRL,3407,109,190.1383565877852
High-straggler,JIT-APFRL,3407,110,148.32681641644945
High-straggler,JIT-APFRL,3407,111,201.37502345541282
High-straggler,JIT-APFRL,3407,112,218.40765011420396
High-straggler,JIT-APFRL,3407,113,219.83700235806126
High-straggler,JIT-APFRL,3407,114,155.57022197224313
High-straggler,JIT-APFRL,3407,115,174.24206676945894
High-straggler,JIT-APFRL,3407,116,172.70574050892958
High-straggler,JIT-APFRL,3407,117,155.04198493885025
High-straggler,JIT-APFRL,3407,118,143.52618553501588
High-straggler,JIT-APFRL,3407,119,210.1918004679995
High-straggler,JIT-APFRL,3407,120,181.06833450608798
High-straggler,JIT-APFRL,3407,121,174.29921423660218
High-straggler,JIT-APFRL,3407,122,187.00764532420365
High-straggler,JIT-APFRL,3407,123,194.4870123778969
High-straggler,JIT-APFRL,3407,124,204.18656240821505
High-straggler,JIT-APFRL,3407,125,142.11855113562424
High-straggler,JIT-APFRL,3407,126,158.63404754750263
High-straggler,JIT-APFRL,3407,127,132.43956016187892
High-straggler,JIT-APFRL,3407,128,189.9615567791877
High-straggler,JIT-APFRL,3407,129,132.3230369162579
High-straggler,JIT-APFRL,3407,130,158.15447525237022
High-straggler,JIT-APFRL,3407,131,204.55644849477594
High-straggler,JIT-APFRL,3407,132,145.8169680921786
High-straggler,JIT-APFRL,3407,133,165.44265894932482
High-straggler,JIT-APFRL,3407,134,131.51660948857395
High-straggler,JIT-APFRL,3407,135,170.7000163041039
High-straggler,JIT-APFRL,3407,136,168.1843397864987
High-straggler,JIT-APFRL,3407,137,132.05350246342675
High-straggler,JIT-APFRL,3407,138,147.03267301833682
High-straggler,JIT-APFRL,3407,139,214.48158324015046
High-straggler,JIT-APFRL,3407,140,159.580268214984
High-straggler,JIT-APFRL,3407,141,144.288400728837
High-straggler,JIT-APFRL,3407,142,163.10130542851329
High-straggler,JIT-APFRL,3407,143,160.30407956323668
High-straggler,JIT-APFRL,3407,144,130.55107565602685
High-straggler,JIT-APFRL,3407,145,135.04256680478144
High-straggler,JIT-APFRL,3407,146,157.71530032793737
High-straggler,JIT-APFRL,3407,147,149.67834514625238
High-straggler,JIT-APFRL,3407,148,146.05011731795895
High-straggler,JIT-APFRL,3407,149,131.88832187750253
High-straggler,JIT-APFRL,3407,150,138.5413692868719
High-straggler,JIT-APFRL,3407,151,175.1731575488968
High-straggler,JIT-APFRL,3407,152,142.9210789274391
High-straggler,JIT-APFRL,3407,153,140.6099193994901
High-straggler,JIT-APFRL,3407,154,147.59303190601332
High-straggler,JIT-APFRL,3407,155,144.8221008080623
High-straggler,JIT-APFRL,3407,156,147.7289200892328
High-straggler,JIT-APFRL,3407,157,145.4726690381738
High-straggler,JIT-APFRL,3407,158,161.7913960172918
High-straggler,JIT-APFRL,3407,159,134.27176946081988
High-straggler,JIT-APFRL,3407,160,171.7448219123618
High-straggler,JIT-APFRL,3407,161,164.7550425125552
High-straggler,JIT-APFRL,3407,162,106.43680018813762
High-straggler,JIT-APFRL,3407,163,149.86089103029732
High-straggler,JIT-APFRL,3407,164,134.4554192442752
High-straggler,JIT-APFRL,3407,165,127.8716224814986
High-straggler,JIT-APFRL,3407,166,135.59043916076843
High-straggler,JIT-APFRL,3407,167,146.55033587612235
High-straggler,JIT-APFRL,3407,168,151.49241207684796
High-straggler,JIT-APFRL,3407,169,110.98434387320374
High-straggler,JIT-APFRL,3407,170,159.05400591185597
High-straggler,JIT-APFRL,3407,171,127.77023426398355
High-straggler,JIT-APFRL,3407,172,144.57929349302674
High-straggler,JIT-APFRL,3407,173,155.5584177729154
High-straggler,JIT-APFRL,3407,174,123.53776770238717
High-straggler,JIT-APFRL,3407,175,135.3967624310544
High-straggler,JIT-APFRL,3407,176,102.09695213585279
High-straggler,JIT-APFRL,3407,177,162.4313035292536
High-straggler,JIT-APFRL,3407,178,117.9598992740676
High-straggler,JIT-APFRL,3407,179,175.77152464681245
High-straggler,JIT-APFRL,3407,180,150.0921512510707
High-straggler,JIT-APFRL,3407,181,166.1637764651211
High-straggler,JIT-APFRL,3407,182,142.69375249738042
High-straggler,JIT-APFRL,3407,183,157.9643772762642
High-straggler,JIT-APFRL,3407,184,136.1015155946192
High-straggler,JIT-APFRL,3407,185,113.97280303324472
High-straggler,JIT-APFRL,3407,186,138.39089893754385
High-straggler,JIT-APFRL,3407,187,106.0970320349865
High-straggler,JIT-APFRL,3407,188,143.78604637302837
High-straggler,JIT-APFRL,3407,189,118.29357416535534
High-straggler,JIT-APFRL,3407,190,139.9409044762083
High-straggler,JIT-APFRL,3407,191,117.89024015395474
High-straggler,JIT-APFRL,3407,192,158.24390382650688
High-straggler,JIT-APFRL,3407,193,134.8374960521018
High-straggler,JIT-APFRL,3407,194,97.75677914297624
High-straggler,JIT-APFRL,3407,195,138.21910935710278
High-straggler,JIT-APFRL,3407,196,157.83368655410288
High-straggler,JIT-APFRL,3407,197,136.13235597865395
High-straggler,JIT-APFRL,3407,198,159.9968553668517
High-straggler,JIT-APFRL,3407,199,126.98097612508417
High-straggler,JIT-APFRL,3407,200,123.31926779888433
High-straggler,JIT-APFRL,3407,201,129.56990398593794
High-straggler,JIT-APFRL,3407,202,131.7158733080303
High-straggler,JIT-APFRL,3407,203,113.78509409184633
High-straggler,JIT-APFRL,3407,204,122.82551997110052
High-straggler,JIT-APFRL,3407,205,136.78035334199475
High-straggler,JIT-APFRL,3407,206,125.67235680307121
High-straggler,JIT-APFRL,3407,207,133.5870237430642
High-straggler,JIT-APFRL,3407,208,135.30562235590517
High-straggler,JIT-APFRL,3407,209,145.45811209592617
High-straggler,JIT-APFRL,3407,210,130.90917559792456
High-straggler,JIT-APFRL,3407,211,102.85380310345089
High-straggler,JIT-APFRL,3407,212,138.54457025294724
High-straggler,JIT-APFRL,3407,213,123.74192607802061
High-straggler,JIT-APFRL,3407,214,132.80393498727418
High-straggler,JIT-APFRL,3407,215,135.35589869298062
High-straggler,JIT-APFRL,3407,216,117.27755078784836
High-straggler,JIT-APFRL,3407,217,123.64305788962118
High-straggler,JIT-APFRL,3407,218,131.5463725178538
High-straggler,JIT-APFRL,3407,219,139.4573478801134
High-straggler,JIT-APFRL,3407,220,134.2156131655845
High-straggler,JIT-APFRL,3407,221,142.07768713536007
High-straggler,JIT-APFRL,3407,222,127.20694097142945
High-straggler,JIT-APFRL,3407,223,138.38160606569917
High-straggler,JIT-APFRL,3407,224,98.67318497953332
High-straggler,JIT-APFRL,3407,225,120.27257430161598
High-straggler,JIT-APFRL,3407,226,131.0567941281747
High-straggler,JIT-APFRL,3407,227,124.97856965254029
High-straggler,JIT-APFRL,3407,228,102.52323253255966
High-straggler,JIT-APFRL,3407,229,131.90428189871676
High-straggler,JIT-APFRL,3407,230,152.01227248113332
High-straggler,JIT-APFRL,3407,231,106.48577947115861
High-straggler,JIT-APFRL,3407,232,113.14088361773743
High-straggler,JIT-APFRL,3407,233,139.84160154758004
High-straggler,JIT-APFRL,3407,234,143.4765335148429
High-straggler,JIT-APFRL,3407,235,98.83020245722743
High-straggler,JIT-APFRL,3407,236,139.10726678574136
High-straggler,JIT-APFRL,3407,237,140.20457234321705
High-straggler,JIT-APFRL,3407,238,130.75187295708747
High-straggler,JIT-APFRL,3407,239,115.40859014929286
High-straggler,JIT-APFRL,3407,240,132.049192448274
High-straggler,JIT-APFRL,3407,241,123.48541441260454
High-straggler,JIT-APFRL,3407,242,102.90101570386712
High-straggler,JIT-APFRL,3407,243,111.27471929636505
High-straggler,JIT-APFRL,3407,244,92.21736805338901
High-straggler,JIT-APFRL,3407,245,95.68534083938005
High-straggler,JIT-APFRL,3407,246,136.30704736702845
High-straggler,JIT-APFRL,3407,247,138.81772777838142
High-straggler,JIT-APFRL,3407,248,101.38264219207916
High-straggler,JIT-APFRL,3407,249,125.57050968623214
High-straggler,JIT-APFRL,3407,250,90.85209382658066
High-straggler,JIT-APFRL,3407,251,101.92298889650753
High-straggler,JIT-APFRL,3407,252,97.58068231655601
High-straggler,JIT-APFRL,3407,253,82.00001556034209
High-straggler,JIT-APFRL,3407,254,126.39229375309596
High-straggler,JIT-APFRL,3407,255,134.65570886403196
High-straggler,JIT-APFRL,3407,256,141.03890526128382
High-straggler,JIT-APFRL,3407,257,115.93554557544817
High-straggler,JIT-APFRL,3407,258,91.05857489888481
High-straggler,JIT-APFRL,3407,259,103.31123183473244
High-straggler,JIT-APFRL,3407,260,121.15398380443818
High-straggler,JIT-APFRL,3407,261,118.6330842601257
High-straggler,JIT-APFRL,3407,262,100.41485889582388
High-straggler,JIT-APFRL,3407,263,123.37633205087414
High-straggler,JIT-APFRL,3407,264,84.58943111934498
High-straggler,JIT-APFRL,3407,265,86.15704464807389
High-straggler,JIT-APFRL,3407,266,108.87250123625712
High-straggler,JIT-APFRL,3407,267,97.56924493028978
High-straggler,JIT-APFRL,3407,268,153.62297421696695
High-straggler,JIT-APFRL,3407,269,79.09307503868023
High-straggler,JIT-APFRL,3407,270,120.78456298627918
High-straggler,JIT-APFRL,3407,271,114.06828604641798
High-straggler,JIT-APFRL,3407,272,109.835280803503
High-straggler,JIT-APFRL,3407,273,113.18086836532666
High-straggler,JIT-APFRL,3407,274,127.49847707648127
High-straggler,JIT-APFRL,3407,275,94.46566180045986
High-straggler,JIT-APFRL,3407,276,112.208964749764
High-straggler,JIT-APFRL,3407,277,96.34849368393284
High-straggler,JIT-APFRL,3407,278,79.70968607528636
High-straggler,JIT-APFRL,3407,279,123.37077586288838
High-straggler,JIT-APFRL,3407,280,132.53410408175483
High-straggler,JIT-APFRL,3407,281,123.08396030505598
High-straggler,JIT-APFRL,3407,282,132.47137856441142
High-straggler,JIT-APFRL,3407,283,103.13085833907809
High-straggler,JIT-APFRL,3407,284,88.82621397270601
High-straggler,JIT-APFRL,3407,285,92.2801409426746
High-straggler,JIT-APFRL,3407,286,78.06036492360003
High-straggler,JIT-APFRL,3407,287,85.02379670456035
High-straggler,JIT-APFRL,3407,288,105.03105438732864
High-straggler,JIT-APFRL,3407,289,119.92191915401027
High-straggler,JIT-APFRL,3407,290,120.23953785136314
High-straggler,JIT-APFRL,3407,291,91.11992845132643
High-straggler,JIT-APFRL,3407,292,92.28301161170931
High-straggler,JIT-APFRL,3407,293,118.43915567122802
High-straggler,JIT-APFRL,3407,294,81.53755851312049
High-straggler,JIT-APFRL,3407,295,114.23757963694943
High-straggler,JIT-APFRL,3407,296,99.00003440210294
High-straggler,JIT-APFRL,3407,297,120.34859150138075
High-straggler,JIT-APFRL,3407,298,125.29106402562934
High-straggler,JIT-APFRL,3407,299,143.39502870651776
High-straggler,JIT-APFRL,3407,300,113.80904506384393
High-straggler,JIT-APFRL,3407,301,131.95350920855893
High-straggler,JIT-APFRL,3407,302,52.551384234330804
High-straggler,JIT-APFRL,3407,303,102.42860577433356
High-straggler,JIT-APFRL,3407,304,120.79142919237418
High-straggler,JIT-APFRL,3407,305,72.21487354918418
High-straggler,JIT-APFRL,3407,306,126.07060967143316
High-straggler,JIT-APFRL,3407,307,97.99247787418177
High-straggler,JIT-APFRL,3407,308,114.82261843838432
High-straggler,JIT-APFRL,3407,309,101.23576142423434
High-straggler,JIT-APFRL,3407,310,89.47107589305887
High-straggler,JIT-APFRL,3407,311,101.97207235745343
High-straggler,JIT-APFRL,3407,312,113.19818325735635
High-straggler,JIT-APFRL,3407,313,113.2971912347346
High-straggler,JIT-APFRL,3407,314,102.99145283809492
High-straggler,JIT-APFRL,3407,315,106.99228001609187
High-straggler,JIT-APFRL,3407,316,105.3741811527679
High-straggler,JIT-APFRL,3407,317,134.6648754666913
High-straggler,JIT-APFRL,3407,318,113.14033380633059
High-straggler,JIT-APFRL,3407,319,106.97282929070143
High-straggler,JIT-APFRL,3407,320,96.40457446929467
High-straggler,JIT-APFRL,3407,321,100.59001916375897
High-straggler,JIT-APFRL,3407,322,67.5459003701227
High-straggler,JIT-APFRL,3407,323,102.83017763918525
High-straggler,JIT-APFRL,3407,324,110.55615701753774
High-straggler,JIT-APFRL,3407,325,115.29811421916513
High-straggler,JIT-APFRL,3407,326,107.41619997757402
High-straggler,JIT-APFRL,3407,327,95.00446853559372
High-straggler,JIT-APFRL,3407,328,76.96971682692816
High-straggler,JIT-APFRL,3407,329,89.36399839057674
High-straggler,JIT-APFRL,3407,330,107.14064326672859
High-straggler,JIT-APFRL,3407,331,98.4334415917936
High-straggler,JIT-APFRL,3407,332,102.73654559689592
High-straggler,JIT-APFRL,3407,333,62.422503557274574
High-straggler,JIT-APFRL,3407,334,70.23008901404134
High-straggler,JIT-APFRL,3407,335,72.36340516914402
High-straggler,JIT-APFRL,3407,336,105.52447289884634
High-straggler,JIT-APFRL,3407,337,103.02359343531059
High-straggler,JIT-APFRL,3407,338,77.83280522436941
High-straggler,JIT-APFRL,3407,339,96.64513235138173
High-straggler,JIT-APFRL,3407,340,121.19195930202662
High-straggler,JIT-APFRL,3407,341,109.79251294243723
High-straggler,JIT-APFRL,3407,342,88.01810179345688
High-straggler,JIT-APFRL,3407,343,94.98378348769434
High-straggler,JIT-APFRL,3407,344,83.2223357945891
High-straggler,JIT-APFRL,3407,345,79.35793381371784
High-straggler,JIT-APFRL,3407,346,104.06836072933778
High-straggler,JIT-APFRL,3407,347,85.5296887468043
High-straggler,JIT-APFRL,3407,348,59.269527074373116
High-straggler,JIT-APFRL,3407,349,94.05173996997765
High-straggler,JIT-APFRL,3407,350,122.83878363577168
High-straggler,JIT-APFRL,3407,351,93.43984883297746
High-straggler,JIT-APFRL,3407,352,73.92948138376534
High-straggler,JIT-APFRL,3407,353,62.8402824563053
High-straggler,JIT-APFRL,3407,354,103.38544718822284
High-straggler,JIT-APFRL,3407,355,85.26765797877174
High-straggler,JIT-APFRL,3407,356,80.98636046651995
High-straggler,JIT-APFRL,3407,357,78.99616676342055
High-straggler,JIT-APFRL,3407,358,91.9400073837133
High-straggler,JIT-APFRL,3407,359,121.59187253393931
High-straggler,JIT-APFRL,3407,360,76.46627914798798
High-straggler,JIT-APFRL,3407,361,99.08190477412683
High-straggler,JIT-APFRL,3407,362,121.32020530211487
High-straggler,JIT-APFRL,3407,363,90.93032067006247
High-straggler,JIT-APFRL,3407,364,42.68286380569599
High-straggler,JIT-APFRL,3407,365,58.92088160731923
High-straggler,JIT-APFRL,3407,366,83.58336151916848
High-straggler,JIT-APFRL,3407,367,68.94563989618749
High-straggler,JIT-APFRL,3407,368,71.44313499640424
High-straggler,JIT-APFRL,3407,369,102.66812571869964
High-straggler,JIT-APFRL,3407,370,52.96652846487848
High-straggler,JIT-APFRL,3407,371,62.55940112074277
High-straggler,JIT-APFRL,3407,372,101.27015437731586
High-straggler,JIT-APFRL,3407,373,69.18256665085363
High-straggler,JIT-APFRL,3407,374,111.85177805887005
High-straggler,JIT-APFRL,3407,375,37.95068073618131
High-straggler,JIT-APFRL,3407,376,110.03243091873084
High-straggler,JIT-APFRL,3407,377,111.97079647819737
High-straggler,JIT-APFRL,3407,378,106.05376000094964
High-straggler,JIT-APFRL,3407,379,99.82301554503262
High-straggler,JIT-APFRL,3407,380,98.39821308436582
High-straggler,JIT-APFRL,3407,381,109.90149965254176
High-straggler,JIT-APFRL,3407,382,91.89091165284302
High-straggler,JIT-APFRL,3407,383,93.95815375959383
High-straggler,JIT-APFRL,3407,384,113.00739550299863
High-straggler,JIT-APFRL,3407,385,88.02269349585784
High-straggler,JIT-APFRL,3407,386,69.335128557673
High-straggler,JIT-APFRL,3407,387,109.69364904645708
High-straggler,JIT-APFRL,3407,388,102.21048659073332
High-straggler,JIT-APFRL,3407,389,114.57704219148526
High-straggler,JIT-APFRL,3407,390,115.74873006486523
High-straggler,JIT-APFRL,3407,391,81.37099991378349
High-straggler,JIT-APFRL,3407,392,97.08945317114679
High-straggler,JIT-APFRL,3407,393,114.83102276106415
High-straggler,JIT-APFRL,3407,394,108.84333582489155
High-straggler,JIT-APFRL,3407,395,108.3807565364228
High-straggler,JIT-APFRL,3407,396,101.6993877463301
High-straggler,JIT-APFRL,3407,397,98.10733564523474
High-straggler,JIT-APFRL,3407,398,62.31694572340276
High-straggler,JIT-APFRL,3407,399,72.66369959363821
High-straggler,JIT-APFRL,3407,400,91.24770920362639
High-straggler,JIT-APFRL,4518,1,301.2763503125042
High-straggler,JIT-APFRL,4518,2,273.88568263328654
High-straggler,JIT-APFRL,4518,3,295.12721816495997
High-straggler,JIT-APFRL,4518,4,255.23263079443396
High-straggler,JIT-APFRL,4518,5,268.2408993604086
High-straggler,JIT-APFRL,4518,6,314.63051253825097
High-straggler,JIT-APFRL,4518,7,233.56097704885804
High-straggler,JIT-APFRL,4518,8,275.76728441835564
High-straggler,JIT-APFRL,4518,9,302.45103486685406
High-straggler,JIT-APFRL,4518,10,274.91327929553546
High-straggler,JIT-APFRL,4518,11,279.2673745594441
High-straggler,JIT-APFRL,4518,12,307.49334342684375
High-straggler,JIT-APFRL,4518,13,294.6337921420357
High-straggler,JIT-APFRL,4518,14,261.180582887521
High-straggler,JIT-APFRL,4518,15,278.0280783843655
High-straggler,JIT-APFRL,4518,16,302.61785452727133
High-straggler,JIT-APFRL,4518,17,324.45288116382
High-straggler,JIT-APFRL,4518,18,258.69192048870724
High-straggler,JIT-APFRL,4518,19,335.63200370995173
High-straggler,JIT-APFRL,4518,20,341.84797547128346
High-straggler,JIT-APFRL,4518,21,243.54289529755815
High-straggler,JIT-APFRL,4518,22,323.0134501701583
High-straggler,JIT-APFRL,4518,23,300.6934206998338
High-straggler,JIT-APFRL,4518,24,306.4102133541781
High-straggler,JIT-APFRL,4518,25,294.9683557302923
High-straggler,JIT-APFRL,4518,26,274.0758945814916
High-straggler,JIT-APFRL,4518,27,296.42062634696777
High-straggler,JIT-APFRL,4518,28,245.18682042803022
High-straggler,JIT-APFRL,4518,29,275.48318562615816
High-straggler,JIT-APFRL,4518,30,318.5057458409271
High-straggler,JIT-APFRL,4518,31,333.852923996929
High-straggler,JIT-APFRL,4518,32,274.72253831877765
High-straggler,JIT-APFRL,4518,33,249.26706669774933
High-straggler,JIT-APFRL,4518,34,273.9064058359218
High-straggler,JIT-APFRL,4518,35,338.0880207706191
High-straggler,JIT-APFRL,4518,36,300.53114506209835
High-straggler,JIT-APFRL,4518,37,314.03175107950307
High-straggler,JIT-APFRL,4518,38,280.9094279088909
High-straggler,JIT-APFRL,4518,39,264.2682837048832
High-straggler,JIT-APFRL,4518,40,301.0100156489608
High-straggler,JIT-APFRL,4518,41,309.0388189780477
High-straggler,JIT-APFRL,4518,42,282.46593989883166
High-straggler,JIT-APFRL,4518,43,240.27795320980232
High-straggler,JIT-APFRL,4518,44,272.31997826003646
High-straggler,JIT-APFRL,4518,45,285.6174824277579
High-straggler,JIT-APFRL,4518,46,265.24307686236654
High-straggler,JIT-APFRL,4518,47,256.526549354619
High-straggler,JIT-APFRL,4518,48,304.6183751899529
High-straggler,JIT-APFRL,4518,49,296.5215880598554
High-straggler,JIT-APFRL,4518,50,255.48810905165226
High-straggler,JIT-APFRL,4518,51,241.37939155894006
High-straggler,JIT-APFRL,4518,52,312.04288190353805
High-straggler,JIT-APFRL,4518,53,260.93208202541905
High-straggler,JIT-APFRL,4518,54,260.3042542211849
High-straggler,JIT-APFRL,4518,55,292.79129540250653
High-straggler,JIT-APFRL,4518,56,317.4327280163295
High-straggler,JIT-APFRL,4518,57,276.9487998354491
High-straggler,JIT-APFRL,4518,58,288.8638565983703
High-straggler,JIT-APFRL,4518,59,266.2835497199436
High-straggler,JIT-APFRL,4518,60,290.3977812122708
High-straggler,JIT-APFRL,4518,61,279.2098261869154
High-straggler,JIT-APFRL,4518,62,201.81462273257603
High-straggler,JIT-APFRL,4518,63,278.02739632459236
High-straggler,JIT-APFRL,4518,64,312.6503492983894
High-straggler,JIT-APFRL,4518,65,237.00039349561166
High-straggler,JIT-APFRL,4518,66,229.45335858773245
High-straggler,JIT-APFRL,4518,67,270.71369122865343
High-straggler,JIT-APFRL,4518,68,307.71307086500417
High-straggler,JIT-APFRL,4518,69,262.54224404419585
High-straggler,JIT-APFRL,4518,70,288.3783498607523
High-straggler,JIT-APFRL,4518,71,295.72640748963664
High-straggler,JIT-APFRL,4518,72,222.0520582196568
High-straggler,JIT-APFRL,4518,73,298.1665572554272
High-straggler,JIT-APFRL,4518,74,254.29215759636242
High-straggler,JIT-APFRL,4518,75,234.6335839133682
High-straggler,JIT-APFRL,4518,76,292.85158911916614
High-straggler,JIT-APFRL,4518,77,294.9578033396597
High-straggler,JIT-APFRL,4518,78,286.2443285355959
High-straggler,JIT-APFRL,4518,79,235.73119247735173
High-straggler,JIT-APFRL,4518,80,234.24290195153722
High-straggler,JIT-APFRL,4518,81,244.33660179599877
High-straggler,JIT-APFRL,4518,82,206.72534525806134
High-straggler,JIT-APFRL,4518,83,231.85857101136787
High-straggler,JIT-APFRL,4518,84,198.64221230838254
High-straggler,JIT-APFRL,4518,85,236.64829771810577
High-straggler,JIT-APFRL,4518,86,315.707590743974
High-straggler,JIT-APFRL,4518,87,206.60721194704743
High-straggler,JIT-APFRL,4518,88,204.04713851659366
High-straggler,JIT-APFRL,4518,89,292.7346681704022
High-straggler,JIT-APFRL,4518,90,212.47393646622382
High-straggler,JIT-APFRL,4518,91,236.06069915364287
High-straggler,JIT-APFRL,4518,92,237.36694054223142
High-straggler,JIT-APFRL,4518,93,234.80041279291675
High-straggler,JIT-APFRL,4518,94,241.00386862261198
High-straggler,JIT-APFRL,4518,95,260.7502012636212
High-straggler,JIT-APFRL,4518,96,186.7353553437762
High-straggler,JIT-APFRL,4518,97,186.19258376235805
High-straggler,JIT-APFRL,4518,98,228.40278389886092
High-straggler,JIT-APFRL,4518,99,205.70162305562158
High-straggler,JIT-APFRL,4518,100,244.86055566848486
High-straggler,JIT-APFRL,4518,101,245.56500800230322
High-straggler,JIT-APFRL,4518,102,249.47931653658773
High-straggler,JIT-APFRL,4518,103,232.07074154518267
High-straggler,JIT-APFRL,4518,104,233.19990110325773
High-straggler,JIT-APFRL,4518,105,187.368287094954
High-straggler,JIT-APFRL,4518,106,231.54017811324033
High-straggler,JIT-APFRL,4518,107,252.06775522123758
High-straggler,JIT-APFRL,4518,108,189.9705418727132
High-straggler,JIT-APFRL,4518,109,203.79575068717367
High-straggler,JIT-APFRL,4518,110,195.10252391399538
High-straggler,JIT-APFRL,4518,111,230.75013753186226
High-straggler,JIT-APFRL,4518,112,200.93412682410872
High-straggler,JIT-APFRL,4518,113,211.16778628243432
High-straggler,JIT-APFRL,4518,114,227.84491438061144
High-straggler,JIT-APFRL,4518,115,223.63207957936874
High-straggler,JIT-APFRL,4518,116,179.03818709408938
High-straggler,JIT-APFRL,4518,117,192.82735265011607
High-straggler,JIT-APFRL,4518,118,234.3209753882326
High-straggler,JIT-APFRL,4518,119,222.99315723663238
High-straggler,JIT-APFRL,4518,120,186.76579446160437
High-straggler,JIT-APFRL,4518,121,179.6881286105895
High-straggler,JIT-APFRL,4518,122,167.75534638081572
High-straggler,JIT-APFRL,4518,123,161.71544592564868
High-straggler,JIT-APFRL,4518,124,190.54293314474225
High-straggler,JIT-APFRL,4518,125,224.33535417104576
High-straggler,JIT-APFRL,4518,126,189.10381639470668
High-straggler,JIT-APFRL,4518,127,198.60034787077296
High-straggler,JIT-APFRL,4518,128,223.8643018802413
High-straggler,JIT-APFRL,4518,129,175.15476061104468
High-straggler,JIT-APFRL,4518,130,146.92463999402844
High-straggler,JIT-APFRL,4518,131,148.27542354103312
High-straggler,JIT-APFRL,4518,132,153.82155196132965
High-straggler,JIT-APFRL,4518,133,145.25939913322182
High-straggler,JIT-APFRL,4518,134,174.21542381604462
High-straggler,JIT-APFRL,4518,135,178.6053200359526
High-straggler,JIT-APFRL,4518,136,154.88777401535265
High-straggler,JIT-APFRL,4518,137,185.51684035036195
High-straggler,JIT-APFRL,4518,138,126.35888130074926
High-straggler,JIT-APFRL,4518,139,186.84679621862725
High-straggler,JIT-APFRL,4518,140,177.49141590482074
High-straggler,JIT-APFRL,4518,141,136.55984939027326
High-straggler,JIT-APFRL,4518,142,159.39552190496636
High-straggler,JIT-APFRL,4518,143,192.81975161628864
High-straggler,JIT-APFRL,4518,144,161.50377599773782
High-straggler,JIT-APFRL,4518,145,149.6468094936832
High-straggler,JIT-APFRL,4518,146,140.24007121570583
High-straggler,JIT-APFRL,4518,147,154.79768410373748
High-straggler,JIT-APFRL,4518,148,146.53593582743815
High-straggler,JIT-APFRL,4518,149,169.89217076431723
High-straggler,JIT-APFRL,4518,150,124.3660636065357
High-straggler,JIT-APFRL,4518,151,170.0040440628013
High-straggler,JIT-APFRL,4518,152,151.95795465744825
High-straggler,JIT-APFRL,4518,153,156.9377809785268
High-straggler,JIT-APFRL,4518,154,136.24346415488077
High-straggler,JIT-APFRL,4518,155,149.43782986362925
High-straggler,JIT-APFRL,4518,156,122.75549931928583
High-straggler,JIT-APFRL,4518,157,144.7810786402109
High-straggler,JIT-APFRL,4518,158,141.7654280026016
High-straggler,JIT-APFRL,4518,159,99.04070792464469
High-straggler,JIT-APFRL,4518,160,145.8419987651814
High-straggler,JIT-APFRL,4518,161,121.24968394233863
High-straggler,JIT-APFRL,4518,162,130.0274363837343
High-straggler,JIT-APFRL,4518,163,159.1425097911426
High-straggler,JIT-APFRL,4518,164,133.97132158173292
High-straggler,JIT-APFRL,4518,165,159.51565376008128
High-straggler,JIT-APFRL,4518,166,122.6037056165703
High-straggler,JIT-APFRL,4518,167,148.09655168334413
High-straggler,JIT-APFRL,4518,168,151.2204795098606
High-straggler,JIT-APFRL,4518,169,119.83762157948509
High-straggler,JIT-APFRL,4518,170,102.51986682894253
High-straggler,JIT-APFRL,4518,171,128.9305809121521
High-straggler,JIT-APFRL,4518,172,123.90450627250694
High-straggler,JIT-APFRL,4518,173,135.58552704994037
High-straggler,JIT-APFRL,4518,174,137.2965511350528
High-straggler,JIT-APFRL,4518,175,124.87595830292153
High-straggler,JIT-APFRL,4518,176,155.74082530962815
High-straggler,JIT-APFRL,4518,177,110.84814906138772
High-straggler,JIT-APFRL,4518,178,110.6556058080232
High-straggler,JIT-APFRL,4518,179,125.80868366490742
High-straggler,JIT-APFRL,4518,180,160.2813541529875
High-straggler,JIT-APFRL,4518,181,110.07643539304706
High-straggler,JIT-APFRL,4518,182,160.83888591438384
High-straggler,JIT-APFRL,4518,183,141.14539598291583
High-straggler,JIT-APFRL,4518,184,119.06468452213858
High-straggler,JIT-APFRL,4518,185,107.65570330676701
High-straggler,JIT-APFRL,4518,186,103.97906012859579
High-straggler,JIT-APFRL,4518,187,121.6667561932758
High-straggler,JIT-APFRL,4518,188,121.03546354605712
High-straggler,JIT-APFRL,4518,189,117.05146042785157
High-straggler,JIT-APFRL,4518,190,128.3471242182018
High-straggler,JIT-APFRL,4518,191,91.1212018064588
High-straggler,JIT-APFRL,4518,192,115.71754660636401
High-straggler,JIT-APFRL,4518,193,149.29115038395892
High-straggler,JIT-APFRL,4518,194,90.82983372800358
High-straggler,JIT-APFRL,4518,195,112.16254002938739
High-straggler,JIT-APFRL,4518,196,90.78982169977452
High-straggler,JIT-APFRL,4518,197,123.58034363101854
High-straggler,JIT-APFRL,4518,198,96.20542694219083
High-straggler,JIT-APFRL,4518,199,104.6794221651478
High-straggler,JIT-APFRL,4518,200,104.58750227592061
High-straggler,JIT-APFRL,4518,201,88.3827129708322
High-straggler,JIT-APFRL,4518,202,92.72576178124282
High-straggler,JIT-APFRL,4518,203,121.46100588086763
High-straggler,JIT-APFRL,4518,204,110.33126191996305
High-straggler,JIT-APFRL,4518,205,122.7278066732069
High-straggler,JIT-APFRL,4518,206,114.54317793354288
High-straggler,JIT-APFRL,4518,207,107.73047493595585
High-straggler,JIT-APFRL,4518,208,88.49913002089356
High-straggler,JIT-APFRL,4518,209,103.25218841505355
High-straggler,JIT-APFRL,4518,210,95.2467809826382
High-straggler,JIT-APFRL,4518,211,82.79124089140225
High-straggler,JIT-APFRL,4518,212,117.942158707985
High-straggler,JIT-APFRL,4518,213,141.91553537360818
High-straggler,JIT-APFRL,4518,214,123.7844694648387
High-straggler,JIT-APFRL,4518,215,90.02345119252529
High-straggler,JIT-APFRL,4518,216,121.29798596124343
High-straggler,JIT-APFRL,4518,217,88.64440135464574
High-straggler,JIT-APFRL,4518,218,78.47833404911758
High-straggler,JIT-APFRL,4518,219,103.87224845525986
High-straggler,JIT-APFRL,4518,220,71.6067789221068
High-straggler,JIT-APFRL,4518,221,106.44470720005313
High-straggler,JIT-APFRL,4518,222,91.44172443634776
High-straggler,JIT-APFRL,4518,223,111.52975078777182
High-straggler,JIT-APFRL,4518,224,92.19426934031864
High-straggler,JIT-APFRL,4518,225,123.28561580647954
High-straggler,JIT-APFRL,4518,226,111.51403117516003
High-straggler,JIT-APFRL,4518,227,103.70268352020688
High-straggler,JIT-APFRL,4518,228,135.83542830619746
High-straggler,JIT-APFRL,4518,229,57.2472396385357
High-straggler,JIT-APFRL,4518,230,89.44847398745218
High-straggler,JIT-APFRL,4518,231,100.43535949140245
High-straggler,JIT-APFRL,4518,232,104.78684330592245
High-straggler,JIT-APFRL,4518,233,75.2184992305596
High-straggler,JIT-APFRL,4518,234,106.55592518642253
High-straggler,JIT-APFRL,4518,235,81.30276727511769
High-straggler,JIT-APFRL,4518,236,115.61791308886185
High-straggler,JIT-APFRL,4518,237,68.53755307914783
High-straggler,JIT-APFRL,4518,238,97.47489675665622
High-straggler,JIT-APFRL,4518,239,122.64640184720372
High-straggler,JIT-APFRL,4518,240,61.98458779232875
High-straggler,JIT-APFRL,4518,241,95.80415466358625
High-straggler,JIT-APFRL,4518,242,96.18315836004842
High-straggler,JIT-APFRL,4518,243,61.2138522075318
High-straggler,JIT-APFRL,4518,244,105.69600881448306
High-straggler,JIT-APFRL,4518,245,107.80022924268185
High-straggler,JIT-APFRL,4518,246,74.44661510626803
High-straggler,JIT-APFRL,4518,247,58.83454863823778
High-straggler,JIT-APFRL,4518,248,92.33682063097304
High-straggler,JIT-APFRL,4518,249,69.38518728496767
High-straggler,JIT-APFRL,4518,250,90.41649145608784
High-straggler,JIT-APFRL,4518,251,102.885188901466
High-straggler,JIT-APFRL,4518,252,79.40671964648477
High-straggler,JIT-APFRL,4518,253,93.11873549669318
High-straggler,JIT-APFRL,4518,254,105.5983517525463
High-straggler,JIT-APFRL,4518,255,92.13990242596998
High-straggler,JIT-APFRL,4518,256,97.43773467516158
High-straggler,JIT-APFRL,4518,257,86.20143829239157
High-straggler,JIT-APFRL,4518,258,81.46403619192117
High-straggler,JIT-APFRL,4518,259,86.17386725474479
High-straggler,JIT-APFRL,4518,260,83.72412760399449
High-straggler,JIT-APFRL,4518,261,121.93275197671124
High-straggler,JIT-APFRL,4518,262,65.09515404862604
High-straggler,JIT-APFRL,4518,263,96.3174874187898
High-straggler,JIT-APFRL,4518,264,73.09930170878773
High-straggler,JIT-APFRL,4518,265,97.53330059890334
High-straggler,JIT-APFRL,4518,266,80.9607892443917
High-straggler,JIT-APFRL,4518,267,91.5726484057547
High-straggler,JIT-APFRL,4518,268,95.53340214363624
High-straggler,JIT-APFRL,4518,269,88.97057432318275
High-straggler,JIT-APFRL,4518,270,59.450438709237076
High-straggler,JIT-APFRL,4518,271,70.63509953847877
High-straggler,JIT-APFRL,4518,272,93.28259181362087
High-straggler,JIT-APFRL,4518,273,105.00949500875689
High-straggler,JIT-APFRL,4518,274,80.72560491160566
High-straggler,JIT-APFRL,4518,275,61.90287004806456
High-straggler,JIT-APFRL,4518,276,94.43086313572587
High-straggler,JIT-APFRL,4518,277,94.142616951191
High-straggler,JIT-APFRL,4518,278,68.5989573266444
High-straggler,JIT-APFRL,4518,279,71.16094631924028
High-straggler,JIT-APFRL,4518,280,76.72863912923054
High-straggler,JIT-APFRL,4518,281,90.73165236330914
High-straggler,JIT-APFRL,4518,282,46.53412833280915
High-straggler,JIT-APFRL,4518,283,102.14264890621314
High-straggler,JIT-APFRL,4518,284,96.9586249079958
High-straggler,JIT-APFRL,4518,285,109.62616909709601
High-straggler,JIT-APFRL,4518,286,122.66321265622962
High-straggler,JIT-APFRL,4518,287,110.71224328984614
High-straggler,JIT-APFRL,4518,288,101.73921107839723
High-straggler,JIT-APFRL,4518,289,100.83101487990126
High-straggler,JIT-APFRL,4518,290,87.36332919364646
High-straggler,JIT-APFRL,4518,291,96.40811236888115
High-straggler,JIT-APFRL,4518,292,97.24242959073555
High-straggler,JIT-APFRL,4518,293,88.05315324291753
High-straggler,JIT-APFRL,4518,294,85.79983896179196
High-straggler,JIT-APFRL,4518,295,90.11627001041144
High-straggler,JIT-APFRL,4518,296,84.20061421539484
High-straggler,JIT-APFRL,4518,297,62.68581191488303
High-straggler,JIT-APFRL,4518,298,111.7107266726773
High-straggler,JIT-APFRL,4518,299,101.3915699114459
High-straggler,JIT-APFRL,4518,300,66.48730731705444
High-straggler,JIT-APFRL,4518,301,100.89259083237214
High-straggler,JIT-APFRL,4518,302,81.86658153378823
High-straggler,JIT-APFRL,4518,303,70.64725941158963
High-straggler,JIT-APFRL,4518,304,71.47146340107538
High-straggler,JIT-APFRL,4518,305,128.01038902234643
High-straggler,JIT-APFRL,4518,306,96.9274602790327
High-straggler,JIT-APFRL,4518,307,79.86959117649475
High-straggler,JIT-APFRL,4518,308,112.1408662193654
High-straggler,JIT-APFRL,4518,309,87.60777584273264
High-straggler,JIT-APFRL,4518,310,77.00947351845237
High-straggler,JIT-APFRL,4518,311,73.7648757135887
High-straggler,JIT-APFRL,4518,312,84.31152988772263
High-straggler,JIT-APFRL,4518,313,64.75104660837899
High-straggler,JIT-APFRL,4518,314,95.94366116069445
High-straggler,JIT-APFRL,4518,315,104.05763676859075
High-straggler,JIT-APFRL,4518,316,85.91010353992279
High-straggler,JIT-APFRL,4518,317,75.90503672452598
High-straggler,JIT-APFRL,4518,318,74.44812956353147
High-straggler,JIT-APFRL,4518,319,70.24344368068434
High-straggler,JIT-APFRL,4518,320,99.58927876821147
High-straggler,JIT-APFRL,4518,321,86.56599545712757
High-straggler,JIT-APFRL,4518,322,100.47596956218267
High-straggler,JIT-APFRL,4518,323,95.13903996889462
High-straggler,JIT-APFRL,4518,324,80.7053739040453
High-straggler,JIT-APFRL,4518,325,49.45464867875458
High-straggler,JIT-APFRL,4518,326,80.93771790629314
High-straggler,JIT-APFRL,4518,327,101.54835674571348
High-straggler,JIT-APFRL,4518,328,83.82301060450966
High-straggler,JIT-APFRL,4518,329,44.8121260254475
High-straggler,JIT-APFRL,4518,330,77.59917974073578
High-straggler,JIT-APFRL,4518,331,82.29101623133575
High-straggler,JIT-APFRL,4518,332,83.96037976494507
High-straggler,JIT-APFRL,4518,333,80.50775831216271
High-straggler,JIT-APFRL,4518,334,76.12405529010883
High-straggler,JIT-APFRL,4518,335,78.2154654811464
High-straggler,JIT-APFRL,4518,336,104.34293980176842
High-straggler,JIT-APFRL,4518,337,96.7225425769518
High-straggler,JIT-APFRL,4518,338,29.162721356435537
High-straggler,JIT-APFRL,4518,339,87.02709113141916
High-straggler,JIT-APFRL,4518,340,73.64956955895363
High-straggler,JIT-APFRL,4518,341,70.80813981242811
High-straggler,JIT-APFRL,4518,342,83.40214039729375
High-straggler,JIT-APFRL,4518,343,75.0271435637914
High-straggler,JIT-APFRL,4518,344,76.92256362777935
High-straggler,JIT-APFRL,4518,345,94.35994647292436
High-straggler,JIT-APFRL,4518,346,67.46480698679756
High-straggler,JIT-APFRL,4518,347,94.34635843324288
High-straggler,JIT-APFRL,4518,348,84.51930111427184
High-straggler,JIT-APFRL,4518,349,80.03796795741775
High-straggler,JIT-APFRL,4518,350,42.337793645670786
High-straggler,JIT-APFRL,4518,351,89.6908712001218
High-straggler,JIT-APFRL,4518,352,99.9394771106729
High-straggler,JIT-APFRL,4518,353,117.82981766305976
High-straggler,JIT-APFRL,4518,354,69.94328438234062
High-straggler,JIT-APFRL,4518,355,110.02151695077741
High-straggler,JIT-APFRL,4518,356,48.22360421962185
High-straggler,JIT-APFRL,4518,357,94.4087804746136
High-straggler,JIT-APFRL,4518,358,78.27395196808236
High-straggler,JIT-APFRL,4518,359,83.98330575709005
High-straggler,JIT-APFRL,4518,360,59.845651298153406
High-straggler,JIT-APFRL,4518,361,96.92979216758697
High-straggler,JIT-APFRL,4518,362,61.33502005739603
High-straggler,JIT-APFRL,4518,363,68.2987718135817
High-straggler,JIT-APFRL,4518,364,85.22627871994786
High-straggler,JIT-APFRL,4518,365,92.05741564769454
High-straggler,JIT-APFRL,4518,366,45.94214586820129
High-straggler,JIT-APFRL,4518,367,75.49167420248766
High-straggler,JIT-APFRL,4518,368,65.80386840442517
High-straggler,JIT-APFRL,4518,369,56.741238272976005
High-straggler,JIT-APFRL,4518,370,64.85890915379018
High-straggler,JIT-APFRL,4518,371,111.3546528740217
High-straggler,JIT-APFRL,4518,372,56.400439863921655
High-straggler,JIT-APFRL,4518,373,87.71528090066268
High-straggler,JIT-APFRL,4518,374,76.28177132604117
High-straggler,JIT-APFRL,4518,375,83.81063808577638
High-straggler,JIT-APFRL,4518,376,61.74951657212532
High-straggler,JIT-APFRL,4518,377,84.78270089915516
High-straggler,JIT-APFRL,4518,378,73.60991102984838
High-straggler,JIT-APFRL,4518,379,83.15213752870393
High-straggler,JIT-APFRL,4518,380,78.61352601092766
High-straggler,JIT-APFRL,4518,381,90.9326539695625
High-straggler,JIT-APFRL,4518,382,82.28269972320295
High-straggler,JIT-APFRL,4518,383,58.07759190511
High-straggler,JIT-APFRL,4518,384,99.02960014734973
High-straggler,JIT-APFRL,4518,385,40.821440060711076
High-straggler,JIT-APFRL,4518,386,86.92901454763333
High-straggler,JIT-APFRL,4518,387,88.32610994653308
High-straggler,JIT-APFRL,4518,388,95.87588625491716
High-straggler,JIT-APFRL,4518,389,66.49742097479447
High-straggler,JIT-APFRL,4518,390,89.63416530163455
High-straggler,JIT-APFRL,4518,391,75.7494146300199
High-straggler,JIT-APFRL,4518,392,83.27770154460775
High-straggler,JIT-APFRL,4518,393,83.34601641708474
High-straggler,JIT-APFRL,4518,394,81.55314933326545
High-straggler,JIT-APFRL,4518,395,66.75091679009071
High-straggler,JIT-APFRL,4518,396,94.31998658967555
High-straggler,JIT-APFRL,4518,397,88.88722934778406
High-straggler,JIT-APFRL,4518,398,92.09963443983115
High-straggler,JIT-APFRL,4518,399,100.68789409513302
High-straggler,JIT-APFRL,4518,400,83.75072198769746
High-straggler,JIT-APFRL,5629,1,258.3001688675561
High-straggler,JIT-APFRL,5629,2,301.1818900582403
High-straggler,JIT-APFRL,5629,3,300.19678108754204
High-straggler,JIT-APFRL,5629,4,285.3455406571545
High-straggler,JIT-APFRL,5629,5,282.60144675946174
High-straggler,JIT-APFRL,5629,6,281.57723021155226
High-straggler,JIT-APFRL,5629,7,229.934134259376
High-straggler,JIT-APFRL,5629,8,267.19494993531816
High-straggler,JIT-APFRL,5629,9,244.65254345310757
High-straggler,JIT-APFRL,5629,10,251.4755369239743
High-straggler,JIT-APFRL,5629,11,245.62203878785468
High-straggler,JIT-APFRL,5629,12,283.74659536917653
High-straggler,JIT-APFRL,5629,13,259.5444486316116
High-straggler,JIT-APFRL,5629,14,285.22304204062806
High-straggler,JIT-APFRL,5629,15,253.7635490077169
High-straggler,JIT-APFRL,5629,16,217.17344456773134
High-straggler,JIT-APFRL,5629,17,269.84747787649553
High-straggler,JIT-APFRL,5629,18,252.18910186058338
High-straggler,JIT-APFRL,5629,19,318.4488790807622
High-straggler,JIT-APFRL,5629,20,275.3068429118791
High-straggler,JIT-APFRL,5629,21,270.79352595481555
High-straggler,JIT-APFRL,5629,22,283.2114132703596
High-straggler,JIT-APFRL,5629,23,202.33768389053347
High-straggler,JIT-APFRL,5629,24,284.61128390989666
High-straggler,JIT-APFRL,5629,25,276.73044708665697
High-straggler,JIT-APFRL,5629,26,287.2968340620164
High-straggler,JIT-APFRL,5629,27,252.80135620933797
High-straggler,JIT-APFRL,5629,28,247.8243796762478
High-straggler,JIT-APFRL,5629,29,292.54396617637497
High-straggler,JIT-APFRL,5629,30,223.2033732227748
High-straggler,JIT-APFRL,5629,31,260.83577472908036
High-straggler,JIT-APFRL,5629,32,293.03858628389077
High-straggler,JIT-APFRL,5629,33,224.51801444412078
High-straggler,JIT-APFRL,5629,34,251.99349974042937
High-straggler,JIT-APFRL,5629,35,278.3780371222454
High-straggler,JIT-APFRL,5629,36,249.80252221584536
High-straggler,JIT-APFRL,5629,37,272.26302889065795
High-straggler,JIT-APFRL,5629,38,244.3195782399105
High-straggler,JIT-APFRL,5629,39,212.02069164414212
High-straggler,JIT-APFRL,5629,40,272.24164575050554
High-straggler,JIT-APFRL,5629,41,237.20704446230974
High-straggler,JIT-APFRL,5629,42,237.01511895704866
High-straggler,JIT-APFRL,5629,43,221.94069842545326
High-straggler,JIT-APFRL,5629,44,216.94579864102002
High-straggler,JIT-APFRL,5629,45,237.36093255078592
High-straggler,JIT-APFRL,5629,46,236.00402591946292
High-straggler,JIT-APFRL,5629,47,212.35396611296315
High-straggler,JIT-APFRL,5629,48,271.6048892172847
High-straggler,JIT-APFRL,5629,49,280.0945247407061
High-straggler,JIT-APFRL,5629,50,228.19352153359694
High-straggler,JIT-APFRL,5629,51,228.14591852655838
High-straggler,JIT-APFRL,5629,52,241.55490238454342
High-straggler,JIT-APFRL,5629,53,215.59848788177987
High-straggler,JIT-APFRL,5629,54,222.91132445669513
High-straggler,JIT-APFRL,5629,55,208.4001061572092
High-straggler,JIT-APFRL,5629,56,251.40254349935444
High-straggler,JIT-APFRL,5629,57,205.86091403784687
High-straggler,JIT-APFRL,5629,58,181.2154798456686
High-straggler,JIT-APFRL,5629,59,232.66856166785735
High-straggler,JIT-APFRL,5629,60,256.8085307508623
High-straggler,JIT-APFRL,5629,61,182.26867026850152
High-straggler,JIT-APFRL,5629,62,222.61245005637946
High-straggler,JIT-APFRL,5629,63,261.3493258515918
High-straggler,JIT-APFRL,5629,64,222.30567933477985
High-straggler,JIT-APFRL,5629,65,208.62033204521921
High-straggler,JIT-APFRL,5629,66,209.29174102286532
High-straggler,JIT-APFRL,5629,67,204.49409162014942
High-straggler,JIT-APFRL,5629,68,252.0751659020644
High-straggler,JIT-APFRL,5629,69,237.7536668222739
High-straggler,JIT-APFRL,5629,70,185.77719537253526
High-straggler,JIT-APFRL,5629,71,182.3731407733903
High-straggler,JIT-APFRL,5629,72,260.1508114246402
High-straggler,JIT-APFRL,5629,73,241.21993814917255
High-straggler,JIT-APFRL,5629,74,236.87455949300073
High-straggler,JIT-APFRL,5629,75,198.7611832118693
High-straggler,JIT-APFRL,5629,76,260.08124530102145
High-straggler,JIT-APFRL,5629,77,180.10965359779243
High-straggler,JIT-APFRL,5629,78,175.39784224535774
High-straggler,JIT-APFRL,5629,79,208.56256114627757
High-straggler,JIT-APFRL,5629,80,217.09621275127466
High-straggler,JIT-APFRL,5629,81,195.49043582310773
High-straggler,JIT-APFRL,5629,82,226.81104920958057
High-straggler,JIT-APFRL,5629,83,198.69897089655896
High-straggler,JIT-APFRL,5629,84,199.2977990632692
High-straggler,JIT-APFRL,5629,85,227.24201911765647
High-straggler,JIT-APFRL,5629,86,212.26982057318946
High-straggler,JIT-APFRL,5629,87,196.39881798897923
High-straggler,JIT-APFRL,5629,88,176.8666599309066
High-straggler,JIT-APFRL,5629,89,197.71177484944042
High-straggler,JIT-APFRL,5629,90,174.5625452953738
High-straggler,JIT-APFRL,5629,91,190.9665494884858
High-straggler,JIT-APFRL,5629,92,188.86314082279293
High-straggler,JIT-APFRL,5629,93,186.20109279884588
High-straggler,JIT-APFRL,5629,94,184.226792814622
High-straggler,JIT-APFRL,5629,95,177.26782190473946
High-straggler,JIT-APFRL,5629,96,169.82425769804166
High-straggler,JIT-APFRL,5629,97,183.10330678248846
High-straggler,JIT-APFRL,5629,98,237.35752731890662
High-straggler,JIT-APFRL,5629,99,182.4603443994463
High-straggler,JIT-APFRL,5629,100,183.39851094029393
High-straggler,JIT-APFRL,5629,101,185.57374530876842
High-straggler,JIT-APFRL,5629,102,198.1808133674454
High-straggler,JIT-APFRL,5629,103,149.75403335648008
High-straggler,JIT-APFRL,5629,104,167.01850810214967
High-straggler,JIT-APFRL,5629,105,167.86454950807223
High-straggler,JIT-APFRL,5629,106,157.70158938096895
High-straggler,JIT-APFRL,5629,107,147.3546451119064
High-straggler,JIT-APFRL,5629,108,168.54621378143568
High-straggler,JIT-APFRL,5629,109,145.00365471728307
High-straggler,JIT-APFRL,5629,110,166.02202038671243
High-straggler,JIT-APFRL,5629,111,195.53194843793366
High-straggler,JIT-APFRL,5629,112,137.1324157024981
High-straggler,JIT-APFRL,5629,113,171.3955698236827
High-straggler,JIT-APFRL,5629,114,172.29152785371562
High-straggler,JIT-APFRL,5629,115,139.86283643569067
High-straggler,JIT-APFRL,5629,116,159.85668389436233
High-straggler,JIT-APFRL,5629,117,157.40064083187863
High-straggler,JIT-APFRL,5629,118,125.48271795054524
High-straggler,JIT-APFRL,5629,119,172.98194257932877
High-straggler,JIT-APFRL,5629,120,164.15688476517417
High-straggler,JIT-APFRL,5629,121,103.72540239918658
High-straggler,JIT-APFRL,5629,122,181.73899590208794
High-straggler,JIT-APFRL,5629,123,143.98730122573016
High-straggler,JIT-APFRL,5629,124,140.07344354560956
High-straggler,JIT-APFRL,5629,125,120.22465072117106
High-straggler,JIT-APFRL,5629,126,170.49537622874487
High-straggler,JIT-APFRL,5629,127,175.8440982700137
High-straggler,JIT-APFRL,5629,128,123.83173480121317
High-straggler,JIT-APFRL,5629,129,157.26704484395137
High-straggler,JIT-APFRL,5629,130,159.16809453490106
High-straggler,JIT-APFRL,5629,131,180.63597223270946
High-straggler,JIT-APFRL,5629,132,108.20090307315625
High-straggler,JIT-APFRL,5629,133,131.41475648547402
High-straggler,JIT-APFRL,5629,134,117.25938830376226
High-straggler,JIT-APFRL,5629,135,145.4492065893569
High-straggler,JIT-APFRL,5629,136,109.75451159121438
High-straggler,JIT-APFRL,5629,137,128.7935449019227
High-straggler,JIT-APFRL,5629,138,118.28832839224674
High-straggler,JIT-APFRL,5629,139,130.15065821168199
High-straggler,JIT-APFRL,5629,140,126.3578504094551
High-straggler,JIT-APFRL,5629,141,137.0843383889735
High-straggler,JIT-APFRL,5629,142,160.6215023032901
High-straggler,JIT-APFRL,5629,143,128.21602813648678
High-straggler,JIT-APFRL,5629,144,128.51029596981104
High-straggler,JIT-APFRL,5629,145,102.78425528658892
High-straggler,JIT-APFRL,5629,146,132.221285813093
High-straggler,JIT-APFRL,5629,147,115.40568955112442
High-straggler,JIT-APFRL,5629,148,149.85334323396228
High-straggler,JIT-APFRL,5629,149,124.4160636924215
High-straggler,JIT-APFRL,5629,150,142.95451768443664
High-straggler,JIT-APFRL,5629,151,153.63562241549624
High-straggler,JIT-APFRL,5629,152,110.13977454339339
High-straggler,JIT-APFRL,5629,153,131.07897075932846
High-straggler,JIT-APFRL,5629,154,136.034955321167
High-straggler,JIT-APFRL,5629,155,105.20781079640781
High-straggler,JIT-APFRL,5629,156,93.17598747214359
High-straggler,JIT-APFRL,5629,157,81.50865289250156
High-straggler,JIT-APFRL,5629,158,121.34156389936265
High-straggler,JIT-APFRL,5629,159,123.00324079951598
High-straggler,JIT-APFRL,5629,160,128.04195786588383
High-straggler,JIT-APFRL,5629,161,124.46294217088902
High-straggler,JIT-APFRL,5629,162,111.31284839214432
High-straggler,JIT-APFRL,5629,163,102.29004801182276
High-straggler,JIT-APFRL,5629,164,151.39868528695442
High-straggler,JIT-APFRL,5629,165,118.20891547064504
High-straggler,JIT-APFRL,5629,166,121.66916246124991
High-straggler,JIT-APFRL,5629,167,117.92235446304855
High-straggler,JIT-APFRL,5629,168,91.62093911197444
High-straggler,JIT-APFRL,5629,169,109.43232521046782
High-straggler,JIT-APFRL,5629,170,95.5488668799195
High-straggler,JIT-APFRL,5629,171,107.35988732899497
High-straggler,JIT-APFRL,5629,172,83.42450186948005
High-straggler,JIT-APFRL,5629,173,117.81920791485827
High-straggler,JIT-APFRL,5629,174,128.92467890805463
High-straggler,JIT-APFRL,5629,175,82.86402692706002
High-straggler,JIT-APFRL,5629,176,121.76725434563676
High-straggler,JIT-APFRL,5629,177,140.62335394145455
High-straggler,JIT-APFRL,5629,178,146.21654410037485
High-straggler,JIT-APFRL,5629,179,130.36643371226643
High-straggler,JIT-APFRL,5629,180,127.97153533426368
High-straggler,JIT-APFRL,5629,181,90.52467760876586
High-straggler,JIT-APFRL,5629,182,100.30034573167023
High-straggler,JIT-APFRL,5629,183,103.05360144593548
High-straggler,JIT-APFRL,5629,184,120.93352110053803
High-straggler,JIT-APFRL,5629,185,89.2429783847376
High-straggler,JIT-APFRL,5629,186,119.02194904664253
High-straggler,JIT-APFRL,5629,187,78.03989895317768
High-straggler,JIT-APFRL,5629,188,91.1825510023722
High-straggler,JIT-APFRL,5629,189,94.0432063032269
High-straggler,JIT-APFRL,5629,190,94.304703805696
High-straggler,JIT-APFRL,5629,191,83.64336623582409
High-straggler,JIT-APFRL,5629,192,61.38698087841881
High-straggler,JIT-APFRL,5629,193,110.5033355528642
High-straggler,JIT-APFRL,5629,194,88.49883055906864
High-straggler,JIT-APFRL,5629,195,79.11523486121533
High-straggler,JIT-APFRL,5629,196,64.81474834233957
High-straggler,JIT-APFRL,5629,197,106.41603474100835
High-straggler,JIT-APFRL,5629,198,91.4135095100419
High-straggler,JIT-APFRL,5629,199,97.57975121102402
High-straggler,JIT-APFRL,5629,200,111.44802841875865
High-straggler,JIT-APFRL,5629,201,68.06158871034742
High-straggler,JIT-APFRL,5629,202,68.35912336744411
High-straggler,JIT-APFRL,5629,203,79.01417508228879
High-straggler,JIT-APFRL,5629,204,81.3270951102886
High-straggler,JIT-APFRL,5629,205,72.41600808022909
High-straggler,JIT-APFRL,5629,206,74.9898567603563
High-straggler,JIT-APFRL,5629,207,97.3150821570853
High-straggler,JIT-APFRL,5629,208,76.45737288676499
High-straggler,JIT-APFRL,5629,209,93.6195494077234
High-straggler,JIT-APFRL,5629,210,93.41359065718886
High-straggler,JIT-APFRL,5629,211,76.38443829655081
High-straggler,JIT-APFRL,5629,212,116.01362902676811
High-straggler,JIT-APFRL,5629,213,101.48946816678661
High-straggler,JIT-APFRL,5629,214,90.02736339395193
High-straggler,JIT-APFRL,5629,215,63.09484643866017
High-straggler,JIT-APFRL,5629,216,105.24404147042502
High-straggler,JIT-APFRL,5629,217,98.41061973433918
High-straggler,JIT-APFRL,5629,218,71.9556552307601
High-straggler,JIT-APFRL,5629,219,98.63132487977204
High-straggler,JIT-APFRL,5629,220,99.8917265605691
High-straggler,JIT-APFRL,5629,221,104.2576898631393
High-straggler,JIT-APFRL,5629,222,94.26917387198952
High-straggler,JIT-APFRL,5629,223,91.7118139033534
High-straggler,JIT-APFRL,5629,224,78.31020333541935
High-straggler,JIT-APFRL,5629,225,66.95998825620603
High-straggler,JIT-APFRL,5629,226,54.85292796417784
High-straggler,JIT-APFRL,5629,227,95.88708942125545
High-straggler,JIT-APFRL,5629,228,90.94027744098368
High-straggler,JIT-APFRL,5629,229,76.77900857752651
High-straggler,JIT-APFRL,5629,230,113.68854013459922
High-straggler,JIT-APFRL,5629,231,84.4098639132944
High-straggler,JIT-APFRL,5629,232,79.77429135376377
High-straggler,JIT-APFRL,5629,233,77.29344006866266
High-straggler,JIT-APFRL,5629,234,102.74807416889253
High-straggler,JIT-APFRL,5629,235,91.06649031861522
High-straggler,JIT-APFRL,5629,236,93.32082395518961
High-straggler,JIT-APFRL,5629,237,110.07154784685287
High-straggler,JIT-APFRL,5629,238,87.44580573768397
High-straggler,JIT-APFRL,5629,239,103.44790883889664
High-straggler,JIT-APFRL,5629,240,106.30187437098527
High-straggler,JIT-APFRL,5629,241,97.60853482797211
High-straggler,JIT-APFRL,5629,242,132.79168284907098
High-straggler,JIT-APFRL,5629,243,82.36368009589795
High-straggler,JIT-APFRL,5629,244,108.71959267198812
High-straggler,JIT-APFRL,5629,245,69.96020186130976
High-straggler,JIT-APFRL,5629,246,53.639487826175205
High-straggler,JIT-APFRL,5629,247,74.15121654604437
High-straggler,JIT-APFRL,5629,248,91.84768611265824
High-straggler,JIT-APFRL,5629,249,118.80628884125878
High-straggler,JIT-APFRL,5629,250,73.9081597968967
High-straggler,JIT-APFRL,5629,251,62.31789361404705
High-straggler,JIT-APFRL,5629,252,76.50101175279664
High-straggler,JIT-APFRL,5629,253,85.47000029484822
High-straggler,JIT-APFRL,5629,254,96.88744358136405
High-straggler,JIT-APFRL,5629,255,48.70495122357604
High-straggler,JIT-APFRL,5629,256,68.78785202287642
High-straggler,JIT-APFRL,5629,257,95.44347966945253
High-straggler,JIT-APFRL,5629,258,95.64294302623715
High-straggler,JIT-APFRL,5629,259,70.2694510907429
High-straggler,JIT-APFRL,5629,260,74.45715249621182
High-straggler,JIT-APFRL,5629,261,113.27467114238694
High-straggler,JIT-APFRL,5629,262,84.48028238037269
High-straggler,JIT-APFRL,5629,263,88.69844060186529
High-straggler,JIT-APFRL,5629,264,90.00584411950126
High-straggler,JIT-APFRL,5629,265,85.1118598837555
High-straggler,JIT-APFRL,5629,266,84.80744629419277
High-straggler,JIT-APFRL,5629,267,116.78682989665204
High-straggler,JIT-APFRL,5629,268,68.31691344554625
High-straggler,JIT-APFRL,5629,269,134.05904846644123
High-straggler,JIT-APFRL,5629,270,75.80305056808616
High-straggler,JIT-APFRL,5629,271,99.6760639530823
High-straggler,JIT-APFRL,5629,272,70.76481804616256
High-straggler,JIT-APFRL,5629,273,61.590429745215474
High-straggler,JIT-APFRL,5629,274,99.53231723076459
High-straggler,JIT-APFRL,5629,275,92.98324292477709
High-straggler,JIT-APFRL,5629,276,88.46334976506888
High-straggler,JIT-APFRL,5629,277,94.02053017461753
High-straggler,JIT-APFRL,5629,278,65.72976631445081
High-straggler,JIT-APFRL,5629,279,76.61022423778564
High-straggler,JIT-APFRL,5629,280,75.07484634564229
High-straggler,JIT-APFRL,5629,281,51.24389031242555
High-straggler,JIT-APFRL,5629,282,75.05130861272518
High-straggler,JIT-APFRL,5629,283,69.54015649349415
High-straggler,JIT-APFRL,5629,284,35.56964252176993
High-straggler,JIT-APFRL,5629,285,71.56930123820709
High-straggler,JIT-APFRL,5629,286,97.25941046520046
High-straggler,JIT-APFRL,5629,287,64.84881398114902
High-straggler,JIT-APFRL,5629,288,63.272128503290524
High-straggler,JIT-APFRL,5629,289,74.07140032671325
High-straggler,JIT-APFRL,5629,290,99.77593912035847
High-straggler,JIT-APFRL,5629,291,82.22807022681438
High-straggler,JIT-APFRL,5629,292,50.52157781054056
High-straggler,JIT-APFRL,5629,293,60.65282553715563
High-straggler,JIT-APFRL,5629,294,57.06643389948742
High-straggler,JIT-APFRL,5629,295,68.15919206733004
High-straggler,JIT-APFRL,5629,296,64.22123652843443
High-straggler,JIT-APFRL,5629,297,69.18877965141519
High-straggler,JIT-APFRL,5629,298,101.34852902234267
High-straggler,JIT-APFRL,5629,299,69.24639109877727
High-straggler,JIT-APFRL,5629,300,92.8137249678573
High-straggler,JIT-APFRL,5629,301,106.767317350619
High-straggler,JIT-APFRL,5629,302,55.883453053465104
High-straggler,JIT-APFRL,5629,303,99.51391821588041
High-straggler,JIT-APFRL,5629,304,78.4876876612569
High-straggler,JIT-APFRL,5629,305,70.60488859736057
High-straggler,JIT-APFRL,5629,306,58.97381868727849
High-straggler,JIT-APFRL,5629,307,46.93695722040962
High-straggler,JIT-APFRL,5629,308,75.28725212004717
High-straggler,JIT-APFRL,5629,309,63.97388017887317
High-straggler,JIT-APFRL,5629,310,81.09177788730672
High-straggler,JIT-APFRL,5629,311,41.63426155746476
High-straggler,JIT-APFRL,5629,312,92.81437644137166
High-straggler,JIT-APFRL,5629,313,96.94447753591157
High-straggler,JIT-APFRL,5629,314,66.19240925971668
High-straggler,JIT-APFRL,5629,315,96.60245245129084
High-straggler,JIT-APFRL,5629,316,74.15375792301602
High-straggler,JIT-APFRL,5629,317,66.25644872654412
High-straggler,JIT-APFRL,5629,318,99.85262660668278
High-straggler,JIT-APFRL,5629,319,61.795980881259396
High-straggler,JIT-APFRL,5629,320,70.42963911008329
High-straggler,JIT-APFRL,5629,321,68.69665414870833
High-straggler,JIT-APFRL,5629,322,106.83407296684213
High-straggler,JIT-APFRL,5629,323,86.14058360456498
High-straggler,JIT-APFRL,5629,324,74.14205764368178
High-straggler,JIT-APFRL,5629,325,79.97764231890291
High-straggler,JIT-APFRL,5629,326,101.8511232667548
High-straggler,JIT-APFRL,5629,327,79.86057470763589
High-straggler,JIT-APFRL,5629,328,75.29239541800506
High-straggler,JIT-APFRL,5629,329,79.1116260632464
High-straggler,JIT-APFRL,5629,330,115.75271563494567
High-straggler,JIT-APFRL,5629,331,67.39423546577163
High-straggler,JIT-APFRL,5629,332,85.91057633980213
High-straggler,JIT-APFRL,5629,333,52.81100891624031
High-straggler,JIT-APFRL,5629,334,57.059483783141
High-straggler,JIT-APFRL,5629,335,93.25800044949688
High-straggler,JIT-APFRL,5629,336,46.76854244051266
High-straggler,JIT-APFRL,5629,337,106.55262932302772
High-straggler,JIT-APFRL,5629,338,80.3246812677079
High-straggler,JIT-APFRL,5629,339,68.56353907242662
High-straggler,JIT-APFRL,5629,340,86.98272671759727
High-straggler,JIT-APFRL,5629,341,84.29011422040307
High-straggler,JIT-APFRL,5629,342,99.03656575875148
High-straggler,JIT-APFRL,5629,343,85.60337170887175
High-straggler,JIT-APFRL,5629,344,94.39369884216644
High-straggler,JIT-APFRL,5629,345,49.92783914447863
High-straggler,JIT-APFRL,5629,346,54.08954693401742
High-straggler,JIT-APFRL,5629,347,91.76090087255993
High-straggler,JIT-APFRL,5629,348,73.72460848204801
High-straggler,JIT-APFRL,5629,349,88.57293378014059
High-straggler,JIT-APFRL,5629,350,65.92196679738223
High-straggler,JIT-APFRL,5629,351,55.115705229922476
High-straggler,JIT-APFRL,5629,352,95.82125780201967
High-straggler,JIT-APFRL,5629,353,82.64722577389608
High-straggler,JIT-APFRL,5629,354,68.71477596034136
High-straggler,JIT-APFRL,5629,355,94.3541041988924
High-straggler,JIT-APFRL,5629,356,81.06070532093263
High-straggler,JIT-APFRL,5629,357,68.91486716172685
High-straggler,JIT-APFRL,5629,358,53.46138924466555
High-straggler,JIT-APFRL,5629,359,26.592286332219665
High-straggler,JIT-APFRL,5629,360,65.73079478599085
High-straggler,JIT-APFRL,5629,361,54.743892197609476
High-straggler,JIT-APFRL,5629,362,78.56936738135326
High-straggler,JIT-APFRL,5629,363,71.10234531018658
High-straggler,JIT-APFRL,5629,364,54.30880341580369
High-straggler,JIT-APFRL,5629,365,102.68934455616528
High-straggler,JIT-APFRL,5629,366,85.01310522138068
High-straggler,JIT-APFRL,5629,367,71.43909530151005
High-straggler,JIT-APFRL,5629,368,67.15325507012054
High-straggler,JIT-APFRL,5629,369,46.538102828193225
High-straggler,JIT-APFRL,5629,370,44.279552167265116
High-straggler,JIT-APFRL,5629,371,53.54828549921941
High-straggler,JIT-APFRL,5629,372,58.65573458672647
High-straggler,JIT-APFRL,5629,373,34.49498016333238
High-straggler,JIT-APFRL,5629,374,89.21233281047948
High-straggler,JIT-APFRL,5629,375,85.61074078515477
High-straggler,JIT-APFRL,5629,376,71.06557385620562
High-straggler,JIT-APFRL,5629,377,101.46640271439634
High-straggler,JIT-APFRL,5629,378,123.19721923363214
High-straggler,JIT-APFRL,5629,379,50.22202531227876
High-straggler,JIT-APFRL,5629,380,62.80275642148436
High-straggler,JIT-APFRL,5629,381,74.46394826723841
High-straggler,JIT-APFRL,5629,382,74.26055277576003
High-straggler,JIT-APFRL,5629,383,89.01372638903933
High-straggler,JIT-APFRL,5629,384,67.76574635492655
High-straggler,JIT-APFRL,5629,385,89.59421170987392
High-straggler,JIT-APFRL,5629,386,57.477733444358456
High-straggler,JIT-APFRL,5629,387,66.24128095033416
High-straggler,JIT-APFRL,5629,388,107.50308965728487
High-straggler,JIT-APFRL,5629,389,87.82526828839025
High-straggler,JIT-APFRL,5629,390,80.0081141292156
High-straggler,JIT-APFRL,5629,391,97.76459564827083
High-straggler,JIT-APFRL,5629,392,54.300272962852446
High-straggler,JIT-APFRL,5629,393,90.0368171826784
High-straggler,JIT-APFRL,5629,394,72.69984515103656
High-straggler,JIT-APFRL,5629,395,54.21482232367286
High-straggler,JIT-APFRL,5629,396,70.62575661984218
High-straggler,JIT-APFRL,5629,397,76.60330408727901
High-straggler,JIT-APFRL,5629,398,73.16029343721516
High-straggler,JIT-APFRL,5629,399,47.79174497234517
High-straggler,JIT-APFRL,5629,400,77.2197028959812
High-straggler,JIT-APFRL,6740,1,272.8277607708766
High-straggler,JIT-APFRL,6740,2,301.8193713963407
High-straggler,JIT-APFRL,6740,3,254.67761816226286
High-straggler,JIT-APFRL,6740,4,227.7542475740805
High-straggler,JIT-APFRL,6740,5,250.98805602670498
High-straggler,JIT-APFRL,6740,6,280.7465325554641
High-straggler,JIT-APFRL,6740,7,262.66960633647784
High-straggler,JIT-APFRL,6740,8,303.01365752594535
High-straggler,JIT-APFRL,6740,9,245.7953820892604
High-straggler,JIT-APFRL,6740,10,293.9264422999278
High-straggler,JIT-APFRL,6740,11,275.21336985661424
High-straggler,JIT-APFRL,6740,12,262.7270779569809
High-straggler,JIT-APFRL,6740,13,258.3941831330947
High-straggler,JIT-APFRL,6740,14,241.16632756668577
High-straggler,JIT-APFRL,6740,15,244.72564846694004
High-straggler,JIT-APFRL,6740,16,251.72689476090824
High-straggler,JIT-APFRL,6740,17,270.8692673932302
High-straggler,JIT-APFRL,6740,18,266.51678052358915
High-straggler,JIT-APFRL,6740,19,244.82898385554205
High-straggler,JIT-APFRL,6740,20,228.02422702601768
High-straggler,JIT-APFRL,6740,21,250.8818112738889
High-straggler,JIT-APFRL,6740,22,274.06080676555405
High-straggler,JIT-APFRL,6740,23,289.36807645176293
High-straggler,JIT-APFRL,6740,24,262.41127318560524
High-straggler,JIT-APFRL,6740,25,247.25145951736357
High-straggler,JIT-APFRL,6740,26,223.3092308909473
High-straggler,JIT-APFRL,6740,27,225.89000840417364
High-straggler,JIT-APFRL,6740,28,235.57178806391437
High-straggler,JIT-APFRL,6740,29,274.0129805452705
High-straggler,JIT-APFRL,6740,30,304.00404953199603
High-straggler,JIT-APFRL,6740,31,265.9766316957609
High-straggler,JIT-APFRL,6740,32,251.60132145091276
High-straggler,JIT-APFRL,6740,33,238.07009353891274
High-straggler,JIT-APFRL,6740,34,228.33565364675005
High-straggler,JIT-APFRL,6740,35,227.84943219492763
High-straggler,JIT-APFRL,6740,36,278.8725052758411
High-straggler,JIT-APFRL,6740,37,224.99424805172077
High-straggler,JIT-APFRL,6740,38,262.40501062805737
High-straggler,JIT-APFRL,6740,39,252.65469877853846
High-straggler,JIT-APFRL,6740,40,246.58005579364553
High-straggler,JIT-APFRL,6740,41,247.00130608469098
High-straggler,JIT-APFRL,6740,42,282.7037331478279
High-straggler,JIT-APFRL,6740,43,248.6448395155781
High-straggler,JIT-APFRL,6740,44,160.17765032222349
High-straggler,JIT-APFRL,6740,45,259.60474649486304
High-straggler,JIT-APFRL,6740,46,220.808746427557
High-straggler,JIT-APFRL,6740,47,223.12101416640525
High-straggler,JIT-APFRL,6740,48,205.0808073935267
High-straggler,JIT-APFRL,6740,49,255.02078046014503
High-straggler,JIT-APFRL,6740,50,218.93550059562776
High-straggler,JIT-APFRL,6740,51,290.28233082287375
High-straggler,JIT-APFRL,6740,52,241.68203544654006
High-straggler,JIT-APFRL,6740,53,243.3063431411206
High-straggler,JIT-APFRL,6740,54,196.30517884262918
High-straggler,JIT-APFRL,6740,55,233.15430275323115
High-straggler,JIT-APFRL,6740,56,255.217134177823
High-straggler,JIT-APFRL,6740,57,254.57348128903632
High-straggler,JIT-APFRL,6740,58,233.95873764919722
High-straggler,JIT-APFRL,6740,59,239.90542964960525
High-straggler,JIT-APFRL,6740,60,195.738883105767
High-straggler,JIT-APFRL,6740,61,164.1627264736929
High-straggler,JIT-APFRL,6740,62,212.8309167763849
High-straggler,JIT-APFRL,6740,63,180.10743228270331
High-straggler,JIT-APFRL,6740,64,205.40207564232486
High-straggler,JIT-APFRL,6740,65,187.22386874592968
High-straggler,JIT-APFRL,6740,66,223.48710812388052
High-straggler,JIT-APFRL,6740,67,202.7321878439274
High-straggler,JIT-APFRL,6740,68,199.77886624547187
High-straggler,JIT-APFRL,6740,69,152.42281335989358
High-straggler,JIT-APFRL,6740,70,173.27515394994967
High-straggler,JIT-APFRL,6740,71,199.90677195349681
High-straggler,JIT-APFRL,6740,72,196.62020335022981
High-straggler,JIT-APFRL,6740,73,185.80869877348707
High-straggler,JIT-APFRL,6740,74,191.6818881240363
High-straggler,JIT-APFRL,6740,75,189.22826436420652
High-straggler,JIT-APFRL,6740,76,169.4332169761539
High-straggler,JIT-APFRL,6740,77,212.534084335545
High-straggler,JIT-APFRL,6740,78,214.99746335597732
High-straggler,JIT-APFRL,6740,79,204.27809498540898
High-straggler,JIT-APFRL,6740,80,208.79261824198065
High-straggler,JIT-APFRL,6740,81,164.98321194238497
High-straggler,JIT-APFRL,6740,82,178.41989297821362
High-straggler,JIT-APFRL,6740,83,162.50482765064586
High-straggler,JIT-APFRL,6740,84,206.46310216095213
High-straggler,JIT-APFRL,6740,85,166.16990135007478
High-straggler,JIT-APFRL,6740,86,152.09933711216368
High-straggler,JIT-APFRL,6740,87,184.38525747537565
High-straggler,JIT-APFRL,6740,88,164.4698871729574
High-straggler,JIT-APFRL,6740,89,164.4936711687762
High-straggler,JIT-APFRL,6740,90,163.14434262512725
High-straggler,JIT-APFRL,6740,91,154.7823275653635
High-straggler,JIT-APFRL,6740,92,167.0725548169658
High-straggler,JIT-APFRL,6740,93,167.14016092849388
High-straggler,JIT-APFRL,6740,94,185.42115860099173
High-straggler,JIT-APFRL,6740,95,192.12956724402298
High-straggler,JIT-APFRL,6740,96,165.85455959840218
High-straggler,JIT-APFRL,6740,97,172.87844326454203
High-straggler,JIT-APFRL,6740,98,148.1804864151471
High-straggler,JIT-APFRL,6740,99,148.56260605605323
High-straggler,JIT-APFRL,6740,100,143.24623403484532
High-straggler,JIT-APFRL,6740,101,153.82401731707674
High-straggler,JIT-APFRL,6740,102,178.98546823326987
High-straggler,JIT-APFRL,6740,103,167.60666303323939
High-straggler,JIT-APFRL,6740,104,166.34768901448118
High-straggler,JIT-APFRL,6740,105,155.24728462172138
High-straggler,JIT-APFRL,6740,106,144.58135163481026
High-straggler,JIT-APFRL,6740,107,165.55183281557598
High-straggler,JIT-APFRL,6740,108,149.4170931918568
High-straggler,JIT-APFRL,6740,109,117.83226648333147
High-straggler,JIT-APFRL,6740,110,130.46574565010192
High-straggler,JIT-APFRL,6740,111,139.59098918179393
High-straggler,JIT-APFRL,6740,112,178.4559921019945
High-straggler,JIT-APFRL,6740,113,127.07525854764303
High-straggler,JIT-APFRL,6740,114,145.1927002043782
High-straggler,JIT-APFRL,6740,115,142.62181783194418
High-straggler,JIT-APFRL,6740,116,171.5541529875279
High-straggler,JIT-APFRL,6740,117,122.1026464491934
High-straggler,JIT-APFRL,6740,118,156.8101168626962
High-straggler,JIT-APFRL,6740,119,129.57419372309948
High-straggler,JIT-APFRL,6740,120,165.1098160164064
High-straggler,JIT-APFRL,6740,121,129.48631663408494
High-straggler,JIT-APFRL,6740,122,134.62037751052864
High-straggler,JIT-APFRL,6740,123,164.92362879262518
High-straggler,JIT-APFRL,6740,124,138.91278142889925
High-straggler,JIT-APFRL,6740,125,123.05434554612071
High-straggler,JIT-APFRL,6740,126,141.79966750232722
High-straggler,JIT-APFRL,6740,127,151.87094112486471
High-straggler,JIT-APFRL,6740,128,168.28128697798948
High-straggler,JIT-APFRL,6740,129,150.1519394619119
High-straggler,JIT-APFRL,6740,130,123.18518019720136
High-straggler,JIT-APFRL,6740,131,150.13691015083188
High-straggler,JIT-APFRL,6740,132,122.08084534707392
High-straggler,JIT-APFRL,6740,133,141.54400472681832
High-straggler,JIT-APFRL,6740,134,137.32719364955682
High-straggler,JIT-APFRL,6740,135,151.19495498395554
High-straggler,JIT-APFRL,6740,136,142.83789288184843
High-straggler,JIT-APFRL,6740,137,133.02462755618396
High-straggler,JIT-APFRL,6740,138,136.97652363935376
High-straggler,JIT-APFRL,6740,139,128.67907567027513
High-straggler,JIT-APFRL,6740,140,119.62636895203626
High-straggler,JIT-APFRL,6740,141,159.3207733777686
High-straggler,JIT-APFRL,6740,142,131.69785944477218
High-straggler,JIT-APFRL,6740,143,150.79713160194999
High-straggler,JIT-APFRL,6740,144,126.55061180883688
High-straggler,JIT-APFRL,6740,145,138.00824984951356
High-straggler,JIT-APFRL,6740,146,133.6693633635943
High-straggler,JIT-APFRL,6740,147,123.83225729553166
High-straggler,JIT-APFRL,6740,148,120.09954387274371
High-straggler,JIT-APFRL,6740,149,119.70359249744747
High-straggler,JIT-APFRL,6740,150,111.47592210681226
High-straggler,JIT-APFRL,6740,151,99.63696646368967
High-straggler,JIT-APFRL,6740,152,103.90972595411216
High-straggler,JIT-APFRL,6740,153,135.10821054541313
High-straggler,JIT-APFRL,6740,154,111.4221884433587
High-straggler,JIT-APFRL,6740,155,121.29687012782539
High-straggler,JIT-APFRL,6740,156,125.50919518735795
High-straggler,JIT-APFRL,6740,157,107.10607279810455
High-straggler,JIT-APFRL,6740,158,115.13338266031757
High-straggler,JIT-APFRL,6740,159,116.57680677524193
High-straggler,JIT-APFRL,6740,160,113.91618761564493
High-straggler,JIT-APFRL,6740,161,109.08090930860821
High-straggler,JIT-APFRL,6740,162,127.58471153402269
High-straggler,JIT-APFRL,6740,163,73.49525004815551
High-straggler,JIT-APFRL,6740,164,137.18504919060626
High-straggler,JIT-APFRL,6740,165,133.69285582126162
High-straggler,JIT-APFRL,6740,166,112.66630247746794
High-straggler,JIT-APFRL,6740,167,137.33391838166986
High-straggler,JIT-APFRL,6740,168,84.61355262187796
High-straggler,JIT-APFRL,6740,169,119.36382704542656
High-straggler,JIT-APFRL,6740,170,89.82551765277135
High-straggler,JIT-APFRL,6740,171,123.80278138783616
High-straggler,JIT-APFRL,6740,172,109.93831341169911
High-straggler,JIT-APFRL,6740,173,99.34243365755512
High-straggler,JIT-APFRL,6740,174,139.04492486693968
High-straggler,JIT-APFRL,6740,175,84.41347470145267
High-straggler,JIT-APFRL,6740,176,144.55182435632182
High-straggler,JIT-APFRL,6740,177,113.92561012519157
High-straggler,JIT-APFRL,6740,178,133.25565724140588
High-straggler,JIT-APFRL,6740,179,112.42552197282562
High-straggler,JIT-APFRL,6740,180,89.16335052438366
High-straggler,JIT-APFRL,6740,181,95.79814246480626
High-straggler,JIT-APFRL,6740,182,87.00180918933754
High-straggler,JIT-APFRL,6740,183,130.30074704203003
High-straggler,JIT-APFRL,6740,184,79.67932301829372
High-straggler,JIT-APFRL,6740,185,151.04673996568295
High-straggler,JIT-APFRL,6740,186,77.67526829936143
High-straggler,JIT-APFRL,6740,187,89.75980789219487
High-straggler,JIT-APFRL,6740,188,73.06270379086703
High-straggler,JIT-APFRL,6740,189,131.15095612858693
High-straggler,JIT-APFRL,6740,190,106.04560135529488
High-straggler,JIT-APFRL,6740,191,73.43013674431833
High-straggler,JIT-APFRL,6740,192,101.89662064961325
High-straggler,JIT-APFRL,6740,193,42.21238341688305
High-straggler,JIT-APFRL,6740,194,97.38646069841323
High-straggler,JIT-APFRL,6740,195,101.26401653200247
High-straggler,JIT-APFRL,6740,196,129.9174958232131
High-straggler,JIT-APFRL,6740,197,106.4222213242595
High-straggler,JIT-APFRL,6740,198,92.50232826601793
High-straggler,JIT-APFRL,6740,199,94.19845684000914
High-straggler,JIT-APFRL,6740,200,103.52097681556019
High-straggler,JIT-APFRL,6740,201,71.52649204079816
High-straggler,JIT-APFRL,6740,202,81.26722970607544
High-straggler,JIT-APFRL,6740,203,69.03843905977993
High-straggler,JIT-APFRL,6740,204,71.99282475355363
High-straggler,JIT-APFRL,6740,205,89.45922432139086
High-straggler,JIT-APFRL,6740,206,94.00604102037444
High-straggler,JIT-APFRL,6740,207,75.29176860779117
High-straggler,JIT-APFRL,6740,208,93.42635856996031
High-straggler,JIT-APFRL,6740,209,65.03187995907483
High-straggler,JIT-APFRL,6740,210,112.44492498093909
High-straggler,JIT-APFRL,6740,211,98.62504223388324
High-straggler,JIT-APFRL,6740,212,111.16289660639782
High-straggler,JIT-APFRL,6740,213,76.81631491297648
High-straggler,JIT-APFRL,6740,214,106.76766207232937
High-straggler,JIT-APFRL,6740,215,62.316236799369314
High-straggler,JIT-APFRL,6740,216,91.50360482686953
High-straggler,JIT-APFRL,6740,217,109.84997056961663
High-straggler,JIT-APFRL,6740,218,71.9209316799518
High-straggler,JIT-APFRL,6740,219,54.45751183626526
High-straggler,JIT-APFRL,6740,220,91.58572319783698
High-straggler,JIT-APFRL,6740,221,69.70294392166272
High-straggler,JIT-APFRL,6740,222,83.12505040114917
High-straggler,JIT-APFRL,6740,223,103.48087553919682
High-straggler,JIT-APFRL,6740,224,73.19882025232201
High-straggler,JIT-APFRL,6740,225,94.56983801717806
High-straggler,JIT-APFRL,6740,226,77.92012420119552
High-straggler,JIT-APFRL,6740,227,113.54760748316409
High-straggler,JIT-APFRL,6740,228,131.4789610888066
High-straggler,JIT-APFRL,6740,229,63.89166281538404
High-straggler,JIT-APFRL,6740,230,57.151143607815825
High-straggler,JIT-APFRL,6740,231,121.798742075171
High-straggler,JIT-APFRL,6740,232,84.48573565356767
High-straggler,JIT-APFRL,6740,233,58.61174270348331
High-straggler,JIT-APFRL,6740,234,92.37195658561016
High-straggler,JIT-APFRL,6740,235,112.13192788345788
High-straggler,JIT-APFRL,6740,236,69.35059799060568
High-straggler,JIT-APFRL,6740,237,75.48449166378269
High-straggler,JIT-APFRL,6740,238,82.68221865481198
High-straggler,JIT-APFRL,6740,239,117.35794838673071
High-straggler,JIT-APFRL,6740,240,100.36132718261818
High-straggler,JIT-APFRL,6740,241,109.44935354766854
High-straggler,JIT-APFRL,6740,242,104.03570400410085
High-straggler,JIT-APFRL,6740,243,89.37338294375434
High-straggler,JIT-APFRL,6740,244,86.23011826705812
High-straggler,JIT-APFRL,6740,245,65.06853178601214
High-straggler,JIT-APFRL,6740,246,93.77424378962542
High-straggler,JIT-APFRL,6740,247,95.16725834592711
High-straggler,JIT-APFRL,6740,248,86.49647683540708
High-straggler,JIT-APFRL,6740,249,85.33419011991666
High-straggler,JIT-APFRL,6740,250,100.15415466388981
High-straggler,JIT-APFRL,6740,251,71.62069861552128
High-straggler,JIT-APFRL,6740,252,120.28127133572562
High-straggler,JIT-APFRL,6740,253,74.28573429915274
High-straggler,JIT-APFRL,6740,254,79.27893137163305
High-straggler,JIT-APFRL,6740,255,84.54291697678347
High-straggler,JIT-APFRL,6740,256,78.96520059123156
High-straggler,JIT-APFRL,6740,257,85.2338060055366
High-straggler,JIT-APFRL,6740,258,60.24829908652691
High-straggler,JIT-APFRL,6740,259,88.86273998098791
High-straggler,JIT-APFRL,6740,260,80.87479135836254
High-straggler,JIT-APFRL,6740,261,89.02326150596433
High-straggler,JIT-APFRL,6740,262,90.58985109813247
High-straggler,JIT-APFRL,6740,263,58.69993169302911
High-straggler,JIT-APFRL,6740,264,103.73298495941467
High-straggler,JIT-APFRL,6740,265,99.38113231030228
High-straggler,JIT-APFRL,6740,266,84.48868481831417
High-straggler,JIT-APFRL,6740,267,80.69131542752359
High-straggler,JIT-APFRL,6740,268,74.07585212354758
High-straggler,JIT-APFRL,6740,269,75.9985585841254
High-straggler,JIT-APFRL,6740,270,74.52509422288858
High-straggler,JIT-APFRL,6740,271,121.62075752172026
High-straggler,JIT-APFRL,6740,272,82.68666232124149
High-straggler,JIT-APFRL,6740,273,35.954232998554936
High-straggler,JIT-APFRL,6740,274,101.93307405695045
High-straggler,JIT-APFRL,6740,275,60.341434230176375
High-straggler,JIT-APFRL,6740,276,101.26770072965648
High-straggler,JIT-APFRL,6740,277,111.94029456758194
High-straggler,JIT-APFRL,6740,278,66.72880789709825
High-straggler,JIT-APFRL,6740,279,72.89348553596568
High-straggler,JIT-APFRL,6740,280,99.76011680180844
High-straggler,JIT-APFRL,6740,281,106.58960549233996
High-straggler,JIT-APFRL,6740,282,108.66789267392163
High-straggler,JIT-APFRL,6740,283,95.81987769505542
High-straggler,JIT-APFRL,6740,284,81.92794550492712
High-straggler,JIT-APFRL,6740,285,81.99298999195545
High-straggler,JIT-APFRL,6740,286,88.87151954163514
High-straggler,JIT-APFRL,6740,287,83.73074437510732
High-straggler,JIT-APFRL,6740,288,62.02598425199241
High-straggler,JIT-APFRL,6740,289,85.05131862999124
High-straggler,JIT-APFRL,6740,290,93.27654991722626
High-straggler,JIT-APFRL,6740,291,90.4751828810058
High-straggler,JIT-APFRL,6740,292,72.70642853393218
High-straggler,JIT-APFRL,6740,293,56.81805087278559
High-straggler,JIT-APFRL,6740,294,84.66976097964864
High-straggler,JIT-APFRL,6740,295,95.93403979328394
High-straggler,JIT-APFRL,6740,296,93.94042179056633
High-straggler,JIT-APFRL,6740,297,99.83450238857074
High-straggler,JIT-APFRL,6740,298,75.55808325861629
High-straggler,JIT-APFRL,6740,299,62.10802833159339
High-straggler,JIT-APFRL,6740,300,67.19955105096022
High-straggler,JIT-APFRL,6740,301,99.21951042950974
High-straggler,JIT-APFRL,6740,302,114.22003178186752
High-straggler,JIT-APFRL,6740,303,86.61357998470075
High-straggler,JIT-APFRL,6740,304,82.05501944119905
High-straggler,JIT-APFRL,6740,305,88.78109283800559
High-straggler,JIT-APFRL,6740,306,107.63268301601052
High-straggler,JIT-APFRL,6740,307,83.96532690870573
High-straggler,JIT-APFRL,6740,308,75.93138321661307
High-straggler,JIT-APFRL,6740,309,79.88933207691856
High-straggler,JIT-APFRL,6740,310,79.98727868810649
High-straggler,JIT-APFRL,6740,311,97.67415033541083
High-straggler,JIT-APFRL,6740,312,100.33935120585375
High-straggler,JIT-APFRL,6740,313,76.81292665929897
High-straggler,JIT-APFRL,6740,314,73.36263065020715
High-straggler,JIT-APFRL,6740,315,66.56682692319083
High-straggler,JIT-APFRL,6740,316,88.17122302764342
High-straggler,JIT-APFRL,6740,317,86.97088128882119
High-straggler,JIT-APFRL,6740,318,85.22156266880015
High-straggler,JIT-APFRL,6740,319,70.81201951287544
High-straggler,JIT-APFRL,6740,320,59.89153448606981
High-straggler,JIT-APFRL,6740,321,67.92793661259255
High-straggler,JIT-APFRL,6740,322,81.5108935130977
High-straggler,JIT-APFRL,6740,323,98.05665428990604
High-straggler,JIT-APFRL,6740,324,117.62769541543037
High-straggler,JIT-APFRL,6740,325,79.28270182556909
High-straggler,JIT-APFRL,6740,326,77.04387039426345
High-straggler,JIT-APFRL,6740,327,79.88922516522518
High-straggler,JIT-APFRL,6740,328,117.8996479065742
High-straggler,JIT-APFRL,6740,329,81.20843090375564
High-straggler,JIT-APFRL,6740,330,92.78421116336325
High-straggler,JIT-APFRL,6740,331,48.717113365589434
High-straggler,JIT-APFRL,6740,332,105.87263748280141
High-straggler,JIT-APFRL,6740,333,99.93839298779208
High-straggler,JIT-APFRL,6740,334,88.42896697160054
High-straggler,JIT-APFRL,6740,335,75.84778399228605
High-straggler,JIT-APFRL,6740,336,85.4727529478022
High-straggler,JIT-APFRL,6740,337,53.3130534132455
High-straggler,JIT-APFRL,6740,338,90.00917312586996
High-straggler,JIT-APFRL,6740,339,60.86043134933718
High-straggler,JIT-APFRL,6740,340,92.41659539440157
High-straggler,JIT-APFRL,6740,341,74.89520549068217
High-straggler,JIT-APFRL,6740,342,63.700183518440355
High-straggler,JIT-APFRL,6740,343,86.33933095429214
High-straggler,JIT-APFRL,6740,344,78.4879599098979
High-straggler,JIT-APFRL,6740,345,77.73402673206655
High-straggler,JIT-APFRL,6740,346,96.35163574314137
High-straggler,JIT-APFRL,6740,347,84.46964940039983
High-straggler,JIT-APFRL,6740,348,114.26270711758767
High-straggler,JIT-APFRL,6740,349,83.15934984470483
High-straggler,JIT-APFRL,6740,350,80.9657228226137
High-straggler,JIT-APFRL,6740,351,54.62230751352901
High-straggler,JIT-APFRL,6740,352,95.8138387431768
High-straggler,JIT-APFRL,6740,353,76.72574223951702
High-straggler,JIT-APFRL,6740,354,67.44961514204479
High-straggler,JIT-APFRL,6740,355,78.39852084454363
High-straggler,JIT-APFRL,6740,356,83.13622059847394
High-straggler,JIT-APFRL,6740,357,41.59432865492529
High-straggler,JIT-APFRL,6740,358,101.5760211885223
High-straggler,JIT-APFRL,6740,359,65.50317336440926
High-straggler,JIT-APFRL,6740,360,83.88047806015715
High-straggler,JIT-APFRL,6740,361,73.48358979067933
High-straggler,JIT-APFRL,6740,362,72.82227147487058
High-straggler,JIT-APFRL,6740,363,88.14823556759002
High-straggler,JIT-APFRL,6740,364,88.73470166381024
High-straggler,JIT-APFRL,6740,365,45.00265463812682
High-straggler,JIT-APFRL,6740,366,91.97019870669371
High-straggler,JIT-APFRL,6740,367,98.8650982121455
High-straggler,JIT-APFRL,6740,368,84.59297240250329
High-straggler,JIT-APFRL,6740,369,93.26798679686594
High-straggler,JIT-APFRL,6740,370,59.98641686990818
High-straggler,JIT-APFRL,6740,371,63.80810333105665
High-straggler,JIT-APFRL,6740,372,86.04792797121095
High-straggler,JIT-APFRL,6740,373,86.63159199873162
High-straggler,JIT-APFRL,6740,374,69.8150167899415
High-straggler,JIT-APFRL,6740,375,90.30749247634013
High-straggler,JIT-APFRL,6740,376,111.50292196492494
High-straggler,JIT-APFRL,6740,377,62.40188713216017
High-straggler,JIT-APFRL,6740,378,73.03799145480009
High-straggler,JIT-APFRL,6740,379,107.3973204920369
High-straggler,JIT-APFRL,6740,380,57.60326133953238
High-straggler,JIT-APFRL,6740,381,81.05149504787215
High-straggler,JIT-APFRL,6740,382,61.34194993381586
High-straggler,JIT-APFRL,6740,383,85.44226620275792
High-straggler,JIT-APFRL,6740,384,92.73483165460338
High-straggler,JIT-APFRL,6740,385,60.30501272247695
High-straggler,JIT-APFRL,6740,386,88.80417290581283
High-straggler,JIT-APFRL,6740,387,85.11538918323673
High-straggler,JIT-APFRL,6740,388,103.13770631996779
High-straggler,JIT-APFRL,6740,389,83.18761363578865
High-straggler,JIT-APFRL,6740,390,78.74119801169799
High-straggler,JIT-APFRL,6740,391,103.23200412912963
High-straggler,JIT-APFRL,6740,392,67.59652021266831
High-straggler,JIT-APFRL,6740,393,55.05732836276221
High-straggler,JIT-APFRL,6740,394,104.10119906785593
High-straggler,JIT-APFRL,6740,395,113.4828703208224
High-straggler,JIT-APFRL,6740,396,84.18703460987874
High-straggler,JIT-APFRL,6740,397,119.31523950479387
High-straggler,JIT-APFRL,6740,398,73.63941825436581
High-straggler,JIT-APFRL,6740,399,42.00409820435311
High-straggler,JIT-APFRL,6740,400,110.69141747030937
High-straggler,JIT-APFRL,7851,1,279.3209977217416
High-straggler,JIT-APFRL,7851,2,273.06401403335474
High-straggler,JIT-APFRL,7851,3,298.17630272677843
High-straggler,JIT-APFRL,7851,4,323.21331230058075
High-straggler,JIT-APFRL,7851,5,304.3936760112699
High-straggler,JIT-APFRL,7851,6,262.6659242355481
High-straggler,JIT-APFRL,7851,7,252.7873683167721
High-straggler,JIT-APFRL,7851,8,274.82996620760883
High-straggler,JIT-APFRL,7851,9,296.62793553227345
High-straggler,JIT-APFRL,7851,10,285.52218735145254
High-straggler,JIT-APFRL,7851,11,273.1095667061159
High-straggler,JIT-APFRL,7851,12,262.16154231715393
High-straggler,JIT-APFRL,7851,13,295.85587968374455
High-straggler,JIT-APFRL,7851,14,276.9919478407336
High-straggler,JIT-APFRL,7851,15,304.0727072927257
High-straggler,JIT-APFRL,7851,16,286.76695865088215
High-straggler,JIT-APFRL,7851,17,294.9899247932572
High-straggler,JIT-APFRL,7851,18,279.0598019134467
High-straggler,JIT-APFRL,7851,19,306.28871248058164
High-straggler,JIT-APFRL,7851,20,290.8928020620994
High-straggler,JIT-APFRL,7851,21,270.97152455655515
High-straggler,JIT-APFRL,7851,22,301.4346740238766
High-straggler,JIT-APFRL,7851,23,286.7427305059447
High-straggler,JIT-APFRL,7851,24,285.3714395985634
High-straggler,JIT-APFRL,7851,25,272.68492932590596
High-straggler,JIT-APFRL,7851,26,271.6244302057218
High-straggler,JIT-APFRL,7851,27,238.7091380736052
High-straggler,JIT-APFRL,7851,28,251.9531844066708
High-straggler,JIT-APFRL,7851,29,272.01836637450845
High-straggler,JIT-APFRL,7851,30,262.04049979619333
High-straggler,JIT-APFRL,7851,31,318.4462122169606
High-straggler,JIT-APFRL,7851,32,310.0145626773689
High-straggler,JIT-APFRL,7851,33,260.73015809871237
High-straggler,JIT-APFRL,7851,34,230.6186532632388
High-straggler,JIT-APFRL,7851,35,274.13708777912
High-straggler,JIT-APFRL,7851,36,256.86862686651426
High-straggler,JIT-APFRL,7851,37,253.85704981978432
High-straggler,JIT-APFRL,7851,38,241.36930088375533
High-straggler,JIT-APFRL,7851,39,266.62268890391346
High-straggler,JIT-APFRL,7851,40,270.3151759588844
High-straggler,JIT-APFRL,7851,41,252.32143213578027
High-straggler,JIT-APFRL,7851,42,232.26294510145755
High-straggler,JIT-APFRL,7851,43,262.6668765539735
High-straggler,JIT-APFRL,7851,44,282.5826040121125
High-straggler,JIT-APFRL,7851,45,306.1223542549978
High-straggler,JIT-APFRL,7851,46,245.14205840981853
High-straggler,JIT-APFRL,7851,47,225.9314086458311
High-straggler,JIT-APFRL,7851,48,266.9993223269683
High-straggler,JIT-APFRL,7851,49,231.77754118154928
High-straggler,JIT-APFRL,7851,50,263.63184539692446
High-straggler,JIT-APFRL,7851,51,278.23832456016055
High-straggler,JIT-APFRL,7851,52,265.2753403351964
High-straggler,JIT-APFRL,7851,53,298.7018348402347
High-straggler,JIT-APFRL,7851,54,284.8640710782465
High-straggler,JIT-APFRL,7851,55,294.91076051864354
High-straggler,JIT-APFRL,7851,56,249.19687210022164
High-straggler,JIT-APFRL,7851,57,257.6372921530933
High-straggler,JIT-APFRL,7851,58,209.64523025006025
High-straggler,JIT-APFRL,7851,59,276.8952567099072
High-straggler,JIT-APFRL,7851,60,271.93443586967726
High-straggler,JIT-APFRL,7851,61,251.44521054081835
High-straggler,JIT-APFRL,7851,62,246.3201578597877
High-straggler,JIT-APFRL,7851,63,253.71636323799066
High-straggler,JIT-APFRL,7851,64,176.81356778104703
High-straggler,JIT-APFRL,7851,65,232.61002269459112
High-straggler,JIT-APFRL,7851,66,219.99563258208477
High-straggler,JIT-APFRL,7851,67,239.60587138211739
High-straggler,JIT-APFRL,7851,68,249.49704682774785
High-straggler,JIT-APFRL,7851,69,220.19206951720025
High-straggler,JIT-APFRL,7851,70,205.99998717551014
High-straggler,JIT-APFRL,7851,71,206.35985430532807
High-straggler,JIT-APFRL,7851,72,191.75942321469495
High-straggler,JIT-APFRL,7851,73,264.6227434014357
High-straggler,JIT-APFRL,7851,74,213.6366815425476
High-straggler,JIT-APFRL,7851,75,206.1907593526193
High-straggler,JIT-APFRL,7851,76,238.0298883708684
High-straggler,JIT-APFRL,7851,77,223.5051394067396
High-straggler,JIT-APFRL,7851,78,244.36539008530647
High-straggler,JIT-APFRL,7851,79,205.97477418752754
High-straggler,JIT-APFRL,7851,80,207.49739748253643
High-straggler,JIT-APFRL,7851,81,181.2058157776627
High-straggler,JIT-APFRL,7851,82,206.5717661620893
High-straggler,JIT-APFRL,7851,83,210.38285860502435
High-straggler,JIT-APFRL,7851,84,239.76959536154777
High-straggler,JIT-APFRL,7851,85,193.40512761505343
High-straggler,JIT-APFRL,7851,86,153.25064942444092
High-straggler,JIT-APFRL,7851,87,163.47530856828794
High-straggler,JIT-APFRL,7851,88,222.47070644306493
High-straggler,JIT-APFRL,7851,89,151.32529650342258
High-straggler,JIT-APFRL,7851,90,199.55406854616484
High-straggler,JIT-APFRL,7851,91,183.69975100775886
High-straggler,JIT-APFRL,7851,92,192.11819930455061
High-straggler,JIT-APFRL,7851,93,158.0527173328766
High-straggler,JIT-APFRL,7851,94,223.72137220151876
High-straggler,JIT-APFRL,7851,95,182.6724981753614
High-straggler,JIT-APFRL,7851,96,178.27236515744508
High-straggler,JIT-APFRL,7851,97,174.26835491594136
High-straggler,JIT-APFRL,7851,98,181.72155029965904
High-straggler,JIT-APFRL,7851,99,192.78973084963982
High-straggler,JIT-APFRL,7851,100,171.90938374272122
High-straggler,JIT-APFRL,7851,101,211.58225841541147
High-straggler,JIT-APFRL,7851,102,207.55283418103085
High-straggler,JIT-APFRL,7851,103,186.34209437143522
High-straggler,JIT-APFRL,7851,104,186.51315368378417
High-straggler,JIT-APFRL,7851,105,165.81056934526356
High-straggler,JIT-APFRL,7851,106,190.56431146596054
High-straggler,JIT-APFRL,7851,107,152.51651382257043
High-straggler,JIT-APFRL,7851,108,162.7181945236928
High-straggler,JIT-APFRL,7851,109,170.5493755684484
High-straggler,JIT-APFRL,7851,110,130.89360669254464
High-straggler,JIT-APFRL,7851,111,180.60269843277752
High-straggler,JIT-APFRL,7851,112,164.15760215931374
High-straggler,JIT-APFRL,7851,113,157.71368657208285
High-straggler,JIT-APFRL,7851,114,157.35536873089188
High-straggler,JIT-APFRL,7851,115,141.8540853510772
High-straggler,JIT-APFRL,7851,116,183.9306063225891
High-straggler,JIT-APFRL,7851,117,174.286164174722
High-straggler,JIT-APFRL,7851,118,167.67330637476346
High-straggler,JIT-APFRL,7851,119,149.00734785375872
High-straggler,JIT-APFRL,7851,120,162.19507032007817
High-straggler,JIT-APFRL,7851,121,132.01392240782113
High-straggler,JIT-APFRL,7851,122,165.88324806163848
High-straggler,JIT-APFRL,7851,123,134.50401892618456
High-straggler,JIT-APFRL,7851,124,194.40222832494356
High-straggler,JIT-APFRL,7851,125,167.7912782472519
High-straggler,JIT-APFRL,7851,126,154.41951630574698
High-straggler,JIT-APFRL,7851,127,161.93764305498246
High-straggler,JIT-APFRL,7851,128,131.74179489192514
High-straggler,JIT-APFRL,7851,129,120.31141432288727
High-straggler,JIT-APFRL,7851,130,170.35023296733405
High-straggler,JIT-APFRL,7851,131,151.48549397033796
High-straggler,JIT-APFRL,7851,132,153.17240427796511
High-straggler,JIT-APFRL,7851,133,121.89987270704276
High-straggler,JIT-APFRL,7851,134,139.9801677384512
High-straggler,JIT-APFRL,7851,135,132.09582568917995
High-straggler,JIT-APFRL,7851,136,135.39180358714864
High-straggler,JIT-APFRL,7851,137,121.95483318187426
High-straggler,JIT-APFRL,7851,138,121.65971193746655
High-straggler,JIT-APFRL,7851,139,133.5200919045169
High-straggler,JIT-APFRL,7851,140,125.78375733671966
High-straggler,JIT-APFRL,7851,141,124.44793194632287
High-straggler,JIT-APFRL,7851,142,153.1623544730758
High-straggler,JIT-APFRL,7851,143,134.7634991910929
High-straggler,JIT-APFRL,7851,144,121.86743598607123
High-straggler,JIT-APFRL,7851,145,118.41652608284501
High-straggler,JIT-APFRL,7851,146,128.14820904587134
High-straggler,JIT-APFRL,7851,147,140.0215075887565
High-straggler,JIT-APFRL,7851,148,103.4421380626959
High-straggler,JIT-APFRL,7851,149,139.61635171555866
High-straggler,JIT-APFRL,7851,150,120.95139198318103
High-straggler,JIT-APFRL,7851,151,154.0230353434635
High-straggler,JIT-APFRL,7851,152,116.3124752760829
High-straggler,JIT-APFRL,7851,153,109.39833977076246
High-straggler,JIT-APFRL,7851,154,129.63058975328735
High-straggler,JIT-APFRL,7851,155,114.27857631602606
High-straggler,JIT-APFRL,7851,156,145.6674315328986
High-straggler,JIT-APFRL,7851,157,99.43966984314662
High-straggler,JIT-APFRL,7851,158,112.35037748230236
High-straggler,JIT-APFRL,7851,159,121.82897297892319
High-straggler,JIT-APFRL,7851,160,133.86733577819112
High-straggler,JIT-APFRL,7851,161,122.07053059106232
High-straggler,JIT-APFRL,7851,162,137.35065736571423
High-straggler,JIT-APFRL,7851,163,103.87886147839662
High-straggler,JIT-APFRL,7851,164,112.43386256906494
High-straggler,JIT-APFRL,7851,165,103.89794104479095
High-straggler,JIT-APFRL,7851,166,127.01448291675426
High-straggler,JIT-APFRL,7851,167,114.71524856138416
High-straggler,JIT-APFRL,7851,168,115.79201171623262
High-straggler,JIT-APFRL,7851,169,88.98894596768753
High-straggler,JIT-APFRL,7851,170,102.39172968859214
High-straggler,JIT-APFRL,7851,171,110.41069856206381
High-straggler,JIT-APFRL,7851,172,93.47318851377692
High-straggler,JIT-APFRL,7851,173,118.97598541116399
High-straggler,JIT-APFRL,7851,174,78.64008381633039
High-straggler,JIT-APFRL,7851,175,133.41545948957813
High-straggler,JIT-APFRL,7851,176,137.93011403656453
High-straggler,JIT-APFRL,7851,177,91.15579156872823
High-straggler,JIT-APFRL,7851,178,132.2612827143745
High-straggler,JIT-APFRL,7851,179,141.93177862926726
High-straggler,JIT-APFRL,7851,180,63.4089358527497
High-straggler,JIT-APFRL,7851,181,76.49380245705679
High-straggler,JIT-APFRL,7851,182,51.694509838618124
High-straggler,JIT-APFRL,7851,183,101.88315035969283
High-straggler,JIT-APFRL,7851,184,90.07981642844713
High-straggler,JIT-APFRL,7851,185,107.67842890709701
High-straggler,JIT-APFRL,7851,186,88.54878803169655
High-straggler,JIT-APFRL,7851,187,134.52063831871232
High-straggler,JIT-APFRL,7851,188,104.52968622300857
High-straggler,JIT-APFRL,7851,189,106.49232168879415
High-straggler,JIT-APFRL,7851,190,104.89383046398082
High-straggler,JIT-APFRL,7851,191,105.09797469219757
High-straggler,JIT-APFRL,7851,192,70.417071460299
High-straggler,JIT-APFRL,7851,193,92.8295259360859
High-straggler,JIT-APFRL,7851,194,105.37331991293698
High-straggler,JIT-APFRL,7851,195,93.04010909655516
High-straggler,JIT-APFRL,7851,196,101.99137644886147
High-straggler,JIT-APFRL,7851,197,78.01291318870153
High-straggler,JIT-APFRL,7851,198,117.04410761622019
High-straggler,JIT-APFRL,7851,199,76.99191233346994
High-straggler,JIT-APFRL,7851,200,107.1997696253427
High-straggler,JIT-APFRL,7851,201,96.56391977849795
High-straggler,JIT-APFRL,7851,202,119.33001657338261
High-straggler,JIT-APFRL,7851,203,101.32250299229462
High-straggler,JIT-APFRL,7851,204,54.2775167333029
High-straggler,JIT-APFRL,7851,205,78.21921348388778
High-straggler,JIT-APFRL,7851,206,98.40380074802414
High-straggler,JIT-APFRL,7851,207,92.64439271588631
High-straggler,JIT-APFRL,7851,208,70.38748808685862
High-straggler,JIT-APFRL,7851,209,97.07930256553493
High-straggler,JIT-APFRL,7851,210,121.3267073979175
High-straggler,JIT-APFRL,7851,211,94.90099741370983
High-straggler,JIT-APFRL,7851,212,104.03125461258854
High-straggler,JIT-APFRL,7851,213,100.53833283587912
High-straggler,JIT-APFRL,7851,214,83.256878478525
High-straggler,JIT-APFRL,7851,215,110.78230384300934
High-straggler,JIT-APFRL,7851,216,46.43874842079815
High-straggler,JIT-APFRL,7851,217,102.359460092856
High-straggler,JIT-APFRL,7851,218,109.22081090001566
High-straggler,JIT-APFRL,7851,219,71.10984307002401
High-straggler,JIT-APFRL,7851,220,121.6084885481004
High-straggler,JIT-APFRL,7851,221,94.58182369627592
High-straggler,JIT-APFRL,7851,222,94.40110568623295
High-straggler,JIT-APFRL,7851,223,95.7898397485239
High-straggler,JIT-APFRL,7851,224,108.05230876180102
High-straggler,JIT-APFRL,7851,225,103.5098356956249
High-straggler,JIT-APFRL,7851,226,111.987461483814
High-straggler,JIT-APFRL,7851,227,92.93663663577269
High-straggler,JIT-APFRL,7851,228,83.30554599253442
High-straggler,JIT-APFRL,7851,229,121.47492318161001
High-straggler,JIT-APFRL,7851,230,116.0556268242394
High-straggler,JIT-APFRL,7851,231,81.08177837902053
High-straggler,JIT-APFRL,7851,232,82.59243821624095
High-straggler,JIT-APFRL,7851,233,99.22083728571094
High-straggler,JIT-APFRL,7851,234,96.63083968461713
High-straggler,JIT-APFRL,7851,235,67.88505275092126
High-straggler,JIT-APFRL,7851,236,86.1298545518807
High-straggler,JIT-APFRL,7851,237,75.32140329955901
High-straggler,JIT-APFRL,7851,238,89.86188855186678
High-straggler,JIT-APFRL,7851,239,101.09591543690819
High-straggler,JIT-APFRL,7851,240,84.8987652458067
High-straggler,JIT-APFRL,7851,241,77.65551702029808
High-straggler,JIT-APFRL,7851,242,100.24589887780085
High-straggler,JIT-APFRL,7851,243,62.58322205456609
High-straggler,JIT-APFRL,7851,244,112.920809202831
High-straggler,JIT-APFRL,7851,245,99.9794826450585
High-straggler,JIT-APFRL,7851,246,93.18132209295979
High-straggler,JIT-APFRL,7851,247,95.86928818389124
High-straggler,JIT-APFRL,7851,248,120.15994127883977
High-straggler,JIT-APFRL,7851,249,92.78484861439914
High-straggler,JIT-APFRL,7851,250,90.4260016267834
High-straggler,JIT-APFRL,7851,251,113.6927206886944
High-straggler,JIT-APFRL,7851,252,87.30909890729066
High-straggler,JIT-APFRL,7851,253,108.91137819156586
High-straggler,JIT-APFRL,7851,254,86.46075668257339
High-straggler,JIT-APFRL,7851,255,95.74068319870884
High-straggler,JIT-APFRL,7851,256,52.20737482417918
High-straggler,JIT-APFRL,7851,257,116.30832387538126
High-straggler,JIT-APFRL,7851,258,86.82328385054997
High-straggler,JIT-APFRL,7851,259,109.48986808839494
High-straggler,JIT-APFRL,7851,260,98.9118961565728
High-straggler,JIT-APFRL,7851,261,118.44818087105351
High-straggler,JIT-APFRL,7851,262,76.1036272209089
High-straggler,JIT-APFRL,7851,263,100.0402772691595
High-straggler,JIT-APFRL,7851,264,78.67400776511118
High-straggler,JIT-APFRL,7851,265,89.32586298691693
High-straggler,JIT-APFRL,7851,266,69.34522685007808
High-straggler,JIT-APFRL,7851,267,81.68780980612954
High-straggler,JIT-APFRL,7851,268,100.48455975213689
High-straggler,JIT-APFRL,7851,269,70.72327697355094
High-straggler,JIT-APFRL,7851,270,89.77403739686633
High-straggler,JIT-APFRL,7851,271,87.75826625582464
High-straggler,JIT-APFRL,7851,272,102.66346613236374
High-straggler,JIT-APFRL,7851,273,93.8826272322309
High-straggler,JIT-APFRL,7851,274,107.23632370203171
High-straggler,JIT-APFRL,7851,275,86.25274349827372
High-straggler,JIT-APFRL,7851,276,105.5704994941635
High-straggler,JIT-APFRL,7851,277,62.30468669180196
High-straggler,JIT-APFRL,7851,278,67.01384957762659
High-straggler,JIT-APFRL,7851,279,75.31069430006114
High-straggler,JIT-APFRL,7851,280,88.52973566448439
High-straggler,JIT-APFRL,7851,281,72.10310899953829
High-straggler,JIT-APFRL,7851,282,98.07589070297288
High-straggler,JIT-APFRL,7851,283,45.00966354470046
High-straggler,JIT-APFRL,7851,284,96.21963339102999
High-straggler,JIT-APFRL,7851,285,60.74156838846544
High-straggler,JIT-APFRL,7851,286,97.29430227009226
High-straggler,JIT-APFRL,7851,287,87.0914232025598
High-straggler,JIT-APFRL,7851,288,72.21747444890836
High-straggler,JIT-APFRL,7851,289,81.24432325436696
High-straggler,JIT-APFRL,7851,290,85.33225128623425
High-straggler,JIT-APFRL,7851,291,78.26245951776778
High-straggler,JIT-APFRL,7851,292,88.6527149538321
High-straggler,JIT-APFRL,7851,293,76.6319484927264
High-straggler,JIT-APFRL,7851,294,86.42318859005734
High-straggler,JIT-APFRL,7851,295,96.20225881746664
High-straggler,JIT-APFRL,7851,296,58.92949370483011
High-straggler,JIT-APFRL,7851,297,76.05619435980888
High-straggler,JIT-APFRL,7851,298,88.77608818223796
High-straggler,JIT-APFRL,7851,299,60.35693698556348
High-straggler,JIT-APFRL,7851,300,69.96333193307089
High-straggler,JIT-APFRL,7851,301,76.95112399820871
High-straggler,JIT-APFRL,7851,302,77.04981189235087
High-straggler,JIT-APFRL,7851,303,68.24191166958221
High-straggler,JIT-APFRL,7851,304,82.33353203427333
High-straggler,JIT-APFRL,7851,305,84.87912613262098
High-straggler,JIT-APFRL,7851,306,71.73990182083062
High-straggler,JIT-APFRL,7851,307,102.73767478822644
High-straggler,JIT-APFRL,7851,308,92.29661196654457
High-straggler,JIT-APFRL,7851,309,75.86745486081473
High-straggler,JIT-APFRL,7851,310,52.6079133736217
High-straggler,JIT-APFRL,7851,311,104.27965063854708
High-straggler,JIT-APFRL,7851,312,111.6954718445614
High-straggler,JIT-APFRL,7851,313,38.254887751464175
High-straggler,JIT-APFRL,7851,314,64.5410908934993
High-straggler,JIT-APFRL,7851,315,39.25155709494833
High-straggler,JIT-APFRL,7851,316,98.60048412017885
High-straggler,JIT-APFRL,7851,317,82.67100075365813
High-straggler,JIT-APFRL,7851,318,83.21573407998847
High-straggler,JIT-APFRL,7851,319,67.54590242142588
High-straggler,JIT-APFRL,7851,320,56.70213462104192
High-straggler,JIT-APFRL,7851,321,72.36024976273745
High-straggler,JIT-APFRL,7851,322,75.66384436593204
High-straggler,JIT-APFRL,7851,323,66.6868861810807
High-straggler,JIT-APFRL,7851,324,84.89677228892573
High-straggler,JIT-APFRL,7851,325,91.34254334628706
High-straggler,JIT-APFRL,7851,326,55.0129014664265
High-straggler,JIT-APFRL,7851,327,97.02975573117908
High-straggler,JIT-APFRL,7851,328,109.22645491379342
High-straggler,JIT-APFRL,7851,329,71.43918385183913
High-straggler,JIT-APFRL,7851,330,88.99523634240664
High-straggler,JIT-APFRL,7851,331,71.77672249343102
High-straggler,JIT-APFRL,7851,332,94.1425156544827
High-straggler,JIT-APFRL,7851,333,104.02453386526211
High-straggler,JIT-APFRL,7851,334,44.86518566159561
High-straggler,JIT-APFRL,7851,335,104.90223078214593
High-straggler,JIT-APFRL,7851,336,60.076857927437906
High-straggler,JIT-APFRL,7851,337,105.67896772632368
High-straggler,JIT-APFRL,7851,338,74.03538987437062
High-straggler,JIT-APFRL,7851,339,67.13865946172389
High-straggler,JIT-APFRL,7851,340,38.50886913855705
High-straggler,JIT-APFRL,7851,341,105.56227990933894
High-straggler,JIT-APFRL,7851,342,86.0878674072193
High-straggler,JIT-APFRL,7851,343,81.06726648129494
High-straggler,JIT-APFRL,7851,344,71.32386135608053
High-straggler,JIT-APFRL,7851,345,82.07323105217561
High-straggler,JIT-APFRL,7851,346,96.80325701146711
High-straggler,JIT-APFRL,7851,347,91.87405661297484
High-straggler,JIT-APFRL,7851,348,82.83378150532043
High-straggler,JIT-APFRL,7851,349,75.9120556822928
High-straggler,JIT-APFRL,7851,350,70.65974284888398
High-straggler,JIT-APFRL,7851,351,86.81788054028138
High-straggler,JIT-APFRL,7851,352,84.80424007771076
High-straggler,JIT-APFRL,7851,353,84.52362655864238
High-straggler,JIT-APFRL,7851,354,81.0373736235617
High-straggler,JIT-APFRL,7851,355,66.55061354508892
High-straggler,JIT-APFRL,7851,356,96.8772222572782
High-straggler,JIT-APFRL,7851,357,88.02249247598048
High-straggler,JIT-APFRL,7851,358,85.17986581112092
High-straggler,JIT-APFRL,7851,359,114.36843202139363
High-straggler,JIT-APFRL,7851,360,51.27294770828778
High-straggler,JIT-APFRL,7851,361,81.20136790340594
High-straggler,JIT-APFRL,7851,362,71.3274573404435
High-straggler,JIT-APFRL,7851,363,63.49721258552526
High-straggler,JIT-APFRL,7851,364,48.00728587577235
High-straggler,JIT-APFRL,7851,365,77.95833417590528
High-straggler,JIT-APFRL,7851,366,36.25193243223841
High-straggler,JIT-APFRL,7851,367,53.27840101123949
High-straggler,JIT-APFRL,7851,368,95.90914522786429
High-straggler,JIT-APFRL,7851,369,72.70379638735129
High-straggler,JIT-APFRL,7851,370,51.266891310993124
High-straggler,JIT-APFRL,7851,371,61.14049978789443
High-straggler,JIT-APFRL,7851,372,82.27301842015001
High-straggler,JIT-APFRL,7851,373,88.82232701690094
High-straggler,JIT-APFRL,7851,374,69.06569642864247
High-straggler,JIT-APFRL,7851,375,86.68279427190808
High-straggler,JIT-APFRL,7851,376,84.68152322909012
High-straggler,JIT-APFRL,7851,377,70.7456692641127
High-straggler,JIT-APFRL,7851,378,110.38773419132953
High-straggler,JIT-APFRL,7851,379,75.15513780429933
High-straggler,JIT-APFRL,7851,380,74.48852608369495
High-straggler,JIT-APFRL,7851,381,79.19603139956202
High-straggler,JIT-APFRL,7851,382,101.27983532664396
High-straggler,JIT-APFRL,7851,383,68.36714381892044
High-straggler,JIT-APFRL,7851,384,83.24523601922472
High-straggler,JIT-APFRL,7851,385,87.56168988069889
High-straggler,JIT-APFRL,7851,386,53.230185588020625
High-straggler,JIT-APFRL,7851,387,97.25831550989477
High-straggler,JIT-APFRL,7851,388,79.05849282009208
High-straggler,JIT-APFRL,7851,389,88.2274450725995
High-straggler,JIT-APFRL,7851,390,87.09092391520736
High-straggler,JIT-APFRL,7851,391,82.26890234794293
High-straggler,JIT-APFRL,7851,392,63.44409278916038
High-straggler,JIT-APFRL,7851,393,33.93721762968232
High-straggler,JIT-APFRL,7851,394,94.52329774825745
High-straggler,JIT-APFRL,7851,395,49.27731414332545
High-straggler,JIT-APFRL,7851,396,84.55204986692495
High-straggler,JIT-APFRL,7851,397,90.99888604281948
High-straggler,JIT-APFRL,7851,398,67.70361700746075
High-straggler,JIT-APFRL,7851,399,59.08816858271415
High-straggler,JIT-APFRL,7851,400,57.446657849940905
