scenario,method,seed,round,mean_allocated_resource
High-straggler,Async-FedDRL,3407,1,0.2570967650706383
High-straggler,Async-FedDRL,3407,2,0.25074529863928174
High-straggler,Async-FedDRL,3407,3,0.2568591900436255
High-straggler,Async-FedDRL,3407,4,0.2579206468984998
High-straggler,Async-FedDRL,3407,5,0.26529503776994195
High-straggler,Async-FedDRL,3407,6,0.26954208335570456
High-straggler,Async-FedDRL,3407,7,0.25440085606305873
High-straggler,Async-FedDRL,3407,8,0.2687885770925336
High-straggler,Async-FedDRL,3407,9,0.2593286513181268
High-straggler,Async-FedDRL,3407,10,0.2605803995512881
High-straggler,Async-FedDRL,3407,11,0.2709691431756556
High-straggler,Async-FedDRL,3407,12,0.2729845501400674
High-straggler,Async-FedDRL,3407,13,0.26650148859867406
High-straggler,Async-FedDRL,3407,14,0.2632943942078622
High-straggler,Async-FedDRL,3407,15,0.2643202571681427
High-straggler,Async-FedDRL,3407,16,0.2612849019959583
High-straggler,Async-FedDRL,3407,17,0.2683643627778662
High-straggler,Async-FedDRL,3407,18,0.2592682606246845
High-straggler,Async-FedDRL,3407,19,0.26781344157539316
High-straggler,Async-FedDRL,3407,20,0.26508498524633867
High-straggler,Async-FedDRL,3407,21,0.267829090862343
High-straggler,Async-FedDRL,3407,22,0.26761723234514045
High-straggler,Async-FedDRL,3407,23,0.2636482304481589
High-straggler,Async-FedDRL,3407,24,0.2681808336523568
High-straggler,Async-FedDRL,3407,25,0.2690561414813622
High-straggler,Async-FedDRL,3407,26,0.2628237705106114
High-straggler,Async-FedDRL,3407,27,0.2727602522141868
High-straggler,Async-FedDRL,3407,28,0.2632030506953221
High-straggler,Async-FedDRL,3407,29,0.2702103390076258
High-straggler,Async-FedDRL,3407,30,0.26439965664480486
High-straggler,Async-FedDRL,3407,31,0.2678486086865605
High-straggler,Async-FedDRL,3407,32,0.26261779139664304
High-straggler,Async-FedDRL,3407,33,0.27776043855324734
High-straggler,Async-FedDRL,3407,34,0.2678640365189896
High-straggler,Async-FedDRL,3407,35,0.26403344390385086
High-straggler,Async-FedDRL,3407,36,0.2681118443262451
High-straggler,Async-FedDRL,3407,37,0.2657621350677797
High-straggler,Async-FedDRL,3407,38,0.26429618697969487
High-straggler,Async-FedDRL,3407,39,0.2612912309048367
High-straggler,Async-FedDRL,3407,40,0.274352863074604
High-straggler,Async-FedDRL,3407,41,0.26963963081894304
High-straggler,Async-FedDRL,3407,42,0.2614431841893528
High-straggler,Async-FedDRL,3407,43,0.2737958530900263
High-straggler,Async-FedDRL,3407,44,0.2691781251557353
High-straggler,Async-FedDRL,3407,45,0.26965424117767883
High-straggler,Async-FedDRL,3407,46,0.2633669479752007
High-straggler,Async-FedDRL,3407,47,0.2741244980561398
High-straggler,Async-FedDRL,3407,48,0.26894071651928597
High-straggler,Async-FedDRL,3407,49,0.26872803520536376
High-straggler,Async-FedDRL,3407,50,0.27700305024883776
High-straggler,Async-FedDRL,3407,51,0.2739496760049577
High-straggler,Async-FedDRL,3407,52,0.26974197810256056
High-straggler,Async-FedDRL,3407,53,0.27260893332868874
High-straggler,Async-FedDRL,3407,54,0.27328814119223166
High-straggler,Async-FedDRL,3407,55,0.27697444879731903
High-straggler,Async-FedDRL,3407,56,0.2740388789317186
High-straggler,Async-FedDRL,3407,57,0.2739603942997122
High-straggler,Async-FedDRL,3407,58,0.2641317753160317
High-straggler,Async-FedDRL,3407,59,0.2731571506454303
High-straggler,Async-FedDRL,3407,60,0.27367661343566535
High-straggler,Async-FedDRL,3407,61,0.27777465100885196
High-straggler,Async-FedDRL,3407,62,0.27793368504392685
High-straggler,Async-FedDRL,3407,63,0.2760540809405267
High-straggler,Async-FedDRL,3407,64,0.28060144977727325
High-straggler,Async-FedDRL,3407,65,0.2749399083063249
High-straggler,Async-FedDRL,3407,66,0.2673163409980517
High-straggler,Async-FedDRL,3407,67,0.27485298920645945
High-straggler,Async-FedDRL,3407,68,0.2780071139773509
High-straggler,Async-FedDRL,3407,69,0.2736504432125859
High-straggler,Async-FedDRL,3407,70,0.2781028062082274
High-straggler,Async-FedDRL,3407,71,0.28117408805295235
High-straggler,Async-FedDRL,3407,72,0.2721678366283589
High-straggler,Async-FedDRL,3407,73,0.27904233199362743
High-straggler,Async-FedDRL,3407,74,0.27319859172916644
High-straggler,Async-FedDRL,3407,75,0.27886495983961945
High-straggler,Async-FedDRL,3407,76,0.2690967984132209
High-straggler,Async-FedDRL,3407,77,0.279761905430548
High-straggler,Async-FedDRL,3407,78,0.28010066323025434
High-straggler,Async-FedDRL,3407,79,0.27802888936576564
High-straggler,Async-FedDRL,3407,80,0.2811107203209506
High-straggler,Async-FedDRL,3407,81,0.2776432367139913
High-straggler,Async-FedDRL,3407,82,0.2759031065608725
High-straggler,Async-FedDRL,3407,83,0.28085577417268726
High-straggler,Async-FedDRL,3407,84,0.2756125123011399
High-straggler,Async-FedDRL,3407,85,0.2793829557892489
High-straggler,Async-FedDRL,3407,86,0.2785779853950712
High-straggler,Async-FedDRL,3407,87,0.2847385989933026
High-straggler,Async-FedDRL,3407,88,0.28134125555952527
High-straggler,Async-FedDRL,3407,89,0.28049573234305863
High-straggler,Async-FedDRL,3407,90,0.2861175500140139
High-straggler,Async-FedDRL,3407,91,0.282389735615277
High-straggler,Async-FedDRL,3407,92,0.28342746370001487
High-straggler,Async-FedDRL,3407,93,0.2807354914822294
High-straggler,Async-FedDRL,3407,94,0.28938458835517117
High-straggler,Async-FedDRL,3407,95,0.2783107847803052
High-straggler,Async-FedDRL,3407,96,0.2929038222650128
High-straggler,Async-FedDRL,3407,97,0.2798910023771275
High-straggler,Async-FedDRL,3407,98,0.28624742770804856
High-straggler,Async-FedDRL,3407,99,0.28639114952048944
High-straggler,Async-FedDRL,3407,100,0.2789152088102188
High-straggler,Async-FedDRL,3407,101,0.28299941362853814
High-straggler,Async-FedDRL,3407,102,0.2926956530293059
High-straggler,Async-FedDRL,3407,103,0.28424061560021
High-straggler,Async-FedDRL,3407,104,0.2786478336687355
High-straggler,Async-FedDRL,3407,105,0.28759229761017685
High-straggler,Async-FedDRL,3407,106,0.29200827900374837
High-straggler,Async-FedDRL,3407,107,0.28874642296690234
High-straggler,Async-FedDRL,3407,108,0.2835662621988903
High-straggler,Async-FedDRL,3407,109,0.28338755089590756
High-straggler,Async-FedDRL,3407,110,0.29185425404900867
High-straggler,Async-FedDRL,3407,111,0.2860252017924025
High-straggler,Async-FedDRL,3407,112,0.28648774084587453
High-straggler,Async-FedDRL,3407,113,0.28350520277765917
High-straggler,Async-FedDRL,3407,114,0.2980269132951771
High-straggler,Async-FedDRL,3407,115,0.294550463539032
High-straggler,Async-FedDRL,3407,116,0.29545445661147507
High-straggler,Async-FedDRL,3407,117,0.30046622421168534
High-straggler,Async-FedDRL,3407,118,0.30185128229453173
High-straggler,Async-FedDRL,3407,119,0.288364304587504
High-straggler,Async-FedDRL,3407,120,0.2950238829075108
High-straggler,Async-FedDRL,3407,121,0.2974137461717421
High-straggler,Async-FedDRL,3407,122,0.2923412561305083
High-straggler,Async-FedDRL,3407,123,0.28988730019582604
High-straggler,Async-FedDRL,3407,124,0.2919598620533935
High-straggler,Async-FedDRL,3407,125,0.29520112133229204
High-straggler,Async-FedDRL,3407,126,0.29828058700115895
High-straggler,Async-FedDRL,3407,127,0.3005420244552156
High-straggler,Async-FedDRL,3407,128,0.28685833647171055
High-straggler,Async-FedDRL,3407,129,0.29340963099255873
High-straggler,Async-FedDRL,3407,130,0.29523296852806047
High-straggler,Async-FedDRL,3407,131,0.2839291634225766
High-straggler,Async-FedDRL,3407,132,0.2944505033429931
High-straggler,Async-FedDRL,3407,133,0.29772548534431215
High-straggler,Async-FedDRL,3407,134,0.3017009278927205
High-straggler,Async-FedDRL,3407,135,0.2990718234302801
High-straggler,Async-FedDRL,3407,136,0.2904479242233958
High-straggler,Async-FedDRL,3407,137,0.30283194592869894
High-straggler,Async-FedDRL,3407,138,0.2958478541980589
High-straggler,Async-FedDRL,3407,139,0.28704176841929835
High-straggler,Async-FedDRL,3407,140,0.2961757603092534
High-straggler,Async-FedDRL,3407,141,0.29767250362831565
High-straggler,Async-FedDRL,3407,142,0.3027317123870725
High-straggler,Async-FedDRL,3407,143,0.29567064450029046
High-straggler,Async-FedDRL,3407,144,0.30915725647155795
High-straggler,Async-FedDRL,3407,145,0.3030526479714396
High-straggler,Async-FedDRL,3407,146,0.299927230992231
High-straggler,Async-FedDRL,3407,147,0.30350876196135035
High-straggler,Async-FedDRL,3407,148,0.3037198266228856
High-straggler,Async-FedDRL,3407,149,0.30028917001435923
High-straggler,Async-FedDRL,3407,150,0.3055896760174106
High-straggler,Async-FedDRL,3407,151,0.2915287396322972
High-straggler,Async-FedDRL,3407,152,0.30102088073419564
High-straggler,Async-FedDRL,3407,153,0.30518380441058934
High-straggler,Async-FedDRL,3407,154,0.3017090710683257
High-straggler,Async-FedDRL,3407,155,0.30462237396416536
High-straggler,Async-FedDRL,3407,156,0.30631811037055107
High-straggler,Async-FedDRL,3407,157,0.31090883949724774
High-straggler,Async-FedDRL,3407,158,0.3012129190051949
High-straggler,Async-FedDRL,3407,159,0.3025429041991305
High-straggler,Async-FedDRL,3407,160,0.300062873901746
High-straggler,Async-FedDRL,3407,161,0.3024742441164335
High-straggler,Async-FedDRL,3407,162,0.30242503321801756
High-straggler,Async-FedDRL,3407,163,0.30352522674260507
High-straggler,Async-FedDRL,3407,164,0.306770845967456
High-straggler,Async-FedDRL,3407,165,0.3007685454115713
High-straggler,Async-FedDRL,3407,166,0.2996575866295819
High-straggler,Async-FedDRL,3407,167,0.30119719679039175
High-straggler,Async-FedDRL,3407,168,0.30036994302865694
High-straggler,Async-FedDRL,3407,169,0.30760859417078007
High-straggler,Async-FedDRL,3407,170,0.3005560505781588
High-straggler,Async-FedDRL,3407,171,0.30524657693606383
High-straggler,Async-FedDRL,3407,172,0.2950359551101401
High-straggler,Async-FedDRL,3407,173,0.3047072891520147
High-straggler,Async-FedDRL,3407,174,0.3040217019624381
High-straggler,Async-FedDRL,3407,175,0.3040232121838342
High-straggler,Async-FedDRL,3407,176,0.3127758048161505
High-straggler,Async-FedDRL,3407,177,0.3020159141185825
High-straggler,Async-FedDRL,3407,178,0.30469756578343377
High-straggler,Async-FedDRL,3407,179,0.29577395161876213
High-straggler,Async-FedDRL,3407,180,0.30600095437676966
High-straggler,Async-FedDRL,3407,181,0.3014998670341123
High-straggler,Async-FedDRL,3407,182,0.30891699493032665
High-straggler,Async-FedDRL,3407,183,0.3023827235393498
High-straggler,Async-FedDRL,3407,184,0.30047628032613966
High-straggler,Async-FedDRL,3407,185,0.30968496791239475
High-straggler,Async-FedDRL,3407,186,0.31190428424546324
High-straggler,Async-FedDRL,3407,187,0.31059774058508116
High-straggler,Async-FedDRL,3407,188,0.30151214116721436
High-straggler,Async-FedDRL,3407,189,0.30986463897222527
High-straggler,Async-FedDRL,3407,190,0.3089583549655841
High-straggler,Async-FedDRL,3407,191,0.308691864101242
High-straggler,Async-FedDRL,3407,192,0.3018653570881295
High-straggler,Async-FedDRL,3407,193,0.3079087636269314
High-straggler,Async-FedDRL,3407,194,0.30877616579961487
High-straggler,Async-FedDRL,3407,195,0.31038857362233563
High-straggler,Async-FedDRL,3407,196,0.30403859828486374
High-straggler,Async-FedDRL,3407,197,0.31025215141493323
High-straggler,Async-FedDRL,3407,198,0.3023871282998282
High-straggler,Async-FedDRL,3407,199,0.30038445541105635
High-straggler,Async-FedDRL,3407,200,0.30750487605147186
High-straggler,Async-FedDRL,3407,201,0.30464426714163856
High-straggler,Async-FedDRL,3407,202,0.30887521555138925
High-straggler,Async-FedDRL,3407,203,0.3084245027080754
High-straggler,Async-FedDRL,3407,204,0.30775658068987716
High-straggler,Async-FedDRL,3407,205,0.30293943292323144
High-straggler,Async-FedDRL,3407,206,0.3029051849330555
High-straggler,Async-FedDRL,3407,207,0.2990406697778609
High-straggler,Async-FedDRL,3407,208,0.3053662798042569
High-straggler,Async-FedDRL,3407,209,0.30221710441003213
High-straggler,Async-FedDRL,3407,210,0.30796534759656774
High-straggler,Async-FedDRL,3407,211,0.3117442367070972
High-straggler,Async-FedDRL,3407,212,0.3062376533002897
High-straggler,Async-FedDRL,3407,213,0.3151204015724636
High-straggler,Async-FedDRL,3407,214,0.30903081287818795
High-straggler,Async-FedDRL,3407,215,0.30451911260373643
High-straggler,Async-FedDRL,3407,216,0.31079918915991755
High-straggler,Async-FedDRL,3407,217,0.30790068626423883
High-straggler,Async-FedDRL,3407,218,0.30964741682807206
High-straggler,Async-FedDRL,3407,219,0.3021732478463117
High-straggler,Async-FedDRL,3407,220,0.31204624301098327
High-straggler,Async-FedDRL,3407,221,0.31097581653070927
High-straggler,Async-FedDRL,3407,222,0.3120415665491408
High-straggler,Async-FedDRL,3407,223,0.3006367684650523
High-straggler,Async-FedDRL,3407,224,0.3158132266202562
High-straggler,Async-FedDRL,3407,225,0.302820139413889
High-straggler,Async-FedDRL,3407,226,0.3110835953383857
High-straggler,Async-FedDRL,3407,227,0.30853856362158766
High-straggler,Async-FedDRL,3407,228,0.3124462132290878
High-straggler,Async-FedDRL,3407,229,0.30999330337662107
High-straggler,Async-FedDRL,3407,230,0.31016443661306925
High-straggler,Async-FedDRL,3407,231,0.3161410387299353
High-straggler,Async-FedDRL,3407,232,0.3083152041117373
High-straggler,Async-FedDRL,3407,233,0.3076003578201547
High-straggler,Async-FedDRL,3407,234,0.3066363869378172
High-straggler,Async-FedDRL,3407,235,0.31442047158499914
High-straggler,Async-FedDRL,3407,236,0.3067877013938014
High-straggler,Async-FedDRL,3407,237,0.31420190291403743
High-straggler,Async-FedDRL,3407,238,0.30869491876700056
High-straggler,Async-FedDRL,3407,239,0.3132110676887113
High-straggler,Async-FedDRL,3407,240,0.3075952564048168
High-straggler,Async-FedDRL,3407,241,0.30977150728875674
High-straggler,Async-FedDRL,3407,242,0.3199786192277125
High-straggler,Async-FedDRL,3407,243,0.31117279794993974
High-straggler,Async-FedDRL,3407,244,0.3157138547103266
High-straggler,Async-FedDRL,3407,245,0.30886555196188054
High-straggler,Async-FedDRL,3407,246,0.30988649344849173
High-straggler,Async-FedDRL,3407,247,0.30862457456430126
High-straggler,Async-FedDRL,3407,248,0.3130974600596943
High-straggler,Async-FedDRL,3407,249,0.31061537765156333
High-straggler,Async-FedDRL,3407,250,0.31974115012730703
High-straggler,Async-FedDRL,3407,251,0.30839050467318485
High-straggler,Async-FedDRL,3407,252,0.3189087979539099
High-straggler,Async-FedDRL,3407,253,0.3224289134721364
High-straggler,Async-FedDRL,3407,254,0.3171601580869106
High-straggler,Async-FedDRL,3407,255,0.31129664887667025
High-straggler,Async-FedDRL,3407,256,0.30652754492234996
High-straggler,Async-FedDRL,3407,257,0.3176003520228321
High-straggler,Async-FedDRL,3407,258,0.3206682702304777
High-straggler,Async-FedDRL,3407,259,0.3145368099771654
High-straggler,Async-FedDRL,3407,260,0.31138262125364863
High-straggler,Async-FedDRL,3407,261,0.31287012041910656
High-straggler,Async-FedDRL,3407,262,0.31446262208553416
High-straggler,Async-FedDRL,3407,263,0.31256794568167245
High-straggler,Async-FedDRL,3407,264,0.31725845832823607
High-straggler,Async-FedDRL,3407,265,0.3199766563647288
High-straggler,Async-FedDRL,3407,266,0.3147217503646141
High-straggler,Async-FedDRL,3407,267,0.310814935477982
High-straggler,Async-FedDRL,3407,268,0.30814632207911746
High-straggler,Async-FedDRL,3407,269,0.3113455819890247
High-straggler,Async-FedDRL,3407,270,0.3172046146440533
High-straggler,Async-FedDRL,3407,271,0.3281746520408751
High-straggler,Async-FedDRL,3407,272,0.31142165228404267
High-straggler,Async-FedDRL,3407,273,0.3068256805218755
High-straggler,Async-FedDRL,3407,274,0.3152828723945723
High-straggler,Async-FedDRL,3407,275,0.31090684507438043
High-straggler,Async-FedDRL,3407,276,0.30939898728494675
High-straggler,Async-FedDRL,3407,277,0.3152499155481986
High-straggler,Async-FedDRL,3407,278,0.3218060846960867
High-straggler,Async-FedDRL,3407,279,0.31869705298566464
High-straggler,Async-FedDRL,3407,280,0.30837478372743116
High-straggler,Async-FedDRL,3407,281,0.314743085485497
High-straggler,Async-FedDRL,3407,282,0.31751781131173745
High-straggler,Async-FedDRL,3407,283,0.31991940584249184
High-straggler,Async-FedDRL,3407,284,0.3205400335563428
High-straggler,Async-FedDRL,3407,285,0.3124187580129408
High-straggler,Async-FedDRL,3407,286,0.3214565970217725
High-straggler,Async-FedDRL,3407,287,0.3173882624817268
High-straggler,Async-FedDRL,3407,288,0.32106040900354127
High-straggler,Async-FedDRL,3407,289,0.30887780836574974
High-straggler,Async-FedDRL,3407,290,0.3120115352688692
High-straggler,Async-FedDRL,3407,291,0.3160700623965087
High-straggler,Async-FedDRL,3407,292,0.32021535043121596
High-straggler,Async-FedDRL,3407,293,0.31520659027801334
High-straggler,Async-FedDRL,3407,294,0.318595182502505
High-straggler,Async-FedDRL,3407,295,0.3127579698065806
High-straggler,Async-FedDRL,3407,296,0.31768918825574033
High-straggler,Async-FedDRL,3407,297,0.31417556191502777
High-straggler,Async-FedDRL,3407,298,0.31806619565010225
High-straggler,Async-FedDRL,3407,299,0.301823439329076
High-straggler,Async-FedDRL,3407,300,0.3125406873694816
High-straggler,Async-FedDRL,3407,301,0.32089020604517443
High-straggler,Async-FedDRL,3407,302,0.32041720057492185
High-straggler,Async-FedDRL,3407,303,0.31870549105482815
High-straggler,Async-FedDRL,3407,304,0.32137328802025633
High-straggler,Async-FedDRL,3407,305,0.3238655404203278
High-straggler,Async-FedDRL,3407,306,0.31858253507726975
High-straggler,Async-FedDRL,3407,307,0.3199663846619155
High-straggler,Async-FedDRL,3407,308,0.3175539778637509
High-straggler,Async-FedDRL,3407,309,0.32385476650005335
High-straggler,Async-FedDRL,3407,310,0.3236553468657134
High-straggler,Async-FedDRL,3407,311,0.31727806240116957
High-straggler,Async-FedDRL,3407,312,0.3122160920319015
High-straggler,Async-FedDRL,3407,313,0.31775424548994036
High-straggler,Async-FedDRL,3407,314,0.31801735195360464
High-straggler,Async-FedDRL,3407,315,0.3232715033055096
High-straggler,Async-FedDRL,3407,316,0.32385252850077656
High-straggler,Async-FedDRL,3407,317,0.3120594032569551
High-straggler,Async-FedDRL,3407,318,0.32207413806049534
High-straggler,Async-FedDRL,3407,319,0.315627383970903
High-straggler,Async-FedDRL,3407,320,0.3212852853016423
High-straggler,Async-FedDRL,3407,321,0.31934286915702575
High-straggler,Async-FedDRL,3407,322,0.32676647586148405
High-straggler,Async-FedDRL,3407,323,0.3232424737696954
High-straggler,Async-FedDRL,3407,324,0.3084265571939445
High-straggler,Async-FedDRL,3407,325,0.3210052091870926
High-straggler,Async-FedDRL,3407,326,0.3140998344311788
High-straggler,Async-FedDRL,3407,327,0.32415040652796856
High-straggler,Async-FedDRL,3407,328,0.3201677613842602
High-straggler,Async-FedDRL,3407,329,0.32335268566786435
High-straggler,Async-FedDRL,3407,330,0.32356034757570673
High-straggler,Async-FedDRL,3407,331,0.3239290129198134
High-straggler,Async-FedDRL,3407,332,0.3197442296772407
High-straggler,Async-FedDRL,3407,333,0.3239703834988861
High-straggler,Async-FedDRL,3407,334,0.32017980898660264
High-straggler,Async-FedDRL,3407,335,0.32723492614500355
High-straggler,Async-FedDRL,3407,336,0.32571410248348703
High-straggler,Async-FedDRL,3407,337,0.3181408568022284
High-straggler,Async-FedDRL,3407,338,0.32282110907101436
High-straggler,Async-FedDRL,3407,339,0.3267690881574772
High-straggler,Async-FedDRL,3407,340,0.3169807007683412
High-straggler,Async-FedDRL,3407,341,0.3219628401652146
High-straggler,Async-FedDRL,3407,342,0.32174038312995545
High-straggler,Async-FedDRL,3407,343,0.3080338547293128
High-straggler,Async-FedDRL,3407,344,0.3207178950396987
High-straggler,Async-FedDRL,3407,345,0.32825845622884875
High-straggler,Async-FedDRL,3407,346,0.3236496689153395
High-straggler,Async-FedDRL,3407,347,0.3166449225794053
High-straggler,Async-FedDRL,3407,348,0.3265922122737677
High-straggler,Async-FedDRL,3407,349,0.31877535176404104
High-straggler,Async-FedDRL,3407,350,0.3171153104777456
High-straggler,Async-FedDRL,3407,351,0.3151944753268584
High-straggler,Async-FedDRL,3407,352,0.32242988658916466
High-straggler,Async-FedDRL,3407,353,0.324628156960188
High-straggler,Async-FedDRL,3407,354,0.32112550363586173
High-straggler,Async-FedDRL,3407,355,0.32107957841302426
High-straggler,Async-FedDRL,3407,356,0.32159722253126904
High-straggler,Async-FedDRL,3407,357,0.32837179604649613
High-straggler,Async-FedDRL,3407,358,0.3156623993868346
High-straggler,Async-FedDRL,3407,359,0.3069702712062339
High-straggler,Async-FedDRL,3407,360,0.32561362970029856
High-straggler,Async-FedDRL,3407,361,0.3243959202095649
High-straggler,Async-FedDRL,3407,362,0.31263207416766964
High-straggler,Async-FedDRL,3407,363,0.3224928769720574
High-straggler,Async-FedDRL,3407,364,0.3315505985956901
High-straggler,Async-FedDRL,3407,365,0.3256152139917391
High-straggler,Async-FedDRL,3407,366,0.33315028727932
High-straggler,Async-FedDRL,3407,367,0.3284425497187456
High-straggler,Async-FedDRL,3407,368,0.31735227355706025
High-straggler,Async-FedDRL,3407,369,0.3199116489456052
High-straggler,Async-FedDRL,3407,370,0.3223440660253568
High-straggler,Async-FedDRL,3407,371,0.32473188696693184
High-straggler,Async-FedDRL,3407,372,0.3180654075020313
High-straggler,Async-FedDRL,3407,373,0.32487709770633116
High-straggler,Async-FedDRL,3407,374,0.3172300615771303
High-straggler,Async-FedDRL,3407,375,0.33460494153393383
High-straggler,Async-FedDRL,3407,376,0.3182719302827025
High-straggler,Async-FedDRL,3407,377,0.32198988191451716
High-straggler,Async-FedDRL,3407,378,0.3196143360694244
High-straggler,Async-FedDRL,3407,379,0.31641136699912253
High-straggler,Async-FedDRL,3407,380,0.3133458151947521
High-straggler,Async-FedDRL,3407,381,0.3227981019624081
High-straggler,Async-FedDRL,3407,382,0.3202899443819158
High-straggler,Async-FedDRL,3407,383,0.324235429789837
High-straggler,Async-FedDRL,3407,384,0.3218496700716199
High-straggler,Async-FedDRL,3407,385,0.3233028877972931
High-straggler,Async-FedDRL,3407,386,0.3245082572542032
High-straggler,Async-FedDRL,3407,387,0.322763635140069
High-straggler,Async-FedDRL,3407,388,0.3172241385736644
High-straggler,Async-FedDRL,3407,389,0.3165626249734275
High-straggler,Async-FedDRL,3407,390,0.32738904179960726
High-straggler,Async-FedDRL,3407,391,0.31675639111712894
High-straggler,Async-FedDRL,3407,392,0.3258101729805194
High-straggler,Async-FedDRL,3407,393,0.3171633297952393
High-straggler,Async-FedDRL,3407,394,0.31859516806556326
High-straggler,Async-FedDRL,3407,395,0.32502582342161634
High-straggler,Async-FedDRL,3407,396,0.3197942596008655
High-straggler,Async-FedDRL,3407,397,0.31954604082310206
High-straggler,Async-FedDRL,3407,398,0.3239102788453896
High-straggler,Async-FedDRL,3407,399,0.32585490031860775
High-straggler,Async-FedDRL,3407,400,0.32786731877895897
High-straggler,Async-FedDRL,4518,1,0.25508204550509533
High-straggler,Async-FedDRL,4518,2,0.25964350690230886
High-straggler,Async-FedDRL,4518,3,0.2575979713591215
High-straggler,Async-FedDRL,4518,4,0.26570106791527387
High-straggler,Async-FedDRL,4518,5,0.2604257133155774
High-straggler,Async-FedDRL,4518,6,0.24931414683084135
High-straggler,Async-FedDRL,4518,7,0.26609113784519434
High-straggler,Async-FedDRL,4518,8,0.2596805780891773
High-straggler,Async-FedDRL,4518,9,0.2553495493635547
High-straggler,Async-FedDRL,4518,10,0.2595348587011309
High-straggler,Async-FedDRL,4518,11,0.26383733800150777
High-straggler,Async-FedDRL,4518,12,0.2539705062783794
High-straggler,Async-FedDRL,4518,13,0.25978484742344576
High-straggler,Async-FedDRL,4518,14,0.26455398930206014
High-straggler,Async-FedDRL,4518,15,0.2650114606189159
High-straggler,Async-FedDRL,4518,16,0.25641243009966763
High-straggler,Async-FedDRL,4518,17,0.25828054252825106
High-straggler,Async-FedDRL,4518,18,0.26104635879207067
High-straggler,Async-FedDRL,4518,19,0.26201996040004233
High-straggler,Async-FedDRL,4518,20,0.2505051426673671
High-straggler,Async-FedDRL,4518,21,0.2632859399879848
High-straggler,Async-FedDRL,4518,22,0.2628212828295833
High-straggler,Async-FedDRL,4518,23,0.262372503822605
High-straggler,Async-FedDRL,4518,24,0.2602421455506263
High-straggler,Async-FedDRL,4518,25,0.25759882042425725
High-straggler,Async-FedDRL,4518,26,0.266661070549547
High-straggler,Async-FedDRL,4518,27,0.2579782196937907
High-straggler,Async-FedDRL,4518,28,0.2631778003461281
High-straggler,Async-FedDRL,4518,29,0.26024219159103085
High-straggler,Async-FedDRL,4518,30,0.25924505299214595
High-straggler,Async-FedDRL,4518,31,0.2555799966084374
High-straggler,Async-FedDRL,4518,32,0.26088188472751767
High-straggler,Async-FedDRL,4518,33,0.26525968277209394
High-straggler,Async-FedDRL,4518,34,0.2671800515673046
High-straggler,Async-FedDRL,4518,35,0.25182455379957563
High-straggler,Async-FedDRL,4518,36,0.2602376381865557
High-straggler,Async-FedDRL,4518,37,0.26386461269791633
High-straggler,Async-FedDRL,4518,38,0.2651846625832898
High-straggler,Async-FedDRL,4518,39,0.26527046530228565
High-straggler,Async-FedDRL,4518,40,0.26417750474053125
High-straggler,Async-FedDRL,4518,41,0.26290090456135723
High-straggler,Async-FedDRL,4518,42,0.2595251534247766
High-straggler,Async-FedDRL,4518,43,0.2684527509507743
High-straggler,Async-FedDRL,4518,44,0.2644553558250834
High-straggler,Async-FedDRL,4518,45,0.2625420496261035
High-straggler,Async-FedDRL,4518,46,0.27108231651088227
High-straggler,Async-FedDRL,4518,47,0.2665976232500742
High-straggler,Async-FedDRL,4518,48,0.25917078819532263
High-straggler,Async-FedDRL,4518,49,0.26563874424606343
High-straggler,Async-FedDRL,4518,50,0.2692059793452162
High-straggler,Async-FedDRL,4518,51,0.27196795315971833
High-straggler,Async-FedDRL,4518,52,0.25688962549519556
High-straggler,Async-FedDRL,4518,53,0.26728567673549797
High-straggler,Async-FedDRL,4518,54,0.2693286369479232
High-straggler,Async-FedDRL,4518,55,0.2635649773983746
High-straggler,Async-FedDRL,4518,56,0.2689660235570934
High-straggler,Async-FedDRL,4518,57,0.26563123865074906
High-straggler,Async-FedDRL,4518,58,0.26113857015992514
High-straggler,Async-FedDRL,4518,59,0.2687838977189665
High-straggler,Async-FedDRL,4518,60,0.2630600067224014
High-straggler,Async-FedDRL,4518,61,0.2676159471547571
High-straggler,Async-FedDRL,4518,62,0.27320337122444793
High-straggler,Async-FedDRL,4518,63,0.2731872325146052
High-straggler,Async-FedDRL,4518,64,0.26790343603236144
High-straggler,Async-FedDRL,4518,65,0.2763271336996753
High-straggler,Async-FedDRL,4518,66,0.2713291448123876
High-straggler,Async-FedDRL,4518,67,0.27820901691443933
High-straggler,Async-FedDRL,4518,68,0.2671218939568759
High-straggler,Async-FedDRL,4518,69,0.2745795095530435
High-straggler,Async-FedDRL,4518,70,0.2756634008298464
High-straggler,Async-FedDRL,4518,71,0.2722759048222666
High-straggler,Async-FedDRL,4518,72,0.27878041607199533
High-straggler,Async-FedDRL,4518,73,0.27186034230523864
High-straggler,Async-FedDRL,4518,74,0.2743339706415915
High-straggler,Async-FedDRL,4518,75,0.27621333294757755
High-straggler,Async-FedDRL,4518,76,0.2665906385245634
High-straggler,Async-FedDRL,4518,77,0.26997781484486627
High-straggler,Async-FedDRL,4518,78,0.27267610282635835
High-straggler,Async-FedDRL,4518,79,0.2785667418470843
High-straggler,Async-FedDRL,4518,80,0.2796675019429766
High-straggler,Async-FedDRL,4518,81,0.28112322918686306
High-straggler,Async-FedDRL,4518,82,0.282004998084948
High-straggler,Async-FedDRL,4518,83,0.2829500846260826
High-straggler,Async-FedDRL,4518,84,0.28508961281598544
High-straggler,Async-FedDRL,4518,85,0.28781020315668243
High-straggler,Async-FedDRL,4518,86,0.27149278790890796
High-straggler,Async-FedDRL,4518,87,0.2862268685305348
High-straggler,Async-FedDRL,4518,88,0.28341571672836974
High-straggler,Async-FedDRL,4518,89,0.27378104869608605
High-straggler,Async-FedDRL,4518,90,0.290432379983637
High-straggler,Async-FedDRL,4518,91,0.2829535939798126
High-straggler,Async-FedDRL,4518,92,0.28122956899362
High-straggler,Async-FedDRL,4518,93,0.28313734392289164
High-straggler,Async-FedDRL,4518,94,0.2868967229039105
High-straggler,Async-FedDRL,4518,95,0.288676626773675
High-straggler,Async-FedDRL,4518,96,0.28441332179273027
High-straggler,Async-FedDRL,4518,97,0.2892955481630384
High-straggler,Async-FedDRL,4518,98,0.2817247902802002
High-straggler,Async-FedDRL,4518,99,0.2906216544925645
High-straggler,Async-FedDRL,4518,100,0.2847990271846049
High-straggler,Async-FedDRL,4518,101,0.29081418825911565
High-straggler,Async-FedDRL,4518,102,0.2815123042031725
High-straggler,Async-FedDRL,4518,103,0.28703609053481194
High-straggler,Async-FedDRL,4518,104,0.2921920421732372
High-straggler,Async-FedDRL,4518,105,0.2881065014008604
High-straggler,Async-FedDRL,4518,106,0.28997440487966747
High-straggler,Async-FedDRL,4518,107,0.281804837552696
High-straggler,Async-FedDRL,4518,108,0.29006779037529296
High-straggler,Async-FedDRL,4518,109,0.29212713691266906
High-straggler,Async-FedDRL,4518,110,0.2890071598428598
High-straggler,Async-FedDRL,4518,111,0.2884508643823572
High-straggler,Async-FedDRL,4518,112,0.28530472519063377
High-straggler,Async-FedDRL,4518,113,0.2905552276733597
High-straggler,Async-FedDRL,4518,114,0.2879619287210453
High-straggler,Async-FedDRL,4518,115,0.2894304647564392
High-straggler,Async-FedDRL,4518,116,0.29509789020946586
High-straggler,Async-FedDRL,4518,117,0.29346859307454576
High-straggler,Async-FedDRL,4518,118,0.29664051950347503
High-straggler,Async-FedDRL,4518,119,0.29444927854721176
High-straggler,Async-FedDRL,4518,120,0.3025051050628273
High-straggler,Async-FedDRL,4518,121,0.29503417569432633
High-straggler,Async-FedDRL,4518,122,0.2984273597762114
High-straggler,Async-FedDRL,4518,123,0.2997429653495063
High-straggler,Async-FedDRL,4518,124,0.3016346580920185
High-straggler,Async-FedDRL,4518,125,0.29388690935858985
High-straggler,Async-FedDRL,4518,126,0.2981723813728335
High-straggler,Async-FedDRL,4518,127,0.29839932701900923
High-straggler,Async-FedDRL,4518,128,0.2941569676128037
High-straggler,Async-FedDRL,4518,129,0.30423160970295654
High-straggler,Async-FedDRL,4518,130,0.3015696196275808
High-straggler,Async-FedDRL,4518,131,0.30352797501865464
High-straggler,Async-FedDRL,4518,132,0.3061793235179327
High-straggler,Async-FedDRL,4518,133,0.3022416082548434
High-straggler,Async-FedDRL,4518,134,0.30068450413420744
High-straggler,Async-FedDRL,4518,135,0.30115298124496553
High-straggler,Async-FedDRL,4518,136,0.3091531788130892
High-straggler,Async-FedDRL,4518,137,0.30206460547263897
High-straggler,Async-FedDRL,4518,138,0.31138130252152063
High-straggler,Async-FedDRL,4518,139,0.30070795236737785
High-straggler,Async-FedDRL,4518,140,0.3026079928768536
High-straggler,Async-FedDRL,4518,141,0.30228424098410006
High-straggler,Async-FedDRL,4518,142,0.30162230659786027
High-straggler,Async-FedDRL,4518,143,0.29790953114251967
High-straggler,Async-FedDRL,4518,144,0.30949927805349187
High-straggler,Async-FedDRL,4518,145,0.30285178946212454
High-straggler,Async-FedDRL,4518,146,0.30804339058708385
High-straggler,Async-FedDRL,4518,147,0.3097941664397641
High-straggler,Async-FedDRL,4518,148,0.30804088905648985
High-straggler,Async-FedDRL,4518,149,0.30635241876739466
High-straggler,Async-FedDRL,4518,150,0.3139107142607553
High-straggler,Async-FedDRL,4518,151,0.29921303855985515
High-straggler,Async-FedDRL,4518,152,0.30915693195415633
High-straggler,Async-FedDRL,4518,153,0.30948432070205695
High-straggler,Async-FedDRL,4518,154,0.3180238606829895
High-straggler,Async-FedDRL,4518,155,0.30431239882290406
High-straggler,Async-FedDRL,4518,156,0.3182822699983458
High-straggler,Async-FedDRL,4518,157,0.31166223745297844
High-straggler,Async-FedDRL,4518,158,0.31066490169256844
High-straggler,Async-FedDRL,4518,159,0.3140112283494541
High-straggler,Async-FedDRL,4518,160,0.30880691540706295
High-straggler,Async-FedDRL,4518,161,0.3120684753072565
High-straggler,Async-FedDRL,4518,162,0.31558109102327625
High-straggler,Async-FedDRL,4518,163,0.30437355310087927
High-straggler,Async-FedDRL,4518,164,0.3133720264621273
High-straggler,Async-FedDRL,4518,165,0.3073123419275042
High-straggler,Async-FedDRL,4518,166,0.3136623505923264
High-straggler,Async-FedDRL,4518,167,0.3108728990948068
High-straggler,Async-FedDRL,4518,168,0.3141309369270218
High-straggler,Async-FedDRL,4518,169,0.3156961515881883
High-straggler,Async-FedDRL,4518,170,0.3190715605266599
High-straggler,Async-FedDRL,4518,171,0.3065294117333499
High-straggler,Async-FedDRL,4518,172,0.3089510902202138
High-straggler,Async-FedDRL,4518,173,0.31413539896057885
High-straggler,Async-FedDRL,4518,174,0.31343859727694484
High-straggler,Async-FedDRL,4518,175,0.31198192901194055
High-straggler,Async-FedDRL,4518,176,0.3053436002569196
High-straggler,Async-FedDRL,4518,177,0.3189476092871716
High-straggler,Async-FedDRL,4518,178,0.3210116278297427
High-straggler,Async-FedDRL,4518,179,0.3123375516039491
High-straggler,Async-FedDRL,4518,180,0.30695783246866176
High-straggler,Async-FedDRL,4518,181,0.3198118941398834
High-straggler,Async-FedDRL,4518,182,0.31036296980443756
High-straggler,Async-FedDRL,4518,183,0.3079591014495488
High-straggler,Async-FedDRL,4518,184,0.3173566448089701
High-straggler,Async-FedDRL,4518,185,0.31709647823623516
High-straggler,Async-FedDRL,4518,186,0.3215660779888543
High-straggler,Async-FedDRL,4518,187,0.31085669018986284
High-straggler,Async-FedDRL,4518,188,0.3157530450344399
High-straggler,Async-FedDRL,4518,189,0.3156661050426922
High-straggler,Async-FedDRL,4518,190,0.3160299897695202
High-straggler,Async-FedDRL,4518,191,0.32332970506710695
High-straggler,Async-FedDRL,4518,192,0.3226785182434701
High-straggler,Async-FedDRL,4518,193,0.3127454120328449
High-straggler,Async-FedDRL,4518,194,0.3196004997578614
High-straggler,Async-FedDRL,4518,195,0.3119714062181428
High-straggler,Async-FedDRL,4518,196,0.3193035974094805
High-straggler,Async-FedDRL,4518,197,0.3166972260319361
High-straggler,Async-FedDRL,4518,198,0.3258094907974471
High-straggler,Async-FedDRL,4518,199,0.3189822355208166
High-straggler,Async-FedDRL,4518,200,0.31660107607045485
High-straggler,Async-FedDRL,4518,201,0.32276239337343193
High-straggler,Async-FedDRL,4518,202,0.3189919651815898
High-straggler,Async-FedDRL,4518,203,0.3133387133927817
High-straggler,Async-FedDRL,4518,204,0.31857957880912674
High-straggler,Async-FedDRL,4518,205,0.3173490641089611
High-straggler,Async-FedDRL,4518,206,0.3183938548439891
High-straggler,Async-FedDRL,4518,207,0.31945426523532655
High-straggler,Async-FedDRL,4518,208,0.324828872698662
High-straggler,Async-FedDRL,4518,209,0.3218455873065884
High-straggler,Async-FedDRL,4518,210,0.3184037639566985
High-straggler,Async-FedDRL,4518,211,0.32307417608078437
High-straggler,Async-FedDRL,4518,212,0.3217581398675157
High-straggler,Async-FedDRL,4518,213,0.3118097681693576
High-straggler,Async-FedDRL,4518,214,0.30851680754082783
High-straggler,Async-FedDRL,4518,215,0.3268030956397779
High-straggler,Async-FedDRL,4518,216,0.32067333127201514
High-straggler,Async-FedDRL,4518,217,0.3235039358833686
High-straggler,Async-FedDRL,4518,218,0.3237364586718187
High-straggler,Async-FedDRL,4518,219,0.31829832302630234
High-straggler,Async-FedDRL,4518,220,0.3220808909269341
High-straggler,Async-FedDRL,4518,221,0.3214965746782756
High-straggler,Async-FedDRL,4518,222,0.3307955888321619
High-straggler,Async-FedDRL,4518,223,0.31784508566286607
High-straggler,Async-FedDRL,4518,224,0.325000577345265
High-straggler,Async-FedDRL,4518,225,0.3191688639598433
High-straggler,Async-FedDRL,4518,226,0.3186574647364856
High-straggler,Async-FedDRL,4518,227,0.3258522560224611
High-straggler,Async-FedDRL,4518,228,0.31356635839052976
High-straggler,Async-FedDRL,4518,229,0.3269510308967038
High-straggler,Async-FedDRL,4518,230,0.32247825099275484
High-straggler,Async-FedDRL,4518,231,0.32485469850398624
High-straggler,Async-FedDRL,4518,232,0.3153977756505738
High-straggler,Async-FedDRL,4518,233,0.32534082015461296
High-straggler,Async-FedDRL,4518,234,0.32447022610762494
High-straggler,Async-FedDRL,4518,235,0.3183613063733034
High-straggler,Async-FedDRL,4518,236,0.31112920406408456
High-straggler,Async-FedDRL,4518,237,0.32770568987388293
High-straggler,Async-FedDRL,4518,238,0.3170255549905096
High-straggler,Async-FedDRL,4518,239,0.3131489849286784
High-straggler,Async-FedDRL,4518,240,0.33329958247060565
High-straggler,Async-FedDRL,4518,241,0.3272255049283018
High-straggler,Async-FedDRL,4518,242,0.3215561011146818
High-straggler,Async-FedDRL,4518,243,0.3282353874014841
High-straggler,Async-FedDRL,4518,244,0.32207773381549365
High-straggler,Async-FedDRL,4518,245,0.32463667225442294
High-straggler,Async-FedDRL,4518,246,0.3212289076729495
High-straggler,Async-FedDRL,4518,247,0.3272448667292297
High-straggler,Async-FedDRL,4518,248,0.31834697030604664
High-straggler,Async-FedDRL,4518,249,0.32968827507836396
High-straggler,Async-FedDRL,4518,250,0.32491208169662666
High-straggler,Async-FedDRL,4518,251,0.31939542362780005
High-straggler,Async-FedDRL,4518,252,0.32468538053900203
High-straggler,Async-FedDRL,4518,253,0.32364602751070026
High-straggler,Async-FedDRL,4518,254,0.321048947436587
High-straggler,Async-FedDRL,4518,255,0.3235016020862735
High-straggler,Async-FedDRL,4518,256,0.32138052078168494
High-straggler,Async-FedDRL,4518,257,0.32427161430542334
High-straggler,Async-FedDRL,4518,258,0.3283104056888409
High-straggler,Async-FedDRL,4518,259,0.3259235471312313
High-straggler,Async-FedDRL,4518,260,0.319274958620562
High-straggler,Async-FedDRL,4518,261,0.3189359053545578
High-straggler,Async-FedDRL,4518,262,0.33069372241546
High-straggler,Async-FedDRL,4518,263,0.32062210427957993
High-straggler,Async-FedDRL,4518,264,0.33271256759493756
High-straggler,Async-FedDRL,4518,265,0.3216767627979492
High-straggler,Async-FedDRL,4518,266,0.32336764101142895
High-straggler,Async-FedDRL,4518,267,0.3213597429850676
High-straggler,Async-FedDRL,4518,268,0.32226453369134184
High-straggler,Async-FedDRL,4518,269,0.33395323545691324
High-straggler,Async-FedDRL,4518,270,0.32863931223158827
High-straggler,Async-FedDRL,4518,271,0.32469815947601444
High-straggler,Async-FedDRL,4518,272,0.3234895157614571
High-straggler,Async-FedDRL,4518,273,0.3217721660247323
High-straggler,Async-FedDRL,4518,274,0.33079692985244014
High-straggler,Async-FedDRL,4518,275,0.3335015193508194
High-straggler,Async-FedDRL,4518,276,0.32750047632053303
High-straggler,Async-FedDRL,4518,277,0.319694531128476
High-straggler,Async-FedDRL,4518,278,0.3355996504079311
High-straggler,Async-FedDRL,4518,279,0.32575243496287193
High-straggler,Async-FedDRL,4518,280,0.3294552937469376
High-straggler,Async-FedDRL,4518,281,0.3261525279746114
High-straggler,Async-FedDRL,4518,282,0.3376352601427576
High-straggler,Async-FedDRL,4518,283,0.3172893319932155
High-straggler,Async-FedDRL,4518,284,0.32285454582248163
High-straggler,Async-FedDRL,4518,285,0.317766700600306
High-straggler,Async-FedDRL,4518,286,0.31328580931216365
High-straggler,Async-FedDRL,4518,287,0.31824239248922015
High-straggler,Async-FedDRL,4518,288,0.3326658142937706
High-straggler,Async-FedDRL,4518,289,0.32113628433301644
High-straggler,Async-FedDRL,4518,290,0.3276135591904227
High-straggler,Async-FedDRL,4518,291,0.3170858996557689
High-straggler,Async-FedDRL,4518,292,0.32437807794484375
High-straggler,Async-FedDRL,4518,293,0.32285101772346814
High-straggler,Async-FedDRL,4518,294,0.33180656450781576
High-straggler,Async-FedDRL,4518,295,0.32626568342271306
High-straggler,Async-FedDRL,4518,296,0.32435176992702
High-straggler,Async-FedDRL,4518,297,0.33236579070120364
High-straggler,Async-FedDRL,4518,298,0.3156898341575078
High-straggler,Async-FedDRL,4518,299,0.3205704790667561
High-straggler,Async-FedDRL,4518,300,0.3329301709694835
High-straggler,Async-FedDRL,4518,301,0.3197771324917203
High-straggler,Async-FedDRL,4518,302,0.3337739300227194
High-straggler,Async-FedDRL,4518,303,0.3232951176634763
High-straggler,Async-FedDRL,4518,304,0.32407020730997305
High-straggler,Async-FedDRL,4518,305,0.31811171551696854
High-straggler,Async-FedDRL,4518,306,0.32426139492799827
High-straggler,Async-FedDRL,4518,307,0.31858061088898093
High-straggler,Async-FedDRL,4518,308,0.3214380533261396
High-straggler,Async-FedDRL,4518,309,0.32603751640849393
High-straggler,Async-FedDRL,4518,310,0.32559022519294606
High-straggler,Async-FedDRL,4518,311,0.3253158658256991
High-straggler,Async-FedDRL,4518,312,0.3236014138065591
High-straggler,Async-FedDRL,4518,313,0.32927476526288707
High-straggler,Async-FedDRL,4518,314,0.32106860343608934
High-straggler,Async-FedDRL,4518,315,0.32697959900345813
High-straggler,Async-FedDRL,4518,316,0.3306653925865005
High-straggler,Async-FedDRL,4518,317,0.3174754731580267
High-straggler,Async-FedDRL,4518,318,0.32882010609864615
High-straggler,Async-FedDRL,4518,319,0.32804200076572904
High-straggler,Async-FedDRL,4518,320,0.32222375933224234
High-straggler,Async-FedDRL,4518,321,0.32439158006766483
High-straggler,Async-FedDRL,4518,322,0.328546407068911
High-straggler,Async-FedDRL,4518,323,0.3161245186556239
High-straggler,Async-FedDRL,4518,324,0.3258365641161193
High-straggler,Async-FedDRL,4518,325,0.3291195181408142
High-straggler,Async-FedDRL,4518,326,0.3232621498872613
High-straggler,Async-FedDRL,4518,327,0.30966683572200043
High-straggler,Async-FedDRL,4518,328,0.3199164703636815
High-straggler,Async-FedDRL,4518,329,0.32742578813235856
High-straggler,Async-FedDRL,4518,330,0.33232787146502163
High-straggler,Async-FedDRL,4518,331,0.32604406277413206
High-straggler,Async-FedDRL,4518,332,0.32580190459728453
High-straggler,Async-FedDRL,4518,333,0.3264735699161258
High-straggler,Async-FedDRL,4518,334,0.32294589892424996
High-straggler,Async-FedDRL,4518,335,0.330978016837803
High-straggler,Async-FedDRL,4518,336,0.32270180221261113
High-straggler,Async-FedDRL,4518,337,0.3253199934970985
High-straggler,Async-FedDRL,4518,338,0.32923308046205646
High-straggler,Async-FedDRL,4518,339,0.33051123294507795
High-straggler,Async-FedDRL,4518,340,0.326416922104038
High-straggler,Async-FedDRL,4518,341,0.32322041106127586
High-straggler,Async-FedDRL,4518,342,0.3172610090575174
High-straggler,Async-FedDRL,4518,343,0.3272136869101329
High-straggler,Async-FedDRL,4518,344,0.32746696812887477
High-straggler,Async-FedDRL,4518,345,0.32039759902544396
High-straggler,Async-FedDRL,4518,346,0.32222982691726343
High-straggler,Async-FedDRL,4518,347,0.32812734126318116
High-straggler,Async-FedDRL,4518,348,0.32713067765098547
High-straggler,Async-FedDRL,4518,349,0.33122951276721435
High-straggler,Async-FedDRL,4518,350,0.32869478534189783
High-straggler,Async-FedDRL,4518,351,0.32442040828935037
High-straggler,Async-FedDRL,4518,352,0.32288857613873506
High-straggler,Async-FedDRL,4518,353,0.31720131186833367
High-straggler,Async-FedDRL,4518,354,0.33195820730943887
High-straggler,Async-FedDRL,4518,355,0.32327695836846404
High-straggler,Async-FedDRL,4518,356,0.32767115475256664
High-straggler,Async-FedDRL,4518,357,0.3246389235175311
High-straggler,Async-FedDRL,4518,358,0.33064987521564965
High-straggler,Async-FedDRL,4518,359,0.3243336215055869
High-straggler,Async-FedDRL,4518,360,0.328587211012109
High-straggler,Async-FedDRL,4518,361,0.31995020167040067
High-straggler,Async-FedDRL,4518,362,0.33299708736638034
High-straggler,Async-FedDRL,4518,363,0.32459286174908575
High-straggler,Async-FedDRL,4518,364,0.32115351705532663
High-straggler,Async-FedDRL,4518,365,0.32449289666289993
High-straggler,Async-FedDRL,4518,366,0.32907298564175347
High-straggler,Async-FedDRL,4518,367,0.32396424505946836
High-straggler,Async-FedDRL,4518,368,0.32922749646402416
High-straggler,Async-FedDRL,4518,369,0.33594594551953777
High-straggler,Async-FedDRL,4518,370,0.3365480582586888
High-straggler,Async-FedDRL,4518,371,0.3161784953995742
High-straggler,Async-FedDRL,4518,372,0.3325110481027895
High-straggler,Async-FedDRL,4518,373,0.31946085626813353
High-straggler,Async-FedDRL,4518,374,0.3284785154015515
High-straggler,Async-FedDRL,4518,375,0.33257530324407697
High-straggler,Async-FedDRL,4518,376,0.3239949502758916
High-straggler,Async-FedDRL,4518,377,0.3239893421753267
High-straggler,Async-FedDRL,4518,378,0.336431730850213
High-straggler,Async-FedDRL,4518,379,0.3233262463375257
High-straggler,Async-FedDRL,4518,380,0.33281930417631694
High-straggler,Async-FedDRL,4518,381,0.326767858205704
High-straggler,Async-FedDRL,4518,382,0.32675955112539434
High-straggler,Async-FedDRL,4518,383,0.3366343505863873
High-straggler,Async-FedDRL,4518,384,0.32161965459626435
High-straggler,Async-FedDRL,4518,385,0.3358829718472626
High-straggler,Async-FedDRL,4518,386,0.32627746799974366
High-straggler,Async-FedDRL,4518,387,0.32337885978384495
High-straggler,Async-FedDRL,4518,388,0.3252968994763653
High-straggler,Async-FedDRL,4518,389,0.33119267688399245
High-straggler,Async-FedDRL,4518,390,0.3189753784367939
High-straggler,Async-FedDRL,4518,391,0.3235943954237842
High-straggler,Async-FedDRL,4518,392,0.324292888465568
High-straggler,Async-FedDRL,4518,393,0.3260796365730864
High-straggler,Async-FedDRL,4518,394,0.32644508826607443
High-straggler,Async-FedDRL,4518,395,0.3267692330750948
High-straggler,Async-FedDRL,4518,396,0.32219960945745185
High-straggler,Async-FedDRL,4518,397,0.322742487621455
High-straggler,Async-FedDRL,4518,398,0.3268522105188118
High-straggler,Async-FedDRL,4518,399,0.3254629237148148
High-straggler,Async-FedDRL,4518,400,0.3283300287954701
High-straggler,Async-FedDRL,5629,1,0.26948714542830315
High-straggler,Async-FedDRL,5629,2,0.26256100661365467
High-straggler,Async-FedDRL,5629,3,0.2564257270000239
High-straggler,Async-FedDRL,5629,4,0.265180995767044
High-straggler,Async-FedDRL,5629,5,0.2575760853280877
High-straggler,Async-FedDRL,5629,6,0.26477754598584496
High-straggler,Async-FedDRL,5629,7,0.26293266550164474
High-straggler,Async-FedDRL,5629,8,0.26727093344504155
High-straggler,Async-FedDRL,5629,9,0.2640860189978424
High-straggler,Async-FedDRL,5629,10,0.270930511533616
High-straggler,Async-FedDRL,5629,11,0.2661982277322635
High-straggler,Async-FedDRL,5629,12,0.26669446353360765
High-straggler,Async-FedDRL,5629,13,0.27011937434201705
High-straggler,Async-FedDRL,5629,14,0.26621267370160695
High-straggler,Async-FedDRL,5629,15,0.27271370330681827
High-straggler,Async-FedDRL,5629,16,0.28094518583937056
High-straggler,Async-FedDRL,5629,17,0.2659850637514282
High-straggler,Async-FedDRL,5629,18,0.27421785432769663
High-straggler,Async-FedDRL,5629,19,0.25909484440753155
High-straggler,Async-FedDRL,5629,20,0.2723417273089174
High-straggler,Async-FedDRL,5629,21,0.27143130327189763
High-straggler,Async-FedDRL,5629,22,0.2659304799356712
High-straggler,Async-FedDRL,5629,23,0.27557973063591484
High-straggler,Async-FedDRL,5629,24,0.26505430602089114
High-straggler,Async-FedDRL,5629,25,0.2688884417343977
High-straggler,Async-FedDRL,5629,26,0.26726986011453857
High-straggler,Async-FedDRL,5629,27,0.2746015458291367
High-straggler,Async-FedDRL,5629,28,0.26929808682684686
High-straggler,Async-FedDRL,5629,29,0.2674523890959033
High-straggler,Async-FedDRL,5629,30,0.27202497691923827
High-straggler,Async-FedDRL,5629,31,0.27816044800937856
High-straggler,Async-FedDRL,5629,32,0.26894021411351837
High-straggler,Async-FedDRL,5629,33,0.27444487050852484
High-straggler,Async-FedDRL,5629,34,0.2681422901297358
High-straggler,Async-FedDRL,5629,35,0.2657657378192202
High-straggler,Async-FedDRL,5629,36,0.2723703687920154
High-straggler,Async-FedDRL,5629,37,0.2729624398565123
High-straggler,Async-FedDRL,5629,38,0.2747349065830145
High-straggler,Async-FedDRL,5629,39,0.2783503720404606
High-straggler,Async-FedDRL,5629,40,0.2744281054335519
High-straggler,Async-FedDRL,5629,41,0.2760984068564037
High-straggler,Async-FedDRL,5629,42,0.2709853472711445
High-straggler,Async-FedDRL,5629,43,0.2839475205098596
High-straggler,Async-FedDRL,5629,44,0.278418699688776
High-straggler,Async-FedDRL,5629,45,0.2786274508008082
High-straggler,Async-FedDRL,5629,46,0.27708013450892394
High-straggler,Async-FedDRL,5629,47,0.2825868709142833
High-straggler,Async-FedDRL,5629,48,0.2803946420927275
High-straggler,Async-FedDRL,5629,49,0.26763286222499666
High-straggler,Async-FedDRL,5629,50,0.27685254757897704
High-straggler,Async-FedDRL,5629,51,0.28116246947677287
High-straggler,Async-FedDRL,5629,52,0.27663433029511214
High-straggler,Async-FedDRL,5629,53,0.27392265139999233
High-straggler,Async-FedDRL,5629,54,0.27422988946579935
High-straggler,Async-FedDRL,5629,55,0.28044988851968494
High-straggler,Async-FedDRL,5629,56,0.2740717692700449
High-straggler,Async-FedDRL,5629,57,0.27953069613410114
High-straggler,Async-FedDRL,5629,58,0.28080543041568756
High-straggler,Async-FedDRL,5629,59,0.2785764013174951
High-straggler,Async-FedDRL,5629,60,0.28126632186324174
High-straggler,Async-FedDRL,5629,61,0.282931522856005
High-straggler,Async-FedDRL,5629,62,0.28230163151642
High-straggler,Async-FedDRL,5629,63,0.2752145488747216
High-straggler,Async-FedDRL,5629,64,0.28682210135199215
High-straggler,Async-FedDRL,5629,65,0.2891839477240293
High-straggler,Async-FedDRL,5629,66,0.28426663145463305
High-straggler,Async-FedDRL,5629,67,0.29175218514833196
High-straggler,Async-FedDRL,5629,68,0.2766420258206051
High-straggler,Async-FedDRL,5629,69,0.27831320171568524
High-straggler,Async-FedDRL,5629,70,0.2876831609286669
High-straggler,Async-FedDRL,5629,71,0.2871299499222876
High-straggler,Async-FedDRL,5629,72,0.27971976166355567
High-straggler,Async-FedDRL,5629,73,0.2818867116452469
High-straggler,Async-FedDRL,5629,74,0.28668126243198877
High-straggler,Async-FedDRL,5629,75,0.28591462649586946
High-straggler,Async-FedDRL,5629,76,0.28873761410069515
High-straggler,Async-FedDRL,5629,77,0.2932420444528725
High-straggler,Async-FedDRL,5629,78,0.29060427905131825
High-straggler,Async-FedDRL,5629,79,0.2922689190126722
High-straggler,Async-FedDRL,5629,80,0.28900930176471945
High-straggler,Async-FedDRL,5629,81,0.28783558900416667
High-straggler,Async-FedDRL,5629,82,0.2841973680944725
High-straggler,Async-FedDRL,5629,83,0.29360897299679517
High-straggler,Async-FedDRL,5629,84,0.293070145438029
High-straggler,Async-FedDRL,5629,85,0.2947135253075711
High-straggler,Async-FedDRL,5629,86,0.2937070873345541
High-straggler,Async-FedDRL,5629,87,0.2908516202525548
High-straggler,Async-FedDRL,5629,88,0.2929157603018091
High-straggler,Async-FedDRL,5629,89,0.2888761949242413
High-straggler,Async-FedDRL,5629,90,0.29776574102514985
High-straggler,Async-FedDRL,5629,91,0.2877751853627243
High-straggler,Async-FedDRL,5629,92,0.290701525913454
High-straggler,Async-FedDRL,5629,93,0.2964924194053683
High-straggler,Async-FedDRL,5629,94,0.29461529836850536
High-straggler,Async-FedDRL,5629,95,0.29442087824076624
High-straggler,Async-FedDRL,5629,96,0.305840759629175
High-straggler,Async-FedDRL,5629,97,0.300635190052446
High-straggler,Async-FedDRL,5629,98,0.2955995324091869
High-straggler,Async-FedDRL,5629,99,0.29887410242587575
High-straggler,Async-FedDRL,5629,100,0.302696565969385
High-straggler,Async-FedDRL,5629,101,0.29905133630669045
High-straggler,Async-FedDRL,5629,102,0.2998245655866341
High-straggler,Async-FedDRL,5629,103,0.3054143712392545
High-straggler,Async-FedDRL,5629,104,0.30620438220101165
High-straggler,Async-FedDRL,5629,105,0.3069385728441982
High-straggler,Async-FedDRL,5629,106,0.30537600431858314
High-straggler,Async-FedDRL,5629,107,0.30234837223859884
High-straggler,Async-FedDRL,5629,108,0.30388621895760065
High-straggler,Async-FedDRL,5629,109,0.3001080149345197
High-straggler,Async-FedDRL,5629,110,0.3029426789856706
High-straggler,Async-FedDRL,5629,111,0.3005317698197799
High-straggler,Async-FedDRL,5629,112,0.3042266410022277
High-straggler,Async-FedDRL,5629,113,0.29825079845220376
High-straggler,Async-FedDRL,5629,114,0.3042970124721387
High-straggler,Async-FedDRL,5629,115,0.3021414146502431
High-straggler,Async-FedDRL,5629,116,0.3061326602078726
High-straggler,Async-FedDRL,5629,117,0.30442807673552813
High-straggler,Async-FedDRL,5629,118,0.3090376094871973
High-straggler,Async-FedDRL,5629,119,0.30308122227621886
High-straggler,Async-FedDRL,5629,120,0.302274000502626
High-straggler,Async-FedDRL,5629,121,0.3158324911707598
High-straggler,Async-FedDRL,5629,122,0.3047173584680065
High-straggler,Async-FedDRL,5629,123,0.310447503252209
High-straggler,Async-FedDRL,5629,124,0.30594627469129576
High-straggler,Async-FedDRL,5629,125,0.3174209358586485
High-straggler,Async-FedDRL,5629,126,0.3025888598149063
High-straggler,Async-FedDRL,5629,127,0.3047348162962672
High-straggler,Async-FedDRL,5629,128,0.3188156549057767
High-straggler,Async-FedDRL,5629,129,0.3133121487769829
High-straggler,Async-FedDRL,5629,130,0.3089132071279183
High-straggler,Async-FedDRL,5629,131,0.30000940874607834
High-straggler,Async-FedDRL,5629,132,0.3135359717488414
High-straggler,Async-FedDRL,5629,133,0.30945643276457757
High-straggler,Async-FedDRL,5629,134,0.31621454219392364
High-straggler,Async-FedDRL,5629,135,0.31026875656857666
High-straggler,Async-FedDRL,5629,136,0.32287707749433747
High-straggler,Async-FedDRL,5629,137,0.3180320362876591
High-straggler,Async-FedDRL,5629,138,0.31585554083924267
High-straggler,Async-FedDRL,5629,139,0.3140212492876459
High-straggler,Async-FedDRL,5629,140,0.3157930243859987
High-straggler,Async-FedDRL,5629,141,0.31077418402170987
High-straggler,Async-FedDRL,5629,142,0.30974634550186797
High-straggler,Async-FedDRL,5629,143,0.313394397880646
High-straggler,Async-FedDRL,5629,144,0.3124366904750084
High-straggler,Async-FedDRL,5629,145,0.32344946351785914
High-straggler,Async-FedDRL,5629,146,0.31265272178429887
High-straggler,Async-FedDRL,5629,147,0.31722680145544274
High-straggler,Async-FedDRL,5629,148,0.31780350042385236
High-straggler,Async-FedDRL,5629,149,0.310313153015126
High-straggler,Async-FedDRL,5629,150,0.31475231582508295
High-straggler,Async-FedDRL,5629,151,0.3114859269609001
High-straggler,Async-FedDRL,5629,152,0.3147673161881106
High-straggler,Async-FedDRL,5629,153,0.3177529566418259
High-straggler,Async-FedDRL,5629,154,0.3140085638590651
High-straggler,Async-FedDRL,5629,155,0.3250421203423484
High-straggler,Async-FedDRL,5629,156,0.3251723583685969
High-straggler,Async-FedDRL,5629,157,0.31695745658188446
High-straggler,Async-FedDRL,5629,158,0.3183683010618845
High-straggler,Async-FedDRL,5629,159,0.3162820578176553
High-straggler,Async-FedDRL,5629,160,0.3211171671871411
High-straggler,Async-FedDRL,5629,161,0.30805274728504217
High-straggler,Async-FedDRL,5629,162,0.3153343266718034
High-straggler,Async-FedDRL,5629,163,0.3182942942678382
High-straggler,Async-FedDRL,5629,164,0.3159025112631301
High-straggler,Async-FedDRL,5629,165,0.3147886946059413
High-straggler,Async-FedDRL,5629,166,0.31790666339698037
High-straggler,Async-FedDRL,5629,167,0.3171360077858659
High-straggler,Async-FedDRL,5629,168,0.3263927358263653
High-straggler,Async-FedDRL,5629,169,0.3210151411333114
High-straggler,Async-FedDRL,5629,170,0.3229128900259323
High-straggler,Async-FedDRL,5629,171,0.31657481408993743
High-straggler,Async-FedDRL,5629,172,0.32427064483437457
High-straggler,Async-FedDRL,5629,173,0.3256915646419301
High-straggler,Async-FedDRL,5629,174,0.3216241683305268
High-straggler,Async-FedDRL,5629,175,0.3262188351210569
High-straggler,Async-FedDRL,5629,176,0.3172571694650145
High-straggler,Async-FedDRL,5629,177,0.32148241079352835
High-straggler,Async-FedDRL,5629,178,0.31758104008274496
High-straggler,Async-FedDRL,5629,179,0.31759994151859466
High-straggler,Async-FedDRL,5629,180,0.32283936188630685
High-straggler,Async-FedDRL,5629,181,0.3204188941295677
High-straggler,Async-FedDRL,5629,182,0.33046446719248646
High-straggler,Async-FedDRL,5629,183,0.3208079658667293
High-straggler,Async-FedDRL,5629,184,0.3156407847919648
High-straggler,Async-FedDRL,5629,185,0.3272519311474644
High-straggler,Async-FedDRL,5629,186,0.32109913710171256
High-straggler,Async-FedDRL,5629,187,0.32842625839669437
High-straggler,Async-FedDRL,5629,188,0.3257430188557346
High-straggler,Async-FedDRL,5629,189,0.32430824326512153
High-straggler,Async-FedDRL,5629,190,0.32096930945650953
High-straggler,Async-FedDRL,5629,191,0.3294645011185997
High-straggler,Async-FedDRL,5629,192,0.3232381156972914
High-straggler,Async-FedDRL,5629,193,0.326864285591382
High-straggler,Async-FedDRL,5629,194,0.32119411311515716
High-straggler,Async-FedDRL,5629,195,0.33363792634149064
High-straggler,Async-FedDRL,5629,196,0.3311096688783587
High-straggler,Async-FedDRL,5629,197,0.31872448254109725
High-straggler,Async-FedDRL,5629,198,0.3255040703115745
High-straggler,Async-FedDRL,5629,199,0.31444006924145884
High-straggler,Async-FedDRL,5629,200,0.3212501502892031
High-straggler,Async-FedDRL,5629,201,0.3281888083224661
High-straggler,Async-FedDRL,5629,202,0.3270255857101138
High-straggler,Async-FedDRL,5629,203,0.328564543318761
High-straggler,Async-FedDRL,5629,204,0.3301580609231972
High-straggler,Async-FedDRL,5629,205,0.33146178140180826
High-straggler,Async-FedDRL,5629,206,0.32732044064504007
High-straggler,Async-FedDRL,5629,207,0.32556659164968293
High-straggler,Async-FedDRL,5629,208,0.32888839306783996
High-straggler,Async-FedDRL,5629,209,0.32537469574437927
High-straggler,Async-FedDRL,5629,210,0.33061132776450036
High-straggler,Async-FedDRL,5629,211,0.325505633953812
High-straggler,Async-FedDRL,5629,212,0.3198544993854648
High-straggler,Async-FedDRL,5629,213,0.32448666920084274
High-straggler,Async-FedDRL,5629,214,0.32687586669523544
High-straggler,Async-FedDRL,5629,215,0.3323236891282226
High-straggler,Async-FedDRL,5629,216,0.32287726644196174
High-straggler,Async-FedDRL,5629,217,0.3210058058781456
High-straggler,Async-FedDRL,5629,218,0.3240892089995949
High-straggler,Async-FedDRL,5629,219,0.3250453716626461
High-straggler,Async-FedDRL,5629,220,0.3246325596473639
High-straggler,Async-FedDRL,5629,221,0.3202261973901541
High-straggler,Async-FedDRL,5629,222,0.32613854796911795
High-straggler,Async-FedDRL,5629,223,0.32466063510922016
High-straggler,Async-FedDRL,5629,224,0.33141834685116917
High-straggler,Async-FedDRL,5629,225,0.3309835607654113
High-straggler,Async-FedDRL,5629,226,0.3292144812383881
High-straggler,Async-FedDRL,5629,227,0.3262061323098635
High-straggler,Async-FedDRL,5629,228,0.32719941475135034
High-straggler,Async-FedDRL,5629,229,0.32677859561120476
High-straggler,Async-FedDRL,5629,230,0.3204510510171455
High-straggler,Async-FedDRL,5629,231,0.33016113124054686
High-straggler,Async-FedDRL,5629,232,0.3202719841645343
High-straggler,Async-FedDRL,5629,233,0.33124074731650716
High-straggler,Async-FedDRL,5629,234,0.3247596401469257
High-straggler,Async-FedDRL,5629,235,0.3271521722694076
High-straggler,Async-FedDRL,5629,236,0.32361873831737226
High-straggler,Async-FedDRL,5629,237,0.32353694760776996
High-straggler,Async-FedDRL,5629,238,0.3289525040464044
High-straggler,Async-FedDRL,5629,239,0.33322423469002327
High-straggler,Async-FedDRL,5629,240,0.32287862463539446
High-straggler,Async-FedDRL,5629,241,0.32999049274975506
High-straggler,Async-FedDRL,5629,242,0.32001725519635604
High-straggler,Async-FedDRL,5629,243,0.3339162598943922
High-straggler,Async-FedDRL,5629,244,0.3241768032730185
High-straggler,Async-FedDRL,5629,245,0.3339060607357254
High-straggler,Async-FedDRL,5629,246,0.33261052378816985
High-straggler,Async-FedDRL,5629,247,0.3306157289759309
High-straggler,Async-FedDRL,5629,248,0.325351712002508
High-straggler,Async-FedDRL,5629,249,0.3230595428655713
High-straggler,Async-FedDRL,5629,250,0.3257523765228242
High-straggler,Async-FedDRL,5629,251,0.3282008012908335
High-straggler,Async-FedDRL,5629,252,0.32496184669967854
High-straggler,Async-FedDRL,5629,253,0.32563326409026633
High-straggler,Async-FedDRL,5629,254,0.326491831132328
High-straggler,Async-FedDRL,5629,255,0.3306864119019817
High-straggler,Async-FedDRL,5629,256,0.32905065936577477
High-straggler,Async-FedDRL,5629,257,0.32756630698349054
High-straggler,Async-FedDRL,5629,258,0.32830366462526683
High-straggler,Async-FedDRL,5629,259,0.32697351835516236
High-straggler,Async-FedDRL,5629,260,0.33405365309050444
High-straggler,Async-FedDRL,5629,261,0.3223942996574236
High-straggler,Async-FedDRL,5629,262,0.32454789054540767
High-straggler,Async-FedDRL,5629,263,0.3287310930092833
High-straggler,Async-FedDRL,5629,264,0.3249058341716048
High-straggler,Async-FedDRL,5629,265,0.3305935725212151
High-straggler,Async-FedDRL,5629,266,0.3267310912023986
High-straggler,Async-FedDRL,5629,267,0.32448897655679115
High-straggler,Async-FedDRL,5629,268,0.32794050290730925
High-straggler,Async-FedDRL,5629,269,0.3171471249819917
High-straggler,Async-FedDRL,5629,270,0.32469924585913723
High-straggler,Async-FedDRL,5629,271,0.32412145554738425
High-straggler,Async-FedDRL,5629,272,0.3272967586454554
High-straggler,Async-FedDRL,5629,273,0.33252239759843616
High-straggler,Async-FedDRL,5629,274,0.3305533956125705
High-straggler,Async-FedDRL,5629,275,0.33100626093544894
High-straggler,Async-FedDRL,5629,276,0.3317125424545395
High-straggler,Async-FedDRL,5629,277,0.33047964316698414
High-straggler,Async-FedDRL,5629,278,0.33549054079100277
High-straggler,Async-FedDRL,5629,279,0.3304959347795035
High-straggler,Async-FedDRL,5629,280,0.3264031747881261
High-straggler,Async-FedDRL,5629,281,0.3311416557110426
High-straggler,Async-FedDRL,5629,282,0.3262510862582679
High-straggler,Async-FedDRL,5629,283,0.3252363498717221
High-straggler,Async-FedDRL,5629,284,0.3301768100560778
High-straggler,Async-FedDRL,5629,285,0.33484908048099526
High-straggler,Async-FedDRL,5629,286,0.33196016617661994
High-straggler,Async-FedDRL,5629,287,0.33220949802707433
High-straggler,Async-FedDRL,5629,288,0.3284157856103103
High-straggler,Async-FedDRL,5629,289,0.3219179432304867
High-straggler,Async-FedDRL,5629,290,0.3306952187259263
High-straggler,Async-FedDRL,5629,291,0.3357083946323221
High-straggler,Async-FedDRL,5629,292,0.33213650515948967
High-straggler,Async-FedDRL,5629,293,0.33274374118095273
High-straggler,Async-FedDRL,5629,294,0.3293137892614757
High-straggler,Async-FedDRL,5629,295,0.3221134384174552
High-straggler,Async-FedDRL,5629,296,0.33298065856587117
High-straggler,Async-FedDRL,5629,297,0.3249463019727183
High-straggler,Async-FedDRL,5629,298,0.32566516986762684
High-straggler,Async-FedDRL,5629,299,0.3321013492204039
High-straggler,Async-FedDRL,5629,300,0.3210460472440286
High-straggler,Async-FedDRL,5629,301,0.3285529950405247
High-straggler,Async-FedDRL,5629,302,0.32147148593305835
High-straggler,Async-FedDRL,5629,303,0.3239863789210507
High-straggler,Async-FedDRL,5629,304,0.3298012047711157
High-straggler,Async-FedDRL,5629,305,0.3271634805194358
High-straggler,Async-FedDRL,5629,306,0.3301737972437964
High-straggler,Async-FedDRL,5629,307,0.33556471595264464
High-straggler,Async-FedDRL,5629,308,0.325226402982241
High-straggler,Async-FedDRL,5629,309,0.3365253619153215
High-straggler,Async-FedDRL,5629,310,0.3259642551320995
High-straggler,Async-FedDRL,5629,311,0.3297119980996438
High-straggler,Async-FedDRL,5629,312,0.32044682050661194
High-straggler,Async-FedDRL,5629,313,0.3258360173465139
High-straggler,Async-FedDRL,5629,314,0.32778958176875406
High-straggler,Async-FedDRL,5629,315,0.32744848119304415
High-straggler,Async-FedDRL,5629,316,0.3264887403204289
High-straggler,Async-FedDRL,5629,317,0.3214176503452833
High-straggler,Async-FedDRL,5629,318,0.32689567236598815
High-straggler,Async-FedDRL,5629,319,0.3283632052151369
High-straggler,Async-FedDRL,5629,320,0.33126305658852206
High-straggler,Async-FedDRL,5629,321,0.33096534598080335
High-straggler,Async-FedDRL,5629,322,0.3247049004619519
High-straggler,Async-FedDRL,5629,323,0.3299644734002742
High-straggler,Async-FedDRL,5629,324,0.32488344610952813
High-straggler,Async-FedDRL,5629,325,0.3251354552831155
High-straggler,Async-FedDRL,5629,326,0.3209266335259556
High-straggler,Async-FedDRL,5629,327,0.326260910189461
High-straggler,Async-FedDRL,5629,328,0.32787700841547573
High-straggler,Async-FedDRL,5629,329,0.3273473959048511
High-straggler,Async-FedDRL,5629,330,0.3223986623529353
High-straggler,Async-FedDRL,5629,331,0.3238493928631981
High-straggler,Async-FedDRL,5629,332,0.3230759435481409
High-straggler,Async-FedDRL,5629,333,0.335137084807296
High-straggler,Async-FedDRL,5629,334,0.3314030900910151
High-straggler,Async-FedDRL,5629,335,0.32877415739602905
High-straggler,Async-FedDRL,5629,336,0.3396132497289404
High-straggler,Async-FedDRL,5629,337,0.33053789862159977
High-straggler,Async-FedDRL,5629,338,0.3358513800565853
High-straggler,Async-FedDRL,5629,339,0.3312239324842188
High-straggler,Async-FedDRL,5629,340,0.32234420808076947
High-straggler,Async-FedDRL,5629,341,0.3281146630350653
High-straggler,Async-FedDRL,5629,342,0.31777209645000637
High-straggler,Async-FedDRL,5629,343,0.3263789104883398
High-straggler,Async-FedDRL,5629,344,0.3282665731722025
High-straggler,Async-FedDRL,5629,345,0.33268128345578557
High-straggler,Async-FedDRL,5629,346,0.3331127574694777
High-straggler,Async-FedDRL,5629,347,0.33231216758978893
High-straggler,Async-FedDRL,5629,348,0.3216303685188283
High-straggler,Async-FedDRL,5629,349,0.3316305936427323
High-straggler,Async-FedDRL,5629,350,0.32815639447018985
High-straggler,Async-FedDRL,5629,351,0.32982064937199135
High-straggler,Async-FedDRL,5629,352,0.3257846705479466
High-straggler,Async-FedDRL,5629,353,0.324037786195267
High-straggler,Async-FedDRL,5629,354,0.3293469615684972
High-straggler,Async-FedDRL,5629,355,0.326559533921251
High-straggler,Async-FedDRL,5629,356,0.3297122425353393
High-straggler,Async-FedDRL,5629,357,0.32725196354762204
High-straggler,Async-FedDRL,5629,358,0.3381503644512359
High-straggler,Async-FedDRL,5629,359,0.3362271870692311
High-straggler,Async-FedDRL,5629,360,0.33137452100513415
High-straggler,Async-FedDRL,5629,361,0.33303481804316887
High-straggler,Async-FedDRL,5629,362,0.31943766350407643
High-straggler,Async-FedDRL,5629,363,0.3295710284357504
High-straggler,Async-FedDRL,5629,364,0.3358192117647997
High-straggler,Async-FedDRL,5629,365,0.3279317867258889
High-straggler,Async-FedDRL,5629,366,0.32115775904499005
High-straggler,Async-FedDRL,5629,367,0.31843629459179806
High-straggler,Async-FedDRL,5629,368,0.32686198474013545
High-straggler,Async-FedDRL,5629,369,0.31884155112146473
High-straggler,Async-FedDRL,5629,370,0.33473078934594247
High-straggler,Async-FedDRL,5629,371,0.3385577404646695
High-straggler,Async-FedDRL,5629,372,0.3310260875733914
High-straggler,Async-FedDRL,5629,373,0.33915243069276996
High-straggler,Async-FedDRL,5629,374,0.3311291553740604
High-straggler,Async-FedDRL,5629,375,0.3286911607588
High-straggler,Async-FedDRL,5629,376,0.34008976375319566
High-straggler,Async-FedDRL,5629,377,0.3254287031006887
High-straggler,Async-FedDRL,5629,378,0.3152125266425266
High-straggler,Async-FedDRL,5629,379,0.32845165533259263
High-straggler,Async-FedDRL,5629,380,0.3251256721697854
High-straggler,Async-FedDRL,5629,381,0.3277408000257185
High-straggler,Async-FedDRL,5629,382,0.3267158255073602
High-straggler,Async-FedDRL,5629,383,0.3184573478767647
High-straggler,Async-FedDRL,5629,384,0.3256496630181226
High-straggler,Async-FedDRL,5629,385,0.32975877936531073
High-straggler,Async-FedDRL,5629,386,0.3234620992476118
High-straggler,Async-FedDRL,5629,387,0.3229323813728166
High-straggler,Async-FedDRL,5629,388,0.32331403877911835
High-straggler,Async-FedDRL,5629,389,0.32661310959725304
High-straggler,Async-FedDRL,5629,390,0.3219022855062574
High-straggler,Async-FedDRL,5629,391,0.32925203760354466
High-straggler,Async-FedDRL,5629,392,0.32347544121513816
High-straggler,Async-FedDRL,5629,393,0.32121310139200715
High-straggler,Async-FedDRL,5629,394,0.3281715086752126
High-straggler,Async-FedDRL,5629,395,0.33577156398640623
High-straggler,Async-FedDRL,5629,396,0.3222771848209829
High-straggler,Async-FedDRL,5629,397,0.3338262329113727
High-straggler,Async-FedDRL,5629,398,0.3267462921630311
High-straggler,Async-FedDRL,5629,399,0.33439641381689283
High-straggler,Async-FedDRL,5629,400,0.3350075537537139
High-straggler,Async-FedDRL,6740,1,0.26385951182609196
High-straggler,Async-FedDRL,6740,2,0.25970889628582833
High-straggler,Async-FedDRL,6740,3,0.26749429044364603
High-straggler,Async-FedDRL,6740,4,0.2661924690456036
High-straggler,Async-FedDRL,6740,5,0.27098347971705794
High-straggler,Async-FedDRL,6740,6,0.2649351296095587
High-straggler,Async-FedDRL,6740,7,0.27090632369250706
High-straggler,Async-FedDRL,6740,8,0.2613740917936226
High-straggler,Async-FedDRL,6740,9,0.26934722123476545
High-straggler,Async-FedDRL,6740,10,0.2627758867612116
High-straggler,Async-FedDRL,6740,11,0.2701263785615796
High-straggler,Async-FedDRL,6740,12,0.26686890143318465
High-straggler,Async-FedDRL,6740,13,0.2691857033898201
High-straggler,Async-FedDRL,6740,14,0.2718831579776362
High-straggler,Async-FedDRL,6740,15,0.27020072940160067
High-straggler,Async-FedDRL,6740,16,0.27127180642627424
High-straggler,Async-FedDRL,6740,17,0.2656226679936135
High-straggler,Async-FedDRL,6740,18,0.27070846233044643
High-straggler,Async-FedDRL,6740,19,0.26993091322623164
High-straggler,Async-FedDRL,6740,20,0.2700393857919444
High-straggler,Async-FedDRL,6740,21,0.2720833125793465
High-straggler,Async-FedDRL,6740,22,0.2681531804858803
High-straggler,Async-FedDRL,6740,23,0.26518687582353234
High-straggler,Async-FedDRL,6740,24,0.27050489289468643
High-straggler,Async-FedDRL,6740,25,0.2723387240122983
High-straggler,Async-FedDRL,6740,26,0.2723288691383351
High-straggler,Async-FedDRL,6740,27,0.2791000330117337
High-straggler,Async-FedDRL,6740,28,0.2770315696543636
High-straggler,Async-FedDRL,6740,29,0.2710543222083197
High-straggler,Async-FedDRL,6740,30,0.2672047478190695
High-straggler,Async-FedDRL,6740,31,0.269590930882537
High-straggler,Async-FedDRL,6740,32,0.2681372756915731
High-straggler,Async-FedDRL,6740,33,0.2698015408583469
High-straggler,Async-FedDRL,6740,34,0.2747058790749849
High-straggler,Async-FedDRL,6740,35,0.2726519274878291
High-straggler,Async-FedDRL,6740,36,0.2729279566498558
High-straggler,Async-FedDRL,6740,37,0.2746249802098353
High-straggler,Async-FedDRL,6740,38,0.26846858638527554
High-straggler,Async-FedDRL,6740,39,0.27629047598040646
High-straggler,Async-FedDRL,6740,40,0.27271425456869974
High-straggler,Async-FedDRL,6740,41,0.27366491335678766
High-straggler,Async-FedDRL,6740,42,0.27196727000505416
High-straggler,Async-FedDRL,6740,43,0.2747889572718474
High-straggler,Async-FedDRL,6740,44,0.28225142607499215
High-straggler,Async-FedDRL,6740,45,0.2698204058808656
High-straggler,Async-FedDRL,6740,46,0.276587985303772
High-straggler,Async-FedDRL,6740,47,0.2766187948567584
High-straggler,Async-FedDRL,6740,48,0.28179112618852914
High-straggler,Async-FedDRL,6740,49,0.2806812242734573
High-straggler,Async-FedDRL,6740,50,0.2780398126731273
High-straggler,Async-FedDRL,6740,51,0.2674999535512811
High-straggler,Async-FedDRL,6740,52,0.2754990006236071
High-straggler,Async-FedDRL,6740,53,0.2814903919217666
High-straggler,Async-FedDRL,6740,54,0.2787010346315987
High-straggler,Async-FedDRL,6740,55,0.27639858048208465
High-straggler,Async-FedDRL,6740,56,0.2781490170487438
High-straggler,Async-FedDRL,6740,57,0.2770729847295352
High-straggler,Async-FedDRL,6740,58,0.2812164979100856
High-straggler,Async-FedDRL,6740,59,0.2871367231901228
High-straggler,Async-FedDRL,6740,60,0.2883492657776042
High-straggler,Async-FedDRL,6740,61,0.2851563578476752
High-straggler,Async-FedDRL,6740,62,0.2813682263012829
High-straggler,Async-FedDRL,6740,63,0.2848976202345346
High-straggler,Async-FedDRL,6740,64,0.2855010825338071
High-straggler,Async-FedDRL,6740,65,0.2906947899651566
High-straggler,Async-FedDRL,6740,66,0.2850634062494702
High-straggler,Async-FedDRL,6740,67,0.2822577342948026
High-straggler,Async-FedDRL,6740,68,0.2869645194630729
High-straggler,Async-FedDRL,6740,69,0.283842292733794
High-straggler,Async-FedDRL,6740,70,0.2912695497909169
High-straggler,Async-FedDRL,6740,71,0.28559677031302677
High-straggler,Async-FedDRL,6740,72,0.28275930734551297
High-straggler,Async-FedDRL,6740,73,0.28754987831456685
High-straggler,Async-FedDRL,6740,74,0.29500629253459476
High-straggler,Async-FedDRL,6740,75,0.29060830401587134
High-straggler,Async-FedDRL,6740,76,0.2886277823661623
High-straggler,Async-FedDRL,6740,77,0.28637784017090995
High-straggler,Async-FedDRL,6740,78,0.29026320889406176
High-straggler,Async-FedDRL,6740,79,0.29011657027842214
High-straggler,Async-FedDRL,6740,80,0.29098565662028164
High-straggler,Async-FedDRL,6740,81,0.29425912448036035
High-straggler,Async-FedDRL,6740,82,0.29491686554604657
High-straggler,Async-FedDRL,6740,83,0.29868272163139886
High-straggler,Async-FedDRL,6740,84,0.2945517126186228
High-straggler,Async-FedDRL,6740,85,0.29509604189828453
High-straggler,Async-FedDRL,6740,86,0.2954189822422513
High-straggler,Async-FedDRL,6740,87,0.2928502735846449
High-straggler,Async-FedDRL,6740,88,0.2946881487137051
High-straggler,Async-FedDRL,6740,89,0.30078081082699676
High-straggler,Async-FedDRL,6740,90,0.29921302644722664
High-straggler,Async-FedDRL,6740,91,0.2932316208137268
High-straggler,Async-FedDRL,6740,92,0.29973386805184715
High-straggler,Async-FedDRL,6740,93,0.3061581222038551
High-straggler,Async-FedDRL,6740,94,0.29648636447239757
High-straggler,Async-FedDRL,6740,95,0.3006400817677327
High-straggler,Async-FedDRL,6740,96,0.3019564277904965
High-straggler,Async-FedDRL,6740,97,0.3036131298318453
High-straggler,Async-FedDRL,6740,98,0.29598279001835787
High-straggler,Async-FedDRL,6740,99,0.301339479234651
High-straggler,Async-FedDRL,6740,100,0.3037574397347226
High-straggler,Async-FedDRL,6740,101,0.3018283708988921
High-straggler,Async-FedDRL,6740,102,0.2972263179487459
High-straggler,Async-FedDRL,6740,103,0.2997162025698876
High-straggler,Async-FedDRL,6740,104,0.299489055645686
High-straggler,Async-FedDRL,6740,105,0.3013679823325348
High-straggler,Async-FedDRL,6740,106,0.305987784861199
High-straggler,Async-FedDRL,6740,107,0.2996664234483296
High-straggler,Async-FedDRL,6740,108,0.3009101235502476
High-straggler,Async-FedDRL,6740,109,0.3065815369416355
High-straggler,Async-FedDRL,6740,110,0.3105414267710895
High-straggler,Async-FedDRL,6740,111,0.30524066381885273
High-straggler,Async-FedDRL,6740,112,0.3043543317475577
High-straggler,Async-FedDRL,6740,113,0.3091250162158237
High-straggler,Async-FedDRL,6740,114,0.30578334009314917
High-straggler,Async-FedDRL,6740,115,0.3110445629196432
High-straggler,Async-FedDRL,6740,116,0.3029196159307572
High-straggler,Async-FedDRL,6740,117,0.3138686981242497
High-straggler,Async-FedDRL,6740,118,0.30138880895311115
High-straggler,Async-FedDRL,6740,119,0.308566587561712
High-straggler,Async-FedDRL,6740,120,0.3046060068920193
High-straggler,Async-FedDRL,6740,121,0.30885380147555125
High-straggler,Async-FedDRL,6740,122,0.31194277562367484
High-straggler,Async-FedDRL,6740,123,0.3095053390436579
High-straggler,Async-FedDRL,6740,124,0.3118815553540101
High-straggler,Async-FedDRL,6740,125,0.3127023776433898
High-straggler,Async-FedDRL,6740,126,0.30443411699218076
High-straggler,Async-FedDRL,6740,127,0.309511111122526
High-straggler,Async-FedDRL,6740,128,0.3067263306924148
High-straggler,Async-FedDRL,6740,129,0.30497913426616685
High-straggler,Async-FedDRL,6740,130,0.3073934132200463
High-straggler,Async-FedDRL,6740,131,0.31526513233647346
High-straggler,Async-FedDRL,6740,132,0.31337080064667716
High-straggler,Async-FedDRL,6740,133,0.3076078324262087
High-straggler,Async-FedDRL,6740,134,0.30735378367505745
High-straggler,Async-FedDRL,6740,135,0.3152735341465313
High-straggler,Async-FedDRL,6740,136,0.31905914660476314
High-straggler,Async-FedDRL,6740,137,0.3143532551076503
High-straggler,Async-FedDRL,6740,138,0.3051779189630822
High-straggler,Async-FedDRL,6740,139,0.31046980364154786
High-straggler,Async-FedDRL,6740,140,0.3179399921112447
High-straggler,Async-FedDRL,6740,141,0.30527380947390076
High-straggler,Async-FedDRL,6740,142,0.31315974232210947
High-straggler,Async-FedDRL,6740,143,0.30804169120785585
High-straggler,Async-FedDRL,6740,144,0.3254195634764734
High-straggler,Async-FedDRL,6740,145,0.31628401550045704
High-straggler,Async-FedDRL,6740,146,0.31106038807363173
High-straggler,Async-FedDRL,6740,147,0.3084996355361679
High-straggler,Async-FedDRL,6740,148,0.32067384812209315
High-straggler,Async-FedDRL,6740,149,0.31532980191347426
High-straggler,Async-FedDRL,6740,150,0.32559017363520015
High-straggler,Async-FedDRL,6740,151,0.31998050029834807
High-straggler,Async-FedDRL,6740,152,0.3229289847194924
High-straggler,Async-FedDRL,6740,153,0.30850200764496727
High-straggler,Async-FedDRL,6740,154,0.31203830214028344
High-straggler,Async-FedDRL,6740,155,0.31142694707115326
High-straggler,Async-FedDRL,6740,156,0.3191099918378859
High-straggler,Async-FedDRL,6740,157,0.314704140204946
High-straggler,Async-FedDRL,6740,158,0.3143664572312507
High-straggler,Async-FedDRL,6740,159,0.3200594292889616
High-straggler,Async-FedDRL,6740,160,0.31678774615332517
High-straggler,Async-FedDRL,6740,161,0.3123791872604667
High-straggler,Async-FedDRL,6740,162,0.3182716742366393
High-straggler,Async-FedDRL,6740,163,0.32050629518976326
High-straggler,Async-FedDRL,6740,164,0.31295902655632235
High-straggler,Async-FedDRL,6740,165,0.3128702257328648
High-straggler,Async-FedDRL,6740,166,0.32568976265596744
High-straggler,Async-FedDRL,6740,167,0.32015816964218036
High-straggler,Async-FedDRL,6740,168,0.31943945424627374
High-straggler,Async-FedDRL,6740,169,0.308268246220292
High-straggler,Async-FedDRL,6740,170,0.31946146469590325
High-straggler,Async-FedDRL,6740,171,0.32429025493301844
High-straggler,Async-FedDRL,6740,172,0.3176383070912573
High-straggler,Async-FedDRL,6740,173,0.3153564102636036
High-straggler,Async-FedDRL,6740,174,0.31168485447945476
High-straggler,Async-FedDRL,6740,175,0.33093328603605743
High-straggler,Async-FedDRL,6740,176,0.31792677014373977
High-straggler,Async-FedDRL,6740,177,0.31838667741932375
High-straggler,Async-FedDRL,6740,178,0.3137185868324952
High-straggler,Async-FedDRL,6740,179,0.32248832032379243
High-straggler,Async-FedDRL,6740,180,0.32182324454961425
High-straggler,Async-FedDRL,6740,181,0.323830136746244
High-straggler,Async-FedDRL,6740,182,0.3216614303325082
High-straggler,Async-FedDRL,6740,183,0.31638277164521933
High-straggler,Async-FedDRL,6740,184,0.32220607242920196
High-straggler,Async-FedDRL,6740,185,0.3083740064488688
High-straggler,Async-FedDRL,6740,186,0.3223933349759279
High-straggler,Async-FedDRL,6740,187,0.3277955532211491
High-straggler,Async-FedDRL,6740,188,0.3268014606946172
High-straggler,Async-FedDRL,6740,189,0.325967785032641
High-straggler,Async-FedDRL,6740,190,0.31893090179424155
High-straggler,Async-FedDRL,6740,191,0.3276047993946379
High-straggler,Async-FedDRL,6740,192,0.3207200313443475
High-straggler,Async-FedDRL,6740,193,0.33089503032830714
High-straggler,Async-FedDRL,6740,194,0.3221629219085105
High-straggler,Async-FedDRL,6740,195,0.3197377739327445
High-straggler,Async-FedDRL,6740,196,0.3141676374022861
High-straggler,Async-FedDRL,6740,197,0.32057314754841537
High-straggler,Async-FedDRL,6740,198,0.32482927729901356
High-straggler,Async-FedDRL,6740,199,0.33033236551576145
High-straggler,Async-FedDRL,6740,200,0.31286981403672964
High-straggler,Async-FedDRL,6740,201,0.32564124831245983
High-straggler,Async-FedDRL,6740,202,0.3221863998076228
High-straggler,Async-FedDRL,6740,203,0.3243611829601375
High-straggler,Async-FedDRL,6740,204,0.326198866011463
High-straggler,Async-FedDRL,6740,205,0.3274420396171018
High-straggler,Async-FedDRL,6740,206,0.3177933108494809
High-straggler,Async-FedDRL,6740,207,0.31931360709419093
High-straggler,Async-FedDRL,6740,208,0.3224809043717697
High-straggler,Async-FedDRL,6740,209,0.32984769148499254
High-straggler,Async-FedDRL,6740,210,0.32088460286309534
High-straggler,Async-FedDRL,6740,211,0.32682947342981705
High-straggler,Async-FedDRL,6740,212,0.32307501686736284
High-straggler,Async-FedDRL,6740,213,0.3262584525103242
High-straggler,Async-FedDRL,6740,214,0.31805079972274886
High-straggler,Async-FedDRL,6740,215,0.3335648629030385
High-straggler,Async-FedDRL,6740,216,0.3206084561318431
High-straggler,Async-FedDRL,6740,217,0.3185621581091855
High-straggler,Async-FedDRL,6740,218,0.32703208862441946
High-straggler,Async-FedDRL,6740,219,0.34022475046040135
High-straggler,Async-FedDRL,6740,220,0.3241982898609576
High-straggler,Async-FedDRL,6740,221,0.32428911054264054
High-straggler,Async-FedDRL,6740,222,0.322466966625808
High-straggler,Async-FedDRL,6740,223,0.32376391323392156
High-straggler,Async-FedDRL,6740,224,0.3293100025714866
High-straggler,Async-FedDRL,6740,225,0.32204665765554613
High-straggler,Async-FedDRL,6740,226,0.3283836944130553
High-straggler,Async-FedDRL,6740,227,0.3318312770741299
High-straggler,Async-FedDRL,6740,228,0.3182278863619723
High-straggler,Async-FedDRL,6740,229,0.3274121009163456
High-straggler,Async-FedDRL,6740,230,0.3271881204010277
High-straggler,Async-FedDRL,6740,231,0.32095899201491224
High-straggler,Async-FedDRL,6740,232,0.3255638219172312
High-straggler,Async-FedDRL,6740,233,0.3307665262755618
High-straggler,Async-FedDRL,6740,234,0.32447197398776817
High-straggler,Async-FedDRL,6740,235,0.32026023147117555
High-straggler,Async-FedDRL,6740,236,0.32703985663076823
High-straggler,Async-FedDRL,6740,237,0.32228961816898366
High-straggler,Async-FedDRL,6740,238,0.32386593375792605
High-straggler,Async-FedDRL,6740,239,0.31612441042826733
High-straggler,Async-FedDRL,6740,240,0.31679505214727116
High-straggler,Async-FedDRL,6740,241,0.3156164684764854
High-straggler,Async-FedDRL,6740,242,0.3231492822050494
High-straggler,Async-FedDRL,6740,243,0.3143258650205339
High-straggler,Async-FedDRL,6740,244,0.3208677909518765
High-straggler,Async-FedDRL,6740,245,0.32724590342174986
High-straggler,Async-FedDRL,6740,246,0.32585007317869885
High-straggler,Async-FedDRL,6740,247,0.319759032248229
High-straggler,Async-FedDRL,6740,248,0.3294038608712207
High-straggler,Async-FedDRL,6740,249,0.3291095011722983
High-straggler,Async-FedDRL,6740,250,0.3293796323142369
High-straggler,Async-FedDRL,6740,251,0.3290611328139309
High-straggler,Async-FedDRL,6740,252,0.31885898091902687
High-straggler,Async-FedDRL,6740,253,0.32747700844109606
High-straggler,Async-FedDRL,6740,254,0.3231224854529055
High-straggler,Async-FedDRL,6740,255,0.3235577729057385
High-straggler,Async-FedDRL,6740,256,0.32680012110280193
High-straggler,Async-FedDRL,6740,257,0.33525678593444763
High-straggler,Async-FedDRL,6740,258,0.3302913707286477
High-straggler,Async-FedDRL,6740,259,0.32964306656341624
High-straggler,Async-FedDRL,6740,260,0.31904871827503506
High-straggler,Async-FedDRL,6740,261,0.3258561879743412
High-straggler,Async-FedDRL,6740,262,0.32311633558037006
High-straggler,Async-FedDRL,6740,263,0.3260363023590933
High-straggler,Async-FedDRL,6740,264,0.3273290409084873
High-straggler,Async-FedDRL,6740,265,0.3209924864835077
High-straggler,Async-FedDRL,6740,266,0.3204067051457564
High-straggler,Async-FedDRL,6740,267,0.3263977172410904
High-straggler,Async-FedDRL,6740,268,0.3225589713771351
High-straggler,Async-FedDRL,6740,269,0.33436831144534535
High-straggler,Async-FedDRL,6740,270,0.3297316760288501
High-straggler,Async-FedDRL,6740,271,0.31694716197449396
High-straggler,Async-FedDRL,6740,272,0.32054950807134774
High-straggler,Async-FedDRL,6740,273,0.3374424817111948
High-straggler,Async-FedDRL,6740,274,0.32630560387648755
High-straggler,Async-FedDRL,6740,275,0.3308612986382215
High-straggler,Async-FedDRL,6740,276,0.3235618835793412
High-straggler,Async-FedDRL,6740,277,0.322095570295509
High-straggler,Async-FedDRL,6740,278,0.334874753806194
High-straggler,Async-FedDRL,6740,279,0.3284055817205564
High-straggler,Async-FedDRL,6740,280,0.32437737447706744
High-straggler,Async-FedDRL,6740,281,0.3218845245631309
High-straggler,Async-FedDRL,6740,282,0.31876365944099044
High-straggler,Async-FedDRL,6740,283,0.32147162162905285
High-straggler,Async-FedDRL,6740,284,0.32627253132984746
High-straggler,Async-FedDRL,6740,285,0.3251318274957507
High-straggler,Async-FedDRL,6740,286,0.329515911356385
High-straggler,Async-FedDRL,6740,287,0.32943363205000525
High-straggler,Async-FedDRL,6740,288,0.3329929767741843
High-straggler,Async-FedDRL,6740,289,0.3391176210289971
High-straggler,Async-FedDRL,6740,290,0.32024229536838983
High-straggler,Async-FedDRL,6740,291,0.32628887334556145
High-straggler,Async-FedDRL,6740,292,0.33059638046386713
High-straggler,Async-FedDRL,6740,293,0.3323100886145407
High-straggler,Async-FedDRL,6740,294,0.3252357226367385
High-straggler,Async-FedDRL,6740,295,0.323521319932286
High-straggler,Async-FedDRL,6740,296,0.3222712872854781
High-straggler,Async-FedDRL,6740,297,0.3254490503401419
High-straggler,Async-FedDRL,6740,298,0.32147272124379256
High-straggler,Async-FedDRL,6740,299,0.3316295375387433
High-straggler,Async-FedDRL,6740,300,0.331635707637358
High-straggler,Async-FedDRL,6740,301,0.3181454300317242
High-straggler,Async-FedDRL,6740,302,0.32356359155787434
High-straggler,Async-FedDRL,6740,303,0.32462471324408176
High-straggler,Async-FedDRL,6740,304,0.3218964148395534
High-straggler,Async-FedDRL,6740,305,0.32562615073200846
High-straggler,Async-FedDRL,6740,306,0.326340018451465
High-straggler,Async-FedDRL,6740,307,0.3282466854627884
High-straggler,Async-FedDRL,6740,308,0.3270729366314968
High-straggler,Async-FedDRL,6740,309,0.32465177585170885
High-straggler,Async-FedDRL,6740,310,0.3296990952729776
High-straggler,Async-FedDRL,6740,311,0.3179596961269012
High-straggler,Async-FedDRL,6740,312,0.3226413651205655
High-straggler,Async-FedDRL,6740,313,0.3295250823165085
High-straggler,Async-FedDRL,6740,314,0.32994760827594666
High-straggler,Async-FedDRL,6740,315,0.33001858920021004
High-straggler,Async-FedDRL,6740,316,0.31989839660312314
High-straggler,Async-FedDRL,6740,317,0.3280949998489215
High-straggler,Async-FedDRL,6740,318,0.32668137225626004
High-straggler,Async-FedDRL,6740,319,0.3319367058035524
High-straggler,Async-FedDRL,6740,320,0.3276243210188863
High-straggler,Async-FedDRL,6740,321,0.3316923366291422
High-straggler,Async-FedDRL,6740,322,0.32000491889432353
High-straggler,Async-FedDRL,6740,323,0.3253878895912849
High-straggler,Async-FedDRL,6740,324,0.318242352643648
High-straggler,Async-FedDRL,6740,325,0.3319334503572384
High-straggler,Async-FedDRL,6740,326,0.33123469431853425
High-straggler,Async-FedDRL,6740,327,0.3358352205682449
High-straggler,Async-FedDRL,6740,328,0.32402843526741243
High-straggler,Async-FedDRL,6740,329,0.32204343188966666
High-straggler,Async-FedDRL,6740,330,0.33145579231181627
High-straggler,Async-FedDRL,6740,331,0.33881631103993093
High-straggler,Async-FedDRL,6740,332,0.323473526301739
High-straggler,Async-FedDRL,6740,333,0.3226000517913553
High-straggler,Async-FedDRL,6740,334,0.3208916850669685
High-straggler,Async-FedDRL,6740,335,0.3325357653192626
High-straggler,Async-FedDRL,6740,336,0.3264089994972528
High-straggler,Async-FedDRL,6740,337,0.33352456820427784
High-straggler,Async-FedDRL,6740,338,0.32508133920214005
High-straggler,Async-FedDRL,6740,339,0.33785235147819076
High-straggler,Async-FedDRL,6740,340,0.3300512495352398
High-straggler,Async-FedDRL,6740,341,0.32736978732341926
High-straggler,Async-FedDRL,6740,342,0.3276304454225027
High-straggler,Async-FedDRL,6740,343,0.32569409190445875
High-straggler,Async-FedDRL,6740,344,0.3249853465081464
High-straggler,Async-FedDRL,6740,345,0.3274275414056307
High-straggler,Async-FedDRL,6740,346,0.3192361583002629
High-straggler,Async-FedDRL,6740,347,0.32226321606513775
High-straggler,Async-FedDRL,6740,348,0.3169684443805508
High-straggler,Async-FedDRL,6740,349,0.323141925415147
High-straggler,Async-FedDRL,6740,350,0.3313782659863463
High-straggler,Async-FedDRL,6740,351,0.3282671591211066
High-straggler,Async-FedDRL,6740,352,0.3234726195563752
High-straggler,Async-FedDRL,6740,353,0.32030806704123044
High-straggler,Async-FedDRL,6740,354,0.3238900795715437
High-straggler,Async-FedDRL,6740,355,0.3214022101902653
High-straggler,Async-FedDRL,6740,356,0.3281175337563708
High-straggler,Async-FedDRL,6740,357,0.33769295347873274
High-straggler,Async-FedDRL,6740,358,0.3199843248546564
High-straggler,Async-FedDRL,6740,359,0.3254862236391575
High-straggler,Async-FedDRL,6740,360,0.32706843292888055
High-straggler,Async-FedDRL,6740,361,0.31916807586566404
High-straggler,Async-FedDRL,6740,362,0.32418354654247483
High-straggler,Async-FedDRL,6740,363,0.329434202843734
High-straggler,Async-FedDRL,6740,364,0.3230634790990952
High-straggler,Async-FedDRL,6740,365,0.3302516025216344
High-straggler,Async-FedDRL,6740,366,0.3245519716358524
High-straggler,Async-FedDRL,6740,367,0.3214705692176549
High-straggler,Async-FedDRL,6740,368,0.3193100671961997
High-straggler,Async-FedDRL,6740,369,0.32263872223065043
High-straggler,Async-FedDRL,6740,370,0.32551762710983373
High-straggler,Async-FedDRL,6740,371,0.3317556537768464
High-straggler,Async-FedDRL,6740,372,0.3341340893195512
High-straggler,Async-FedDRL,6740,373,0.32590186603527305
High-straggler,Async-FedDRL,6740,374,0.32746916166485707
High-straggler,Async-FedDRL,6740,375,0.32954063724143523
High-straggler,Async-FedDRL,6740,376,0.3226915447516395
High-straggler,Async-FedDRL,6740,377,0.33233348559355586
High-straggler,Async-FedDRL,6740,378,0.33284575129864746
High-straggler,Async-FedDRL,6740,379,0.3292144781653529
High-straggler,Async-FedDRL,6740,380,0.3279781704289436
High-straggler,Async-FedDRL,6740,381,0.3276871173901066
High-straggler,Async-FedDRL,6740,382,0.33471952110991676
High-straggler,Async-FedDRL,6740,383,0.32346544589760656
High-straggler,Async-FedDRL,6740,384,0.3251812201686906
High-straggler,Async-FedDRL,6740,385,0.33427383416709744
High-straggler,Async-FedDRL,6740,386,0.32342735805945844
High-straggler,Async-FedDRL,6740,387,0.32260120364615336
High-straggler,Async-FedDRL,6740,388,0.32333178017988534
High-straggler,Async-FedDRL,6740,389,0.32590184508451836
High-straggler,Async-FedDRL,6740,390,0.32969530134391134
High-straggler,Async-FedDRL,6740,391,0.32043066307255197
High-straggler,Async-FedDRL,6740,392,0.3232783140284259
High-straggler,Async-FedDRL,6740,393,0.3263135723515085
High-straggler,Async-FedDRL,6740,394,0.3226811223925514
High-straggler,Async-FedDRL,6740,395,0.3194682705347539
High-straggler,Async-FedDRL,6740,396,0.32638484866116985
High-straggler,Async-FedDRL,6740,397,0.3228900550059722
High-straggler,Async-FedDRL,6740,398,0.3303834526035472
High-straggler,Async-FedDRL,6740,399,0.33330764642204064
High-straggler,Async-FedDRL,6740,400,0.32775470005877744
High-straggler,Async-FedDRL,7851,1,0.261554028100748
High-straggler,Async-FedDRL,7851,2,0.2614540794481157
High-straggler,Async-FedDRL,7851,3,0.2647970093129375
High-straggler,Async-FedDRL,7851,4,0.2558699143039509
High-straggler,Async-FedDRL,7851,5,0.2606788384275999
High-straggler,Async-FedDRL,7851,6,0.265184607149428
High-straggler,Async-FedDRL,7851,7,0.2618959508373506
High-straggler,Async-FedDRL,7851,8,0.2591437310807895
High-straggler,Async-FedDRL,7851,9,0.2611889771429103
High-straggler,Async-FedDRL,7851,10,0.2578760097997701
High-straggler,Async-FedDRL,7851,11,0.26098105467635957
High-straggler,Async-FedDRL,7851,12,0.26330042060445363
High-straggler,Async-FedDRL,7851,13,0.2680813110421032
High-straggler,Async-FedDRL,7851,14,0.2619048238070592
High-straggler,Async-FedDRL,7851,15,0.2559529589237122
High-straggler,Async-FedDRL,7851,16,0.2623881308747116
High-straggler,Async-FedDRL,7851,17,0.2633169924097767
High-straggler,Async-FedDRL,7851,18,0.2635959772925148
High-straggler,Async-FedDRL,7851,19,0.26035241543754634
High-straggler,Async-FedDRL,7851,20,0.25813990231813727
High-straggler,Async-FedDRL,7851,21,0.2671075837645036
High-straggler,Async-FedDRL,7851,22,0.2596444064627417
High-straggler,Async-FedDRL,7851,23,0.26451227934085686
High-straggler,Async-FedDRL,7851,24,0.2644522884799355
High-straggler,Async-FedDRL,7851,25,0.26449185040804846
High-straggler,Async-FedDRL,7851,26,0.26997918318856823
High-straggler,Async-FedDRL,7851,27,0.2705439978687857
High-straggler,Async-FedDRL,7851,28,0.2691761249833431
High-straggler,Async-FedDRL,7851,29,0.2688275170293429
High-straggler,Async-FedDRL,7851,30,0.26941963203533187
High-straggler,Async-FedDRL,7851,31,0.2595547578452239
High-straggler,Async-FedDRL,7851,32,0.26221019056365663
High-straggler,Async-FedDRL,7851,33,0.2719315948690913
High-straggler,Async-FedDRL,7851,34,0.26740503022062917
High-straggler,Async-FedDRL,7851,35,0.27229962577633904
High-straggler,Async-FedDRL,7851,36,0.27025588936437567
High-straggler,Async-FedDRL,7851,37,0.26901911890155966
High-straggler,Async-FedDRL,7851,38,0.28001509544889325
High-straggler,Async-FedDRL,7851,39,0.2635030043006025
High-straggler,Async-FedDRL,7851,40,0.2707462589439494
High-straggler,Async-FedDRL,7851,41,0.269398643726396
High-straggler,Async-FedDRL,7851,42,0.2786486103437799
High-straggler,Async-FedDRL,7851,43,0.2756733893348919
High-straggler,Async-FedDRL,7851,44,0.2699962919833334
High-straggler,Async-FedDRL,7851,45,0.26526475639688035
High-straggler,Async-FedDRL,7851,46,0.27531231988777327
High-straggler,Async-FedDRL,7851,47,0.2772336997428113
High-straggler,Async-FedDRL,7851,48,0.27227970784196565
High-straggler,Async-FedDRL,7851,49,0.2789255341600634
High-straggler,Async-FedDRL,7851,50,0.2722663751918536
High-straggler,Async-FedDRL,7851,51,0.2778615389145771
High-straggler,Async-FedDRL,7851,52,0.2811240250619
High-straggler,Async-FedDRL,7851,53,0.2658433953458448
High-straggler,Async-FedDRL,7851,54,0.27559600049721383
High-straggler,Async-FedDRL,7851,55,0.2689770533377566
High-straggler,Async-FedDRL,7851,56,0.2708955132796575
High-straggler,Async-FedDRL,7851,57,0.27055002200485195
High-straggler,Async-FedDRL,7851,58,0.2787895140750543
High-straggler,Async-FedDRL,7851,59,0.27780743569756705
High-straggler,Async-FedDRL,7851,60,0.27859180509443626
High-straggler,Async-FedDRL,7851,61,0.2805243142414064
High-straggler,Async-FedDRL,7851,62,0.27774666925090996
High-straggler,Async-FedDRL,7851,63,0.279230624989321
High-straggler,Async-FedDRL,7851,64,0.28352854633616503
High-straggler,Async-FedDRL,7851,65,0.2804339309014446
High-straggler,Async-FedDRL,7851,66,0.2763285601364263
High-straggler,Async-FedDRL,7851,67,0.28043128954146257
High-straggler,Async-FedDRL,7851,68,0.2816950730095311
High-straggler,Async-FedDRL,7851,69,0.28061316700381156
High-straggler,Async-FedDRL,7851,70,0.2836590344450108
High-straggler,Async-FedDRL,7851,71,0.2785354466230217
High-straggler,Async-FedDRL,7851,72,0.28857087458122793
High-straggler,Async-FedDRL,7851,73,0.2759875789076583
High-straggler,Async-FedDRL,7851,74,0.2864029129870069
High-straggler,Async-FedDRL,7851,75,0.2878664747585301
High-straggler,Async-FedDRL,7851,76,0.28005870892918366
High-straggler,Async-FedDRL,7851,77,0.284182356983118
High-straggler,Async-FedDRL,7851,78,0.2828771250104676
High-straggler,Async-FedDRL,7851,79,0.2853460398407801
High-straggler,Async-FedDRL,7851,80,0.28828472369516567
High-straggler,Async-FedDRL,7851,81,0.29186087106643327
High-straggler,Async-FedDRL,7851,82,0.2904867312928461
High-straggler,Async-FedDRL,7851,83,0.28741031219719604
High-straggler,Async-FedDRL,7851,84,0.28616282087649864
High-straggler,Async-FedDRL,7851,85,0.2898324320784932
High-straggler,Async-FedDRL,7851,86,0.29191296709840986
High-straggler,Async-FedDRL,7851,87,0.2916538413644089
High-straggler,Async-FedDRL,7851,88,0.29022769899375034
High-straggler,Async-FedDRL,7851,89,0.2971915958351501
High-straggler,Async-FedDRL,7851,90,0.29258209523307394
High-straggler,Async-FedDRL,7851,91,0.29726835643602856
High-straggler,Async-FedDRL,7851,92,0.2919578641248992
High-straggler,Async-FedDRL,7851,93,0.2943091211487298
High-straggler,Async-FedDRL,7851,94,0.28362454900962414
High-straggler,Async-FedDRL,7851,95,0.29143616002390105
High-straggler,Async-FedDRL,7851,96,0.2906227668021518
High-straggler,Async-FedDRL,7851,97,0.2979855289188927
High-straggler,Async-FedDRL,7851,98,0.29533121863328404
High-straggler,Async-FedDRL,7851,99,0.29539963309222567
High-straggler,Async-FedDRL,7851,100,0.29952091386306895
High-straggler,Async-FedDRL,7851,101,0.2883034455691998
High-straggler,Async-FedDRL,7851,102,0.29173317580128993
High-straggler,Async-FedDRL,7851,103,0.2957233089823814
High-straggler,Async-FedDRL,7851,104,0.29207307589428216
High-straggler,Async-FedDRL,7851,105,0.3008627676616676
High-straggler,Async-FedDRL,7851,106,0.2948319184285424
High-straggler,Async-FedDRL,7851,107,0.3012269761458113
High-straggler,Async-FedDRL,7851,108,0.30349281521769583
High-straggler,Async-FedDRL,7851,109,0.2959134611481918
High-straggler,Async-FedDRL,7851,110,0.3093450016478516
High-straggler,Async-FedDRL,7851,111,0.2972510559725791
High-straggler,Async-FedDRL,7851,112,0.3012437544513541
High-straggler,Async-FedDRL,7851,113,0.3005158248076362
High-straggler,Async-FedDRL,7851,114,0.3009341509550271
High-straggler,Async-FedDRL,7851,115,0.3057992218655147
High-straggler,Async-FedDRL,7851,116,0.3000331696962267
High-straggler,Async-FedDRL,7851,117,0.30001375743758973
High-straggler,Async-FedDRL,7851,118,0.3017465676308986
High-straggler,Async-FedDRL,7851,119,0.30154923463184063
High-straggler,Async-FedDRL,7851,120,0.3057447523326092
High-straggler,Async-FedDRL,7851,121,0.30895205590998454
High-straggler,Async-FedDRL,7851,122,0.3065197303312789
High-straggler,Async-FedDRL,7851,123,0.3060387472262011
High-straggler,Async-FedDRL,7851,124,0.300106353543603
High-straggler,Async-FedDRL,7851,125,0.29738322107146153
High-straggler,Async-FedDRL,7851,126,0.29681058303769625
High-straggler,Async-FedDRL,7851,127,0.3068048681603998
High-straggler,Async-FedDRL,7851,128,0.3047604667638748
High-straggler,Async-FedDRL,7851,129,0.3081274806765444
High-straggler,Async-FedDRL,7851,130,0.3031150795729824
High-straggler,Async-FedDRL,7851,131,0.307842861860635
High-straggler,Async-FedDRL,7851,132,0.3009745839151676
High-straggler,Async-FedDRL,7851,133,0.3078854535682673
High-straggler,Async-FedDRL,7851,134,0.3118061019773319
High-straggler,Async-FedDRL,7851,135,0.3096353640541313
High-straggler,Async-FedDRL,7851,136,0.31194678314963414
High-straggler,Async-FedDRL,7851,137,0.30526021765884687
High-straggler,Async-FedDRL,7851,138,0.31379342495836976
High-straggler,Async-FedDRL,7851,139,0.3129077083714736
High-straggler,Async-FedDRL,7851,140,0.31739681205113
High-straggler,Async-FedDRL,7851,141,0.31369796436460023
High-straggler,Async-FedDRL,7851,142,0.31037810922005166
High-straggler,Async-FedDRL,7851,143,0.3096142397268541
High-straggler,Async-FedDRL,7851,144,0.30822111970599697
High-straggler,Async-FedDRL,7851,145,0.3155746526413476
High-straggler,Async-FedDRL,7851,146,0.30552479280251826
High-straggler,Async-FedDRL,7851,147,0.3099879418187619
High-straggler,Async-FedDRL,7851,148,0.3091166320759163
High-straggler,Async-FedDRL,7851,149,0.3094874914260875
High-straggler,Async-FedDRL,7851,150,0.3123871164658632
High-straggler,Async-FedDRL,7851,151,0.30522958894894686
High-straggler,Async-FedDRL,7851,152,0.3108165766710674
High-straggler,Async-FedDRL,7851,153,0.31767050580109896
High-straggler,Async-FedDRL,7851,154,0.3186274780348834
High-straggler,Async-FedDRL,7851,155,0.3141034437338556
High-straggler,Async-FedDRL,7851,156,0.3061265134326978
High-straggler,Async-FedDRL,7851,157,0.3175548828832842
High-straggler,Async-FedDRL,7851,158,0.3096964002041536
High-straggler,Async-FedDRL,7851,159,0.3222583639605114
High-straggler,Async-FedDRL,7851,160,0.3103900004109561
High-straggler,Async-FedDRL,7851,161,0.31677785112049966
High-straggler,Async-FedDRL,7851,162,0.3058696312140281
High-straggler,Async-FedDRL,7851,163,0.3170115101923685
High-straggler,Async-FedDRL,7851,164,0.3237883240896635
High-straggler,Async-FedDRL,7851,165,0.3227259524681843
High-straggler,Async-FedDRL,7851,166,0.3168084721621399
High-straggler,Async-FedDRL,7851,167,0.31255528040926595
High-straggler,Async-FedDRL,7851,168,0.3137812075244021
High-straggler,Async-FedDRL,7851,169,0.31989952522753484
High-straggler,Async-FedDRL,7851,170,0.3202141257449416
High-straggler,Async-FedDRL,7851,171,0.3184540472106874
High-straggler,Async-FedDRL,7851,172,0.32526780595390525
High-straggler,Async-FedDRL,7851,173,0.3154867453511488
High-straggler,Async-FedDRL,7851,174,0.3154242885347926
High-straggler,Async-FedDRL,7851,175,0.3052738272217049
High-straggler,Async-FedDRL,7851,176,0.3161855354770673
High-straggler,Async-FedDRL,7851,177,0.311003190333321
High-straggler,Async-FedDRL,7851,178,0.31205882751616104
High-straggler,Async-FedDRL,7851,179,0.3097436087637029
High-straggler,Async-FedDRL,7851,180,0.31859886562681666
High-straggler,Async-FedDRL,7851,181,0.32159928728447695
High-straggler,Async-FedDRL,7851,182,0.3243164704742099
High-straggler,Async-FedDRL,7851,183,0.31781442507185953
High-straggler,Async-FedDRL,7851,184,0.3145271404705436
High-straggler,Async-FedDRL,7851,185,0.3119626491339968
High-straggler,Async-FedDRL,7851,186,0.32819425901234667
High-straggler,Async-FedDRL,7851,187,0.3133271284226076
High-straggler,Async-FedDRL,7851,188,0.3106858056960701
High-straggler,Async-FedDRL,7851,189,0.31938966885752373
High-straggler,Async-FedDRL,7851,190,0.3167859801726411
High-straggler,Async-FedDRL,7851,191,0.31455026003354736
High-straggler,Async-FedDRL,7851,192,0.3249144763272525
High-straggler,Async-FedDRL,7851,193,0.3219445443208926
High-straggler,Async-FedDRL,7851,194,0.326909958467431
High-straggler,Async-FedDRL,7851,195,0.32450614705598313
High-straggler,Async-FedDRL,7851,196,0.31735321065840844
High-straggler,Async-FedDRL,7851,197,0.3258576956955994
High-straggler,Async-FedDRL,7851,198,0.3170341979852221
High-straggler,Async-FedDRL,7851,199,0.3162664190911083
High-straggler,Async-FedDRL,7851,200,0.3198756478903658
High-straggler,Async-FedDRL,7851,201,0.3135161504609129
High-straggler,Async-FedDRL,7851,202,0.31960064776995356
High-straggler,Async-FedDRL,7851,203,0.311635382396172
High-straggler,Async-FedDRL,7851,204,0.3267597011290973
High-straggler,Async-FedDRL,7851,205,0.3211759245832269
High-straggler,Async-FedDRL,7851,206,0.3224075025737144
High-straggler,Async-FedDRL,7851,207,0.33003621089716123
High-straggler,Async-FedDRL,7851,208,0.3266812587670766
High-straggler,Async-FedDRL,7851,209,0.3129124237248255
High-straggler,Async-FedDRL,7851,210,0.31555924326032464
High-straggler,Async-FedDRL,7851,211,0.3121572629875681
High-straggler,Async-FedDRL,7851,212,0.32022408550234954
High-straggler,Async-FedDRL,7851,213,0.3247857790337774
High-straggler,Async-FedDRL,7851,214,0.31908074229137984
High-straggler,Async-FedDRL,7851,215,0.31239932143208093
High-straggler,Async-FedDRL,7851,216,0.32331233988461666
High-straggler,Async-FedDRL,7851,217,0.31862905928651936
High-straggler,Async-FedDRL,7851,218,0.32117198663757923
High-straggler,Async-FedDRL,7851,219,0.32670444317966096
High-straggler,Async-FedDRL,7851,220,0.3125948806333018
High-straggler,Async-FedDRL,7851,221,0.3196396191497348
High-straggler,Async-FedDRL,7851,222,0.321980031269096
High-straggler,Async-FedDRL,7851,223,0.31724765458345644
High-straggler,Async-FedDRL,7851,224,0.32140058434088736
High-straggler,Async-FedDRL,7851,225,0.31187035821457426
High-straggler,Async-FedDRL,7851,226,0.32362942594860467
High-straggler,Async-FedDRL,7851,227,0.31908573253468125
High-straggler,Async-FedDRL,7851,228,0.3286295123800599
High-straggler,Async-FedDRL,7851,229,0.31992557282615947
High-straggler,Async-FedDRL,7851,230,0.3162711157620892
High-straggler,Async-FedDRL,7851,231,0.32466616852741587
High-straggler,Async-FedDRL,7851,232,0.3267318786660036
High-straggler,Async-FedDRL,7851,233,0.316688209746972
High-straggler,Async-FedDRL,7851,234,0.3218806004085044
High-straggler,Async-FedDRL,7851,235,0.32776164694248167
High-straggler,Async-FedDRL,7851,236,0.32218461632355105
High-straggler,Async-FedDRL,7851,237,0.32729935471026544
High-straggler,Async-FedDRL,7851,238,0.322952673230403
High-straggler,Async-FedDRL,7851,239,0.3181274630131509
High-straggler,Async-FedDRL,7851,240,0.31657634729971035
High-straggler,Async-FedDRL,7851,241,0.32425052847623886
High-straggler,Async-FedDRL,7851,242,0.3151095847549863
High-straggler,Async-FedDRL,7851,243,0.3186111611341813
High-straggler,Async-FedDRL,7851,244,0.3180587922804043
High-straggler,Async-FedDRL,7851,245,0.31913909458345735
High-straggler,Async-FedDRL,7851,246,0.3195367073778986
High-straggler,Async-FedDRL,7851,247,0.3286733916260232
High-straggler,Async-FedDRL,7851,248,0.3230770797749136
High-straggler,Async-FedDRL,7851,249,0.32570406992959045
High-straggler,Async-FedDRL,7851,250,0.322414445672766
High-straggler,Async-FedDRL,7851,251,0.31730807064111693
High-straggler,Async-FedDRL,7851,252,0.3248122699197461
High-straggler,Async-FedDRL,7851,253,0.3222244034376287
High-straggler,Async-FedDRL,7851,254,0.32901523328741983
High-straggler,Async-FedDRL,7851,255,0.3154248189815004
High-straggler,Async-FedDRL,7851,256,0.3253085350608744
High-straggler,Async-FedDRL,7851,257,0.32000230648626066
High-straggler,Async-FedDRL,7851,258,0.3239460123771313
High-straggler,Async-FedDRL,7851,259,0.3186018785651928
High-straggler,Async-FedDRL,7851,260,0.324530535795105
High-straggler,Async-FedDRL,7851,261,0.323412503787933
High-straggler,Async-FedDRL,7851,262,0.3251447723353063
High-straggler,Async-FedDRL,7851,263,0.31915429857957806
High-straggler,Async-FedDRL,7851,264,0.3233016706100519
High-straggler,Async-FedDRL,7851,265,0.327144505443204
High-straggler,Async-FedDRL,7851,266,0.32573620075784954
High-straggler,Async-FedDRL,7851,267,0.320327982115621
High-straggler,Async-FedDRL,7851,268,0.32057099074103945
High-straggler,Async-FedDRL,7851,269,0.33028484747042114
High-straggler,Async-FedDRL,7851,270,0.32040633915294436
High-straggler,Async-FedDRL,7851,271,0.31778972480680784
High-straggler,Async-FedDRL,7851,272,0.3233074437064795
High-straggler,Async-FedDRL,7851,273,0.3253300043862677
High-straggler,Async-FedDRL,7851,274,0.3160621663414473
High-straggler,Async-FedDRL,7851,275,0.32613417338180234
High-straggler,Async-FedDRL,7851,276,0.31327059108662264
High-straggler,Async-FedDRL,7851,277,0.3300558440769598
High-straggler,Async-FedDRL,7851,278,0.32622749278001345
High-straggler,Async-FedDRL,7851,279,0.32421489532975556
High-straggler,Async-FedDRL,7851,280,0.3248872702840565
High-straggler,Async-FedDRL,7851,281,0.3233889332965272
High-straggler,Async-FedDRL,7851,282,0.3205998484205898
High-straggler,Async-FedDRL,7851,283,0.33166336470653845
High-straggler,Async-FedDRL,7851,284,0.3201606468433198
High-straggler,Async-FedDRL,7851,285,0.3249927834996347
High-straggler,Async-FedDRL,7851,286,0.3246551917549293
High-straggler,Async-FedDRL,7851,287,0.3252667306754081
High-straggler,Async-FedDRL,7851,288,0.33433756123812125
High-straggler,Async-FedDRL,7851,289,0.32196447048691396
High-straggler,Async-FedDRL,7851,290,0.3262470867344265
High-straggler,Async-FedDRL,7851,291,0.32157808349583594
High-straggler,Async-FedDRL,7851,292,0.32157263325361396
High-straggler,Async-FedDRL,7851,293,0.3261840021918321
High-straggler,Async-FedDRL,7851,294,0.32376589628106955
High-straggler,Async-FedDRL,7851,295,0.3237429400564323
High-straggler,Async-FedDRL,7851,296,0.3239165526106184
High-straggler,Async-FedDRL,7851,297,0.3106888207129583
High-straggler,Async-FedDRL,7851,298,0.3265171879087344
High-straggler,Async-FedDRL,7851,299,0.3304521021709688
High-straggler,Async-FedDRL,7851,300,0.32650924855677277
High-straggler,Async-FedDRL,7851,301,0.3310000040070017
High-straggler,Async-FedDRL,7851,302,0.32997997632881726
High-straggler,Async-FedDRL,7851,303,0.3259981791456855
High-straggler,Async-FedDRL,7851,304,0.3227779736255885
High-straggler,Async-FedDRL,7851,305,0.3216124533036913
High-straggler,Async-FedDRL,7851,306,0.32946142645647797
High-straggler,Async-FedDRL,7851,307,0.3172723244902179
High-straggler,Async-FedDRL,7851,308,0.3210578863697429
High-straggler,Async-FedDRL,7851,309,0.3204499689159849
High-straggler,Async-FedDRL,7851,310,0.32759417169323124
High-straggler,Async-FedDRL,7851,311,0.32253901827242953
High-straggler,Async-FedDRL,7851,312,0.3267978205368982
High-straggler,Async-FedDRL,7851,313,0.33451767255972586
High-straggler,Async-FedDRL,7851,314,0.3280323013327954
High-straggler,Async-FedDRL,7851,315,0.33207283887865907
High-straggler,Async-FedDRL,7851,316,0.332477752672374
High-straggler,Async-FedDRL,7851,317,0.32098274586621744
High-straggler,Async-FedDRL,7851,318,0.3199952971563481
High-straggler,Async-FedDRL,7851,319,0.3246227008948462
High-straggler,Async-FedDRL,7851,320,0.33126015282384164
High-straggler,Async-FedDRL,7851,321,0.319301632387575
High-straggler,Async-FedDRL,7851,322,0.32602501731847666
High-straggler,Async-FedDRL,7851,323,0.3277634870597496
High-straggler,Async-FedDRL,7851,324,0.3204620382661458
High-straggler,Async-FedDRL,7851,325,0.32161184351521127
High-straggler,Async-FedDRL,7851,326,0.3319195253523504
High-straggler,Async-FedDRL,7851,327,0.3246315822086635
High-straggler,Async-FedDRL,7851,328,0.3257854502729832
High-straggler,Async-FedDRL,7851,329,0.3205890515383177
High-straggler,Async-FedDRL,7851,330,0.3292864358944288
High-straggler,Async-FedDRL,7851,331,0.32504082515484783
High-straggler,Async-FedDRL,7851,332,0.3208572026588481
High-straggler,Async-FedDRL,7851,333,0.3210680007110712
High-straggler,Async-FedDRL,7851,334,0.3317407459652885
High-straggler,Async-FedDRL,7851,335,0.31749432236169506
High-straggler,Async-FedDRL,7851,336,0.3297871936171173
High-straggler,Async-FedDRL,7851,337,0.31838706396838407
High-straggler,Async-FedDRL,7851,338,0.3259652134364507
High-straggler,Async-FedDRL,7851,339,0.3271891707963332
High-straggler,Async-FedDRL,7851,340,0.3261993556921123
High-straggler,Async-FedDRL,7851,341,0.3245113819363947
High-straggler,Async-FedDRL,7851,342,0.3219466118130583
High-straggler,Async-FedDRL,7851,343,0.32718531967133585
High-straggler,Async-FedDRL,7851,344,0.33003170513583907
High-straggler,Async-FedDRL,7851,345,0.32513163237906456
High-straggler,Async-FedDRL,7851,346,0.32134206704190865
High-straggler,Async-FedDRL,7851,347,0.3216477718667547
High-straggler,Async-FedDRL,7851,348,0.3226350903096945
High-straggler,Async-FedDRL,7851,349,0.32683779759118675
High-straggler,Async-FedDRL,7851,350,0.3346743475614109
High-straggler,Async-FedDRL,7851,351,0.32787769207379525
High-straggler,Async-FedDRL,7851,352,0.3242887671781005
High-straggler,Async-FedDRL,7851,353,0.32329253473632796
High-straggler,Async-FedDRL,7851,354,0.3298452946082343
High-straggler,Async-FedDRL,7851,355,0.33480892523587413
High-straggler,Async-FedDRL,7851,356,0.32700725829254373
High-straggler,Async-FedDRL,7851,357,0.3319145512666259
High-straggler,Async-FedDRL,7851,358,0.3206721522956788
High-straggler,Async-FedDRL,7851,359,0.31167823228110186
High-straggler,Async-FedDRL,7851,360,0.33584281687609835
High-straggler,Async-FedDRL,7851,361,0.32241722781258
High-straggler,Async-FedDRL,7851,362,0.32452036003877544
High-straggler,Async-FedDRL,7851,363,0.33243403744578665
High-straggler,Async-FedDRL,7851,364,0.3249487060869967
High-straggler,Async-FedDRL,7851,365,0.3242968526993842
High-straggler,Async-FedDRL,7851,366,0.3375061743559181
High-straggler,Async-FedDRL,7851,367,0.33575181252375597
High-straggler,Async-FedDRL,7851,368,0.32294293883977276
High-straggler,Async-FedDRL,7851,369,0.3307755881941286
High-straggler,Async-FedDRL,7851,370,0.3368424303747336
High-straggler,Async-FedDRL,7851,371,0.32375439635656483
High-straggler,Async-FedDRL,7851,372,0.32114602253905694
High-straggler,Async-FedDRL,7851,373,0.32435208808153265
High-straggler,Async-FedDRL,7851,374,0.3270081936375389
High-straggler,Async-FedDRL,7851,375,0.3270273004967847
High-straggler,Async-FedDRL,7851,376,0.32431134572319614
High-straggler,Async-FedDRL,7851,377,0.33022823709258564
High-straggler,Async-FedDRL,7851,378,0.3160495035180128
High-straggler,Async-FedDRL,7851,379,0.3241613971041984
High-straggler,Async-FedDRL,7851,380,0.32670471050923455
High-straggler,Async-FedDRL,7851,381,0.32627292807633956
High-straggler,Async-FedDRL,7851,382,0.326767008691588
High-straggler,Async-FedDRL,7851,383,0.3304116295842821
High-straggler,Async-FedDRL,7851,384,0.32650092801221386
High-straggler,Async-FedDRL,7851,385,0.3236396506982146
High-straggler,Async-FedDRL,7851,386,0.32480874183593095
High-straggler,Async-FedDRL,7851,387,0.3256267246239012
High-straggler,Async-FedDRL,7851,388,0.3263557348462548
High-straggler,Async-FedDRL,7851,389,0.3177331609284239
High-straggler,Async-FedDRL,7851,390,0.32037680813922575
High-straggler,Async-FedDRL,7851,391,0.32592112547013746
High-straggler,Async-FedDRL,7851,392,0.3293611720495805
High-straggler,Async-FedDRL,7851,393,0.32644698225334956
High-straggler,Async-FedDRL,7851,394,0.33020778021156155
High-straggler,Async-FedDRL,7851,395,0.3307722408534013
High-straggler,Async-FedDRL,7851,396,0.325177086294002
High-straggler,Async-FedDRL,7851,397,0.32242352312205635
High-straggler,Async-FedDRL,7851,398,0.33039818470120874
High-straggler,Async-FedDRL,7851,399,0.3300711606531761
High-straggler,Async-FedDRL,7851,400,0.3260827764118747
High-straggler,JIT-APFRL,3407,1,0.256647780242567
High-straggler,JIT-APFRL,3407,2,0.25058791018846593
High-straggler,JIT-APFRL,3407,3,0.2571768949072382
High-straggler,JIT-APFRL,3407,4,0.2568446628487188
High-straggler,JIT-APFRL,3407,5,0.26594157204756075
High-straggler,JIT-APFRL,3407,6,0.2693089668831183
High-straggler,JIT-APFRL,3407,7,0.2546260509309443
High-straggler,JIT-APFRL,3407,8,0.26725200319936343
High-straggler,JIT-APFRL,3407,9,0.259230862318537
High-straggler,JIT-APFRL,3407,10,0.25881731943629954
High-straggler,JIT-APFRL,3407,11,0.2700816561309016
High-straggler,JIT-APFRL,3407,12,0.2723801292966929
High-straggler,JIT-APFRL,3407,13,0.266285191440561
High-straggler,JIT-APFRL,3407,14,0.2628063027286319
High-straggler,JIT-APFRL,3407,15,0.26404623058122273
High-straggler,JIT-APFRL,3407,16,0.2607853760489181
High-straggler,JIT-APFRL,3407,17,0.267271294689375
High-straggler,JIT-APFRL,3407,18,0.2576041386890042
High-straggler,JIT-APFRL,3407,19,0.2662471532375556
High-straggler,JIT-APFRL,3407,20,0.2644132429780419
High-straggler,JIT-APFRL,3407,21,0.2671758036913824
High-straggler,JIT-APFRL,3407,22,0.26585049421833656
High-straggler,JIT-APFRL,3407,23,0.26146962407868224
High-straggler,JIT-APFRL,3407,24,0.26659638910631345
High-straggler,JIT-APFRL,3407,25,0.267875225506452
High-straggler,JIT-APFRL,3407,26,0.2617285388159231
High-straggler,JIT-APFRL,3407,27,0.2708656904977862
High-straggler,JIT-APFRL,3407,28,0.2619058335725752
High-straggler,JIT-APFRL,3407,29,0.2683263868880895
High-straggler,JIT-APFRL,3407,30,0.2625864391273437
High-straggler,JIT-APFRL,3407,31,0.2664069447641247
High-straggler,JIT-APFRL,3407,32,0.26041526895077205
High-straggler,JIT-APFRL,3407,33,0.27549476025025693
High-straggler,JIT-APFRL,3407,34,0.2667884794188304
High-straggler,JIT-APFRL,3407,35,0.26172465598393724
High-straggler,JIT-APFRL,3407,36,0.26591685794892556
High-straggler,JIT-APFRL,3407,37,0.263832508570516
High-straggler,JIT-APFRL,3407,38,0.26238202080532014
High-straggler,JIT-APFRL,3407,39,0.2591922501292756
High-straggler,JIT-APFRL,3407,40,0.2725181398673998
High-straggler,JIT-APFRL,3407,41,0.26779016217305873
High-straggler,JIT-APFRL,3407,42,0.2585467679165735
High-straggler,JIT-APFRL,3407,43,0.27067724098195173
High-straggler,JIT-APFRL,3407,44,0.26637090830834614
High-straggler,JIT-APFRL,3407,45,0.2667887692700091
High-straggler,JIT-APFRL,3407,46,0.260370644784291
High-straggler,JIT-APFRL,3407,47,0.2708590422371791
High-straggler,JIT-APFRL,3407,48,0.26600702598398623
High-straggler,JIT-APFRL,3407,49,0.26406388871169895
High-straggler,JIT-APFRL,3407,50,0.2740200674606689
High-straggler,JIT-APFRL,3407,51,0.2699125899648439
High-straggler,JIT-APFRL,3407,52,0.2664202503148935
High-straggler,JIT-APFRL,3407,53,0.2686785840840081
High-straggler,JIT-APFRL,3407,54,0.26821134313260686
High-straggler,JIT-APFRL,3407,55,0.27365532361271994
High-straggler,JIT-APFRL,3407,56,0.2702446641393437
High-straggler,JIT-APFRL,3407,57,0.26976711928370056
High-straggler,JIT-APFRL,3407,58,0.260452489080012
High-straggler,JIT-APFRL,3407,59,0.26882901777962365
High-straggler,JIT-APFRL,3407,60,0.2691799858212575
High-straggler,JIT-APFRL,3407,61,0.2722737454835798
High-straggler,JIT-APFRL,3407,62,0.27282212502317893
High-straggler,JIT-APFRL,3407,63,0.27181402802227456
High-straggler,JIT-APFRL,3407,64,0.27453686974057395
High-straggler,JIT-APFRL,3407,65,0.27024421507918306
High-straggler,JIT-APFRL,3407,66,0.26265951286440886
High-straggler,JIT-APFRL,3407,67,0.27005717037399224
High-straggler,JIT-APFRL,3407,68,0.27315190363682884
High-straggler,JIT-APFRL,3407,69,0.2678695363619781
High-straggler,JIT-APFRL,3407,70,0.27360475361408065
High-straggler,JIT-APFRL,3407,71,0.2753853407354144
High-straggler,JIT-APFRL,3407,72,0.2674923650200053
High-straggler,JIT-APFRL,3407,73,0.2730677980776103
High-straggler,JIT-APFRL,3407,74,0.26756810045345003
High-straggler,JIT-APFRL,3407,75,0.2727453534809921
High-straggler,JIT-APFRL,3407,76,0.26148706709354436
High-straggler,JIT-APFRL,3407,77,0.27222975798312815
High-straggler,JIT-APFRL,3407,78,0.2737542793557426
High-straggler,JIT-APFRL,3407,79,0.27148249510619066
High-straggler,JIT-APFRL,3407,80,0.2745955092199373
High-straggler,JIT-APFRL,3407,81,0.2708591167915609
High-straggler,JIT-APFRL,3407,82,0.27016732923523684
High-straggler,JIT-APFRL,3407,83,0.27414879296208666
High-straggler,JIT-APFRL,3407,84,0.2691049791782348
High-straggler,JIT-APFRL,3407,85,0.2715524444740296
High-straggler,JIT-APFRL,3407,86,0.27237126908153847
High-straggler,JIT-APFRL,3407,87,0.2768449369612605
High-straggler,JIT-APFRL,3407,88,0.27342886322265897
High-straggler,JIT-APFRL,3407,89,0.2725571654450146
High-straggler,JIT-APFRL,3407,90,0.2791946183227386
High-straggler,JIT-APFRL,3407,91,0.2757052064043971
High-straggler,JIT-APFRL,3407,92,0.2760160822697818
High-straggler,JIT-APFRL,3407,93,0.2736412238780773
High-straggler,JIT-APFRL,3407,94,0.28082733431146634
High-straggler,JIT-APFRL,3407,95,0.27044719895310854
High-straggler,JIT-APFRL,3407,96,0.2839587448842091
High-straggler,JIT-APFRL,3407,97,0.2705922669436685
High-straggler,JIT-APFRL,3407,98,0.2780552552167147
High-straggler,JIT-APFRL,3407,99,0.2784064894353236
High-straggler,JIT-APFRL,3407,100,0.2704948823582495
High-straggler,JIT-APFRL,3407,101,0.27399532797352316
High-straggler,JIT-APFRL,3407,102,0.28329612779875263
High-straggler,JIT-APFRL,3407,103,0.27627624107221843
High-straggler,JIT-APFRL,3407,104,0.2702920530936555
High-straggler,JIT-APFRL,3407,105,0.2784830759533154
High-straggler,JIT-APFRL,3407,106,0.28272510509870197
High-straggler,JIT-APFRL,3407,107,0.28062660690942526
High-straggler,JIT-APFRL,3407,108,0.27510062125991824
High-straggler,JIT-APFRL,3407,109,0.2746398063844268
High-straggler,JIT-APFRL,3407,110,0.28346830840933407
High-straggler,JIT-APFRL,3407,111,0.2770937467543005
High-straggler,JIT-APFRL,3407,112,0.2772410999913935
High-straggler,JIT-APFRL,3407,113,0.2756298116466707
High-straggler,JIT-APFRL,3407,114,0.28905070918637576
High-straggler,JIT-APFRL,3407,115,0.2856680627821411
High-straggler,JIT-APFRL,3407,116,0.2851822995553281
High-straggler,JIT-APFRL,3407,117,0.29108249093753047
High-straggler,JIT-APFRL,3407,118,0.2915841007991604
High-straggler,JIT-APFRL,3407,119,0.27892157187695127
High-straggler,JIT-APFRL,3407,120,0.2853743266247867
High-straggler,JIT-APFRL,3407,121,0.2874723918056241
High-straggler,JIT-APFRL,3407,122,0.2830621373642217
High-straggler,JIT-APFRL,3407,123,0.28040225829729204
High-straggler,JIT-APFRL,3407,124,0.2815648924726106
High-straggler,JIT-APFRL,3407,125,0.2853332750108558
High-straggler,JIT-APFRL,3407,126,0.28945251595547483
High-straggler,JIT-APFRL,3407,127,0.29090402730331244
High-straggler,JIT-APFRL,3407,128,0.27744811633359256
High-straggler,JIT-APFRL,3407,129,0.2846472501755231
High-straggler,JIT-APFRL,3407,130,0.28705014644660143
High-straggler,JIT-APFRL,3407,131,0.27581280932408936
High-straggler,JIT-APFRL,3407,132,0.2856667246509806
High-straggler,JIT-APFRL,3407,133,0.2882792737581866
High-straggler,JIT-APFRL,3407,134,0.29323024024566885
High-straggler,JIT-APFRL,3407,135,0.2903841940845424
High-straggler,JIT-APFRL,3407,136,0.28083964497595243
High-straggler,JIT-APFRL,3407,137,0.29336880038436247
High-straggler,JIT-APFRL,3407,138,0.2879572883774031
High-straggler,JIT-APFRL,3407,139,0.2785760857389587
High-straggler,JIT-APFRL,3407,140,0.2870616849977498
High-straggler,JIT-APFRL,3407,141,0.28958271584436557
High-straggler,JIT-APFRL,3407,142,0.2946335743865686
High-straggler,JIT-APFRL,3407,143,0.28713846411227484
High-straggler,JIT-APFRL,3407,144,0.2995375975896464
High-straggler,JIT-APFRL,3407,145,0.2940976009290594
High-straggler,JIT-APFRL,3407,146,0.2913731288911792
High-straggler,JIT-APFRL,3407,147,0.29372480707653553
High-straggler,JIT-APFRL,3407,148,0.2950126582403317
High-straggler,JIT-APFRL,3407,149,0.29202758020971004
High-straggler,JIT-APFRL,3407,150,0.29606023668993325
High-straggler,JIT-APFRL,3407,151,0.2825365816459319
High-straggler,JIT-APFRL,3407,152,0.29310010780921425
High-straggler,JIT-APFRL,3407,153,0.2971008817739263
High-straggler,JIT-APFRL,3407,154,0.2929209032984476
High-straggler,JIT-APFRL,3407,155,0.29533508836213557
High-straggler,JIT-APFRL,3407,156,0.2972674688943924
High-straggler,JIT-APFRL,3407,157,0.30215350921595563
High-straggler,JIT-APFRL,3407,158,0.2929999970228046
High-straggler,JIT-APFRL,3407,159,0.2946232780909653
High-straggler,JIT-APFRL,3407,160,0.2916839154124451
High-straggler,JIT-APFRL,3407,161,0.2937467462459792
High-straggler,JIT-APFRL,3407,162,0.2944462707738125
High-straggler,JIT-APFRL,3407,163,0.29455119779342726
High-straggler,JIT-APFRL,3407,164,0.2993384064659218
High-straggler,JIT-APFRL,3407,165,0.29265999984419977
High-straggler,JIT-APFRL,3407,166,0.2916358721443635
High-straggler,JIT-APFRL,3407,167,0.29303568865400176
High-straggler,JIT-APFRL,3407,168,0.2920255199678471
High-straggler,JIT-APFRL,3407,169,0.29868124853549693
High-straggler,JIT-APFRL,3407,170,0.29161150697753735
High-straggler,JIT-APFRL,3407,171,0.29622371703306877
High-straggler,JIT-APFRL,3407,172,0.2866700232572771
High-straggler,JIT-APFRL,3407,173,0.29671080209768275
High-straggler,JIT-APFRL,3407,174,0.29642722687947376
High-straggler,JIT-APFRL,3407,175,0.29473725818834234
High-straggler,JIT-APFRL,3407,176,0.3037273459631839
High-straggler,JIT-APFRL,3407,177,0.29427891877137813
High-straggler,JIT-APFRL,3407,178,0.29658443483804425
High-straggler,JIT-APFRL,3407,179,0.28840373769320204
High-straggler,JIT-APFRL,3407,180,0.29753146334230546
High-straggler,JIT-APFRL,3407,181,0.29485676027414887
High-straggler,JIT-APFRL,3407,182,0.3006646431490715
High-straggler,JIT-APFRL,3407,183,0.2945739009978319
High-straggler,JIT-APFRL,3407,184,0.2938028001017943
High-straggler,JIT-APFRL,3407,185,0.30226374255633454
High-straggler,JIT-APFRL,3407,186,0.3051389723067592
High-straggler,JIT-APFRL,3407,187,0.3033199984438262
High-straggler,JIT-APFRL,3407,188,0.29461507388041913
High-straggler,JIT-APFRL,3407,189,0.30138678608045133
High-straggler,JIT-APFRL,3407,190,0.3017891172734227
High-straggler,JIT-APFRL,3407,191,0.30220097608333746
High-straggler,JIT-APFRL,3407,192,0.2949994051785083
High-straggler,JIT-APFRL,3407,193,0.30153928279350023
High-straggler,JIT-APFRL,3407,194,0.3018403493831239
High-straggler,JIT-APFRL,3407,195,0.3029564966541842
High-straggler,JIT-APFRL,3407,196,0.29701725580424654
High-straggler,JIT-APFRL,3407,197,0.3031562360857946
High-straggler,JIT-APFRL,3407,198,0.296296062090918
High-straggler,JIT-APFRL,3407,199,0.2942776563322312
High-straggler,JIT-APFRL,3407,200,0.30084863527515004
High-straggler,JIT-APFRL,3407,201,0.2987623565661197
High-straggler,JIT-APFRL,3407,202,0.3014821202701601
High-straggler,JIT-APFRL,3407,203,0.30159931237429227
High-straggler,JIT-APFRL,3407,204,0.3016821822760623
High-straggler,JIT-APFRL,3407,205,0.2968642036344536
High-straggler,JIT-APFRL,3407,206,0.29704111488833274
High-straggler,JIT-APFRL,3407,207,0.2936699853450516
High-straggler,JIT-APFRL,3407,208,0.29947955887273103
High-straggler,JIT-APFRL,3407,209,0.2963854951619553
High-straggler,JIT-APFRL,3407,210,0.30163154695289823
High-straggler,JIT-APFRL,3407,211,0.30597994144012625
High-straggler,JIT-APFRL,3407,212,0.3007712235171446
High-straggler,JIT-APFRL,3407,213,0.30973691364032196
High-straggler,JIT-APFRL,3407,214,0.3031291095334241
High-straggler,JIT-APFRL,3407,215,0.29819823812817425
High-straggler,JIT-APFRL,3407,216,0.3049860480684556
High-straggler,JIT-APFRL,3407,217,0.3021137527135236
High-straggler,JIT-APFRL,3407,218,0.3033840633192625
High-straggler,JIT-APFRL,3407,219,0.2958985580525243
High-straggler,JIT-APFRL,3407,220,0.3072942005196764
High-straggler,JIT-APFRL,3407,221,0.30474460543014653
High-straggler,JIT-APFRL,3407,222,0.3066701612606836
High-straggler,JIT-APFRL,3407,223,0.2958754554578322
High-straggler,JIT-APFRL,3407,224,0.30969299591497323
High-straggler,JIT-APFRL,3407,225,0.2975893201401983
High-straggler,JIT-APFRL,3407,226,0.30596484006062963
High-straggler,JIT-APFRL,3407,227,0.30282635143379566
High-straggler,JIT-APFRL,3407,228,0.30654774346379393
High-straggler,JIT-APFRL,3407,229,0.30350939780423236
High-straggler,JIT-APFRL,3407,230,0.30478409359201836
High-straggler,JIT-APFRL,3407,231,0.31051123383721035
High-straggler,JIT-APFRL,3407,232,0.3035338803127606
High-straggler,JIT-APFRL,3407,233,0.30263752414384826
High-straggler,JIT-APFRL,3407,234,0.30123407642859784
High-straggler,JIT-APFRL,3407,235,0.3084967876185788
High-straggler,JIT-APFRL,3407,236,0.30131407896260093
High-straggler,JIT-APFRL,3407,237,0.30877737577155534
High-straggler,JIT-APFRL,3407,238,0.3027335351099004
High-straggler,JIT-APFRL,3407,239,0.30765249223063673
High-straggler,JIT-APFRL,3407,240,0.3023072890063721
High-straggler,JIT-APFRL,3407,241,0.30420047078241613
High-straggler,JIT-APFRL,3407,242,0.3135187919559233
High-straggler,JIT-APFRL,3407,243,0.3058325738713693
High-straggler,JIT-APFRL,3407,244,0.31026334814944073
High-straggler,JIT-APFRL,3407,245,0.303145065634259
High-straggler,JIT-APFRL,3407,246,0.30318520907305585
High-straggler,JIT-APFRL,3407,247,0.3027803270151926
High-straggler,JIT-APFRL,3407,248,0.3072193435251712
High-straggler,JIT-APFRL,3407,249,0.30559546031470325
High-straggler,JIT-APFRL,3407,250,0.3146460114905528
High-straggler,JIT-APFRL,3407,251,0.3027090719681911
High-straggler,JIT-APFRL,3407,252,0.3140589559472694
High-straggler,JIT-APFRL,3407,253,0.3170434187649978
High-straggler,JIT-APFRL,3407,254,0.31196466126880545
High-straggler,JIT-APFRL,3407,255,0.30542453524014396
High-straggler,JIT-APFRL,3407,256,0.30053415636917247
High-straggler,JIT-APFRL,3407,257,0.3116962152445979
High-straggler,JIT-APFRL,3407,258,0.3144343182647536
High-straggler,JIT-APFRL,3407,259,0.3089298441405802
High-straggler,JIT-APFRL,3407,260,0.3056541877560504
High-straggler,JIT-APFRL,3407,261,0.30816123214269286
High-straggler,JIT-APFRL,3407,262,0.30885799538459796
High-straggler,JIT-APFRL,3407,263,0.3072902965659164
High-straggler,JIT-APFRL,3407,264,0.3124873603133129
High-straggler,JIT-APFRL,3407,265,0.3140209365547098
High-straggler,JIT-APFRL,3407,266,0.30946238494681444
High-straggler,JIT-APFRL,3407,267,0.30594719720974284
High-straggler,JIT-APFRL,3407,268,0.3032287688627049
High-straggler,JIT-APFRL,3407,269,0.30642144298331275
High-straggler,JIT-APFRL,3407,270,0.3131248286978102
High-straggler,JIT-APFRL,3407,271,0.32310514382376043
High-straggler,JIT-APFRL,3407,272,0.30669064884727754
High-straggler,JIT-APFRL,3407,273,0.3016994953540749
High-straggler,JIT-APFRL,3407,274,0.31043172211305853
High-straggler,JIT-APFRL,3407,275,0.3066801556839828
High-straggler,JIT-APFRL,3407,276,0.3049892414868731
High-straggler,JIT-APFRL,3407,277,0.30979052280670955
High-straggler,JIT-APFRL,3407,278,0.31792900295287485
High-straggler,JIT-APFRL,3407,279,0.31506380434730774
High-straggler,JIT-APFRL,3407,280,0.3048018994668791
High-straggler,JIT-APFRL,3407,281,0.31118728571097254
High-straggler,JIT-APFRL,3407,282,0.31297867283718517
High-straggler,JIT-APFRL,3407,283,0.31566379408483364
High-straggler,JIT-APFRL,3407,284,0.31607695450540896
High-straggler,JIT-APFRL,3407,285,0.30802326935614976
High-straggler,JIT-APFRL,3407,286,0.3171158101103003
High-straggler,JIT-APFRL,3407,287,0.31301771769554104
High-straggler,JIT-APFRL,3407,288,0.3163871847714044
High-straggler,JIT-APFRL,3407,289,0.3048745861156986
High-straggler,JIT-APFRL,3407,290,0.30745634458787047
High-straggler,JIT-APFRL,3407,291,0.311191488888419
High-straggler,JIT-APFRL,3407,292,0.31568985201384425
High-straggler,JIT-APFRL,3407,293,0.3105520613903733
High-straggler,JIT-APFRL,3407,294,0.3138061220982664
High-straggler,JIT-APFRL,3407,295,0.30886211472479547
High-straggler,JIT-APFRL,3407,296,0.31285771034899795
High-straggler,JIT-APFRL,3407,297,0.31051365256618163
High-straggler,JIT-APFRL,3407,298,0.3136550344452654
High-straggler,JIT-APFRL,3407,299,0.2976029101001345
High-straggler,JIT-APFRL,3407,300,0.3079287842286629
High-straggler,JIT-APFRL,3407,301,0.31638315451580173
High-straggler,JIT-APFRL,3407,302,0.3166002674585035
High-straggler,JIT-APFRL,3407,303,0.3146401792221987
High-straggler,JIT-APFRL,3407,304,0.31750368874141477
High-straggler,JIT-APFRL,3407,305,0.3195347873332345
High-straggler,JIT-APFRL,3407,306,0.31368861578524027
High-straggler,JIT-APFRL,3407,307,0.316499936033848
High-straggler,JIT-APFRL,3407,308,0.31350691019651733
High-straggler,JIT-APFRL,3407,309,0.31975037262555495
High-straggler,JIT-APFRL,3407,310,0.31937771732164694
High-straggler,JIT-APFRL,3407,311,0.31305720926809927
High-straggler,JIT-APFRL,3407,312,0.3082898421578442
High-straggler,JIT-APFRL,3407,313,0.31327889940122294
High-straggler,JIT-APFRL,3407,314,0.31398057144290276
High-straggler,JIT-APFRL,3407,315,0.31919345414677636
High-straggler,JIT-APFRL,3407,316,0.3194267327847747
High-straggler,JIT-APFRL,3407,317,0.3080128174718894
High-straggler,JIT-APFRL,3407,318,0.3169277993690662
High-straggler,JIT-APFRL,3407,319,0.3112516170737509
High-straggler,JIT-APFRL,3407,320,0.3174135633875267
High-straggler,JIT-APFRL,3407,321,0.31540569028222476
High-straggler,JIT-APFRL,3407,322,0.3231542438443844
High-straggler,JIT-APFRL,3407,323,0.3184013005240282
High-straggler,JIT-APFRL,3407,324,0.3047189987519291
High-straggler,JIT-APFRL,3407,325,0.31733921158095796
High-straggler,JIT-APFRL,3407,326,0.3103691145275729
High-straggler,JIT-APFRL,3407,327,0.3193590234100533
High-straggler,JIT-APFRL,3407,328,0.31625694807113536
High-straggler,JIT-APFRL,3407,329,0.3192732998405428
High-straggler,JIT-APFRL,3407,330,0.3195424641918373
High-straggler,JIT-APFRL,3407,331,0.32036818881725165
High-straggler,JIT-APFRL,3407,332,0.31541603924873635
High-straggler,JIT-APFRL,3407,333,0.3201484591877862
High-straggler,JIT-APFRL,3407,334,0.31622393457681
High-straggler,JIT-APFRL,3407,335,0.3239640752855422
High-straggler,JIT-APFRL,3407,336,0.3223096503536334
High-straggler,JIT-APFRL,3407,337,0.3141854068035075
High-straggler,JIT-APFRL,3407,338,0.3196110956293622
High-straggler,JIT-APFRL,3407,339,0.32233117601358424
High-straggler,JIT-APFRL,3407,340,0.3134753366600968
High-straggler,JIT-APFRL,3407,341,0.3184064318631428
High-straggler,JIT-APFRL,3407,342,0.31801438668516413
High-straggler,JIT-APFRL,3407,343,0.30446009114245076
High-straggler,JIT-APFRL,3407,344,0.3171849222530816
High-straggler,JIT-APFRL,3407,345,0.324848295071645
High-straggler,JIT-APFRL,3407,346,0.31939649470745324
High-straggler,JIT-APFRL,3407,347,0.31261758517042637
High-straggler,JIT-APFRL,3407,348,0.3224780477977553
High-straggler,JIT-APFRL,3407,349,0.31505767519576544
High-straggler,JIT-APFRL,3407,350,0.3133614406821058
High-straggler,JIT-APFRL,3407,351,0.31158466112557337
High-straggler,JIT-APFRL,3407,352,0.31861946110126305
High-straggler,JIT-APFRL,3407,353,0.32124965621358603
High-straggler,JIT-APFRL,3407,354,0.31777516123043564
High-straggler,JIT-APFRL,3407,355,0.31812711936763377
High-straggler,JIT-APFRL,3407,356,0.31794103736719276
High-straggler,JIT-APFRL,3407,357,0.3244522086747653
High-straggler,JIT-APFRL,3407,358,0.312412332147876
High-straggler,JIT-APFRL,3407,359,0.30390282282373715
High-straggler,JIT-APFRL,3407,360,0.32192723232806975
High-straggler,JIT-APFRL,3407,361,0.3203036562310551
High-straggler,JIT-APFRL,3407,362,0.30856842215883706
High-straggler,JIT-APFRL,3407,363,0.31833478273395
High-straggler,JIT-APFRL,3407,364,0.32744826895535944
High-straggler,JIT-APFRL,3407,365,0.32085798593806436
High-straggler,JIT-APFRL,3407,366,0.3290548632436195
High-straggler,JIT-APFRL,3407,367,0.3236185005597709
High-straggler,JIT-APFRL,3407,368,0.31329789153508025
High-straggler,JIT-APFRL,3407,369,0.3151420637288727
High-straggler,JIT-APFRL,3407,370,0.3184915503785594
High-straggler,JIT-APFRL,3407,371,0.3209108822204677
High-straggler,JIT-APFRL,3407,372,0.3136259871290028
High-straggler,JIT-APFRL,3407,373,0.3202025432604191
High-straggler,JIT-APFRL,3407,374,0.3128718232673044
High-straggler,JIT-APFRL,3407,375,0.3301322093772361
High-straggler,JIT-APFRL,3407,376,0.3137403113105271
High-straggler,JIT-APFRL,3407,377,0.3178373053986892
High-straggler,JIT-APFRL,3407,378,0.31621321861876034
High-straggler,JIT-APFRL,3407,379,0.31247499914921867
High-straggler,JIT-APFRL,3407,380,0.3102523512515936
High-straggler,JIT-APFRL,3407,381,0.3190190081490362
High-straggler,JIT-APFRL,3407,382,0.31689884403022445
High-straggler,JIT-APFRL,3407,383,0.3209076591526999
High-straggler,JIT-APFRL,3407,384,0.3175407514416229
High-straggler,JIT-APFRL,3407,385,0.3188228032267042
High-straggler,JIT-APFRL,3407,386,0.3199674531745447
High-straggler,JIT-APFRL,3407,387,0.31891091951491113
High-straggler,JIT-APFRL,3407,388,0.31295710486659395
High-straggler,JIT-APFRL,3407,389,0.31202136907210376
High-straggler,JIT-APFRL,3407,390,0.3232424583271307
High-straggler,JIT-APFRL,3407,391,0.3130936979814176
High-straggler,JIT-APFRL,3407,392,0.322234117102377
High-straggler,JIT-APFRL,3407,393,0.31362725055060653
High-straggler,JIT-APFRL,3407,394,0.31522437428852157
High-straggler,JIT-APFRL,3407,395,0.32121543391792384
High-straggler,JIT-APFRL,3407,396,0.3157835458329172
High-straggler,JIT-APFRL,3407,397,0.3156267886943814
High-straggler,JIT-APFRL,3407,398,0.3203296873791211
High-straggler,JIT-APFRL,3407,399,0.32222245887642487
High-straggler,JIT-APFRL,3407,400,0.3235689597720013
High-straggler,JIT-APFRL,4518,1,0.25492149552493776
High-straggler,JIT-APFRL,4518,2,0.2590379349121058
High-straggler,JIT-APFRL,4518,3,0.2579890299998903
High-straggler,JIT-APFRL,4518,4,0.2663507845713204
High-straggler,JIT-APFRL,4518,5,0.26023844417729314
High-straggler,JIT-APFRL,4518,6,0.24861755537861643
High-straggler,JIT-APFRL,4518,7,0.2665093325569619
High-straggler,JIT-APFRL,4518,8,0.2598455742665662
High-straggler,JIT-APFRL,4518,9,0.25525709632749716
High-straggler,JIT-APFRL,4518,10,0.2580725682783962
High-straggler,JIT-APFRL,4518,11,0.2636641979363834
High-straggler,JIT-APFRL,4518,12,0.2532878128598332
High-straggler,JIT-APFRL,4518,13,0.25903395812828794
High-straggler,JIT-APFRL,4518,14,0.26484182128451006
High-straggler,JIT-APFRL,4518,15,0.2637786161453649
High-straggler,JIT-APFRL,4518,16,0.25627455317695685
High-straggler,JIT-APFRL,4518,17,0.2579496905530776
High-straggler,JIT-APFRL,4518,18,0.2597083354402256
High-straggler,JIT-APFRL,4518,19,0.260693718522301
High-straggler,JIT-APFRL,4518,20,0.24946879005549394
High-straggler,JIT-APFRL,4518,21,0.2620640613552466
High-straggler,JIT-APFRL,4518,22,0.2616148119373095
High-straggler,JIT-APFRL,4518,23,0.26127976940997183
High-straggler,JIT-APFRL,4518,24,0.25802774595810585
High-straggler,JIT-APFRL,4518,25,0.25686131009829705
High-straggler,JIT-APFRL,4518,26,0.265646281237255
High-straggler,JIT-APFRL,4518,27,0.25674800044841206
High-straggler,JIT-APFRL,4518,28,0.26248930552944116
High-straggler,JIT-APFRL,4518,29,0.25917608244600954
High-straggler,JIT-APFRL,4518,30,0.2575851794481261
High-straggler,JIT-APFRL,4518,31,0.2539096123563776
High-straggler,JIT-APFRL,4518,32,0.25950376105086265
High-straggler,JIT-APFRL,4518,33,0.2629299624209617
High-straggler,JIT-APFRL,4518,34,0.2645590836317114
High-straggler,JIT-APFRL,4518,35,0.24956085764907404
High-straggler,JIT-APFRL,4518,36,0.25925581470836256
High-straggler,JIT-APFRL,4518,37,0.261602124541606
High-straggler,JIT-APFRL,4518,38,0.2628284285534561
High-straggler,JIT-APFRL,4518,39,0.2624347209031594
High-straggler,JIT-APFRL,4518,40,0.26210243222748547
High-straggler,JIT-APFRL,4518,41,0.2601553392443071
High-straggler,JIT-APFRL,4518,42,0.2564708477677428
High-straggler,JIT-APFRL,4518,43,0.26549893699406363
High-straggler,JIT-APFRL,4518,44,0.26130514504382907
High-straggler,JIT-APFRL,4518,45,0.2592689367949796
High-straggler,JIT-APFRL,4518,46,0.26706572491915903
High-straggler,JIT-APFRL,4518,47,0.2627422575282037
High-straggler,JIT-APFRL,4518,48,0.2563032195988243
High-straggler,JIT-APFRL,4518,49,0.26150070005200615
High-straggler,JIT-APFRL,4518,50,0.2649923576818721
High-straggler,JIT-APFRL,4518,51,0.26825844660344517
High-straggler,JIT-APFRL,4518,52,0.2538262488318268
High-straggler,JIT-APFRL,4518,53,0.26306120390585036
High-straggler,JIT-APFRL,4518,54,0.26481453401103494
High-straggler,JIT-APFRL,4518,55,0.25910378390636385
High-straggler,JIT-APFRL,4518,56,0.2649321825491463
High-straggler,JIT-APFRL,4518,57,0.2614143234316965
High-straggler,JIT-APFRL,4518,58,0.2564218765279041
High-straggler,JIT-APFRL,4518,59,0.2637852116282319
High-straggler,JIT-APFRL,4518,60,0.2577891756053622
High-straggler,JIT-APFRL,4518,61,0.2633497651050486
High-straggler,JIT-APFRL,4518,62,0.26892368894675656
High-straggler,JIT-APFRL,4518,63,0.2684853379386529
High-straggler,JIT-APFRL,4518,64,0.262656837359444
High-straggler,JIT-APFRL,4518,65,0.2711756731645049
High-straggler,JIT-APFRL,4518,66,0.2649730741925411
High-straggler,JIT-APFRL,4518,67,0.2720823679920244
High-straggler,JIT-APFRL,4518,68,0.2603566238231937
High-straggler,JIT-APFRL,4518,69,0.2684793285546924
High-straggler,JIT-APFRL,4518,70,0.2683004476624586
High-straggler,JIT-APFRL,4518,71,0.265238580749104
High-straggler,JIT-APFRL,4518,72,0.27154768067282986
High-straggler,JIT-APFRL,4518,73,0.2653027014664459
High-straggler,JIT-APFRL,4518,74,0.2675322385734213
High-straggler,JIT-APFRL,4518,75,0.2690890332000844
High-straggler,JIT-APFRL,4518,76,0.26039096527274413
High-straggler,JIT-APFRL,4518,77,0.2617454539895002
High-straggler,JIT-APFRL,4518,78,0.26501215420126506
High-straggler,JIT-APFRL,4518,79,0.2707587040412582
High-straggler,JIT-APFRL,4518,80,0.27200879535079003
High-straggler,JIT-APFRL,4518,81,0.27278464019476245
High-straggler,JIT-APFRL,4518,82,0.27443723681045107
High-straggler,JIT-APFRL,4518,83,0.27362168558079897
High-straggler,JIT-APFRL,4518,84,0.2743050119766691
High-straggler,JIT-APFRL,4518,85,0.2788018640207233
High-straggler,JIT-APFRL,4518,86,0.26186113508266784
High-straggler,JIT-APFRL,4518,87,0.27659757829331616
High-straggler,JIT-APFRL,4518,88,0.2729682666826334
High-straggler,JIT-APFRL,4518,89,0.26465143042081546
High-straggler,JIT-APFRL,4518,90,0.28006210636770057
High-straggler,JIT-APFRL,4518,91,0.27340779630397116
High-straggler,JIT-APFRL,4518,92,0.27207795760658926
High-straggler,JIT-APFRL,4518,93,0.27287869883552535
High-straggler,JIT-APFRL,4518,94,0.27507755407957246
High-straggler,JIT-APFRL,4518,95,0.2773641182122604
High-straggler,JIT-APFRL,4518,96,0.27245105581933604
High-straggler,JIT-APFRL,4518,97,0.27649557533597624
High-straggler,JIT-APFRL,4518,98,0.2708060611435763
High-straggler,JIT-APFRL,4518,99,0.27845051629085343
High-straggler,JIT-APFRL,4518,100,0.27290396328803457
High-straggler,JIT-APFRL,4518,101,0.27941941807158105
High-straggler,JIT-APFRL,4518,102,0.27054712323503977
High-straggler,JIT-APFRL,4518,103,0.275681167874685
High-straggler,JIT-APFRL,4518,104,0.28016567177697016
High-straggler,JIT-APFRL,4518,105,0.27637311135043646
High-straggler,JIT-APFRL,4518,106,0.27830816805367975
High-straggler,JIT-APFRL,4518,107,0.2704401368809708
High-straggler,JIT-APFRL,4518,108,0.2780347906505957
High-straggler,JIT-APFRL,4518,109,0.27934819473354544
High-straggler,JIT-APFRL,4518,110,0.27772956735059323
High-straggler,JIT-APFRL,4518,111,0.2770611281533239
High-straggler,JIT-APFRL,4518,112,0.2735340833414648
High-straggler,JIT-APFRL,4518,113,0.2788970580813118
High-straggler,JIT-APFRL,4518,114,0.27655987697896106
High-straggler,JIT-APFRL,4518,115,0.2786502751118353
High-straggler,JIT-APFRL,4518,116,0.28359921139424
High-straggler,JIT-APFRL,4518,117,0.2814012903365914
High-straggler,JIT-APFRL,4518,118,0.28318561212412136
High-straggler,JIT-APFRL,4518,119,0.28236582167334345
High-straggler,JIT-APFRL,4518,120,0.2906732146282682
High-straggler,JIT-APFRL,4518,121,0.2831812136258255
High-straggler,JIT-APFRL,4518,122,0.28598905899488514
High-straggler,JIT-APFRL,4518,123,0.28677741404752066
High-straggler,JIT-APFRL,4518,124,0.2872516957685266
High-straggler,JIT-APFRL,4518,125,0.280902200601659
High-straggler,JIT-APFRL,4518,126,0.2853636303372796
High-straggler,JIT-APFRL,4518,127,0.2847703400678108
High-straggler,JIT-APFRL,4518,128,0.28159213817004847
High-straggler,JIT-APFRL,4518,129,0.2918102975413845
High-straggler,JIT-APFRL,4518,130,0.2884868410445318
High-straggler,JIT-APFRL,4518,131,0.2912390424274936
High-straggler,JIT-APFRL,4518,132,0.293019753647118
High-straggler,JIT-APFRL,4518,133,0.2888509109027156
High-straggler,JIT-APFRL,4518,134,0.28856921264058155
High-straggler,JIT-APFRL,4518,135,0.29070729669000644
High-straggler,JIT-APFRL,4518,136,0.2959316073669989
High-straggler,JIT-APFRL,4518,137,0.28974202928184306
High-straggler,JIT-APFRL,4518,138,0.29957931728151743
High-straggler,JIT-APFRL,4518,139,0.2882380549038942
High-straggler,JIT-APFRL,4518,140,0.29087087612769386
High-straggler,JIT-APFRL,4518,141,0.2913318830356552
High-straggler,JIT-APFRL,4518,142,0.28998831493911953
High-straggler,JIT-APFRL,4518,143,0.28660956344647287
High-straggler,JIT-APFRL,4518,144,0.29659679354585133
High-straggler,JIT-APFRL,4518,145,0.2916628947029221
High-straggler,JIT-APFRL,4518,146,0.2971017223933819
High-straggler,JIT-APFRL,4518,147,0.29743883626279954
High-straggler,JIT-APFRL,4518,148,0.298800439959483
High-straggler,JIT-APFRL,4518,149,0.2957419208135014
High-straggler,JIT-APFRL,4518,150,0.3021760384663134
High-straggler,JIT-APFRL,4518,151,0.28797540340466016
High-straggler,JIT-APFRL,4518,152,0.2979906762705147
High-straggler,JIT-APFRL,4518,153,0.29959002058827394
High-straggler,JIT-APFRL,4518,154,0.30665542606569474
High-straggler,JIT-APFRL,4518,155,0.29396938368864667
High-straggler,JIT-APFRL,4518,156,0.30712733022990507
High-straggler,JIT-APFRL,4518,157,0.301754090267333
High-straggler,JIT-APFRL,4518,158,0.300207314683596
High-straggler,JIT-APFRL,4518,159,0.3040936786971614
High-straggler,JIT-APFRL,4518,160,0.29972729348479493
High-straggler,JIT-APFRL,4518,161,0.30126292451629283
High-straggler,JIT-APFRL,4518,162,0.30470848001795137
High-straggler,JIT-APFRL,4518,163,0.2946596402425848
High-straggler,JIT-APFRL,4518,164,0.30315317999697505
High-straggler,JIT-APFRL,4518,165,0.2980740009723925
High-straggler,JIT-APFRL,4518,166,0.30423552859306185
High-straggler,JIT-APFRL,4518,167,0.3009639319976473
High-straggler,JIT-APFRL,4518,168,0.3051607026913242
High-straggler,JIT-APFRL,4518,169,0.30713507415079905
High-straggler,JIT-APFRL,4518,170,0.30973786820712135
High-straggler,JIT-APFRL,4518,171,0.2984017131965289
High-straggler,JIT-APFRL,4518,172,0.30011393578909723
High-straggler,JIT-APFRL,4518,173,0.30604008709165786
High-straggler,JIT-APFRL,4518,174,0.3046811498140805
High-straggler,JIT-APFRL,4518,175,0.3036812081447316
High-straggler,JIT-APFRL,4518,176,0.29742068180288617
High-straggler,JIT-APFRL,4518,177,0.3112404977941807
High-straggler,JIT-APFRL,4518,178,0.31332274659754805
High-straggler,JIT-APFRL,4518,179,0.30401547254900335
High-straggler,JIT-APFRL,4518,180,0.29955230191944704
High-straggler,JIT-APFRL,4518,181,0.3112023781686802
High-straggler,JIT-APFRL,4518,182,0.30253610786989743
High-straggler,JIT-APFRL,4518,183,0.3019947173476049
High-straggler,JIT-APFRL,4518,184,0.3100825069540284
High-straggler,JIT-APFRL,4518,185,0.3104413104390537
High-straggler,JIT-APFRL,4518,186,0.31463271018160016
High-straggler,JIT-APFRL,4518,187,0.3046785722728774
High-straggler,JIT-APFRL,4518,188,0.30923008513682476
High-straggler,JIT-APFRL,4518,189,0.3084483553225387
High-straggler,JIT-APFRL,4518,190,0.3094951952704057
High-straggler,JIT-APFRL,4518,191,0.3172561322826789
High-straggler,JIT-APFRL,4518,192,0.3164597412529005
High-straggler,JIT-APFRL,4518,193,0.30632347164570695
High-straggler,JIT-APFRL,4518,194,0.31264101937451216
High-straggler,JIT-APFRL,4518,195,0.30623190753704355
High-straggler,JIT-APFRL,4518,196,0.3126315401861707
High-straggler,JIT-APFRL,4518,197,0.3110863528300162
High-straggler,JIT-APFRL,4518,198,0.32037766845246884
High-straggler,JIT-APFRL,4518,199,0.31352613095005205
High-straggler,JIT-APFRL,4518,200,0.31122548838406644
High-straggler,JIT-APFRL,4518,201,0.31639759737404927
High-straggler,JIT-APFRL,4518,202,0.3138220211536922
High-straggler,JIT-APFRL,4518,203,0.30869716150358284
High-straggler,JIT-APFRL,4518,204,0.31343345549760204
High-straggler,JIT-APFRL,4518,205,0.3110338009383372
High-straggler,JIT-APFRL,4518,206,0.3127270635837382
High-straggler,JIT-APFRL,4518,207,0.31396364684435707
High-straggler,JIT-APFRL,4518,208,0.31897457276529595
High-straggler,JIT-APFRL,4518,209,0.31637642938039146
High-straggler,JIT-APFRL,4518,210,0.3141576094138976
High-straggler,JIT-APFRL,4518,211,0.31823217446037727
High-straggler,JIT-APFRL,4518,212,0.31591824813558883
High-straggler,JIT-APFRL,4518,213,0.30735224476828477
High-straggler,JIT-APFRL,4518,214,0.30388930526053687
High-straggler,JIT-APFRL,4518,215,0.32209845990485053
High-straggler,JIT-APFRL,4518,216,0.3163878877399883
High-straggler,JIT-APFRL,4518,217,0.31790429560416583
High-straggler,JIT-APFRL,4518,218,0.31881953007614094
High-straggler,JIT-APFRL,4518,219,0.3140292264359673
High-straggler,JIT-APFRL,4518,220,0.31747261633076074
High-straggler,JIT-APFRL,4518,221,0.3170085433277208
High-straggler,JIT-APFRL,4518,222,0.3264228963198408
High-straggler,JIT-APFRL,4518,223,0.31419646460467443
High-straggler,JIT-APFRL,4518,224,0.32146762156483555
High-straggler,JIT-APFRL,4518,225,0.3148257753447139
High-straggler,JIT-APFRL,4518,226,0.31568655606352036
High-straggler,JIT-APFRL,4518,227,0.3225502155029923
High-straggler,JIT-APFRL,4518,228,0.31120776231672653
High-straggler,JIT-APFRL,4518,229,0.3230952624562009
High-straggler,JIT-APFRL,4518,230,0.31976756343991514
High-straggler,JIT-APFRL,4518,231,0.3211250252992244
High-straggler,JIT-APFRL,4518,232,0.3128193339727528
High-straggler,JIT-APFRL,4518,233,0.3225494673845215
High-straggler,JIT-APFRL,4518,234,0.3217796828411254
High-straggler,JIT-APFRL,4518,235,0.3162251276932968
High-straggler,JIT-APFRL,4518,236,0.3085804324131079
High-straggler,JIT-APFRL,4518,237,0.323790513738383
High-straggler,JIT-APFRL,4518,238,0.3150092220772466
High-straggler,JIT-APFRL,4518,239,0.31044327643981307
High-straggler,JIT-APFRL,4518,240,0.33080152034987065
High-straggler,JIT-APFRL,4518,241,0.3245160940260976
High-straggler,JIT-APFRL,4518,242,0.3198798746710656
High-straggler,JIT-APFRL,4518,243,0.32569183105116933
High-straggler,JIT-APFRL,4518,244,0.3187668076276551
High-straggler,JIT-APFRL,4518,245,0.32211085345371804
High-straggler,JIT-APFRL,4518,246,0.3189525480815645
High-straggler,JIT-APFRL,4518,247,0.3244455881813747
High-straggler,JIT-APFRL,4518,248,0.31646887380381145
High-straggler,JIT-APFRL,4518,249,0.3271112145318208
High-straggler,JIT-APFRL,4518,250,0.3232187596756068
High-straggler,JIT-APFRL,4518,251,0.317029228026568
High-straggler,JIT-APFRL,4518,252,0.32160211352009016
High-straggler,JIT-APFRL,4518,253,0.32164678298730215
High-straggler,JIT-APFRL,4518,254,0.31880656984384975
High-straggler,JIT-APFRL,4518,255,0.3210452240573993
High-straggler,JIT-APFRL,4518,256,0.31886793392292184
High-straggler,JIT-APFRL,4518,257,0.3213999754610843
High-straggler,JIT-APFRL,4518,258,0.32567986090468115
High-straggler,JIT-APFRL,4518,259,0.32385254463720625
High-straggler,JIT-APFRL,4518,260,0.31696488408683654
High-straggler,JIT-APFRL,4518,261,0.31698874345954753
High-straggler,JIT-APFRL,4518,262,0.3283896983599912
High-straggler,JIT-APFRL,4518,263,0.31865005476507596
High-straggler,JIT-APFRL,4518,264,0.3298055891190694
High-straggler,JIT-APFRL,4518,265,0.3196405699739259
High-straggler,JIT-APFRL,4518,266,0.3218378103515599
High-straggler,JIT-APFRL,4518,267,0.31938107054704623
High-straggler,JIT-APFRL,4518,268,0.31984282402390957
High-straggler,JIT-APFRL,4518,269,0.3312540583989336
High-straggler,JIT-APFRL,4518,270,0.3262656618283304
High-straggler,JIT-APFRL,4518,271,0.3223697865454378
High-straggler,JIT-APFRL,4518,272,0.3206778727952035
High-straggler,JIT-APFRL,4518,273,0.31918705574355494
High-straggler,JIT-APFRL,4518,274,0.32884014081709073
High-straggler,JIT-APFRL,4518,275,0.3308920598740344
High-straggler,JIT-APFRL,4518,276,0.3252720196384711
High-straggler,JIT-APFRL,4518,277,0.3181424388788755
High-straggler,JIT-APFRL,4518,278,0.33354146833071946
High-straggler,JIT-APFRL,4518,279,0.32381041174141534
High-straggler,JIT-APFRL,4518,280,0.327693248994036
High-straggler,JIT-APFRL,4518,281,0.32495930887066504
High-straggler,JIT-APFRL,4518,282,0.3363295963776939
High-straggler,JIT-APFRL,4518,283,0.31575225000314466
High-straggler,JIT-APFRL,4518,284,0.32165396271922075
High-straggler,JIT-APFRL,4518,285,0.31503883876782607
High-straggler,JIT-APFRL,4518,286,0.31140504690223975
High-straggler,JIT-APFRL,4518,287,0.31638194092005995
High-straggler,JIT-APFRL,4518,288,0.3306954668971277
High-straggler,JIT-APFRL,4518,289,0.31962183253866816
High-straggler,JIT-APFRL,4518,290,0.3261964284237462
High-straggler,JIT-APFRL,4518,291,0.31530442029051003
High-straggler,JIT-APFRL,4518,292,0.32313845393152735
High-straggler,JIT-APFRL,4518,293,0.3219147038990045
High-straggler,JIT-APFRL,4518,294,0.3295797977128436
High-straggler,JIT-APFRL,4518,295,0.3246597574732476
High-straggler,JIT-APFRL,4518,296,0.32304576546614927
High-straggler,JIT-APFRL,4518,297,0.33135153760378433
High-straggler,JIT-APFRL,4518,298,0.3141288329770015
High-straggler,JIT-APFRL,4518,299,0.31939331357744655
High-straggler,JIT-APFRL,4518,300,0.33157294979164303
High-straggler,JIT-APFRL,4518,301,0.3184655943303474
High-straggler,JIT-APFRL,4518,302,0.3325857448966027
High-straggler,JIT-APFRL,4518,303,0.3220255539205051
High-straggler,JIT-APFRL,4518,304,0.32246830717055786
High-straggler,JIT-APFRL,4518,305,0.31647543187510807
High-straggler,JIT-APFRL,4518,306,0.32308110258415856
High-straggler,JIT-APFRL,4518,307,0.31739220997451034
High-straggler,JIT-APFRL,4518,308,0.32024373244538457
High-straggler,JIT-APFRL,4518,309,0.324741364646404
High-straggler,JIT-APFRL,4518,310,0.32480847487887615
High-straggler,JIT-APFRL,4518,311,0.3237223671706464
High-straggler,JIT-APFRL,4518,312,0.3223003170383595
High-straggler,JIT-APFRL,4518,313,0.32784048552868145
High-straggler,JIT-APFRL,4518,314,0.31980150651434897
High-straggler,JIT-APFRL,4518,315,0.3256777738326006
High-straggler,JIT-APFRL,4518,316,0.3291185937577518
High-straggler,JIT-APFRL,4518,317,0.31640588267196995
High-straggler,JIT-APFRL,4518,318,0.32777514573372263
High-straggler,JIT-APFRL,4518,319,0.32695226787151466
High-straggler,JIT-APFRL,4518,320,0.3217019080027366
High-straggler,JIT-APFRL,4518,321,0.3237449021717362
High-straggler,JIT-APFRL,4518,322,0.3274472460202847
High-straggler,JIT-APFRL,4518,323,0.31493817723425693
High-straggler,JIT-APFRL,4518,324,0.3251587562277249
High-straggler,JIT-APFRL,4518,325,0.3282402250999103
High-straggler,JIT-APFRL,4518,326,0.3226377579508062
High-straggler,JIT-APFRL,4518,327,0.3090861278425838
High-straggler,JIT-APFRL,4518,328,0.3191813156227522
High-straggler,JIT-APFRL,4518,329,0.3265277257470469
High-straggler,JIT-APFRL,4518,330,0.3313219854899826
High-straggler,JIT-APFRL,4518,331,0.3255680991663297
High-straggler,JIT-APFRL,4518,332,0.32479363518848836
High-straggler,JIT-APFRL,4518,333,0.3260570470124169
High-straggler,JIT-APFRL,4518,334,0.32233454908224385
High-straggler,JIT-APFRL,4518,335,0.33037666793400255
High-straggler,JIT-APFRL,4518,336,0.32217193248634923
High-straggler,JIT-APFRL,4518,337,0.3253596344350076
High-straggler,JIT-APFRL,4518,338,0.3288612544247865
High-straggler,JIT-APFRL,4518,339,0.32951925753181005
High-straggler,JIT-APFRL,4518,340,0.32570911684334086
High-straggler,JIT-APFRL,4518,341,0.3226665024793851
High-straggler,JIT-APFRL,4518,342,0.316658647432076
High-straggler,JIT-APFRL,4518,343,0.3268453052935162
High-straggler,JIT-APFRL,4518,344,0.3268901461102138
High-straggler,JIT-APFRL,4518,345,0.32017047912343316
High-straggler,JIT-APFRL,4518,346,0.32207150460093137
High-straggler,JIT-APFRL,4518,347,0.32795409467568254
High-straggler,JIT-APFRL,4518,348,0.32679500205360795
High-straggler,JIT-APFRL,4518,349,0.33058739536920007
High-straggler,JIT-APFRL,4518,350,0.3278988839600426
High-straggler,JIT-APFRL,4518,351,0.32383657054691034
High-straggler,JIT-APFRL,4518,352,0.32294676078764495
High-straggler,JIT-APFRL,4518,353,0.317073075371456
High-straggler,JIT-APFRL,4518,354,0.3318584748631195
High-straggler,JIT-APFRL,4518,355,0.3228355711570729
High-straggler,JIT-APFRL,4518,356,0.32726940388672504
High-straggler,JIT-APFRL,4518,357,0.3241840562879882
High-straggler,JIT-APFRL,4518,358,0.32977013089358637
High-straggler,JIT-APFRL,4518,359,0.3236148286353121
High-straggler,JIT-APFRL,4518,360,0.3281391596518604
High-straggler,JIT-APFRL,4518,361,0.31954288503625433
High-straggler,JIT-APFRL,4518,362,0.3328926720836498
High-straggler,JIT-APFRL,4518,363,0.32399502555481346
High-straggler,JIT-APFRL,4518,364,0.3206408610112817
High-straggler,JIT-APFRL,4518,365,0.3237914918412968
High-straggler,JIT-APFRL,4518,366,0.32841969205029714
High-straggler,JIT-APFRL,4518,367,0.3235886392132074
High-straggler,JIT-APFRL,4518,368,0.32879068473302075
High-straggler,JIT-APFRL,4518,369,0.3357286348754185
High-straggler,JIT-APFRL,4518,370,0.33615495317372285
High-straggler,JIT-APFRL,4518,371,0.3154509281939148
High-straggler,JIT-APFRL,4518,372,0.33208151414308046
High-straggler,JIT-APFRL,4518,373,0.318726709786612
High-straggler,JIT-APFRL,4518,374,0.32757417850836373
High-straggler,JIT-APFRL,4518,375,0.3317783704144699
High-straggler,JIT-APFRL,4518,376,0.32332895930308847
High-straggler,JIT-APFRL,4518,377,0.3236031655510554
High-straggler,JIT-APFRL,4518,378,0.3354978678100842
High-straggler,JIT-APFRL,4518,379,0.3228218848138606
High-straggler,JIT-APFRL,4518,380,0.33211695183377304
High-straggler,JIT-APFRL,4518,381,0.3260961495184683
High-straggler,JIT-APFRL,4518,382,0.3261504858184968
High-straggler,JIT-APFRL,4518,383,0.3362108349398791
High-straggler,JIT-APFRL,4518,384,0.32129324184350655
High-straggler,JIT-APFRL,4518,385,0.3356909810006676
High-straggler,JIT-APFRL,4518,386,0.3265646541271611
High-straggler,JIT-APFRL,4518,387,0.3229529322371431
High-straggler,JIT-APFRL,4518,388,0.3254253654263498
High-straggler,JIT-APFRL,4518,389,0.33137923967478744
High-straggler,JIT-APFRL,4518,390,0.31914567184457704
High-straggler,JIT-APFRL,4518,391,0.32345783086422636
High-straggler,JIT-APFRL,4518,392,0.324187708484027
High-straggler,JIT-APFRL,4518,393,0.32575821072190725
High-straggler,JIT-APFRL,4518,394,0.32608057010914016
High-straggler,JIT-APFRL,4518,395,0.32669192969988364
High-straggler,JIT-APFRL,4518,396,0.32188240643178984
High-straggler,JIT-APFRL,4518,397,0.3224933614721285
High-straggler,JIT-APFRL,4518,398,0.32680902767734854
High-straggler,JIT-APFRL,4518,399,0.3249640109030717
High-straggler,JIT-APFRL,4518,400,0.3277665438515439
High-straggler,JIT-APFRL,5629,1,0.26927299610898753
High-straggler,JIT-APFRL,5629,2,0.2623728798822256
High-straggler,JIT-APFRL,5629,3,0.2561595332657918
High-straggler,JIT-APFRL,5629,4,0.26445852071131865
High-straggler,JIT-APFRL,5629,5,0.257330471412702
High-straggler,JIT-APFRL,5629,6,0.2643775353671722
High-straggler,JIT-APFRL,5629,7,0.26309395571962324
High-straggler,JIT-APFRL,5629,8,0.26755793357795454
High-straggler,JIT-APFRL,5629,9,0.26349743107005696
High-straggler,JIT-APFRL,5629,10,0.27078813717588107
High-straggler,JIT-APFRL,5629,11,0.26551491144120765
High-straggler,JIT-APFRL,5629,12,0.26537146897704533
High-straggler,JIT-APFRL,5629,13,0.2683414891970059
High-straggler,JIT-APFRL,5629,14,0.26571415406500115
High-straggler,JIT-APFRL,5629,15,0.27226447794882513
High-straggler,JIT-APFRL,5629,16,0.27923336377978114
High-straggler,JIT-APFRL,5629,17,0.2650399496404498
High-straggler,JIT-APFRL,5629,18,0.2725151174703562
High-straggler,JIT-APFRL,5629,19,0.25782211022221707
High-straggler,JIT-APFRL,5629,20,0.2705422440790781
High-straggler,JIT-APFRL,5629,21,0.26930919232721756
High-straggler,JIT-APFRL,5629,22,0.264460813383746
High-straggler,JIT-APFRL,5629,23,0.2741795347769769
High-straggler,JIT-APFRL,5629,24,0.2633989889280449
High-straggler,JIT-APFRL,5629,25,0.26640804597171747
High-straggler,JIT-APFRL,5629,26,0.26568041809047405
High-straggler,JIT-APFRL,5629,27,0.2729237709139795
High-straggler,JIT-APFRL,5629,28,0.2672240002792085
High-straggler,JIT-APFRL,5629,29,0.265333007572346
High-straggler,JIT-APFRL,5629,30,0.27017080890030765
High-straggler,JIT-APFRL,5629,31,0.27547660019968895
High-straggler,JIT-APFRL,5629,32,0.26653412718624137
High-straggler,JIT-APFRL,5629,33,0.2720988695825038
High-straggler,JIT-APFRL,5629,34,0.26491787571818304
High-straggler,JIT-APFRL,5629,35,0.2634145086306309
High-straggler,JIT-APFRL,5629,36,0.2694819030582256
High-straggler,JIT-APFRL,5629,37,0.27010674125267703
High-straggler,JIT-APFRL,5629,38,0.2715474170482528
High-straggler,JIT-APFRL,5629,39,0.2744796903968009
High-straggler,JIT-APFRL,5629,40,0.2711806924302866
High-straggler,JIT-APFRL,5629,41,0.27292039898980824
High-straggler,JIT-APFRL,5629,42,0.26778904546119964
High-straggler,JIT-APFRL,5629,43,0.280132573988778
High-straggler,JIT-APFRL,5629,44,0.2744322781373302
High-straggler,JIT-APFRL,5629,45,0.27477219746155435
High-straggler,JIT-APFRL,5629,46,0.273136358629391
High-straggler,JIT-APFRL,5629,47,0.2783496506095114
High-straggler,JIT-APFRL,5629,48,0.27567109290910025
High-straggler,JIT-APFRL,5629,49,0.2640078836558887
High-straggler,JIT-APFRL,5629,50,0.27254376920414336
High-straggler,JIT-APFRL,5629,51,0.2767548091976827
High-straggler,JIT-APFRL,5629,52,0.2715213638518522
High-straggler,JIT-APFRL,5629,53,0.2693337647731307
High-straggler,JIT-APFRL,5629,54,0.269317125875275
High-straggler,JIT-APFRL,5629,55,0.2753778407727855
High-straggler,JIT-APFRL,5629,56,0.26919258679355873
High-straggler,JIT-APFRL,5629,57,0.274967320110214
High-straggler,JIT-APFRL,5629,58,0.27646084511730745
High-straggler,JIT-APFRL,5629,59,0.2731830020486535
High-straggler,JIT-APFRL,5629,60,0.2754779962793331
High-straggler,JIT-APFRL,5629,61,0.2766213234309964
High-straggler,JIT-APFRL,5629,62,0.27657628629081144
High-straggler,JIT-APFRL,5629,63,0.26889858113551807
High-straggler,JIT-APFRL,5629,64,0.2800545116507784
High-straggler,JIT-APFRL,5629,65,0.281906057084604
High-straggler,JIT-APFRL,5629,66,0.2775133764525252
High-straggler,JIT-APFRL,5629,67,0.28418384198138164
High-straggler,JIT-APFRL,5629,68,0.27069798432912934
High-straggler,JIT-APFRL,5629,69,0.27130375577384475
High-straggler,JIT-APFRL,5629,70,0.2806610673674857
High-straggler,JIT-APFRL,5629,71,0.27972561816384156
High-straggler,JIT-APFRL,5629,72,0.27260119572000113
High-straggler,JIT-APFRL,5629,73,0.2748163266482009
High-straggler,JIT-APFRL,5629,74,0.2784702771179308
High-straggler,JIT-APFRL,5629,75,0.27724658522466383
High-straggler,JIT-APFRL,5629,76,0.27958331308400064
High-straggler,JIT-APFRL,5629,77,0.2856112521597752
High-straggler,JIT-APFRL,5629,78,0.28286914579457884
High-straggler,JIT-APFRL,5629,79,0.2822786113372126
High-straggler,JIT-APFRL,5629,80,0.28064982539252264
High-straggler,JIT-APFRL,5629,81,0.27893115333632135
High-straggler,JIT-APFRL,5629,82,0.2761496879581657
High-straggler,JIT-APFRL,5629,83,0.28393287110660187
High-straggler,JIT-APFRL,5629,84,0.2819792690688756
High-straggler,JIT-APFRL,5629,85,0.28560876224471055
High-straggler,JIT-APFRL,5629,86,0.28295943988458705
High-straggler,JIT-APFRL,5629,87,0.2807677955665657
High-straggler,JIT-APFRL,5629,88,0.28240306500700146
High-straggler,JIT-APFRL,5629,89,0.27986503972306354
High-straggler,JIT-APFRL,5629,90,0.28702013712383123
High-straggler,JIT-APFRL,5629,91,0.2777681076897692
High-straggler,JIT-APFRL,5629,92,0.2803367141235705
High-straggler,JIT-APFRL,5629,93,0.28506640387668564
High-straggler,JIT-APFRL,5629,94,0.2843437469290034
High-straggler,JIT-APFRL,5629,95,0.2836298322000635
High-straggler,JIT-APFRL,5629,96,0.2948566110238038
High-straggler,JIT-APFRL,5629,97,0.2896834189355677
High-straggler,JIT-APFRL,5629,98,0.2848857884529027
High-straggler,JIT-APFRL,5629,99,0.28734106216780025
High-straggler,JIT-APFRL,5629,100,0.2906152036182805
High-straggler,JIT-APFRL,5629,101,0.288728642389839
High-straggler,JIT-APFRL,5629,102,0.289442300737751
High-straggler,JIT-APFRL,5629,103,0.2944934158442557
High-straggler,JIT-APFRL,5629,104,0.2936883864910273
High-straggler,JIT-APFRL,5629,105,0.29548593269668944
High-straggler,JIT-APFRL,5629,106,0.29400883571696473
High-straggler,JIT-APFRL,5629,107,0.29118104282030605
High-straggler,JIT-APFRL,5629,108,0.293264201422878
High-straggler,JIT-APFRL,5629,109,0.28915625662807576
High-straggler,JIT-APFRL,5629,110,0.2910193081416509
High-straggler,JIT-APFRL,5629,111,0.2889609577020603
High-straggler,JIT-APFRL,5629,112,0.293508353912572
High-straggler,JIT-APFRL,5629,113,0.2869662799787002
High-straggler,JIT-APFRL,5629,114,0.29172237815552726
High-straggler,JIT-APFRL,5629,115,0.29060601385294477
High-straggler,JIT-APFRL,5629,116,0.29436162180154196
High-straggler,JIT-APFRL,5629,117,0.2940973430824615
High-straggler,JIT-APFRL,5629,118,0.2972620081580904
High-straggler,JIT-APFRL,5629,119,0.29124451836184595
High-straggler,JIT-APFRL,5629,120,0.2905139393014125
High-straggler,JIT-APFRL,5629,121,0.3025726859764766
High-straggler,JIT-APFRL,5629,122,0.2926091497650142
High-straggler,JIT-APFRL,5629,123,0.29812040773908094
High-straggler,JIT-APFRL,5629,124,0.2957632572330126
High-straggler,JIT-APFRL,5629,125,0.3041121803759224
High-straggler,JIT-APFRL,5629,126,0.29242682931069464
High-straggler,JIT-APFRL,5629,127,0.29319806467347675
High-straggler,JIT-APFRL,5629,128,0.30647465770653654
High-straggler,JIT-APFRL,5629,129,0.30248446048020333
High-straggler,JIT-APFRL,5629,130,0.297347235070941
High-straggler,JIT-APFRL,5629,131,0.28909584706566804
High-straggler,JIT-APFRL,5629,132,0.30278350590226033
High-straggler,JIT-APFRL,5629,133,0.29768823676233114
High-straggler,JIT-APFRL,5629,134,0.3054166279252193
High-straggler,JIT-APFRL,5629,135,0.2995342247739635
High-straggler,JIT-APFRL,5629,136,0.3118315721199591
High-straggler,JIT-APFRL,5629,137,0.3072489890860993
High-straggler,JIT-APFRL,5629,138,0.30392227188243215
High-straggler,JIT-APFRL,5629,139,0.30278487720721964
High-straggler,JIT-APFRL,5629,140,0.3054675172798038
High-straggler,JIT-APFRL,5629,141,0.30027211945096677
High-straggler,JIT-APFRL,5629,142,0.300185845340303
High-straggler,JIT-APFRL,5629,143,0.3026277390813606
High-straggler,JIT-APFRL,5629,144,0.30220106888467
High-straggler,JIT-APFRL,5629,145,0.31274930995683703
High-straggler,JIT-APFRL,5629,146,0.30159589703206485
High-straggler,JIT-APFRL,5629,147,0.30655874149737156
High-straggler,JIT-APFRL,5629,148,0.307908330097804
High-straggler,JIT-APFRL,5629,149,0.300063737441116
High-straggler,JIT-APFRL,5629,150,0.30444509049784735
High-straggler,JIT-APFRL,5629,151,0.3014274574929251
High-straggler,JIT-APFRL,5629,152,0.3046874201224833
High-straggler,JIT-APFRL,5629,153,0.3083890094498924
High-straggler,JIT-APFRL,5629,154,0.30466447091937054
High-straggler,JIT-APFRL,5629,155,0.3155134586415186
High-straggler,JIT-APFRL,5629,156,0.31513979439947
High-straggler,JIT-APFRL,5629,157,0.30834481352323256
High-straggler,JIT-APFRL,5629,158,0.30978407133798264
High-straggler,JIT-APFRL,5629,159,0.30672193559511446
High-straggler,JIT-APFRL,5629,160,0.31205693900890946
High-straggler,JIT-APFRL,5629,161,0.29938332064683093
High-straggler,JIT-APFRL,5629,162,0.30632480414192415
High-straggler,JIT-APFRL,5629,163,0.30967871336143754
High-straggler,JIT-APFRL,5629,164,0.30788271743309437
High-straggler,JIT-APFRL,5629,165,0.30728013324229
High-straggler,JIT-APFRL,5629,166,0.3093468068125668
High-straggler,JIT-APFRL,5629,167,0.30839627354562854
High-straggler,JIT-APFRL,5629,168,0.3175454101659127
High-straggler,JIT-APFRL,5629,169,0.3113329044857365
High-straggler,JIT-APFRL,5629,170,0.3146576526170385
High-straggler,JIT-APFRL,5629,171,0.3097056974598397
High-straggler,JIT-APFRL,5629,172,0.3148770774193445
High-straggler,JIT-APFRL,5629,173,0.3165301712435338
High-straggler,JIT-APFRL,5629,174,0.3121944279539767
High-straggler,JIT-APFRL,5629,175,0.31658906882227633
High-straggler,JIT-APFRL,5629,176,0.30903959361568123
High-straggler,JIT-APFRL,5629,177,0.31339639724629476
High-straggler,JIT-APFRL,5629,178,0.3094539410232045
High-straggler,JIT-APFRL,5629,179,0.31052375353221745
High-straggler,JIT-APFRL,5629,180,0.3159226320527529
High-straggler,JIT-APFRL,5629,181,0.3132947876432107
High-straggler,JIT-APFRL,5629,182,0.3212321509679126
High-straggler,JIT-APFRL,5629,183,0.313184110891109
High-straggler,JIT-APFRL,5629,184,0.3088248421061257
High-straggler,JIT-APFRL,5629,185,0.3201584132490092
High-straggler,JIT-APFRL,5629,186,0.3137326996935293
High-straggler,JIT-APFRL,5629,187,0.3204977079224863
High-straggler,JIT-APFRL,5629,188,0.31853721612125857
High-straggler,JIT-APFRL,5629,189,0.3166904450599621
High-straggler,JIT-APFRL,5629,190,0.31402702084401346
High-straggler,JIT-APFRL,5629,191,0.321811834424004
High-straggler,JIT-APFRL,5629,192,0.3170859095094888
High-straggler,JIT-APFRL,5629,193,0.3203676079258233
High-straggler,JIT-APFRL,5629,194,0.31476700938454916
High-straggler,JIT-APFRL,5629,195,0.3266443316732111
High-straggler,JIT-APFRL,5629,196,0.32536889379199235
High-straggler,JIT-APFRL,5629,197,0.3126271265526865
High-straggler,JIT-APFRL,5629,198,0.3185462498005646
High-straggler,JIT-APFRL,5629,199,0.30824957716225887
High-straggler,JIT-APFRL,5629,200,0.3150879442248919
High-straggler,JIT-APFRL,5629,201,0.3215296451836142
High-straggler,JIT-APFRL,5629,202,0.31982702675533903
High-straggler,JIT-APFRL,5629,203,0.3218105402923341
High-straggler,JIT-APFRL,5629,204,0.32290946177634167
High-straggler,JIT-APFRL,5629,205,0.32464950990012664
High-straggler,JIT-APFRL,5629,206,0.32082329300510887
High-straggler,JIT-APFRL,5629,207,0.3192587318264477
High-straggler,JIT-APFRL,5629,208,0.32244039130989244
High-straggler,JIT-APFRL,5629,209,0.31876787105007304
High-straggler,JIT-APFRL,5629,210,0.3238229342939695
High-straggler,JIT-APFRL,5629,211,0.31967670900593786
High-straggler,JIT-APFRL,5629,212,0.3145431402592951
High-straggler,JIT-APFRL,5629,213,0.31819261944802923
High-straggler,JIT-APFRL,5629,214,0.32109743480755104
High-straggler,JIT-APFRL,5629,215,0.3268531238295669
High-straggler,JIT-APFRL,5629,216,0.31650351279052946
High-straggler,JIT-APFRL,5629,217,0.31481758424768463
High-straggler,JIT-APFRL,5629,218,0.31810338837879376
High-straggler,JIT-APFRL,5629,219,0.3188954490713254
High-straggler,JIT-APFRL,5629,220,0.31899718796156673
High-straggler,JIT-APFRL,5629,221,0.3147828885442946
High-straggler,JIT-APFRL,5629,222,0.32018155543500854
High-straggler,JIT-APFRL,5629,223,0.3189326080533797
High-straggler,JIT-APFRL,5629,224,0.32632760654673015
High-straggler,JIT-APFRL,5629,225,0.32543427295182786
High-straggler,JIT-APFRL,5629,226,0.324800037384386
High-straggler,JIT-APFRL,5629,227,0.32126425479786164
High-straggler,JIT-APFRL,5629,228,0.3222147471829595
High-straggler,JIT-APFRL,5629,229,0.3218645377915835
High-straggler,JIT-APFRL,5629,230,0.31531443385062263
High-straggler,JIT-APFRL,5629,231,0.3252186818569783
High-straggler,JIT-APFRL,5629,232,0.3151114540239155
High-straggler,JIT-APFRL,5629,233,0.3265717072769351
High-straggler,JIT-APFRL,5629,234,0.3188832145490397
High-straggler,JIT-APFRL,5629,235,0.32267570578110794
High-straggler,JIT-APFRL,5629,236,0.31929263284973175
High-straggler,JIT-APFRL,5629,237,0.3191651144748574
High-straggler,JIT-APFRL,5629,238,0.32436739644851437
High-straggler,JIT-APFRL,5629,239,0.329041486178892
High-straggler,JIT-APFRL,5629,240,0.3186615453827788
High-straggler,JIT-APFRL,5629,241,0.3257073180989751
High-straggler,JIT-APFRL,5629,242,0.31634937256968887
High-straggler,JIT-APFRL,5629,243,0.3299023004201013
High-straggler,JIT-APFRL,5629,244,0.31956170777989157
High-straggler,JIT-APFRL,5629,245,0.32922845137141504
High-straggler,JIT-APFRL,5629,246,0.3278826989803618
High-straggler,JIT-APFRL,5629,247,0.3263021469314142
High-straggler,JIT-APFRL,5629,248,0.32172344333445185
High-straggler,JIT-APFRL,5629,249,0.3190843063689074
High-straggler,JIT-APFRL,5629,250,0.3222680764318711
High-straggler,JIT-APFRL,5629,251,0.32455469587102737
High-straggler,JIT-APFRL,5629,252,0.32102157158549344
High-straggler,JIT-APFRL,5629,253,0.3219707827118393
High-straggler,JIT-APFRL,5629,254,0.3221706787753986
High-straggler,JIT-APFRL,5629,255,0.3269674345387057
High-straggler,JIT-APFRL,5629,256,0.32463720312526345
High-straggler,JIT-APFRL,5629,257,0.3231251553497098
High-straggler,JIT-APFRL,5629,258,0.3242376832269092
High-straggler,JIT-APFRL,5629,259,0.32330595720568034
High-straggler,JIT-APFRL,5629,260,0.3304046118076576
High-straggler,JIT-APFRL,5629,261,0.31871418495127024
High-straggler,JIT-APFRL,5629,262,0.3206520924646279
High-straggler,JIT-APFRL,5629,263,0.3244613817025216
High-straggler,JIT-APFRL,5629,264,0.3215382340751804
High-straggler,JIT-APFRL,5629,265,0.3278405351400605
High-straggler,JIT-APFRL,5629,266,0.32366877206161876
High-straggler,JIT-APFRL,5629,267,0.32094593847598035
High-straggler,JIT-APFRL,5629,268,0.3246205691453138
High-straggler,JIT-APFRL,5629,269,0.3141221779804488
High-straggler,JIT-APFRL,5629,270,0.3221949096752324
High-straggler,JIT-APFRL,5629,271,0.3208160728761675
High-straggler,JIT-APFRL,5629,272,0.3244251762933832
High-straggler,JIT-APFRL,5629,273,0.3297751867308011
High-straggler,JIT-APFRL,5629,274,0.3280091419377573
High-straggler,JIT-APFRL,5629,275,0.32810521855997365
High-straggler,JIT-APFRL,5629,276,0.3288038129873641
High-straggler,JIT-APFRL,5629,277,0.3274199652084838
High-straggler,JIT-APFRL,5629,278,0.33232647129254544
High-straggler,JIT-APFRL,5629,279,0.32823788781323515
High-straggler,JIT-APFRL,5629,280,0.3236425321700165
High-straggler,JIT-APFRL,5629,281,0.32826147543272804
High-straggler,JIT-APFRL,5629,282,0.32426560657372405
High-straggler,JIT-APFRL,5629,283,0.32210471041596656
High-straggler,JIT-APFRL,5629,284,0.32751428479695865
High-straggler,JIT-APFRL,5629,285,0.33267436786894694
High-straggler,JIT-APFRL,5629,286,0.3297310317489741
High-straggler,JIT-APFRL,5629,287,0.3299228559017629
High-straggler,JIT-APFRL,5629,288,0.3262772198622632
High-straggler,JIT-APFRL,5629,289,0.3196493056492086
High-straggler,JIT-APFRL,5629,290,0.32878771832441805
High-straggler,JIT-APFRL,5629,291,0.3337230890219414
High-straggler,JIT-APFRL,5629,292,0.3299718015570609
High-straggler,JIT-APFRL,5629,293,0.3312447408104733
High-straggler,JIT-APFRL,5629,294,0.327670646699652
High-straggler,JIT-APFRL,5629,295,0.320485635897596
High-straggler,JIT-APFRL,5629,296,0.33077454751631635
High-straggler,JIT-APFRL,5629,297,0.3230666427473902
High-straggler,JIT-APFRL,5629,298,0.32394487065614147
High-straggler,JIT-APFRL,5629,299,0.33019380500334705
High-straggler,JIT-APFRL,5629,300,0.31957351240219734
High-straggler,JIT-APFRL,5629,301,0.3262625135535429
High-straggler,JIT-APFRL,5629,302,0.31982957494294956
High-straggler,JIT-APFRL,5629,303,0.32214867859953333
High-straggler,JIT-APFRL,5629,304,0.328292306050423
High-straggler,JIT-APFRL,5629,305,0.32591680455756106
High-straggler,JIT-APFRL,5629,306,0.3287182908857742
High-straggler,JIT-APFRL,5629,307,0.33354883460296497
High-straggler,JIT-APFRL,5629,308,0.3234235714107192
High-straggler,JIT-APFRL,5629,309,0.3346007448510537
High-straggler,JIT-APFRL,5629,310,0.32462293135707093
High-straggler,JIT-APFRL,5629,311,0.32782571838819435
High-straggler,JIT-APFRL,5629,312,0.31902735769035473
High-straggler,JIT-APFRL,5629,313,0.3242645335177816
High-straggler,JIT-APFRL,5629,314,0.3262954690501815
High-straggler,JIT-APFRL,5629,315,0.32572892062876696
High-straggler,JIT-APFRL,5629,316,0.3242151136269438
High-straggler,JIT-APFRL,5629,317,0.3196584863189612
High-straggler,JIT-APFRL,5629,318,0.3251786748336144
High-straggler,JIT-APFRL,5629,319,0.3263342245297441
High-straggler,JIT-APFRL,5629,320,0.329347160221135
High-straggler,JIT-APFRL,5629,321,0.32868292300535096
High-straggler,JIT-APFRL,5629,322,0.32315227227898363
High-straggler,JIT-APFRL,5629,323,0.3283423662855149
High-straggler,JIT-APFRL,5629,324,0.32348317151252864
High-straggler,JIT-APFRL,5629,325,0.32315048986692035
High-straggler,JIT-APFRL,5629,326,0.3190438716288416
High-straggler,JIT-APFRL,5629,327,0.3246810721706073
High-straggler,JIT-APFRL,5629,328,0.32693422844036457
High-straggler,JIT-APFRL,5629,329,0.32556776257260994
High-straggler,JIT-APFRL,5629,330,0.3208596830731133
High-straggler,JIT-APFRL,5629,331,0.32248698722690855
High-straggler,JIT-APFRL,5629,332,0.32180427256656496
High-straggler,JIT-APFRL,5629,333,0.33387007530272444
High-straggler,JIT-APFRL,5629,334,0.33021618033024974
High-straggler,JIT-APFRL,5629,335,0.32733066065437366
High-straggler,JIT-APFRL,5629,336,0.33789150239618576
High-straggler,JIT-APFRL,5629,337,0.32932507628451296
High-straggler,JIT-APFRL,5629,338,0.334531929572144
High-straggler,JIT-APFRL,5629,339,0.33052793703740496
High-straggler,JIT-APFRL,5629,340,0.3212694090727124
High-straggler,JIT-APFRL,5629,341,0.32734571075356006
High-straggler,JIT-APFRL,5629,342,0.3164981797233768
High-straggler,JIT-APFRL,5629,343,0.32552436263742174
High-straggler,JIT-APFRL,5629,344,0.3275127312819026
High-straggler,JIT-APFRL,5629,345,0.3317055707215111
High-straggler,JIT-APFRL,5629,346,0.3321469020928553
High-straggler,JIT-APFRL,5629,347,0.3316777818994118
High-straggler,JIT-APFRL,5629,348,0.3206335246985698
High-straggler,JIT-APFRL,5629,349,0.33042392222848155
High-straggler,JIT-APFRL,5629,350,0.3273574511576229
High-straggler,JIT-APFRL,5629,351,0.32864657452528934
High-straggler,JIT-APFRL,5629,352,0.32477151663816345
High-straggler,JIT-APFRL,5629,353,0.32303345321148796
High-straggler,JIT-APFRL,5629,354,0.3284262482951029
High-straggler,JIT-APFRL,5629,355,0.3253981486234734
High-straggler,JIT-APFRL,5629,356,0.32880226076923613
High-straggler,JIT-APFRL,5629,357,0.32666724386699064
High-straggler,JIT-APFRL,5629,358,0.3371092355056028
High-straggler,JIT-APFRL,5629,359,0.3354590195704028
High-straggler,JIT-APFRL,5629,360,0.33062161164983517
High-straggler,JIT-APFRL,5629,361,0.3321269438715349
High-straggler,JIT-APFRL,5629,362,0.31901617614300587
High-straggler,JIT-APFRL,5629,363,0.32919140125364177
High-straggler,JIT-APFRL,5629,364,0.335148339665497
High-straggler,JIT-APFRL,5629,365,0.3270654695532171
High-straggler,JIT-APFRL,5629,366,0.32066784241303287
High-straggler,JIT-APFRL,5629,367,0.3179701867120278
High-straggler,JIT-APFRL,5629,368,0.32616183332006765
High-straggler,JIT-APFRL,5629,369,0.31837437608062724
High-straggler,JIT-APFRL,5629,370,0.33449963748912137
High-straggler,JIT-APFRL,5629,371,0.3380490148537192
High-straggler,JIT-APFRL,5629,372,0.33030556396600685
High-straggler,JIT-APFRL,5629,373,0.33890707797433967
High-straggler,JIT-APFRL,5629,374,0.3309068614338204
High-straggler,JIT-APFRL,5629,375,0.32839446482161
High-straggler,JIT-APFRL,5629,376,0.34013905657099963
High-straggler,JIT-APFRL,5629,377,0.3253845346220007
High-straggler,JIT-APFRL,5629,378,0.31472569019441854
High-straggler,JIT-APFRL,5629,379,0.32850437078893713
High-straggler,JIT-APFRL,5629,380,0.32490776249200404
High-straggler,JIT-APFRL,5629,381,0.32778375010688765
High-straggler,JIT-APFRL,5629,382,0.3265932471089344
High-straggler,JIT-APFRL,5629,383,0.31840101030062573
High-straggler,JIT-APFRL,5629,384,0.3258932855740934
High-straggler,JIT-APFRL,5629,385,0.32960860903479633
High-straggler,JIT-APFRL,5629,386,0.3234457125490622
High-straggler,JIT-APFRL,5629,387,0.3230919037226375
High-straggler,JIT-APFRL,5629,388,0.3234933227013534
High-straggler,JIT-APFRL,5629,389,0.32642169931293463
High-straggler,JIT-APFRL,5629,390,0.32188758629347436
High-straggler,JIT-APFRL,5629,391,0.3291606234345425
High-straggler,JIT-APFRL,5629,392,0.3233901657028541
High-straggler,JIT-APFRL,5629,393,0.3210995082316923
High-straggler,JIT-APFRL,5629,394,0.3282617001669853
High-straggler,JIT-APFRL,5629,395,0.3356709420419078
High-straggler,JIT-APFRL,5629,396,0.32229144633227647
High-straggler,JIT-APFRL,5629,397,0.3338452170371451
High-straggler,JIT-APFRL,5629,398,0.326744395322722
High-straggler,JIT-APFRL,5629,399,0.3341972619000264
High-straggler,JIT-APFRL,5629,400,0.3346543817237909
High-straggler,JIT-APFRL,6740,1,0.2638021886584478
High-straggler,JIT-APFRL,6740,2,0.25979154690157485
High-straggler,JIT-APFRL,6740,3,0.267422476675866
High-straggler,JIT-APFRL,6740,4,0.2665991094579031
High-straggler,JIT-APFRL,6740,5,0.2706513732510118
High-straggler,JIT-APFRL,6740,6,0.26433313551054244
High-straggler,JIT-APFRL,6740,7,0.2706971532643675
High-straggler,JIT-APFRL,6740,8,0.2606695210674154
High-straggler,JIT-APFRL,6740,9,0.2687103672332388
High-straggler,JIT-APFRL,6740,10,0.262195399483938
High-straggler,JIT-APFRL,6740,11,0.2696068815634875
High-straggler,JIT-APFRL,6740,12,0.26612250264202775
High-straggler,JIT-APFRL,6740,13,0.2684721067093031
High-straggler,JIT-APFRL,6740,14,0.2712379175400124
High-straggler,JIT-APFRL,6740,15,0.26956041916510537
High-straggler,JIT-APFRL,6740,16,0.27021658359609524
High-straggler,JIT-APFRL,6740,17,0.2647756206587604
High-straggler,JIT-APFRL,6740,18,0.27008729664328973
High-straggler,JIT-APFRL,6740,19,0.2684078717937879
High-straggler,JIT-APFRL,6740,20,0.2684570186577161
High-straggler,JIT-APFRL,6740,21,0.2706631627181489
High-straggler,JIT-APFRL,6740,22,0.2666508422544551
High-straggler,JIT-APFRL,6740,23,0.26356902950098177
High-straggler,JIT-APFRL,6740,24,0.26883245440577885
High-straggler,JIT-APFRL,6740,25,0.27099678837063834
High-straggler,JIT-APFRL,6740,26,0.2704708385388741
High-straggler,JIT-APFRL,6740,27,0.2766934271120951
High-straggler,JIT-APFRL,6740,28,0.2746175422101483
High-straggler,JIT-APFRL,6740,29,0.2696281285589682
High-straggler,JIT-APFRL,6740,30,0.26454012371568775
High-straggler,JIT-APFRL,6740,31,0.26728256229920216
High-straggler,JIT-APFRL,6740,32,0.26617066582914173
High-straggler,JIT-APFRL,6740,33,0.26722086454876864
High-straggler,JIT-APFRL,6740,34,0.2713049428134563
High-straggler,JIT-APFRL,6740,35,0.26941468428653176
High-straggler,JIT-APFRL,6740,36,0.27007362797856843
High-straggler,JIT-APFRL,6740,37,0.2707491534556299
High-straggler,JIT-APFRL,6740,38,0.265268691431905
High-straggler,JIT-APFRL,6740,39,0.2734154109837382
High-straggler,JIT-APFRL,6740,40,0.2702073008840441
High-straggler,JIT-APFRL,6740,41,0.27081052768240094
High-straggler,JIT-APFRL,6740,42,0.26810986149194105
High-straggler,JIT-APFRL,6740,43,0.2715124784312048
High-straggler,JIT-APFRL,6740,44,0.27953926198567275
High-straggler,JIT-APFRL,6740,45,0.2668724353373331
High-straggler,JIT-APFRL,6740,46,0.2730028394584589
High-straggler,JIT-APFRL,6740,47,0.27292213335475285
High-straggler,JIT-APFRL,6740,48,0.27696812057333114
High-straggler,JIT-APFRL,6740,49,0.2767152452398749
High-straggler,JIT-APFRL,6740,50,0.2724106106935892
High-straggler,JIT-APFRL,6740,51,0.2636042073086689
High-straggler,JIT-APFRL,6740,52,0.27112074060014696
High-straggler,JIT-APFRL,6740,53,0.27689577965605017
High-straggler,JIT-APFRL,6740,54,0.27407100504567866
High-straggler,JIT-APFRL,6740,55,0.272173848960608
High-straggler,JIT-APFRL,6740,56,0.2734205523126874
High-straggler,JIT-APFRL,6740,57,0.27103528903447416
High-straggler,JIT-APFRL,6740,58,0.27496052181435604
High-straggler,JIT-APFRL,6740,59,0.2816008406070028
High-straggler,JIT-APFRL,6740,60,0.281860901847665
High-straggler,JIT-APFRL,6740,61,0.27912337851439
High-straggler,JIT-APFRL,6740,62,0.275470054185274
High-straggler,JIT-APFRL,6740,63,0.2785592836838008
High-straggler,JIT-APFRL,6740,64,0.27818738328292414
High-straggler,JIT-APFRL,6740,65,0.28407385721148953
High-straggler,JIT-APFRL,6740,66,0.2774199150285994
High-straggler,JIT-APFRL,6740,67,0.2766304147273713
High-straggler,JIT-APFRL,6740,68,0.2794312663046131
High-straggler,JIT-APFRL,6740,69,0.2782884181452333
High-straggler,JIT-APFRL,6740,70,0.28459150393580346
High-straggler,JIT-APFRL,6740,71,0.27863279095032
High-straggler,JIT-APFRL,6740,72,0.2754170495205231
High-straggler,JIT-APFRL,6740,73,0.2787228473936591
High-straggler,JIT-APFRL,6740,74,0.2868585547860398
High-straggler,JIT-APFRL,6740,75,0.28298518486163365
High-straggler,JIT-APFRL,6740,76,0.2806477884558309
High-straggler,JIT-APFRL,6740,77,0.2789136045747505
High-straggler,JIT-APFRL,6740,78,0.282052553808957
High-straggler,JIT-APFRL,6740,79,0.28201598682057855
High-straggler,JIT-APFRL,6740,80,0.2817907715752414
High-straggler,JIT-APFRL,6740,81,0.2867409457227651
High-straggler,JIT-APFRL,6740,82,0.2859831896999743
High-straggler,JIT-APFRL,6740,83,0.29013145206099245
High-straggler,JIT-APFRL,6740,84,0.2854656325597207
High-straggler,JIT-APFRL,6740,85,0.28479628815650804
High-straggler,JIT-APFRL,6740,86,0.28621844313726874
High-straggler,JIT-APFRL,6740,87,0.2831258013643826
High-straggler,JIT-APFRL,6740,88,0.2850204822167124
High-straggler,JIT-APFRL,6740,89,0.2913939962163255
High-straggler,JIT-APFRL,6740,90,0.2901871846124379
High-straggler,JIT-APFRL,6740,91,0.28389802506834105
High-straggler,JIT-APFRL,6740,92,0.28983537617660976
High-straggler,JIT-APFRL,6740,93,0.2952114673163005
High-straggler,JIT-APFRL,6740,94,0.2864578040748973
High-straggler,JIT-APFRL,6740,95,0.2900272547569641
High-straggler,JIT-APFRL,6740,96,0.2912957597007521
High-straggler,JIT-APFRL,6740,97,0.2943932581875666
High-straggler,JIT-APFRL,6740,98,0.2864025843901152
High-straggler,JIT-APFRL,6740,99,0.29081811107352323
High-straggler,JIT-APFRL,6740,100,0.29340809691372705
High-straggler,JIT-APFRL,6740,101,0.291491327772934
High-straggler,JIT-APFRL,6740,102,0.28651539215574373
High-straggler,JIT-APFRL,6740,103,0.2893171662378108
High-straggler,JIT-APFRL,6740,104,0.28824332238461103
High-straggler,JIT-APFRL,6740,105,0.2901950404107597
High-straggler,JIT-APFRL,6740,106,0.294655656929237
High-straggler,JIT-APFRL,6740,107,0.2895100131858428
High-straggler,JIT-APFRL,6740,108,0.28987477109676585
High-straggler,JIT-APFRL,6740,109,0.29499135123650194
High-straggler,JIT-APFRL,6740,110,0.29912127293416824
High-straggler,JIT-APFRL,6740,111,0.29394657658946094
High-straggler,JIT-APFRL,6740,112,0.2930738494421009
High-straggler,JIT-APFRL,6740,113,0.29885449406533215
High-straggler,JIT-APFRL,6740,114,0.29461648168810234
High-straggler,JIT-APFRL,6740,115,0.2994879033953588
High-straggler,JIT-APFRL,6740,116,0.29068579684897394
High-straggler,JIT-APFRL,6740,117,0.3021124369985903
High-straggler,JIT-APFRL,6740,118,0.2899445790931462
High-straggler,JIT-APFRL,6740,119,0.2977578989269798
High-straggler,JIT-APFRL,6740,120,0.29219038958400234
High-straggler,JIT-APFRL,6740,121,0.2970155416442018
High-straggler,JIT-APFRL,6740,122,0.30106193326271646
High-straggler,JIT-APFRL,6740,123,0.2982543992478375
High-straggler,JIT-APFRL,6740,124,0.30035656399726224
High-straggler,JIT-APFRL,6740,125,0.3006267836670491
High-straggler,JIT-APFRL,6740,126,0.2921797305038556
High-straggler,JIT-APFRL,6740,127,0.29937777455090814
High-straggler,JIT-APFRL,6740,128,0.29651525925385297
High-straggler,JIT-APFRL,6740,129,0.29436679097925744
High-straggler,JIT-APFRL,6740,130,0.29706519852636654
High-straggler,JIT-APFRL,6740,131,0.3034428184556342
High-straggler,JIT-APFRL,6740,132,0.30146491347910986
High-straggler,JIT-APFRL,6740,133,0.29607349108418984
High-straggler,JIT-APFRL,6740,134,0.29661112306742043
High-straggler,JIT-APFRL,6740,135,0.3026732748838822
High-straggler,JIT-APFRL,6740,136,0.3067223583745047
High-straggler,JIT-APFRL,6740,137,0.30316656816670967
High-straggler,JIT-APFRL,6740,138,0.2954573994934973
High-straggler,JIT-APFRL,6740,139,0.29960179613133947
High-straggler,JIT-APFRL,6740,140,0.3059310093328643
High-straggler,JIT-APFRL,6740,141,0.2947279799617102
High-straggler,JIT-APFRL,6740,142,0.3027460437803001
High-straggler,JIT-APFRL,6740,143,0.2988637818760736
High-straggler,JIT-APFRL,6740,144,0.3143530753514967
High-straggler,JIT-APFRL,6740,145,0.3067639974645644
High-straggler,JIT-APFRL,6740,146,0.29916304650795217
High-straggler,JIT-APFRL,6740,147,0.2975213400440588
High-straggler,JIT-APFRL,6740,148,0.3107744317166732
High-straggler,JIT-APFRL,6740,149,0.30398728162166216
High-straggler,JIT-APFRL,6740,150,0.3142122797821403
High-straggler,JIT-APFRL,6740,151,0.30985316327195944
High-straggler,JIT-APFRL,6740,152,0.31306501377359053
High-straggler,JIT-APFRL,6740,153,0.29812082883351165
High-straggler,JIT-APFRL,6740,154,0.303109214147423
High-straggler,JIT-APFRL,6740,155,0.30105530756897786
High-straggler,JIT-APFRL,6740,156,0.3097005889939317
High-straggler,JIT-APFRL,6740,157,0.3048138399183483
High-straggler,JIT-APFRL,6740,158,0.3052706279929698
High-straggler,JIT-APFRL,6740,159,0.30889190546615947
High-straggler,JIT-APFRL,6740,160,0.30778627980587636
High-straggler,JIT-APFRL,6740,161,0.3012423082975576
High-straggler,JIT-APFRL,6740,162,0.3083551845106518
High-straggler,JIT-APFRL,6740,163,0.3122240211168394
High-straggler,JIT-APFRL,6740,164,0.30484152634289036
High-straggler,JIT-APFRL,6740,165,0.30424360864688377
High-straggler,JIT-APFRL,6740,166,0.3159549814405368
High-straggler,JIT-APFRL,6740,167,0.31237649066615836
High-straggler,JIT-APFRL,6740,168,0.3101417660191528
High-straggler,JIT-APFRL,6740,169,0.29991400201863755
High-straggler,JIT-APFRL,6740,170,0.31161851528173473
High-straggler,JIT-APFRL,6740,171,0.31483856134074667
High-straggler,JIT-APFRL,6740,172,0.3095315939263541
High-straggler,JIT-APFRL,6740,173,0.3073897595643866
High-straggler,JIT-APFRL,6740,174,0.3030748368609001
High-straggler,JIT-APFRL,6740,175,0.3218954192946878
High-straggler,JIT-APFRL,6740,176,0.3080996702974903
High-straggler,JIT-APFRL,6740,177,0.3101899387036484
High-straggler,JIT-APFRL,6740,178,0.3052644922542238
High-straggler,JIT-APFRL,6740,179,0.3148372679174112
High-straggler,JIT-APFRL,6740,180,0.3138786043164417
High-straggler,JIT-APFRL,6740,181,0.31694728495495317
High-straggler,JIT-APFRL,6740,182,0.31364642132076187
High-straggler,JIT-APFRL,6740,183,0.3080799425492958
High-straggler,JIT-APFRL,6740,184,0.314602823938768
High-straggler,JIT-APFRL,6740,185,0.3008355187766072
High-straggler,JIT-APFRL,6740,186,0.31429925899144373
High-straggler,JIT-APFRL,6740,187,0.31985185305134267
High-straggler,JIT-APFRL,6740,188,0.3186371602764691
High-straggler,JIT-APFRL,6740,189,0.317951615124815
High-straggler,JIT-APFRL,6740,190,0.3114457424711039
High-straggler,JIT-APFRL,6740,191,0.3206580176623194
High-straggler,JIT-APFRL,6740,192,0.31387084507867996
High-straggler,JIT-APFRL,6740,193,0.32405646947568334
High-straggler,JIT-APFRL,6740,194,0.31443546776672304
High-straggler,JIT-APFRL,6740,195,0.31231211098184375
High-straggler,JIT-APFRL,6740,196,0.3073857842340499
High-straggler,JIT-APFRL,6740,197,0.31337776567464526
High-straggler,JIT-APFRL,6740,198,0.31819297583928813
High-straggler,JIT-APFRL,6740,199,0.32275031320509057
High-straggler,JIT-APFRL,6740,200,0.3056365628171143
High-straggler,JIT-APFRL,6740,201,0.3188246099245314
High-straggler,JIT-APFRL,6740,202,0.31532196821380387
High-straggler,JIT-APFRL,6740,203,0.3176130883264817
High-straggler,JIT-APFRL,6740,204,0.3202376682544768
High-straggler,JIT-APFRL,6740,205,0.3209090468609221
High-straggler,JIT-APFRL,6740,206,0.31138825474634835
High-straggler,JIT-APFRL,6740,207,0.3123785949671748
High-straggler,JIT-APFRL,6740,208,0.31563411373282924
High-straggler,JIT-APFRL,6740,209,0.32175416750132807
High-straggler,JIT-APFRL,6740,210,0.3143028872298274
High-straggler,JIT-APFRL,6740,211,0.3200933823095072
High-straggler,JIT-APFRL,6740,212,0.316303514743919
High-straggler,JIT-APFRL,6740,213,0.3194646105954979
High-straggler,JIT-APFRL,6740,214,0.31194439657704964
High-straggler,JIT-APFRL,6740,215,0.3256703361462292
High-straggler,JIT-APFRL,6740,216,0.31392898455227364
High-straggler,JIT-APFRL,6740,217,0.31258155898229745
High-straggler,JIT-APFRL,6740,218,0.3207135830485152
High-straggler,JIT-APFRL,6740,219,0.33385216755788577
High-straggler,JIT-APFRL,6740,220,0.318414979903415
High-straggler,JIT-APFRL,6740,221,0.3183244380328707
High-straggler,JIT-APFRL,6740,222,0.31732110895445953
High-straggler,JIT-APFRL,6740,223,0.31804367689355795
High-straggler,JIT-APFRL,6740,224,0.32400459995186587
High-straggler,JIT-APFRL,6740,225,0.31638612897064794
High-straggler,JIT-APFRL,6740,226,0.32186295918060853
High-straggler,JIT-APFRL,6740,227,0.3251252723044423
High-straggler,JIT-APFRL,6740,228,0.3128001716300971
High-straggler,JIT-APFRL,6740,229,0.32158137065133546
High-straggler,JIT-APFRL,6740,230,0.3217629480024773
High-straggler,JIT-APFRL,6740,231,0.31570977385286575
High-straggler,JIT-APFRL,6740,232,0.3202877152542238
High-straggler,JIT-APFRL,6740,233,0.32548841374066895
High-straggler,JIT-APFRL,6740,234,0.31889746066844143
High-straggler,JIT-APFRL,6740,235,0.31472595689208405
High-straggler,JIT-APFRL,6740,236,0.3222583537816003
High-straggler,JIT-APFRL,6740,237,0.31688747463218886
High-straggler,JIT-APFRL,6740,238,0.3189083504716356
High-straggler,JIT-APFRL,6740,239,0.31173523932898695
High-straggler,JIT-APFRL,6740,240,0.3125176103155463
High-straggler,JIT-APFRL,6740,241,0.31085205469315375
High-straggler,JIT-APFRL,6740,242,0.3185243400382515
High-straggler,JIT-APFRL,6740,243,0.3089752867319212
High-straggler,JIT-APFRL,6740,244,0.31575674548820454
High-straggler,JIT-APFRL,6740,245,0.3225035611970826
High-straggler,JIT-APFRL,6740,246,0.3211140592716549
High-straggler,JIT-APFRL,6740,247,0.3149653246446147
High-straggler,JIT-APFRL,6740,248,0.3250254162400542
High-straggler,JIT-APFRL,6740,249,0.32451970933419966
High-straggler,JIT-APFRL,6740,250,0.3247481051550094
High-straggler,JIT-APFRL,6740,251,0.32405428833423855
High-straggler,JIT-APFRL,6740,252,0.31383049817633907
High-straggler,JIT-APFRL,6740,253,0.32305224307540126
High-straggler,JIT-APFRL,6740,254,0.3184747009568237
High-straggler,JIT-APFRL,6740,255,0.3193507540501754
High-straggler,JIT-APFRL,6740,256,0.3220811353839474
High-straggler,JIT-APFRL,6740,257,0.33110823795826705
High-straggler,JIT-APFRL,6740,258,0.3252076240203255
High-straggler,JIT-APFRL,6740,259,0.32476471592301737
High-straggler,JIT-APFRL,6740,260,0.31374126447325823
High-straggler,JIT-APFRL,6740,261,0.32184260957640565
High-straggler,JIT-APFRL,6740,262,0.3187792273847723
High-straggler,JIT-APFRL,6740,263,0.3215436749881175
High-straggler,JIT-APFRL,6740,264,0.3228043920818626
High-straggler,JIT-APFRL,6740,265,0.3169047607716695
High-straggler,JIT-APFRL,6740,266,0.31647725584882636
High-straggler,JIT-APFRL,6740,267,0.3215838537649562
High-straggler,JIT-APFRL,6740,268,0.3184172696408402
High-straggler,JIT-APFRL,6740,269,0.33051664797416164
High-straggler,JIT-APFRL,6740,270,0.3258937905980281
High-straggler,JIT-APFRL,6740,271,0.3134192288788039
High-straggler,JIT-APFRL,6740,272,0.31626973453880647
High-straggler,JIT-APFRL,6740,273,0.33357239708747877
High-straggler,JIT-APFRL,6740,274,0.322321523376322
High-straggler,JIT-APFRL,6740,275,0.3270787680253613
High-straggler,JIT-APFRL,6740,276,0.31982296508220565
High-straggler,JIT-APFRL,6740,277,0.31777656907341056
High-straggler,JIT-APFRL,6740,278,0.33087658642205486
High-straggler,JIT-APFRL,6740,279,0.32469382816189174
High-straggler,JIT-APFRL,6740,280,0.32048727173440095
High-straggler,JIT-APFRL,6740,281,0.3176091040181611
High-straggler,JIT-APFRL,6740,282,0.3151112422642174
High-straggler,JIT-APFRL,6740,283,0.3181173055871251
High-straggler,JIT-APFRL,6740,284,0.32304906744647555
High-straggler,JIT-APFRL,6740,285,0.32169885171459967
High-straggler,JIT-APFRL,6740,286,0.32564945125329836
High-straggler,JIT-APFRL,6740,287,0.3259112139867601
High-straggler,JIT-APFRL,6740,288,0.3296750259130921
High-straggler,JIT-APFRL,6740,289,0.3349731169889751
High-straggler,JIT-APFRL,6740,290,0.31605306290478663
High-straggler,JIT-APFRL,6740,291,0.32322623502400677
High-straggler,JIT-APFRL,6740,292,0.3269641391851139
High-straggler,JIT-APFRL,6740,293,0.3291143352573949
High-straggler,JIT-APFRL,6740,294,0.32158090923556504
High-straggler,JIT-APFRL,6740,295,0.3204149248664137
High-straggler,JIT-APFRL,6740,296,0.31853308784986084
High-straggler,JIT-APFRL,6740,297,0.32162631191371094
High-straggler,JIT-APFRL,6740,298,0.3179476726551393
High-straggler,JIT-APFRL,6740,299,0.32826672296063736
High-straggler,JIT-APFRL,6740,300,0.32799259349916426
High-straggler,JIT-APFRL,6740,301,0.31526929232654755
High-straggler,JIT-APFRL,6740,302,0.3204108599941281
High-straggler,JIT-APFRL,6740,303,0.3214847324163102
High-straggler,JIT-APFRL,6740,304,0.3184708308119698
High-straggler,JIT-APFRL,6740,305,0.3225740802817239
High-straggler,JIT-APFRL,6740,306,0.3225931831514831
High-straggler,JIT-APFRL,6740,307,0.324447232684181
High-straggler,JIT-APFRL,6740,308,0.3232252408416745
High-straggler,JIT-APFRL,6740,309,0.32193198821209257
High-straggler,JIT-APFRL,6740,310,0.3264308015043905
High-straggler,JIT-APFRL,6740,311,0.3138553214866859
High-straggler,JIT-APFRL,6740,312,0.3191901239647607
High-straggler,JIT-APFRL,6740,313,0.32594192676160877
High-straggler,JIT-APFRL,6740,314,0.326186747402102
High-straggler,JIT-APFRL,6740,315,0.3264110292442125
High-straggler,JIT-APFRL,6740,316,0.3168500347187801
High-straggler,JIT-APFRL,6740,317,0.32459081614739654
High-straggler,JIT-APFRL,6740,318,0.32375130936942
High-straggler,JIT-APFRL,6740,319,0.3290904460682206
High-straggler,JIT-APFRL,6740,320,0.3243120378407466
High-straggler,JIT-APFRL,6740,321,0.32869442597386833
High-straggler,JIT-APFRL,6740,322,0.3171627543082616
High-straggler,JIT-APFRL,6740,323,0.3222484516976426
High-straggler,JIT-APFRL,6740,324,0.31520752200782753
High-straggler,JIT-APFRL,6740,325,0.3287937567054464
High-straggler,JIT-APFRL,6740,326,0.32795368313219525
High-straggler,JIT-APFRL,6740,327,0.3322412359436349
High-straggler,JIT-APFRL,6740,328,0.32095780828349596
High-straggler,JIT-APFRL,6740,329,0.3192434345017531
High-straggler,JIT-APFRL,6740,330,0.3287174596670354
High-straggler,JIT-APFRL,6740,331,0.33554782871838346
High-straggler,JIT-APFRL,6740,332,0.32082148035676433
High-straggler,JIT-APFRL,6740,333,0.32000579345181024
High-straggler,JIT-APFRL,6740,334,0.3176896306782331
High-straggler,JIT-APFRL,6740,335,0.3296894047582542
High-straggler,JIT-APFRL,6740,336,0.32392817857124157
High-straggler,JIT-APFRL,6740,337,0.33093528829411334
High-straggler,JIT-APFRL,6740,338,0.32244452107978244
High-straggler,JIT-APFRL,6740,339,0.33572402787481714
High-straggler,JIT-APFRL,6740,340,0.32776683504093174
High-straggler,JIT-APFRL,6740,341,0.3250619438960191
High-straggler,JIT-APFRL,6740,342,0.3252494946887966
High-straggler,JIT-APFRL,6740,343,0.32380047742624907
High-straggler,JIT-APFRL,6740,344,0.3229357526083272
High-straggler,JIT-APFRL,6740,345,0.3257228246619989
High-straggler,JIT-APFRL,6740,346,0.31656245347666057
High-straggler,JIT-APFRL,6740,347,0.3200425365972408
High-straggler,JIT-APFRL,6740,348,0.31481336615358363
High-straggler,JIT-APFRL,6740,349,0.3207534507223243
High-straggler,JIT-APFRL,6740,350,0.32924529392276575
High-straggler,JIT-APFRL,6740,351,0.32628401351334063
High-straggler,JIT-APFRL,6740,352,0.3214998023181149
High-straggler,JIT-APFRL,6740,353,0.31821839696052984
High-straggler,JIT-APFRL,6740,354,0.32210583332858334
High-straggler,JIT-APFRL,6740,355,0.31890349188700723
High-straggler,JIT-APFRL,6740,356,0.3261323093447671
High-straggler,JIT-APFRL,6740,357,0.33558666755914485
High-straggler,JIT-APFRL,6740,358,0.3178748908854214
High-straggler,JIT-APFRL,6740,359,0.32285945556324247
High-straggler,JIT-APFRL,6740,360,0.3244007774114995
High-straggler,JIT-APFRL,6740,361,0.3172076657322899
High-straggler,JIT-APFRL,6740,362,0.3222071315560148
High-straggler,JIT-APFRL,6740,363,0.3268260868525918
High-straggler,JIT-APFRL,6740,364,0.3206267219034827
High-straggler,JIT-APFRL,6740,365,0.3277863399153093
High-straggler,JIT-APFRL,6740,366,0.3219760173196872
High-straggler,JIT-APFRL,6740,367,0.3192881172805603
High-straggler,JIT-APFRL,6740,368,0.3166820093322571
High-straggler,JIT-APFRL,6740,369,0.32042368975876334
High-straggler,JIT-APFRL,6740,370,0.3227877789019323
High-straggler,JIT-APFRL,6740,371,0.3295542806007006
High-straggler,JIT-APFRL,6740,372,0.3319097136467848
High-straggler,JIT-APFRL,6740,373,0.3239049986958479
High-straggler,JIT-APFRL,6740,374,0.32482357057992073
High-straggler,JIT-APFRL,6740,375,0.3273678956688681
High-straggler,JIT-APFRL,6740,376,0.32046556910429014
High-straggler,JIT-APFRL,6740,377,0.33040532962161057
High-straggler,JIT-APFRL,6740,378,0.3306749475583351
High-straggler,JIT-APFRL,6740,379,0.3272220482559144
High-straggler,JIT-APFRL,6740,380,0.3257598640026926
High-straggler,JIT-APFRL,6740,381,0.325277130680079
High-straggler,JIT-APFRL,6740,382,0.33285817766267145
High-straggler,JIT-APFRL,6740,383,0.3214867342904365
High-straggler,JIT-APFRL,6740,384,0.3230906304900898
High-straggler,JIT-APFRL,6740,385,0.33214342921192896
High-straggler,JIT-APFRL,6740,386,0.3217787048111338
High-straggler,JIT-APFRL,6740,387,0.3205522908113011
High-straggler,JIT-APFRL,6740,388,0.3206850556909036
High-straggler,JIT-APFRL,6740,389,0.32350131204670096
High-straggler,JIT-APFRL,6740,390,0.32782723084744375
High-straggler,JIT-APFRL,6740,391,0.31847648621759245
High-straggler,JIT-APFRL,6740,392,0.32127665131651
High-straggler,JIT-APFRL,6740,393,0.32376882683777775
High-straggler,JIT-APFRL,6740,394,0.32064202682654147
High-straggler,JIT-APFRL,6740,395,0.31756444838803044
High-straggler,JIT-APFRL,6740,396,0.32454403452673025
High-straggler,JIT-APFRL,6740,397,0.32089754255991726
High-straggler,JIT-APFRL,6740,398,0.3279270772336328
High-straggler,JIT-APFRL,6740,399,0.3310258944360704
High-straggler,JIT-APFRL,6740,400,0.32555125529416806
High-straggler,JIT-APFRL,7851,1,0.2624467469413829
High-straggler,JIT-APFRL,7851,2,0.2623279589411227
High-straggler,JIT-APFRL,7851,3,0.2650312711544918
High-straggler,JIT-APFRL,7851,4,0.2559624368559314
High-straggler,JIT-APFRL,7851,5,0.2609251279825153
High-straggler,JIT-APFRL,7851,6,0.2655294845628832
High-straggler,JIT-APFRL,7851,7,0.26232902388080914
High-straggler,JIT-APFRL,7851,8,0.25960170736122506
High-straggler,JIT-APFRL,7851,9,0.26010833098168795
High-straggler,JIT-APFRL,7851,10,0.25719504002421534
High-straggler,JIT-APFRL,7851,11,0.2606673422707621
High-straggler,JIT-APFRL,7851,12,0.2631231909640148
High-straggler,JIT-APFRL,7851,13,0.2665002287465711
High-straggler,JIT-APFRL,7851,14,0.2607861574575438
High-straggler,JIT-APFRL,7851,15,0.2553128005877478
High-straggler,JIT-APFRL,7851,16,0.26192337343911015
High-straggler,JIT-APFRL,7851,17,0.26193695163872144
High-straggler,JIT-APFRL,7851,18,0.2627588034231558
High-straggler,JIT-APFRL,7851,19,0.2592422868112935
High-straggler,JIT-APFRL,7851,20,0.2574089215328549
High-straggler,JIT-APFRL,7851,21,0.26608548928929926
High-straggler,JIT-APFRL,7851,22,0.25851142016389966
High-straggler,JIT-APFRL,7851,23,0.2627328612568247
High-straggler,JIT-APFRL,7851,24,0.26286265446177426
High-straggler,JIT-APFRL,7851,25,0.26213224253539963
High-straggler,JIT-APFRL,7851,26,0.26780869117402595
High-straggler,JIT-APFRL,7851,27,0.2693654107798873
High-straggler,JIT-APFRL,7851,28,0.26715918032202524
High-straggler,JIT-APFRL,7851,29,0.26574532961755143
High-straggler,JIT-APFRL,7851,30,0.2664369420808339
High-straggler,JIT-APFRL,7851,31,0.25635708702234183
High-straggler,JIT-APFRL,7851,32,0.25939686610469775
High-straggler,JIT-APFRL,7851,33,0.26838883575780065
High-straggler,JIT-APFRL,7851,34,0.2644088236267174
High-straggler,JIT-APFRL,7851,35,0.2691055823227485
High-straggler,JIT-APFRL,7851,36,0.2671755424568845
High-straggler,JIT-APFRL,7851,37,0.26575814155937877
High-straggler,JIT-APFRL,7851,38,0.277010553497509
High-straggler,JIT-APFRL,7851,39,0.2598632760158913
High-straggler,JIT-APFRL,7851,40,0.26673870206341843
High-straggler,JIT-APFRL,7851,41,0.2655485245135335
High-straggler,JIT-APFRL,7851,42,0.2746099800055116
High-straggler,JIT-APFRL,7851,43,0.271183976536165
High-straggler,JIT-APFRL,7851,44,0.2649687468316208
High-straggler,JIT-APFRL,7851,45,0.26114189776508334
High-straggler,JIT-APFRL,7851,46,0.27113451231420876
High-straggler,JIT-APFRL,7851,47,0.27172702902580603
High-straggler,JIT-APFRL,7851,48,0.26743707483724866
High-straggler,JIT-APFRL,7851,49,0.27301481777737513
High-straggler,JIT-APFRL,7851,50,0.2674944841456878
High-straggler,JIT-APFRL,7851,51,0.2732248784809432
High-straggler,JIT-APFRL,7851,52,0.27561422674399855
High-straggler,JIT-APFRL,7851,53,0.2609805338284921
High-straggler,JIT-APFRL,7851,54,0.26938354906101675
High-straggler,JIT-APFRL,7851,55,0.2634959288388284
High-straggler,JIT-APFRL,7851,56,0.26544528954938756
High-straggler,JIT-APFRL,7851,57,0.2655551006001384
High-straggler,JIT-APFRL,7851,58,0.27226855903715497
High-straggler,JIT-APFRL,7851,59,0.27097306551839245
High-straggler,JIT-APFRL,7851,60,0.272013533788365
High-straggler,JIT-APFRL,7851,61,0.27310120178804176
High-straggler,JIT-APFRL,7851,62,0.2714835826568268
High-straggler,JIT-APFRL,7851,63,0.2727261797446437
High-straggler,JIT-APFRL,7851,64,0.27713857681350146
High-straggler,JIT-APFRL,7851,65,0.27378050876737947
High-straggler,JIT-APFRL,7851,66,0.2694339864322892
High-straggler,JIT-APFRL,7851,67,0.27347672340201257
High-straggler,JIT-APFRL,7851,68,0.2747519176871989
High-straggler,JIT-APFRL,7851,69,0.2719422976968094
High-straggler,JIT-APFRL,7851,70,0.27656188216942906
High-straggler,JIT-APFRL,7851,71,0.27196407819214574
High-straggler,JIT-APFRL,7851,72,0.28076250876796244
High-straggler,JIT-APFRL,7851,73,0.2679096243853367
High-straggler,JIT-APFRL,7851,74,0.27723820798738813
High-straggler,JIT-APFRL,7851,75,0.2792343651126342
High-straggler,JIT-APFRL,7851,76,0.2717518306722259
High-straggler,JIT-APFRL,7851,77,0.27565830667934266
High-straggler,JIT-APFRL,7851,78,0.2746216362142633
High-straggler,JIT-APFRL,7851,79,0.2766618602683318
High-straggler,JIT-APFRL,7851,80,0.2789521483989031
High-straggler,JIT-APFRL,7851,81,0.28250548850321094
High-straggler,JIT-APFRL,7851,82,0.281257535445144
High-straggler,JIT-APFRL,7851,83,0.2777817912906604
High-straggler,JIT-APFRL,7851,84,0.2755871095749211
High-straggler,JIT-APFRL,7851,85,0.27975109824049815
High-straggler,JIT-APFRL,7851,86,0.2826419532803313
High-straggler,JIT-APFRL,7851,87,0.28250460072661554
High-straggler,JIT-APFRL,7851,88,0.28080870515681067
High-straggler,JIT-APFRL,7851,89,0.28758220074594404
High-straggler,JIT-APFRL,7851,90,0.2839380034543998
High-straggler,JIT-APFRL,7851,91,0.28717602608752807
High-straggler,JIT-APFRL,7851,92,0.28118265455093844
High-straggler,JIT-APFRL,7851,93,0.28460990149555143
High-straggler,JIT-APFRL,7851,94,0.27393335684986575
High-straggler,JIT-APFRL,7851,95,0.2821612569936842
High-straggler,JIT-APFRL,7851,96,0.2799272206284231
High-straggler,JIT-APFRL,7851,97,0.2886200841749716
High-straggler,JIT-APFRL,7851,98,0.2847452787680795
High-straggler,JIT-APFRL,7851,99,0.28545061761528007
High-straggler,JIT-APFRL,7851,100,0.2899267900721424
High-straggler,JIT-APFRL,7851,101,0.2778024144353643
High-straggler,JIT-APFRL,7851,102,0.2815996410126685
High-straggler,JIT-APFRL,7851,103,0.2849859832863241
High-straggler,JIT-APFRL,7851,104,0.28216157733566055
High-straggler,JIT-APFRL,7851,105,0.28997958216632697
High-straggler,JIT-APFRL,7851,106,0.28453789250668216
High-straggler,JIT-APFRL,7851,107,0.2914137375097652
High-straggler,JIT-APFRL,7851,108,0.29366184275670265
High-straggler,JIT-APFRL,7851,109,0.2863000069204882
High-straggler,JIT-APFRL,7851,110,0.2987133816255579
High-straggler,JIT-APFRL,7851,111,0.28719728658188237
High-straggler,JIT-APFRL,7851,112,0.29057966135926405
High-straggler,JIT-APFRL,7851,113,0.2909797779202305
High-straggler,JIT-APFRL,7851,114,0.2907085174403611
High-straggler,JIT-APFRL,7851,115,0.2944505628244002
High-straggler,JIT-APFRL,7851,116,0.29005483933576537
High-straggler,JIT-APFRL,7851,117,0.29009458531234655
High-straggler,JIT-APFRL,7851,118,0.2923144606288281
High-straggler,JIT-APFRL,7851,119,0.29160211821844295
High-straggler,JIT-APFRL,7851,120,0.2956074142503568
High-straggler,JIT-APFRL,7851,121,0.2984606238654477
High-straggler,JIT-APFRL,7851,122,0.29593195800418887
High-straggler,JIT-APFRL,7851,123,0.2960201982857421
High-straggler,JIT-APFRL,7851,124,0.29079783016466715
High-straggler,JIT-APFRL,7851,125,0.28746475472169847
High-straggler,JIT-APFRL,7851,126,0.2866901322879527
High-straggler,JIT-APFRL,7851,127,0.29611693777606723
High-straggler,JIT-APFRL,7851,128,0.2952264380719304
High-straggler,JIT-APFRL,7851,129,0.29571853718149405
High-straggler,JIT-APFRL,7851,130,0.2928414688244224
High-straggler,JIT-APFRL,7851,131,0.2978653158882836
High-straggler,JIT-APFRL,7851,132,0.2916354192640497
High-straggler,JIT-APFRL,7851,133,0.2975752510515049
High-straggler,JIT-APFRL,7851,134,0.30217197406385765
High-straggler,JIT-APFRL,7851,135,0.2993220460273113
High-straggler,JIT-APFRL,7851,136,0.301553665560176
High-straggler,JIT-APFRL,7851,137,0.2958798217661323
High-straggler,JIT-APFRL,7851,138,0.30454119448962413
High-straggler,JIT-APFRL,7851,139,0.3034453323337814
High-straggler,JIT-APFRL,7851,140,0.30753991723966156
High-straggler,JIT-APFRL,7851,141,0.30436859912114117
High-straggler,JIT-APFRL,7851,142,0.30118500658453273
High-straggler,JIT-APFRL,7851,143,0.30004779369771956
High-straggler,JIT-APFRL,7851,144,0.2995660971309881
High-straggler,JIT-APFRL,7851,145,0.30588872994161137
High-straggler,JIT-APFRL,7851,146,0.29629679495742106
High-straggler,JIT-APFRL,7851,147,0.2996422756968117
High-straggler,JIT-APFRL,7851,148,0.30080853640387706
High-straggler,JIT-APFRL,7851,149,0.3016968689759161
High-straggler,JIT-APFRL,7851,150,0.30297156032737166
High-straggler,JIT-APFRL,7851,151,0.29633039312485293
High-straggler,JIT-APFRL,7851,152,0.3018606856686824
High-straggler,JIT-APFRL,7851,153,0.30808495885185117
High-straggler,JIT-APFRL,7851,154,0.3094357253868673
High-straggler,JIT-APFRL,7851,155,0.3051047541365051
High-straggler,JIT-APFRL,7851,156,0.2973848752132703
High-straggler,JIT-APFRL,7851,157,0.30951389857568823
High-straggler,JIT-APFRL,7851,158,0.3009479225872487
High-straggler,JIT-APFRL,7851,159,0.31392763905512355
High-straggler,JIT-APFRL,7851,160,0.30231020782229645
High-straggler,JIT-APFRL,7851,161,0.3094875729772823
High-straggler,JIT-APFRL,7851,162,0.2987624875537576
High-straggler,JIT-APFRL,7851,163,0.3097155068837212
High-straggler,JIT-APFRL,7851,164,0.3160536785676171
High-straggler,JIT-APFRL,7851,165,0.3146770405895564
High-straggler,JIT-APFRL,7851,166,0.30972475617111794
High-straggler,JIT-APFRL,7851,167,0.3057326630216681
High-straggler,JIT-APFRL,7851,168,0.3067690490265944
High-straggler,JIT-APFRL,7851,169,0.31221764913186417
High-straggler,JIT-APFRL,7851,170,0.31245250750169296
High-straggler,JIT-APFRL,7851,171,0.3104997620628135
High-straggler,JIT-APFRL,7851,172,0.31808653204288145
High-straggler,JIT-APFRL,7851,173,0.30878172164224055
High-straggler,JIT-APFRL,7851,174,0.30852389914083583
High-straggler,JIT-APFRL,7851,175,0.2981097287075293
High-straggler,JIT-APFRL,7851,176,0.3098456445570962
High-straggler,JIT-APFRL,7851,177,0.30528787823425785
High-straggler,JIT-APFRL,7851,178,0.306543275285764
High-straggler,JIT-APFRL,7851,179,0.30359324035300256
High-straggler,JIT-APFRL,7851,180,0.3130366999198547
High-straggler,JIT-APFRL,7851,181,0.3146102360244056
High-straggler,JIT-APFRL,7851,182,0.3179643590021877
High-straggler,JIT-APFRL,7851,183,0.3119888183675123
High-straggler,JIT-APFRL,7851,184,0.30943851289466395
High-straggler,JIT-APFRL,7851,185,0.3067694853335221
High-straggler,JIT-APFRL,7851,186,0.3230354389893911
High-straggler,JIT-APFRL,7851,187,0.3088354872440497
High-straggler,JIT-APFRL,7851,188,0.30586081544944854
High-straggler,JIT-APFRL,7851,189,0.31467030205852803
High-straggler,JIT-APFRL,7851,190,0.3119977436887873
High-straggler,JIT-APFRL,7851,191,0.31038249288357095
High-straggler,JIT-APFRL,7851,192,0.3207901206406694
High-straggler,JIT-APFRL,7851,193,0.31759465239465673
High-straggler,JIT-APFRL,7851,194,0.3225951802342871
High-straggler,JIT-APFRL,7851,195,0.3199841498655389
High-straggler,JIT-APFRL,7851,196,0.3127527197817184
High-straggler,JIT-APFRL,7851,197,0.3220048265870842
High-straggler,JIT-APFRL,7851,198,0.3119791545604464
High-straggler,JIT-APFRL,7851,199,0.3123515015325348
High-straggler,JIT-APFRL,7851,200,0.31605142815145415
High-straggler,JIT-APFRL,7851,201,0.30909261483632894
High-straggler,JIT-APFRL,7851,202,0.3158922798972676
High-straggler,JIT-APFRL,7851,203,0.30815909590770274
High-straggler,JIT-APFRL,7851,204,0.3234046143235795
High-straggler,JIT-APFRL,7851,205,0.3182397294093925
High-straggler,JIT-APFRL,7851,206,0.31850244295816504
High-straggler,JIT-APFRL,7851,207,0.3272521837820609
High-straggler,JIT-APFRL,7851,208,0.3230700338304591
High-straggler,JIT-APFRL,7851,209,0.31008608705258234
High-straggler,JIT-APFRL,7851,210,0.3127509605670647
High-straggler,JIT-APFRL,7851,211,0.30911199745518014
High-straggler,JIT-APFRL,7851,212,0.317284774730174
High-straggler,JIT-APFRL,7851,213,0.3219998715329175
High-straggler,JIT-APFRL,7851,214,0.31593519802980724
High-straggler,JIT-APFRL,7851,215,0.30944638556663323
High-straggler,JIT-APFRL,7851,216,0.3199778062647447
High-straggler,JIT-APFRL,7851,217,0.3155375400923907
High-straggler,JIT-APFRL,7851,218,0.3179778407707385
High-straggler,JIT-APFRL,7851,219,0.3241181503654497
High-straggler,JIT-APFRL,7851,220,0.3097930198640072
High-straggler,JIT-APFRL,7851,221,0.3170541543706574
High-straggler,JIT-APFRL,7851,222,0.3195502191631742
High-straggler,JIT-APFRL,7851,223,0.314535630325164
High-straggler,JIT-APFRL,7851,224,0.31829478296788805
High-straggler,JIT-APFRL,7851,225,0.3089334161569798
High-straggler,JIT-APFRL,7851,226,0.3209741706444844
High-straggler,JIT-APFRL,7851,227,0.31711308393878485
High-straggler,JIT-APFRL,7851,228,0.32635401743650005
High-straggler,JIT-APFRL,7851,229,0.3174127626429925
High-straggler,JIT-APFRL,7851,230,0.3134110332895141
High-straggler,JIT-APFRL,7851,231,0.32240230763112265
High-straggler,JIT-APFRL,7851,232,0.3245022555835358
High-straggler,JIT-APFRL,7851,233,0.31404419437348613
High-straggler,JIT-APFRL,7851,234,0.31936667304060845
High-straggler,JIT-APFRL,7851,235,0.3253009155582599
High-straggler,JIT-APFRL,7851,236,0.31969046836774273
High-straggler,JIT-APFRL,7851,237,0.32580771969346417
High-straggler,JIT-APFRL,7851,238,0.3210355969010841
High-straggler,JIT-APFRL,7851,239,0.3162499091723767
High-straggler,JIT-APFRL,7851,240,0.3148373894665796
High-straggler,JIT-APFRL,7851,241,0.32219241360766904
High-straggler,JIT-APFRL,7851,242,0.31345391885952406
High-straggler,JIT-APFRL,7851,243,0.3165764952939111
High-straggler,JIT-APFRL,7851,244,0.3160146751271016
High-straggler,JIT-APFRL,7851,245,0.3167333110719855
High-straggler,JIT-APFRL,7851,246,0.31731773611194763
High-straggler,JIT-APFRL,7851,247,0.32658953128736534
High-straggler,JIT-APFRL,7851,248,0.3210983871913335
High-straggler,JIT-APFRL,7851,249,0.323732948175857
High-straggler,JIT-APFRL,7851,250,0.3209720512533817
High-straggler,JIT-APFRL,7851,251,0.31531803526617014
High-straggler,JIT-APFRL,7851,252,0.32328072473729286
High-straggler,JIT-APFRL,7851,253,0.3201164668304582
High-straggler,JIT-APFRL,7851,254,0.3266985246206863
High-straggler,JIT-APFRL,7851,255,0.3135956055515023
High-straggler,JIT-APFRL,7851,256,0.32324655775720157
High-straggler,JIT-APFRL,7851,257,0.31827932207456444
High-straggler,JIT-APFRL,7851,258,0.32228808035079337
High-straggler,JIT-APFRL,7851,259,0.3169641557318993
High-straggler,JIT-APFRL,7851,260,0.3222933884364381
High-straggler,JIT-APFRL,7851,261,0.32203383972799154
High-straggler,JIT-APFRL,7851,262,0.3235966439070032
High-straggler,JIT-APFRL,7851,263,0.3177720336352138
High-straggler,JIT-APFRL,7851,264,0.3220837003534121
High-straggler,JIT-APFRL,7851,265,0.325597600176419
High-straggler,JIT-APFRL,7851,266,0.3244818431574374
High-straggler,JIT-APFRL,7851,267,0.3193216657843841
High-straggler,JIT-APFRL,7851,268,0.31964267712593064
High-straggler,JIT-APFRL,7851,269,0.32910947915877786
High-straggler,JIT-APFRL,7851,270,0.3192927617181031
High-straggler,JIT-APFRL,7851,271,0.31647284555032434
High-straggler,JIT-APFRL,7851,272,0.32240002508447607
High-straggler,JIT-APFRL,7851,273,0.324391623915673
High-straggler,JIT-APFRL,7851,274,0.3149653586410072
High-straggler,JIT-APFRL,7851,275,0.3251727136298968
High-straggler,JIT-APFRL,7851,276,0.3122452216570868
High-straggler,JIT-APFRL,7851,277,0.32886938979187336
High-straggler,JIT-APFRL,7851,278,0.32495293579955764
High-straggler,JIT-APFRL,7851,279,0.32299708118085924
High-straggler,JIT-APFRL,7851,280,0.3236213936722044
High-straggler,JIT-APFRL,7851,281,0.32238584366635026
High-straggler,JIT-APFRL,7851,282,0.31955022297212154
High-straggler,JIT-APFRL,7851,283,0.33036852317683624
High-straggler,JIT-APFRL,7851,284,0.3188057125353156
High-straggler,JIT-APFRL,7851,285,0.3238128931002359
High-straggler,JIT-APFRL,7851,286,0.3233284990175973
High-straggler,JIT-APFRL,7851,287,0.32498301060470125
High-straggler,JIT-APFRL,7851,288,0.3331680396656874
High-straggler,JIT-APFRL,7851,289,0.32050445975769054
High-straggler,JIT-APFRL,7851,290,0.32517553784551545
High-straggler,JIT-APFRL,7851,291,0.3204177895257414
High-straggler,JIT-APFRL,7851,292,0.3200269755006893
High-straggler,JIT-APFRL,7851,293,0.32494916483188147
High-straggler,JIT-APFRL,7851,294,0.32255775432533845
High-straggler,JIT-APFRL,7851,295,0.3226556082093576
High-straggler,JIT-APFRL,7851,296,0.32306386133923887
High-straggler,JIT-APFRL,7851,297,0.30958740229178694
High-straggler,JIT-APFRL,7851,298,0.32523749587172507
High-straggler,JIT-APFRL,7851,299,0.3292694074891076
High-straggler,JIT-APFRL,7851,300,0.3253906646296557
High-straggler,JIT-APFRL,7851,301,0.3297362642439554
High-straggler,JIT-APFRL,7851,302,0.3290078514044325
High-straggler,JIT-APFRL,7851,303,0.3252399391595702
High-straggler,JIT-APFRL,7851,304,0.32221667383728564
High-straggler,JIT-APFRL,7851,305,0.32057601105707545
High-straggler,JIT-APFRL,7851,306,0.32888869418994104
High-straggler,JIT-APFRL,7851,307,0.31696423824794717
High-straggler,JIT-APFRL,7851,308,0.32023685885743397
High-straggler,JIT-APFRL,7851,309,0.31982262994934624
High-straggler,JIT-APFRL,7851,310,0.32687662378998983
High-straggler,JIT-APFRL,7851,311,0.3215644047031615
High-straggler,JIT-APFRL,7851,312,0.3261316900351428
High-straggler,JIT-APFRL,7851,313,0.33403152469281633
High-straggler,JIT-APFRL,7851,314,0.3274580582608047
High-straggler,JIT-APFRL,7851,315,0.33158525137341244
High-straggler,JIT-APFRL,7851,316,0.33188996082132827
High-straggler,JIT-APFRL,7851,317,0.3200977054272461
High-straggler,JIT-APFRL,7851,318,0.31964774626677844
High-straggler,JIT-APFRL,7851,319,0.32421171862603876
High-straggler,JIT-APFRL,7851,320,0.3305306045682888
High-straggler,JIT-APFRL,7851,321,0.31915875563662827
High-straggler,JIT-APFRL,7851,322,0.32537838132905766
High-straggler,JIT-APFRL,7851,323,0.32718278113770355
High-straggler,JIT-APFRL,7851,324,0.3199511885535205
High-straggler,JIT-APFRL,7851,325,0.3210213475958625
High-straggler,JIT-APFRL,7851,326,0.33109975077858256
High-straggler,JIT-APFRL,7851,327,0.32389546954343656
High-straggler,JIT-APFRL,7851,328,0.32471741850507513
High-straggler,JIT-APFRL,7851,329,0.3197476449066031
High-straggler,JIT-APFRL,7851,330,0.32862639680670314
High-straggler,JIT-APFRL,7851,331,0.32431380694092227
High-straggler,JIT-APFRL,7851,332,0.31981579448605724
High-straggler,JIT-APFRL,7851,333,0.3201914876062796
High-straggler,JIT-APFRL,7851,334,0.3309293635826205
High-straggler,JIT-APFRL,7851,335,0.3163112459051872
High-straggler,JIT-APFRL,7851,336,0.3289945768950422
High-straggler,JIT-APFRL,7851,337,0.3177414232694647
High-straggler,JIT-APFRL,7851,338,0.3250920205670733
High-straggler,JIT-APFRL,7851,339,0.3266700963121421
High-straggler,JIT-APFRL,7851,340,0.3253986433901823
High-straggler,JIT-APFRL,7851,341,0.32371421184603133
High-straggler,JIT-APFRL,7851,342,0.32176487307882246
High-straggler,JIT-APFRL,7851,343,0.3265623277209791
High-straggler,JIT-APFRL,7851,344,0.3296768896952195
High-straggler,JIT-APFRL,7851,345,0.32432154536969937
High-straggler,JIT-APFRL,7851,346,0.32082067035580886
High-straggler,JIT-APFRL,7851,347,0.3207274819568033
High-straggler,JIT-APFRL,7851,348,0.32196017601173416
High-straggler,JIT-APFRL,7851,349,0.3259263626384193
High-straggler,JIT-APFRL,7851,350,0.33399597203376485
High-straggler,JIT-APFRL,7851,351,0.32666242574970156
High-straggler,JIT-APFRL,7851,352,0.3237500227169885
High-straggler,JIT-APFRL,7851,353,0.3229788594421909
High-straggler,JIT-APFRL,7851,354,0.3292702811739829
High-straggler,JIT-APFRL,7851,355,0.33425606644504036
High-straggler,JIT-APFRL,7851,356,0.32651175887109324
High-straggler,JIT-APFRL,7851,357,0.3316132207879682
High-straggler,JIT-APFRL,7851,358,0.3202875200312047
High-straggler,JIT-APFRL,7851,359,0.3113278368054971
High-straggler,JIT-APFRL,7851,360,0.3357978909687373
High-straggler,JIT-APFRL,7851,361,0.321871842462805
High-straggler,JIT-APFRL,7851,362,0.3243772126107425
High-straggler,JIT-APFRL,7851,363,0.33246951380928974
High-straggler,JIT-APFRL,7851,364,0.3247547285129069
High-straggler,JIT-APFRL,7851,365,0.3241455130556296
High-straggler,JIT-APFRL,7851,366,0.33755373492708873
High-straggler,JIT-APFRL,7851,367,0.3356806547157111
High-straggler,JIT-APFRL,7851,368,0.323037426065887
High-straggler,JIT-APFRL,7851,369,0.33118762863667284
High-straggler,JIT-APFRL,7851,370,0.33700584232561176
High-straggler,JIT-APFRL,7851,371,0.32406133818646243
High-straggler,JIT-APFRL,7851,372,0.32133396557432226
High-straggler,JIT-APFRL,7851,373,0.3242476202735087
High-straggler,JIT-APFRL,7851,374,0.3266689046399482
High-straggler,JIT-APFRL,7851,375,0.32675328124496716
High-straggler,JIT-APFRL,7851,376,0.3245483346221181
High-straggler,JIT-APFRL,7851,377,0.3298455566001638
High-straggler,JIT-APFRL,7851,378,0.3158018931121779
High-straggler,JIT-APFRL,7851,379,0.3239048852592653
High-straggler,JIT-APFRL,7851,380,0.326757904405098
High-straggler,JIT-APFRL,7851,381,0.3263171409498513
High-straggler,JIT-APFRL,7851,382,0.32640853545238463
High-straggler,JIT-APFRL,7851,383,0.3302815659342397
High-straggler,JIT-APFRL,7851,384,0.32672671732406144
High-straggler,JIT-APFRL,7851,385,0.32317439190336916
High-straggler,JIT-APFRL,7851,386,0.32477717552229135
High-straggler,JIT-APFRL,7851,387,0.3257139273047027
High-straggler,JIT-APFRL,7851,388,0.32610803232457647
High-straggler,JIT-APFRL,7851,389,0.3176087669298771
High-straggler,JIT-APFRL,7851,390,0.3201293062988743
High-straggler,JIT-APFRL,7851,391,0.3257502768086973
High-straggler,JIT-APFRL,7851,392,0.32932231628651304
High-straggler,JIT-APFRL,7851,393,0.32589697897603237
High-straggler,JIT-APFRL,7851,394,0.3298340270664911
High-straggler,JIT-APFRL,7851,395,0.3303887215189466
High-straggler,JIT-APFRL,7851,396,0.3248081135928669
High-straggler,JIT-APFRL,7851,397,0.321784813046954
High-straggler,JIT-APFRL,7851,398,0.3301034144836568
High-straggler,JIT-APFRL,7851,399,0.3297213325530079
High-straggler,JIT-APFRL,7851,400,0.3255291926558863
