scenario,method,seed,round,client_update_norm,cross_seed_mean_update_norm,absolute_deviation,relative_deviation_percent
High-straggler,Async-FedDRL,3407,1,0.1634049714252746,0.16364563210874866,0.00024066068347405878,0.14706208798419423
High-straggler,Async-FedDRL,4518,1,0.16407444941245233,0.16364563210874866,0.0004288173037036713,0.262040176800262
High-straggler,Async-FedDRL,5629,1,0.16364573322946413,0.16364563210874866,1.011207154677507e-07,6.179249281798868e-05
High-straggler,Async-FedDRL,6740,1,0.16269482748955438,0.16364563210874866,0.0009508046191942787,0.5810143582460138
High-straggler,Async-FedDRL,7851,1,0.1644081789869979,0.16364563210874866,0.0007625468782492262,0.465974476937145
High-straggler,Async-FedDRL,3407,2,0.16308292405160718,0.16350768083180064,0.00042475678019346375,0.2597778758971014
High-straggler,Async-FedDRL,4518,2,0.16415740960999625,0.16350768083180064,0.0006497287781956074,0.397368964497747
High-straggler,Async-FedDRL,5629,2,0.16318503141101612,0.16350768083180064,0.0003226494207845265,0.19732982520645867
High-straggler,Async-FedDRL,6740,2,0.1626965169610771,0.16350768083180064,0.0008111638707235524,0.49610138593916686
High-straggler,Async-FedDRL,7851,2,0.1644165221253065,0.16350768083180064,0.0009088412935058521,0.555840122544929
High-straggler,Async-FedDRL,3407,3,0.1632740884354558,0.1636536360667441,0.00037954763128830726,0.23192129451588445
High-straggler,Async-FedDRL,4518,3,0.16407196516473022,0.1636536360667441,0.0004183290979861143,0.25561857838313107
High-straggler,Async-FedDRL,5629,3,0.1636718468785821,0.1636536360667441,1.8210811838004215e-05,0.011127654890953454
High-straggler,Async-FedDRL,6740,3,0.16271300975593966,0.1636536360667441,0.0009406263108044377,0.5747665211794103
High-straggler,Async-FedDRL,7851,3,0.16453727009901273,0.1636536360667441,0.0008836340322686265,0.5399415824212102
High-straggler,Async-FedDRL,3407,4,0.16314613818272233,0.1639714959240949,0.0008253577413725732,0.5033544011543597
High-straggler,Async-FedDRL,4518,4,0.16441077658912617,0.1639714959240949,0.0004392806650312664,0.2679006266031851
High-straggler,Async-FedDRL,5629,4,0.16381437959150333,0.1639714959240949,0.0001571163325915781,0.09581929572949058
High-straggler,Async-FedDRL,6740,4,0.1640194607554052,0.1639714959240949,4.796483131028206e-05,0.02925193250202814
High-straggler,Async-FedDRL,7851,4,0.16446672450171754,0.1639714959240949,0.0004952285776226306,0.30202113777865397
High-straggler,Async-FedDRL,3407,5,0.16431627756159842,0.1641344059707602,0.0001818715908382118,0.11080650017438233
High-straggler,Async-FedDRL,4518,5,0.16436013647680275,0.1641344059707602,0.00022573050604254852,0.1375278417145284
High-straggler,Async-FedDRL,5629,5,0.1633609000964112,0.1641344059707602,0.0007735058743490175,0.47126369987704714
High-straggler,Async-FedDRL,6740,5,0.1641193081170612,0.1641344059707602,1.5097853698992081e-05,0.00919846976000979
High-straggler,Async-FedDRL,7851,5,0.16451540760192757,0.1641344059707602,0.0003810016311673603,0.23212782774821386
High-straggler,Async-FedDRL,3407,6,0.16429237645244238,0.16418525346242857,0.0001071229900138082,0.06524519574976431
High-straggler,Async-FedDRL,4518,6,0.1643289650359176,0.16418525346242857,0.00014371157348902486,0.08753013468527561
High-straggler,Async-FedDRL,5629,6,0.16367315265033716,0.16418525346242857,0.0005121008120914095,0.31190426746126526
High-straggler,Async-FedDRL,6740,6,0.16406104197313562,0.16418525346242857,0.00012421148929295245,0.07565325549859839
High-straggler,Async-FedDRL,7851,6,0.1645707312003101,0.16418525346242857,0.00038547773788152884,0.2347821925248237
High-straggler,Async-FedDRL,3407,7,0.16400205570747098,0.16414795396623547,0.00014589825876448748,0.08888216711765906
High-straggler,Async-FedDRL,4518,7,0.16455256550470126,0.16414795396623547,0.0004046115384657989,0.2464919779317053
High-straggler,Async-FedDRL,5629,7,0.16352891034501588,0.16414795396623547,0.0006190436212195893,0.3771253958772608
High-straggler,Async-FedDRL,6740,7,0.16396812683455142,0.16414795396623547,0.00017982713168404607,0.10955185693087331
High-straggler,Async-FedDRL,7851,7,0.16468811143943785,0.16414795396623547,0.0005401574732023795,0.3290674419941217
High-straggler,Async-FedDRL,3407,8,0.16373011465039386,0.16407330028521286,0.0003431856348189988,0.209166046043098
High-straggler,Async-FedDRL,4518,8,0.16440743083190212,0.16407330028521286,0.00033413054668926523,0.20364711754346226
High-straggler,Async-FedDRL,5629,8,0.1636025849970883,0.16407330028521286,0.0004707152881245624,0.28689328934464403
High-straggler,Async-FedDRL,6740,8,0.1641450107200688,0.16407330028521286,7.171043485593165e-05,0.04370634023407559
High-straggler,Async-FedDRL,7851,8,0.16448136022661122,0.16407330028521286,0.0004080599413983643,0.2487058776102042
High-straggler,Async-FedDRL,3407,9,0.16398369952638928,0.16410039678966024,0.00011669726327095953,0.07111333400402386
High-straggler,Async-FedDRL,4518,9,0.1642609007707463,0.16410039678966024,0.00016050398108605202,0.09780840523608361
High-straggler,Async-FedDRL,5629,9,0.16371868542888726,0.16410039678966024,0.00038171136077297385,0.23260843254525573
High-straggler,Async-FedDRL,6740,9,0.16415985149294487,0.16410039678966024,5.945470328463931e-05,0.036230688315060475
High-straggler,Async-FedDRL,7851,9,0.16437884672933353,0.16410039678966024,0.00027844993967329756,0.16968267299816936
High-straggler,Async-FedDRL,3407,10,0.16419178499449688,0.1642015117233515,9.726728854630995e-06,0.005923653657354077
High-straggler,Async-FedDRL,4518,10,0.16415477508066148,0.1642015117233515,4.673664269003175e-05,0.028462979542340724
High-straggler,Async-FedDRL,5629,10,0.16371295127962138,0.1642015117233515,0.000488560443730135,0.29753711680393474
High-straggler,Async-FedDRL,6740,10,0.1643180423756333,0.1642015117233515,0.00011653065228178772,0.07096807517711519
High-straggler,Async-FedDRL,7851,10,0.16463000488634447,0.1642015117233515,0.0004284931629929545,0.2609556748264805
High-straggler,Async-FedDRL,3407,11,0.1643814836483336,0.16428622528570358,9.525836263002407e-05,0.057983170813234085
High-straggler,Async-FedDRL,4518,11,0.16429591222697346,0.16428622528570358,9.686941269876348e-06,0.005896380693530561
High-straggler,Async-FedDRL,5629,11,0.16375813968020547,0.16428622528570358,0.0005280856054981076,0.32144241221668773
High-straggler,Async-FedDRL,6740,11,0.16423158278061908,0.16428622528570358,5.464250508449564e-05,0.03326055181404835
High-straggler,Async-FedDRL,7851,11,0.1647640080923862,0.16428622528570358,0.0004777828066826195,0.29082341252392074
High-straggler,Async-FedDRL,3407,12,0.16416464975040523,0.16433990644743238,0.00017525669702714297,0.10664281172826551
High-straggler,Async-FedDRL,4518,12,0.16453996824661538,0.16433990644743238,0.00020006179918299893,0.12173659064786736
High-straggler,Async-FedDRL,5629,12,0.16375828307827733,0.16433990644743238,0.0005816233691550432,0.35391487176067477
High-straggler,Async-FedDRL,6740,12,0.16443001465353466,0.16433990644743238,9.010820610227954e-05,0.054830386635946256
High-straggler,Async-FedDRL,7851,12,0.16480661650832923,0.16433990644743238,0.0004667100608968522,0.28399070620509287
High-straggler,Async-FedDRL,3407,13,0.16435983369484541,0.16428600747007086,7.382622477455913e-05,0.04493762184098885
High-straggler,Async-FedDRL,4518,13,0.16433022916406864,0.16428600747007086,4.422169399778686e-05,0.026917504831227356
High-straggler,Async-FedDRL,5629,13,0.16387692709934323,0.16428600747007086,0.0004090803707276214,0.24900499867716758
High-straggler,Async-FedDRL,6740,13,0.16414754844112683,0.16428600747007086,0.0001384590289440213,0.08427925851764664
High-straggler,Async-FedDRL,7851,13,0.16471549895097004,0.16428600747007086,0.00042949148089918565,0.2614291305225304
High-straggler,Async-FedDRL,3407,14,0.164718419100587,0.16434399366927532,0.0003744254313116646,0.22783031065020584
High-straggler,Async-FedDRL,4518,14,0.16411394195604487,0.16434399366927532,0.0002300517132304558,0.13998181989748298
High-straggler,Async-FedDRL,5629,14,0.16388397097812224,0.16434399366927532,0.0004600226911530836,0.2799145139912019
High-straggler,Async-FedDRL,6740,14,0.1642888893283386,0.16434399366927532,5.510434093672356e-05,0.033529878218497684
High-straggler,Async-FedDRL,7851,14,0.16471474698328392,0.16434399366927532,0.00037075331400859834,0.22559590145697667
High-straggler,Async-FedDRL,3407,15,0.16454751090101277,0.16434527595997345,0.00020223494103932538,0.12305491585202609
High-straggler,Async-FedDRL,4518,15,0.16421582096047554,0.16434527595997345,0.00012945499949790218,0.07877013728671528
High-straggler,Async-FedDRL,5629,15,0.16415098019138927,0.16434527595997345,0.00019429576858417952,0.11822412749576115
High-straggler,Async-FedDRL,6740,15,0.1640919614813678,0.16434527595997345,0.0002533144786056596,0.15413554002449983
High-straggler,Async-FedDRL,7851,15,0.16472010626562172,0.16434527595997345,0.00037483030564827713,0.22807488895486575
High-straggler,Async-FedDRL,3407,16,0.16441922534180775,0.1643248078361415,9.44175056662444e-05,0.057457852474955565
High-straggler,Async-FedDRL,4518,16,0.16427330061507925,0.1643248078361415,5.1507221062258024e-05,0.03134476269317721
High-straggler,Async-FedDRL,5629,16,0.1641630582014927,0.1643248078361415,0.00016174963464879455,0.098432876191211
High-straggler,Async-FedDRL,6740,16,0.16398029973806288,0.1643248078361415,0.00034450809807862193,0.20965069280479695
High-straggler,Async-FedDRL,7851,16,0.164788155284265,0.1643248078361415,0.0004633474481234856,0.2819704792142634
High-straggler,Async-FedDRL,3407,17,0.16433748075709362,0.1641709111128547,0.00016656964423891751,0.10146111945764488
High-straggler,Async-FedDRL,4518,17,0.1640377297899572,0.1641709111128547,0.0001331813228974965,0.08112358151313709
High-straggler,Async-FedDRL,5629,17,0.16429110619722953,0.1641709111128547,0.00012019508437483006,0.07321338692711848
High-straggler,Async-FedDRL,6740,17,0.16366935733617416,0.1641709111128547,0.0005015537766805411,0.305507092139948
High-straggler,Async-FedDRL,7851,17,0.16451888148381902,0.1641709111128547,0.0003479703709643178,0.21195616726833863
High-straggler,Async-FedDRL,3407,18,0.16454908659841594,0.16430059965761337,0.00024848694080256695,0.15123921721551217
High-straggler,Async-FedDRL,4518,18,0.16438799126898937,0.16430059965761337,8.73916113759976e-05,0.05319007450862219
High-straggler,Async-FedDRL,5629,18,0.1644234941834153,0.16430059965761337,0.0001228945258019143,0.07479858628514725
High-straggler,Async-FedDRL,6740,18,0.1636775920222575,0.16430059965761337,0.00062300763535586,0.3791876820012513
High-straggler,Async-FedDRL,7851,18,0.16446483421498864,0.16430059965761337,0.00016423455737527015,0.09995980399190213
High-straggler,Async-FedDRL,3407,19,0.1646038602861734,0.164222229692496,0.0003816305936774067,0.2323866838198489
High-straggler,Async-FedDRL,4518,19,0.16401320871241953,0.164222229692496,0.00020902098007646863,0.12727934608357086
High-straggler,Async-FedDRL,5629,19,0.1640998321204563,0.164222229692496,0.0001223975720396897,0.07453167105870964
High-straggler,Async-FedDRL,6740,19,0.16399866797353224,0.164222229692496,0.00022356171896376065,0.13613365217509046
High-straggler,Async-FedDRL,7851,19,0.16439557936989863,0.164222229692496,0.0001733496774026233,0.10555798549758966
High-straggler,Async-FedDRL,3407,20,0.16473548749444075,0.16441884616747462,0.00031664132696612723,0.1925821366266012
High-straggler,Async-FedDRL,4518,20,0.16449531956025792,0.16441884616747462,7.647339278329945e-05,0.04651133040150688
High-straggler,Async-FedDRL,5629,20,0.16421231554479943,0.16441884616747462,0.0002065306226751995,0.12561249971601823
High-straggler,Async-FedDRL,6740,20,0.16409426946049668,0.16441884616747462,0.0003245767069779415,0.1974084568427955
High-straggler,Async-FedDRL,7851,20,0.16455683877737837,0.16441884616747462,0.00013799260990374207,0.08392748953072254
High-straggler,Async-FedDRL,3407,21,0.1648557761983685,0.16441608434048555,0.0004396918578829512,0.26742630421267255
High-straggler,Async-FedDRL,4518,21,0.16423457294450391,0.16441608434048555,0.00018151139598163168,0.11039759078907624
High-straggler,Async-FedDRL,5629,21,0.16409546051756702,0.16441608434048555,0.000320623822918531,0.1950075773940452
High-straggler,Async-FedDRL,6740,21,0.16424731116170588,0.16441608434048555,0.0001687731787796687,0.10265004148265697
High-straggler,Async-FedDRL,7851,21,0.1646473008802824,0.16441608434048555,0.00023121653979685242,0.14062890545308895
High-straggler,Async-FedDRL,3407,22,0.16471042200376992,0.16448971752099945,0.0002207044827704785,0.13417524578234044
High-straggler,Async-FedDRL,4518,22,0.1644783414585881,0.16448971752099945,1.1376062411333487e-05,0.006915971759682287
High-straggler,Async-FedDRL,5629,22,0.16416604173133856,0.16448971752099945,0.0003236757896608877,0.19677569792140104
High-straggler,Async-FedDRL,6740,22,0.16443963809081835,0.16448971752099945,5.007943018109362e-05,0.030445325662803373
High-straggler,Async-FedDRL,7851,22,0.16465414432048237,0.16448971752099945,0.0001644267994829196,0.09996174956159688
High-straggler,Async-FedDRL,3407,23,0.16481731212169598,0.16453978369602035,0.00027752842567563274,0.16866949709156887
High-straggler,Async-FedDRL,4518,23,0.1644172979615604,0.16453978369602035,0.00012248573445994282,0.074441409675261
High-straggler,Async-FedDRL,5629,23,0.16444080431757194,0.16453978369602035,9.897937844841054e-05,0.06015528659699126
High-straggler,Async-FedDRL,6740,23,0.1643746334677622,0.16453978369602035,0.0001651502282581374,0.10037100119399989
High-straggler,Async-FedDRL,7851,23,0.16464887061151123,0.16453978369602035,0.00010908691549088578,0.06629820037470015
High-straggler,Async-FedDRL,3407,24,0.16504538546231753,0.16460888838138202,0.0004364970809355162,0.2651722426581224
High-straggler,Async-FedDRL,4518,24,0.1642217569619558,0.16460888838138202,0.00038713141942622875,0.23518257320909958
High-straggler,Async-FedDRL,5629,24,0.16452049767455212,0.16460888838138202,8.839070682989392e-05,0.053697408262123526
High-straggler,Async-FedDRL,6740,24,0.1645070368658926,0.16460888838138202,0.00010185151548941507,0.061874857725444016
High-straggler,Async-FedDRL,7851,24,0.164749764942192,0.16460888838138202,0.00014087656080999378,0.08558259653852783
High-straggler,Async-FedDRL,3407,25,0.16489213788798834,0.16465708843091026,0.00023504945707808478,0.14275088872150865
High-straggler,Async-FedDRL,4518,25,0.16436153418123006,0.16465708843091026,0.0002955542496801966,0.17949682731345665
High-straggler,Async-FedDRL,5629,25,0.16463067018554453,0.16465708843091026,2.641824536572801e-05,0.016044402107117935
High-straggler,Async-FedDRL,6740,25,0.1644715175946586,0.16465708843091026,0.00018557083625164728,0.11270139537874337
High-straggler,Async-FedDRL,7851,25,0.16492958230512975,0.16465708843091026,0.0002724938742194871,0.16549173607780931
High-straggler,Async-FedDRL,3407,26,0.16487359076906782,0.16459442983992614,0.0002791609291416808,0.1696053319745842
High-straggler,Async-FedDRL,4518,26,0.16418717584204973,0.16459442983992614,0.0004072539978764167,0.24742878496707665
High-straggler,Async-FedDRL,5629,26,0.1644972063861933,0.16459442983992614,9.722345373283647e-05,0.05906849571239421
High-straggler,Async-FedDRL,6740,26,0.16462739371996815,0.16459442983992614,3.296388004200845e-05,0.020027336328493607
High-straggler,Async-FedDRL,7851,26,0.16478678248235173,0.16459442983992614,0.0001923526424255917,0.11686461237640994
High-straggler,Async-FedDRL,3407,27,0.16475639012782367,0.1646466820888522,0.00010970803897147885,0.06663240192855785
High-straggler,Async-FedDRL,4518,27,0.16421943315191423,0.1646466820888522,0.00042724893693796284,0.2594944104050614
High-straggler,Async-FedDRL,5629,27,0.16453484014002823,0.1646466820888522,0.00011184194882396525,0.06792845589418518
High-straggler,Async-FedDRL,6740,27,0.16462115873256103,0.1646466820888522,2.5523356291162758e-05,0.015501895311433598
High-straggler,Async-FedDRL,7851,27,0.16510158829193392,0.1646466820888522,0.000454906203081723,0.2762923596821898
High-straggler,Async-FedDRL,3407,28,0.16474890122940025,0.16467568462210483,7.321660729542323e-05,0.04446109178986536
High-straggler,Async-FedDRL,4518,28,0.16443872440285473,0.16467568462210483,0.00023696021925009858,0.14389508675422918
High-straggler,Async-FedDRL,5629,28,0.16457487522701986,0.16467568462210483,0.000100809395084972,0.0612169278763333
High-straggler,Async-FedDRL,6740,28,0.1644397103763878,0.16467568462210483,0.00023597424571702996,0.1432963501919181
High-straggler,Async-FedDRL,7851,28,0.16517621187486137,0.16467568462210483,0.0005005272527565385,0.30394727303253094
High-straggler,Async-FedDRL,3407,29,0.16486673376171976,0.16467412261152412,0.0001926111501956429,0.11696503806492041
High-straggler,Async-FedDRL,4518,29,0.1645752687343323,0.16467412261152412,9.885387719182903e-05,0.06003000084295643
High-straggler,Async-FedDRL,5629,29,0.16435930044393426,0.16467412261152412,0.00031482216758985104,0.19117889477543168
High-straggler,Async-FedDRL,6740,29,0.16449377950253197,0.16467412261152412,0.00018034310899214812,0.10951514793710974
High-straggler,Async-FedDRL,7851,29,0.16507553061510233,0.16467412261152412,0.00040140800357821305,0.2437590054905943
High-straggler,Async-FedDRL,3407,30,0.16508616372790494,0.16469434877967798,0.0003918149482269595,0.23790430645019586
High-straggler,Async-FedDRL,4518,30,0.16456137130745602,0.16469434877967798,0.00013297747222196232,0.08074197639887126
High-straggler,Async-FedDRL,5629,30,0.1641047727077985,0.16469434877967798,0.0005895760718794829,0.35798196856663006
High-straggler,Async-FedDRL,6740,30,0.1645992372903578,0.16469434877967798,9.511148932017655e-05,0.0577503053534722
High-straggler,Async-FedDRL,7851,30,0.16512019886487264,0.16469434877967798,0.0004258500851946623,0.2585699438687777
High-straggler,Async-FedDRL,3407,31,0.16494869503511933,0.16474108217152444,0.00020761286359488595,0.12602373424907118
High-straggler,Async-FedDRL,4518,31,0.16465662826733257,0.16474108217152444,8.445390419187238e-05,0.05126462876087035
High-straggler,Async-FedDRL,5629,31,0.16450436643279426,0.16474108217152444,0.0002367157387301866,0.14368956158957596
High-straggler,Async-FedDRL,6740,31,0.16463825837294127,0.16474108217152444,0.0001028237985831737,0.062415395861073704
High-straggler,Async-FedDRL,7851,31,0.16495746274943474,0.16474108217152444,0.0002163805779102912,0.13134585196241516
High-straggler,Async-FedDRL,3407,32,0.16496563475389814,0.1648147251623747,0.00015090959152344596,0.0915631727533875
High-straggler,Async-FedDRL,4518,32,0.16457981611509012,0.1648147251623747,0.00023490904728457052,0.14252916239925725
High-straggler,Async-FedDRL,5629,32,0.1647134667949073,0.1648147251623747,0.00010125836746738281,0.06143769457954897
High-straggler,Async-FedDRL,6740,32,0.1647781668774743,0.1648147251623747,3.655828490040092e-05,0.02218144335367114
High-straggler,Async-FedDRL,7851,32,0.16503654127050374,0.1648147251623747,0.00022181610812904706,0.13458512757917407
High-straggler,Async-FedDRL,3407,33,0.1650856143696198,0.16486312156302432,0.00022249280659547566,0.13495608022344796
High-straggler,Async-FedDRL,4518,33,0.16469613553350548,0.16486312156302432,0.00016698602951883967,0.10128767909747712
High-straggler,Async-FedDRL,5629,33,0.16489656070979525,0.16486312156302432,3.3439146770924966e-05,0.02028297563087313
High-straggler,Async-FedDRL,6740,33,0.16471777001993199,0.16486312156302432,0.0001453515430923369,0.08816498299577052
High-straggler,Async-FedDRL,7851,33,0.16491952718226913,0.16486312156302432,5.6405619244803695e-05,0.03421360623894338
High-straggler,Async-FedDRL,3407,34,0.16514393203342675,0.16498763115202497,0.000156300881401783,0.09473490849611768
High-straggler,Async-FedDRL,4518,34,0.16499468553719923,0.16498763115202497,7.054385174259936e-06,0.004275705472587698
High-straggler,Async-FedDRL,5629,34,0.16502421430225409,0.16498763115202497,3.6583150229113626e-05,0.022173268367860086
High-straggler,Async-FedDRL,6740,34,0.16488783886289285,0.16498763115202497,9.979228913212235e-05,0.060484709329616644
High-straggler,Async-FedDRL,7851,34,0.16488748502435188,0.16498763115202497,0.00010014612767308972,0.06069917300698246
High-straggler,Async-FedDRL,3407,35,0.16502614286693568,0.16494447649361424,8.166637332143734e-05,0.04951143260902042
High-straggler,Async-FedDRL,4518,35,0.16485631293482209,0.16494447649361424,8.816355879215365e-05,0.05345044627521484
High-straggler,Async-FedDRL,5629,35,0.16501761439510781,0.16494447649361424,7.313790149357513e-05,0.04434092189586393
High-straggler,Async-FedDRL,6740,35,0.16483554088059607,0.16494447649361424,0.00010893561301816845,0.06604380779151817
High-straggler,Async-FedDRL,7851,35,0.16498677139060944,0.16494447649361424,4.2294896995198616e-05,0.025641899561781353
High-straggler,Async-FedDRL,3407,36,0.1650781945479129,0.16493510069639142,0.00014309385152147525,0.08675767069429265
High-straggler,Async-FedDRL,4518,36,0.16504470658604092,0.16493510069639142,0.00010960588964950557,0.06645395018205705
High-straggler,Async-FedDRL,5629,36,0.16499632429540784,0.16493510069639142,6.122359901641894e-05,0.03711981182775513
High-straggler,Async-FedDRL,6740,36,0.16473890580526657,0.16493510069639142,0.00019619489112485122,0.11895278221341259
High-straggler,Async-FedDRL,7851,36,0.16481737224732884,0.16493510069639142,0.00011772844906257629,0.07137865049070907
High-straggler,Async-FedDRL,3407,37,0.16504710006929302,0.16497632711081067,7.077295848234577e-05,0.042898856897698574
High-straggler,Async-FedDRL,4518,37,0.16503563924691808,0.16497632711081067,5.931213610740893e-05,0.03595190725004466
High-straggler,Async-FedDRL,5629,37,0.16506522785937733,0.16497632711081067,8.890074856665597e-05,0.053886972830316106
High-straggler,Async-FedDRL,6740,37,0.16496407784207368,0.16497632711081067,1.2249268736996832e-05,0.00742486449511589
High-straggler,Async-FedDRL,7851,37,0.1647695905363913,0.16497632711081067,0.00020673657441935833,0.12531287248290982
High-straggler,Async-FedDRL,3407,38,0.1653058082538516,0.16498542395401117,0.00032038429984043715,0.19418945756671366
High-straggler,Async-FedDRL,4518,38,0.16489061233120283,0.16498542395401117,9.481162280833288e-05,0.057466666167285865
High-straggler,Async-FedDRL,5629,38,0.16501081443093485,0.16498542395401117,2.5390476923681238e-05,0.015389527338341539
High-straggler,Async-FedDRL,6740,38,0.16506219863201863,0.16498542395401117,7.677467800745741e-05,0.04653421870095503
High-straggler,Async-FedDRL,7851,38,0.1646576861220479,0.16498542395401117,0.00032773783196327066,0.1986465374387412
High-straggler,Async-FedDRL,3407,39,0.16526945023832992,0.16501665192502707,0.0002527983133028544,0.15319563835152203
High-straggler,Async-FedDRL,4518,39,0.16506242457470127,0.16501665192502707,4.57726496742028e-05,0.027738200442340172
High-straggler,Async-FedDRL,5629,39,0.16500953521603196,0.16501665192502707,7.116708995114074e-06,0.004312721723591537
High-straggler,Async-FedDRL,6740,39,0.1651001269822996,0.16501665192502707,8.347505727251958e-05,0.05058583864036053
High-straggler,Async-FedDRL,7851,39,0.1646417226137726,0.16501665192502707,0.0003749293112544627,0.2272069557106312
High-straggler,Async-FedDRL,3407,40,0.1653226420574349,0.1650306868849162,0.0002919551725187042,0.17690962694853138
High-straggler,Async-FedDRL,4518,40,0.1650798938981819,0.1650306868849162,4.920701326568966e-05,0.0298168869041938
High-straggler,Async-FedDRL,5629,40,0.1650431671076807,0.1650306868849162,1.2480222764482685e-05,0.007562364915311624
High-straggler,Async-FedDRL,6740,40,0.16512705348493523,0.1650306868849162,9.636660001902109e-05,0.058393139989911164
High-straggler,Async-FedDRL,7851,40,0.1645806778763484,0.1650306868849162,0.00045000900856781434,0.27268201875789755
High-straggler,Async-FedDRL,3407,41,0.16539122221147848,0.16511559201550147,0.00027563019597701133,0.1669316583688441
High-straggler,Async-FedDRL,4518,41,0.16495328846088642,0.16511559201550147,0.00016230355461505086,0.0982969280089632
High-straggler,Async-FedDRL,5629,41,0.16499052138962128,0.16511559201550147,0.00012507062588018591,0.07574731395957081
High-straggler,Async-FedDRL,6740,41,0.16529940534568172,0.16511559201550147,0.00018381333018024915,0.11132402938844944
High-straggler,Async-FedDRL,7851,41,0.16494352266983933,0.16511559201550147,0.00017206934566213472,0.10421144578882678
High-straggler,Async-FedDRL,3407,42,0.16535356845121538,0.1651291311013179,0.0002244373498974661,0.1359162665004024
High-straggler,Async-FedDRL,4518,42,0.1648892019274995,0.1651291311013179,0.00023992917381840395,0.14529790850240176
High-straggler,Async-FedDRL,5629,42,0.16517782014696497,0.1651291311013179,4.8689045647060114e-05,0.02948543683499799
High-straggler,Async-FedDRL,6740,42,0.16525852760085377,0.1651291311013179,0.00012939649953586096,0.0783607947748889
High-straggler,Async-FedDRL,7851,42,0.16496653738005593,0.1651291311013179,0.00016259372126198324,0.09846458960788752
High-straggler,Async-FedDRL,3407,43,0.16542135420123505,0.16513601377855647,0.0002853404226785816,0.17279115327394087
High-straggler,Async-FedDRL,4518,43,0.16480185826504337,0.16513601377855647,0.0003341555135130958,0.20235168929364525
High-straggler,Async-FedDRL,5629,43,0.1651899436853224,0.16513601377855647,5.3929906765920466e-05,0.03265787124923532
High-straggler,Async-FedDRL,6740,43,0.1652072284682408,0.16513601377855647,7.121468968432354e-05,0.04312486904269154
High-straggler,Async-FedDRL,7851,43,0.16505968427294088,0.16513601377855647,7.632950561559104e-05,0.04622220427213843
High-straggler,Async-FedDRL,3407,44,0.16530135004803392,0.16517279290119852,0.0001285571468354063,0.07783191443175838
High-straggler,Async-FedDRL,4518,44,0.16472350949548475,0.16517279290119852,0.0004492834057137629,0.2720081181787069
High-straggler,Async-FedDRL,5629,44,0.16525315144807012,0.16517279290119852,8.035854687160615e-05,0.04865120063670187
High-straggler,Async-FedDRL,6740,44,0.16525944033599643,0.16517279290119852,8.664743479791515e-05,0.052458660579618024
High-straggler,Async-FedDRL,7851,44,0.16532651317840735,0.16517279290119852,0.0001537202772088353,0.09306634253062865
High-straggler,Async-FedDRL,3407,45,0.16536877452783752,0.16520082665802727,0.00016794786981025323,0.1016628507301071
High-straggler,Async-FedDRL,4518,45,0.1647647035341762,0.16520082665802727,0.00043612312385107876,0.2639957273058156
High-straggler,Async-FedDRL,5629,45,0.16521694904211823,0.16520082665802727,1.6122384090960784e-05,0.009759263568538191
High-straggler,Async-FedDRL,6740,45,0.1653050151161372,0.16520082665802727,0.00010418845810994393,0.06306775832642682
High-straggler,Async-FedDRL,7851,45,0.16534869106986727,0.16520082665802727,0.0001478644118400041,0.08950585468079389
High-straggler,Async-FedDRL,3407,46,0.16546400422779126,0.16535221232987957,0.00011179189791168942,0.06760834725855576
High-straggler,Async-FedDRL,4518,46,0.1652366467192276,0.16535221232987957,0.00011556561065195758,0.06989057420133143
High-straggler,Async-FedDRL,5629,46,0.16529690324015614,0.16535221232987957,5.530908972342652e-05,0.033449258975189425
High-straggler,Async-FedDRL,6740,46,0.16545476879451898,0.16535221232987957,0.00010255646463941392,0.06202303748728357
High-straggler,Async-FedDRL,7851,46,0.16530873866770385,0.16535221232987957,4.347366217571924e-05,0.02629155156931846
High-straggler,Async-FedDRL,3407,47,0.16542908788573696,0.16529516491740992,0.0001339229683270382,0.08102049953726904
High-straggler,Async-FedDRL,4518,47,0.1652330967093481,0.16529516491740992,6.206820806181623e-05,0.03754992355210677
High-straggler,Async-FedDRL,5629,47,0.165177915301443,0.16529516491740992,0.00011724961596693007,0.07093348194758999
High-straggler,Async-FedDRL,6740,47,0.16530652625482464,0.16529516491740992,1.1361337414722561e-05,0.006873363428627375
High-straggler,Async-FedDRL,7851,47,0.16532919843569688,0.16529516491740992,3.4033518286957776e-05,0.020589542533783547
High-straggler,Async-FedDRL,3407,48,0.16544915925251544,0.16538817938478484,6.097986773059838e-05,0.03687075337393086
High-straggler,Async-FedDRL,4518,48,0.1651959716155913,0.16538817938478484,0.000192207769193542,0.11621614670922756
High-straggler,Async-FedDRL,5629,48,0.16533001093421557,0.16538817938478484,5.8168450569273666e-05,0.03517086335048258
High-straggler,Async-FedDRL,6740,48,0.1654286360671934,0.16538817938478484,4.045668240856837e-05,0.024461652918038135
High-straggler,Async-FedDRL,7851,48,0.16553711905440838,0.16538817938478484,0.00014893966962353788,0.090054603767674
High-straggler,Async-FedDRL,3407,49,0.1654182652965705,0.16532557022073463,9.269507583586911e-05,0.05606820270579268
High-straggler,Async-FedDRL,4518,49,0.16515733822245535,0.16532557022073463,0.00016823199827928348,0.10175800274250882
High-straggler,Async-FedDRL,5629,49,0.16518568062653846,0.16532557022073463,0.00013988959419616864,0.08461461467176244
High-straggler,Async-FedDRL,6740,49,0.16539091717884372,0.16532557022073463,6.534695810908597e-05,0.039526225750703844
High-straggler,Async-FedDRL,7851,49,0.16547564977926504,0.16532557022073463,0.00015007955853041377,0.09077818895772437
High-straggler,Async-FedDRL,3407,50,0.1654776744202595,0.1652826029210393,0.00019507149922021183,0.11802300772901285
High-straggler,Async-FedDRL,4518,50,0.16497528472678907,0.1652826029210393,0.0003073181942502279,0.1859349918376125
High-straggler,Async-FedDRL,5629,50,0.16516333953722465,0.1652826029210393,0.00011926338381465507,0.07215725170520877
High-straggler,Async-FedDRL,6740,50,0.16530880042222829,0.1652826029210393,2.6197501188984784e-05,0.015850126223810837
High-straggler,Async-FedDRL,7851,50,0.16548791549869488,0.1652826029210393,0.0002053125776555753,0.1242191095899304
High-straggler,Async-FedDRL,3407,51,0.16545834055145953,0.16528469234985904,0.00017364820160048478,0.10506006281145663
High-straggler,Async-FedDRL,4518,51,0.16493692694241566,0.16528469234985904,0.00034776540744338447,0.2104038810244251
High-straggler,Async-FedDRL,5629,51,0.1652283183781248,0.16528469234985904,5.6373971734247075e-05,0.034107194642635126
High-straggler,Async-FedDRL,6740,51,0.16535115042064702,0.16528469234985904,6.645807078797805e-05,0.04020824302791808
High-straggler,Async-FedDRL,7851,51,0.16544872545664824,0.16528469234985904,0.00016403310678919647,0.09924276982770229
High-straggler,Async-FedDRL,3407,52,0.16550854742396526,0.16528866036475645,0.00021988705920880647,0.13303215037472207
High-straggler,Async-FedDRL,4518,52,0.16488518660027845,0.16528866036475645,0.0004034737644779962,0.24410250744825238
High-straggler,Async-FedDRL,5629,52,0.16523712258275436,0.16528866036475645,5.153778200209236e-05,0.031180470510414678
High-straggler,Async-FedDRL,6740,52,0.16533785574589366,0.16528866036475645,4.9195381137207006e-05,0.029763312878598812
High-straggler,Async-FedDRL,7851,52,0.16547458947089044,0.16528866036475645,0.00018592910613399183,0.11248751470529579
High-straggler,Async-FedDRL,3407,53,0.1655135711505557,0.16542636774456163,8.720340599407961e-05,0.05271433277718594
High-straggler,Async-FedDRL,4518,53,0.1653302130212125,0.16542636774456163,9.615472334911779e-05,0.058125391169557894
High-straggler,Async-FedDRL,5629,53,0.16531996413053854,0.16542636774456163,0.00010640361402308729,0.06432083075618718
High-straggler,Async-FedDRL,6740,53,0.16547674143186444,0.16542636774456163,5.0373687302818215e-05,0.030450821105255297
High-straggler,Async-FedDRL,7851,53,0.165491348988637,0.16542636774456163,6.498124407536277e-05,0.03928106804333738
High-straggler,Async-FedDRL,3407,54,0.16551167882395018,0.16539682222265367,0.0001148566012965091,0.0694430520206075
High-straggler,Async-FedDRL,4518,54,0.16540107997316406,0.16539682222265367,4.257750510383573e-06,0.0025742637936851534
High-straggler,Async-FedDRL,5629,54,0.16525583650902798,0.16539682222265367,0.00014098571362569645,0.08524088415429439
High-straggler,Async-FedDRL,6740,54,0.16542206146140806,0.16539682222265367,2.5239238754387605e-05,0.015259808752801236
High-straggler,Async-FedDRL,7851,54,0.16539345434571817,0.16539682222265367,3.3678769355005578e-06,0.0020362404127491603
High-straggler,Async-FedDRL,3407,55,0.16558876176621198,0.16544866793339902,0.00014009383281296528,0.08467510470943153
High-straggler,Async-FedDRL,4518,55,0.16535870917779874,0.16544866793339902,8.995875560027788e-05,0.054372607965928486
High-straggler,Async-FedDRL,5629,55,0.16541853733288214,0.16544866793339902,3.013060051687555e-05,0.018211449444249714
High-straggler,Async-FedDRL,6740,55,0.16549875331425964,0.16544866793339902,5.008538086062608e-05,0.03027245941973243
High-straggler,Async-FedDRL,7851,55,0.16537857807584264,0.16544866793339902,7.008985755638242e-05,0.042363506718952205
High-straggler,Async-FedDRL,3407,56,0.16557444088307952,0.16545439590335817,0.00012004497972134542,0.07255472365416246
High-straggler,Async-FedDRL,4518,56,0.16544094903867762,0.16545439590335817,1.3446864680549675e-05,0.008127233251876838
High-straggler,Async-FedDRL,5629,56,0.16542025129989157,0.16545439590335817,3.414460346659598e-05,0.02063686690230934
High-straggler,Async-FedDRL,6740,56,0.165467507405359,0.16545439590335817,1.311150200083988e-05,0.00792454133917258
High-straggler,Async-FedDRL,7851,56,0.16536883088978316,0.16545439590335817,8.55650135750119e-05,0.05171516483913209
High-straggler,Async-FedDRL,3407,57,0.16560187568797713,0.16545567028697955,0.00014620540099757884,0.08836530095583216
High-straggler,Async-FedDRL,4518,57,0.16550207103428144,0.16545567028697955,4.6400747301889034e-05,0.02804421705306797
High-straggler,Async-FedDRL,5629,57,0.16543412312226002,0.16545567028697955,2.1547164719526446e-05,0.013022923108137255
High-straggler,Async-FedDRL,6740,57,0.16542264257114137,0.16545567028697955,3.302771583818531e-05,0.019961670567650778
High-straggler,Async-FedDRL,7851,57,0.16531763901923785,0.16545567028697955,0.0001380312677417006,0.08342492433307853
High-straggler,Async-FedDRL,3407,58,0.16546900705813136,0.1654099674610548,5.9039597076565586e-05,0.035692889601992246
High-straggler,Async-FedDRL,4518,58,0.16546600381381735,0.1654099674610548,5.60363527625507e-05,0.0338772527573009
High-straggler,Async-FedDRL,5629,58,0.16533597478917253,0.1654099674610548,7.399267188226699e-05,0.04473289791299204
High-straggler,Async-FedDRL,6740,58,0.16530154068056196,0.1654099674610548,0.00010842678049283183,0.06555033058594885
High-straggler,Async-FedDRL,7851,58,0.1654773109635908,0.1654099674610548,6.734350253601029e-05,0.04071308613966452
High-straggler,Async-FedDRL,3407,59,0.16541293447759928,0.16545648303777352,4.354856017424469e-05,0.026320250119363776
High-straggler,Async-FedDRL,4518,59,0.16548659597635265,0.16545648303777352,3.011293857912989e-05,0.018199914579506166
High-straggler,Async-FedDRL,5629,59,0.1653863048355536,0.16545648303777352,7.017820221991156e-05,0.042414900239291294
High-straggler,Async-FedDRL,6740,59,0.16549079308625736,0.16545648303777352,3.4310048483837674e-05,0.020736599650800464
High-straggler,Async-FedDRL,7851,59,0.16550578681310463,0.16545648303777352,4.9303775331105415e-05,0.02979863612829811
High-straggler,Async-FedDRL,3407,60,0.16550269814664859,0.16549425784458666,8.440302061929472e-06,0.005100057350543028
High-straggler,Async-FedDRL,4518,60,0.16544052144473678,0.16549425784458666,5.3736399849874106e-05,0.032470250357772054
High-straggler,Async-FedDRL,5629,60,0.16550969976707447,0.16549425784458666,1.5441922487813287e-05,0.009330790499277975
High-straggler,Async-FedDRL,6740,60,0.1654537646768519,0.16549425784458666,4.049316773474532e-05,0.0244680197743005
High-straggler,Async-FedDRL,7851,60,0.1655646051876214,0.16549425784458666,7.034734303473789e-05,0.042507422282167695
High-straggler,Async-FedDRL,3407,61,0.16561060527622398,0.16554114430717312,6.946096905086074e-05,0.041959942551787054
High-straggler,Async-FedDRL,4518,61,0.16545472387745594,0.16554114430717312,8.642042971718222e-05,0.05220480387451176
High-straggler,Async-FedDRL,5629,61,0.16555036533717016,0.16554114430717312,9.221029997036334e-06,0.005570234539351782
High-straggler,Async-FedDRL,6740,61,0.16552531988784247,0.16554114430717312,1.582441933065115e-05,0.009559206200295342
High-straggler,Async-FedDRL,7851,61,0.1655647071571731,0.16554114430717312,2.356284999999181e-05,0.014233832983701804
High-straggler,Async-FedDRL,3407,62,0.16556479409735586,0.16550036319550787,6.443090184798939e-05,0.03893097308304772
High-straggler,Async-FedDRL,4518,62,0.16544144685248985,0.16550036319550787,5.891634301802284e-05,0.035598920679360775
High-straggler,Async-FedDRL,5629,62,0.16537398922926388,0.16550036319550787,0.00012637396624398667,0.07635872441844696
High-straggler,Async-FedDRL,6740,62,0.16559832546253558,0.16550036319550787,9.796226702771249e-05,0.05919157223358375
High-straggler,Async-FedDRL,7851,62,0.1655232603358941,0.16550036319550787,2.289714038622437e-05,0.013835099781125954
High-straggler,Async-FedDRL,3407,63,0.16559910327993227,0.16553416805935076,6.493522058151346e-05,0.039227684134813506
High-straggler,Async-FedDRL,4518,63,0.16546455223557727,0.16553416805935076,6.961582377348896e-05,0.04205525940030027
High-straggler,Async-FedDRL,5629,63,0.16550224312686299,0.16553416805935076,3.1924932487770175e-05,0.01928600775419597
High-straggler,Async-FedDRL,6740,63,0.1655474753906221,0.16553416805935076,1.3307331271333878e-05,0.008039023862772944
High-straggler,Async-FedDRL,7851,63,0.16555746626375908,0.16553416805935076,2.3298204408328527e-05,0.01407455915685949
High-straggler,Async-FedDRL,3407,64,0.1656349580722603,0.16550766965531666,0.00012728841694364945,0.07690786608786049
High-straggler,Async-FedDRL,4518,64,0.16541157314906152,0.16550766965531666,9.609650625513888e-05,0.058061663520045784
High-straggler,Async-FedDRL,5629,64,0.16549572403846546,0.16550766965531666,1.194561685119444e-05,0.007217560899789218
High-straggler,Async-FedDRL,6740,64,0.16556759791557954,0.16550766965531666,5.992826026288145e-05,0.03620875116403184
High-straggler,Async-FedDRL,7851,64,0.16542849510121638,0.16550766965531666,7.917455410028085e-05,0.047837392832107646
High-straggler,Async-FedDRL,3407,65,0.1656060460388155,0.16552694925339803,7.909678541748177e-05,0.04778483852583783
High-straggler,Async-FedDRL,4518,65,0.16548314790814145,0.16552694925339803,4.38013452565833e-05,0.026461760730894474
High-straggler,Async-FedDRL,5629,65,0.1654859151571891,0.16552694925339803,4.1034096208925064e-05,0.024789979150831653
High-straggler,Async-FedDRL,6740,65,0.16559276905535275,0.16552694925339803,6.581980195471959e-05,0.03976379813172229
High-straggler,Async-FedDRL,7851,65,0.16546686810749128,0.16552694925339803,6.008114590674851e-05,0.03629689677586753
High-straggler,Async-FedDRL,3407,66,0.16558056350951494,0.1655502163534496,3.034715606534122e-05,0.018331088133735844
High-straggler,Async-FedDRL,4518,66,0.16548757755433646,0.1655502163534496,6.263879911314052e-05,0.03783673648568766
High-straggler,Async-FedDRL,5629,66,0.1655603994677046,0.1655502163534496,1.0183114254991299e-05,0.0061510727556225945
High-straggler,Async-FedDRL,6740,66,0.16558231481715863,0.1655502163534496,3.2098463709023806e-05,0.01938895908205496
High-straggler,Async-FedDRL,7851,66,0.16554022641853328,0.1655502163534496,9.989934916326826e-06,0.006034383485792807
High-straggler,Async-FedDRL,3407,67,0.16561715875916208,0.1655403365055958,7.682225356628325e-05,0.0464069695567439
High-straggler,Async-FedDRL,4518,67,0.16547042152796396,0.1655403365055958,6.991497763184085e-05,0.04223440589023902
High-straggler,Async-FedDRL,5629,67,0.1655205601755604,0.1655403365055958,1.9776330035387035e-05,0.011946532460213122
High-straggler,Async-FedDRL,6740,67,0.16559220351253745,0.1655403365055958,5.1867006941652694e-05,0.03133194485194213
High-straggler,Async-FedDRL,7851,67,0.16550133855275503,0.1655403365055958,3.899795284076357e-05,0.023557976058267417
High-straggler,Async-FedDRL,3407,68,0.16556870997667547,0.16555656205936287,1.2147917312604894e-05,0.0073376235659261095
High-straggler,Async-FedDRL,4518,68,0.16552643304686637,0.16555656205936287,3.012901249649369e-05,0.018198621740943416
High-straggler,Async-FedDRL,5629,68,0.16549236138933507,0.16555656205936287,6.42006700277975e-05,0.038778692447586194
High-straggler,Async-FedDRL,6740,68,0.1656365905455343,0.16555656205936287,8.00284861714462e-05,0.0483390601834017
High-straggler,Async-FedDRL,7851,68,0.165558715338403,0.16555656205936287,2.1532790401290747e-06,0.001300630439134743
High-straggler,Async-FedDRL,3407,69,0.16562057512248476,0.1655496463272606,7.092879522416218e-05,0.04284442570414754
High-straggler,Async-FedDRL,4518,69,0.1655126244334841,0.1655496463272606,3.702189377649545e-05,0.022363015927747806
High-straggler,Async-FedDRL,5629,69,0.16552576497181695,0.1655496463272606,2.388135544365011e-05,0.014425494692052164
High-straggler,Async-FedDRL,6740,69,0.16554082245813814,0.1655496463272606,8.823869122459582e-06,0.0053300440793551725
High-straggler,Async-FedDRL,7851,69,0.16554844465037905,0.1655496463272606,1.2016768815570344e-06,0.0007258710049923904
High-straggler,Async-FedDRL,3407,70,0.16557845440888713,0.1655404024661697,3.8051942717443055e-05,0.022986498854996717
High-straggler,Async-FedDRL,4518,70,0.1655390303973648,0.1655404024661697,1.3720688048779461e-06,0.0008288422550853385
High-straggler,Async-FedDRL,5629,70,0.16543999003302506,0.1655404024661697,0.00010041243314462545,0.06065735714587623
High-straggler,Async-FedDRL,6740,70,0.1655956541447724,0.1655404024661697,5.5251678602707965e-05,0.03337655205592445
High-straggler,Async-FedDRL,7851,70,0.16554888334679912,0.1655404024661697,8.480880629435639e-06,0.005123148490090699
High-straggler,Async-FedDRL,3407,71,0.16560357046876978,0.1655499937120704,5.3576756699369454e-05,0.032362886580685576
High-straggler,Async-FedDRL,4518,71,0.1655539512501011,0.1655499937120704,3.957538030702201e-06,0.002390539523417483
High-straggler,Async-FedDRL,5629,71,0.16547548888627955,0.1655499937120704,7.450482579085538e-05,0.04500442683219695
High-straggler,Async-FedDRL,6740,71,0.16552870918762053,0.1655499937120704,2.1284524449882714e-05,0.012856856090795997
High-straggler,Async-FedDRL,7851,71,0.16558824876758105,0.1655499937120704,3.825505551063868e-05,0.023107856818873118
High-straggler,Async-FedDRL,3407,72,0.16559665146216612,0.1655528515746533,4.3799887512824265e-05,0.026456740005516267
High-straggler,Async-FedDRL,4518,72,0.16551867899361938,0.1655528515746533,3.4172581033914406e-05,0.020641493461986578
High-straggler,Async-FedDRL,5629,72,0.16547974059219994,0.1655528515746533,7.311098245335601e-05,0.044161717395962724
High-straggler,Async-FedDRL,6740,72,0.16557730121439102,0.1655528515746533,2.4449639737716966e-05,0.014768479977943363
High-straggler,Async-FedDRL,7851,72,0.16559188561089003,0.1655528515746533,3.9034036236729186e-05,0.02357799087448967
High-straggler,Async-FedDRL,3407,73,0.16558058938777626,0.165562634330803,1.795505697324562e-05,0.010844872724947378
High-straggler,Async-FedDRL,4518,73,0.16556530244520914,0.165562634330803,2.6681144061346806e-06,0.00161154382262585
High-straggler,Async-FedDRL,5629,73,0.16554185034516222,0.165562634330803,2.078398564078765e-05,0.0125535485254844
High-straggler,Async-FedDRL,6740,73,0.16554877537194201,0.165562634330803,1.3858958860996085e-05,0.00837082528736837
High-straggler,Async-FedDRL,7851,73,0.16557665410392544,0.165562634330803,1.401977312243119e-05,0.008467957265296306
High-straggler,Async-FedDRL,3407,74,0.16559698786925922,0.16557798628460413,1.900158465509283e-05,0.011475912397214391
High-straggler,Async-FedDRL,4518,74,0.16553776575894427,0.16557798628460413,4.0220525659856454e-05,0.024290986116187754
High-straggler,Async-FedDRL,5629,74,0.16558786319684177,0.16557798628460413,9.876912237638535e-06,0.005965111944689061
High-straggler,Async-FedDRL,6740,74,0.165601617534441,0.16557798628460413,2.3631249836869594e-05,0.014271975621355222
High-straggler,Async-FedDRL,7851,74,0.16556569706353427,0.16557798628460413,1.2289221069855527e-05,0.00742201384713797
High-straggler,Async-FedDRL,3407,75,0.16560862780156413,0.16556360337251194,4.502442905218729e-05,0.027194641898970993
High-straggler,Async-FedDRL,4518,75,0.16544867157876225,0.16556360337251194,0.00011493179374968965,0.06941851434043592
High-straggler,Async-FedDRL,5629,75,0.16557353902480237,0.16556360337251194,9.935652290432584e-06,0.0060011089925831925
High-straggler,Async-FedDRL,6740,75,0.16559089076255298,0.16556360337251194,2.728739004104197e-05,0.0164815149496634
High-straggler,Async-FedDRL,7851,75,0.165596287694878,0.16556360337251194,3.268432236605556e-05,0.019741248499235097
High-straggler,Async-FedDRL,3407,76,0.1655824772274348,0.16557298154727826,9.495680156540454e-06,0.005735042074983125
High-straggler,Async-FedDRL,4518,76,0.16553525293809873,0.16557298154727826,3.772860917952703e-05,0.02278669431869467
High-straggler,Async-FedDRL,5629,76,0.1655620631869263,0.16557298154727826,1.0918360351969136e-05,0.006594288663486724
High-straggler,Async-FedDRL,6740,76,0.1655858357061163,0.16557298154727826,1.2854158838032648e-05,0.007763439854685608
High-straggler,Async-FedDRL,7851,76,0.16559927867781515,0.16557298154727826,2.6297130536895308e-05,0.015882501052495897
High-straggler,Async-FedDRL,3407,77,0.16559129298705988,0.16558071344778652,1.0579539273358751e-05,0.006389354806527546
High-straggler,Async-FedDRL,4518,77,0.16557404867418274,0.16558071344778652,6.664773603781704e-06,0.004025090522323026
High-straggler,Async-FedDRL,5629,77,0.16554122972533922,0.16558071344778652,3.948372244730325e-05,0.02384560473569518
High-straggler,Async-FedDRL,6740,77,0.16561475796282268,0.16558071344778652,3.404451503616346e-05,0.02056067661944149
High-straggler,Async-FedDRL,7851,77,0.16558223788952822,0.16558071344778652,1.524441741701521e-06,0.0009206638321329806
High-straggler,Async-FedDRL,3407,78,0.16560109952665314,0.1655585835004946,4.251602615854e-05,0.025680351486223597
High-straggler,Async-FedDRL,4518,78,0.16544156332128418,0.1655585835004946,0.00011702017921041974,0.07068203697820968
High-straggler,Async-FedDRL,5629,78,0.1655496309355145,0.1655585835004946,8.952564980097e-06,0.005407490684450229
High-straggler,Async-FedDRL,6740,78,0.16560167647639368,0.1655585835004946,4.3092975899078345e-05,0.026028838244408877
High-straggler,Async-FedDRL,7851,78,0.16559894724262753,0.1655585835004946,4.036374213292615e-05,0.024380337932044197
High-straggler,Async-FedDRL,3407,79,0.16560337920522156,0.1655640860425283,3.9293162693243566e-05,0.02373290224496535
High-straggler,Async-FedDRL,4518,79,0.16553026394752512,0.1655640860425283,3.382209500318867e-05,0.02042840075504105
High-straggler,Async-FedDRL,5629,79,0.165512953115643,0.1655640860425283,5.113292688530002e-05,0.030884069188873212
High-straggler,Async-FedDRL,6740,79,0.16560115984984983,0.1655640860425283,3.7073807321513774e-05,0.02239242109064079
High-straggler,Async-FedDRL,7851,79,0.16557267409440196,0.1655640860425283,8.588051873648084e-06,0.0051871466082578305
High-straggler,Async-FedDRL,3407,80,0.16560219016101013,0.1655713078281404,3.0882332869741624e-05,0.018651983411157716
High-straggler,Async-FedDRL,4518,80,0.16554577838875084,0.1655713078281404,2.552943938954888e-05,0.015418999659076144
High-straggler,Async-FedDRL,5629,80,0.16551235961201502,0.1655713078281404,5.894821612537071e-05,0.03560291749737083
High-straggler,Async-FedDRL,6740,80,0.1655935814878172,0.1655713078281404,2.2273659676802504e-05,0.01345260840720187
High-straggler,Async-FedDRL,7851,80,0.16560262949110868,0.1655713078281404,3.1321662968292197e-05,0.018917325338037094
High-straggler,Async-FedDRL,3407,81,0.1655912191608348,0.16557936480000493,1.1854360829871569e-05,0.007159322566667568
High-straggler,Async-FedDRL,4518,81,0.16552595111386864,0.16557936480000493,5.341368613628883e-05,0.032258661096329584
High-straggler,Async-FedDRL,5629,81,0.16556190608938468,0.16557936480000493,1.7458710620255058e-05,0.010544013525684535
High-straggler,Async-FedDRL,6740,81,0.1656046334626774,0.16557936480000493,2.5268662672467412e-05,0.01526075589369978
High-straggler,Async-FedDRL,7851,81,0.16561311417325902,0.16557936480000493,3.3749373254093884e-05,0.020382596161579718
High-straggler,Async-FedDRL,3407,82,0.16560407577088665,0.16555916119240704,4.491457847960456e-05,0.027129020318849294
High-straggler,Async-FedDRL,4518,82,0.1655168490425686,0.16555916119240704,4.231214983843601e-05,0.025557117790215373
High-straggler,Async-FedDRL,5629,82,0.16554770032287588,0.16555916119240704,1.1460869531160212e-05,0.0069225221054610145
High-straggler,Async-FedDRL,6740,82,0.16555849300462377,0.16555916119240704,6.681877832703798e-07,0.000403594569130388
High-straggler,Async-FedDRL,7851,82,0.1655686878210804,0.16555916119240704,9.526628673345305e-06,0.005754214146007778
High-straggler,Async-FedDRL,3407,83,0.16559161408123274,0.16558423593161578,7.378149616960039e-06,0.0044558285246471905
High-straggler,Async-FedDRL,4518,83,0.16554607397599697,0.16558423593161578,3.816195561881508e-05,0.02304685310416596
High-straggler,Async-FedDRL,5629,83,0.16559687305950596,0.16558423593161578,1.2637127890180455e-05,0.007631842378642512
High-straggler,Async-FedDRL,6740,83,0.16560601185511084,0.16558423593161578,2.1775923495059857e-05,0.01315096414374436
High-straggler,Async-FedDRL,7851,83,0.1655806066862324,0.16558423593161578,3.629245383385271e-06,0.0021917819428681025
High-straggler,Async-FedDRL,3407,84,0.16559386446893437,0.16557404356889682,1.9820900037548217e-05,0.011971018893006962
High-straggler,Async-FedDRL,4518,84,0.16554652930514213,0.16557404356889682,2.7514263754691015e-05,0.016617498227155445
High-straggler,Async-FedDRL,5629,84,0.16561026951964988,0.16557404356889682,3.6225950753060454e-05,0.021879003479181515
High-straggler,Async-FedDRL,6740,84,0.16557610768979134,0.16557404356889682,2.0641208945126888e-06,0.0012466452168596038
High-straggler,Async-FedDRL,7851,84,0.1655434468609664,0.16557404356889682,3.0596707930430345e-05,0.018479169361892634
High-straggler,Async-FedDRL,3407,85,0.16559479924410064,0.16557656164877027,1.8237595330372613e-05,0.011014599620119641
High-straggler,Async-FedDRL,4518,85,0.16556130659692742,0.16557656164877027,1.5255051842855138e-05,0.00921329183970794
High-straggler,Async-FedDRL,5629,85,0.16558807649571966,0.16557656164877027,1.1514846949389757e-05,0.00695439429030762
High-straggler,Async-FedDRL,6740,85,0.1655645464153626,0.16557656164877027,1.2015233407658421e-05,0.0072566027993417135
High-straggler,Async-FedDRL,7851,85,0.16557407949174113,0.16557656164877027,2.482157029137788e-06,0.0014990992713105557
High-straggler,Async-FedDRL,3407,86,0.16558201009006995,0.16555378579184513,2.8224298224827082e-05,0.017048416072051768
High-straggler,Async-FedDRL,4518,86,0.1654821950411342,0.16555378579184513,7.159075071092036e-05,0.04324319759194947
High-straggler,Async-FedDRL,5629,86,0.1655793529957294,0.16555378579184513,2.5567203884274692e-05,0.01544344260204413
High-straggler,Async-FedDRL,6740,86,0.1655739711861727,0.16555378579184513,2.018539432757649e-05,0.012192650401215279
High-straggler,Async-FedDRL,7851,86,0.16555139964611926,0.16555378579184513,2.3861457258689267e-06,0.0014413114834287673
High-straggler,Async-FedDRL,3407,87,0.16556255929982266,0.1655723215619824,9.762262159734858e-06,0.005896071316533622
High-straggler,Async-FedDRL,4518,87,0.1655492136680315,0.1655723215619824,2.3107893950907732e-05,0.013956374913941904
High-straggler,Async-FedDRL,5629,87,0.16561158338710927,0.1655723215619824,3.926182512686838e-05,0.023712794962635477
High-straggler,Async-FedDRL,6740,87,0.16557636091887754,0.1655723215619824,4.039356895135793e-06,0.002439632939267358
High-straggler,Async-FedDRL,7851,87,0.16556189053607104,0.1655723215619824,1.043102591136158e-05,0.00629998167142731
High-straggler,Async-FedDRL,3407,88,0.16556830332450867,0.1655501031256898,1.8200198818874025e-05,0.010993770752927878
High-straggler,Async-FedDRL,4518,88,0.16550020297619855,0.1655501031256898,4.990014949124433e-05,0.030142022595636128
High-straggler,Async-FedDRL,5629,88,0.16559478867168648,0.1655501031256898,4.4685545996681064e-05,0.02699215835749415
High-straggler,Async-FedDRL,6740,88,0.16556036515596956,0.1655501031256898,1.0262030279761802e-05,0.006198745930088978
High-straggler,Async-FedDRL,7851,88,0.16552685550008564,0.1655501031256898,2.324762560415583e-05,0.014042652444925178
High-straggler,Async-FedDRL,3407,89,0.1655742417906246,0.16556433644907345,9.905341551152969e-06,0.005982774891982724
High-straggler,Async-FedDRL,4518,89,0.1655295535177161,0.16556433644907345,3.478293135736332e-05,0.02100871002980907
High-straggler,Async-FedDRL,5629,89,0.16557250590829162,0.16556433644907345,8.169459218165809e-06,0.004934310971420275
High-straggler,Async-FedDRL,6740,89,0.16558141478309313,0.16556433644907345,1.7078334019676733e-05,0.010315225117898456
High-straggler,Async-FedDRL,7851,89,0.1655639662456419,0.16556433644907345,3.702034315489211e-07,0.00022360095144209597
High-straggler,Async-FedDRL,3407,90,0.16555165510232228,0.16556080721556116,9.152113238874993e-06,0.005527946736185507
High-straggler,Async-FedDRL,4518,90,0.1655166672550586,0.16556080721556116,4.413996050256497e-05,0.0266608753876722
High-straggler,Async-FedDRL,5629,90,0.16558797761154972,0.16556080721556116,2.7170395988568297e-05,0.01641112799914794
High-straggler,Async-FedDRL,6740,90,0.1655793310441537,0.16556080721556116,1.8523828592548197e-05,0.011188534837493309
High-straggler,Async-FedDRL,7851,90,0.16556840506472148,0.16556080721556116,7.597849160323467e-06,0.004589159287216461
High-straggler,Async-FedDRL,3407,91,0.16557060214114847,0.1655447946182686,2.5807522879867095e-05,0.015589449936723725
High-straggler,Async-FedDRL,4518,91,0.1655248338630475,0.1655447946182686,1.9960755221093418e-05,0.012057615745104595
High-straggler,Async-FedDRL,5629,91,0.16551376017212868,0.1655447946182686,3.1034446139915906e-05,0.018746857134033446
High-straggler,Async-FedDRL,6740,91,0.1655858596707866,0.1655447946182686,4.106505251799675e-05,0.024806006502765047
High-straggler,Async-FedDRL,7851,91,0.16552891724423166,0.1655447946182686,1.5877374036937786e-05,0.009590983560401027
High-straggler,Async-FedDRL,3407,92,0.1655634250388072,0.16557283900478362,9.413965976423633e-06,0.005685694606077057
High-straggler,Async-FedDRL,4518,92,0.165562049005001,0.16557283900478362,1.0789999782628845e-05,0.006516769204106664
High-straggler,Async-FedDRL,5629,92,0.16558507693508834,0.16557283900478362,1.2237930304720424e-05,0.007391266815426686
High-straggler,Async-FedDRL,6740,92,0.1655781661449742,0.16557283900478362,5.327140190580781e-06,0.0032173997997502917
High-straggler,Async-FedDRL,7851,92,0.16557547790004729,0.16557283900478362,2.6388952636680063e-06,0.0015937971949564536
High-straggler,Async-FedDRL,3407,93,0.16558132782601734,0.16556737168856134,1.395613745600044e-05,0.008429280065067697
High-straggler,Async-FedDRL,4518,93,0.16553515937839,0.16556737168856134,3.2212310171336744e-05,0.019455711498476493
High-straggler,Async-FedDRL,5629,93,0.16557771955374156,0.16556737168856134,1.03478651802269e-05,0.0062499422891677215
High-straggler,Async-FedDRL,6740,93,0.16556910499268543,0.16556737168856134,1.7333041240907843e-06,0.0010468875035059425
High-straggler,Async-FedDRL,7851,93,0.16557354669197236,0.16556737168856134,6.17500341101862e-06,0.0037296016407351333
High-straggler,Async-FedDRL,3407,94,0.16554806031047242,0.16556687878534096,1.881847486853716e-05,0.011366086627105832
High-straggler,Async-FedDRL,4518,94,0.1655880670553867,0.16556687878534096,2.1188270045741087e-05,0.012797408637032942
High-straggler,Async-FedDRL,5629,94,0.16556480244578164,0.16556687878534096,2.076339559314855e-06,0.0012540790613120448
High-straggler,Async-FedDRL,6740,94,0.1655655126831651,0.16556687878534096,1.3661021758537562e-06,0.0008251059546909263
High-straggler,Async-FedDRL,7851,94,0.16556795143189879,0.16556687878534096,1.072646557825907e-06,0.0006478630059920399
High-straggler,Async-FedDRL,3407,95,0.16554494530958647,0.1655603572412397,1.5411931653219746e-05,0.00930895046980532
High-straggler,Async-FedDRL,4518,95,0.16555758659796133,0.1655603572412397,2.7706432783602963e-06,0.0016734943826698585
High-straggler,Async-FedDRL,5629,95,0.16557221520048046,0.1655603572412397,1.1857959240774152e-05,0.007162317983824955
High-straggler,Async-FedDRL,6740,95,0.16557352841135525,0.1655603572412397,1.3171170115566788e-05,0.007955509600873198
High-straggler,Async-FedDRL,7851,95,0.165553510686815,0.1655603572412397,6.846554424677631e-06,0.004135382732172683
High-straggler,Async-FedDRL,3407,96,0.16555540326194665,0.1655579445027648,2.541240818138002e-06,0.0015349555261575283
High-straggler,Async-FedDRL,4518,96,0.16556656426580688,0.1655579445027648,8.619763042089224e-06,0.005206493151372313
High-straggler,Async-FedDRL,5629,96,0.16552930041176228,0.1655579445027648,2.8644091002505423e-05,0.017301550275062198
High-straggler,Async-FedDRL,6740,96,0.16557712872045993,0.1655579445027648,1.918421769514511e-05,0.011587615292496422
High-straggler,Async-FedDRL,7851,96,0.16556132585384814,0.1655579445027648,3.3813510833535787e-06,0.002042397357317462
High-straggler,Async-FedDRL,3407,97,0.16556998533437983,0.16554926403115702,2.0721303222809295e-05,0.012516699088985056
High-straggler,Async-FedDRL,4518,97,0.1655357777458707,0.16554926403115702,1.3486285286329336e-05,0.008146387943948313
High-straggler,Async-FedDRL,5629,97,0.16556665776070006,0.16554926403115702,1.7393729543041525e-05,0.010506678869782203
High-straggler,Async-FedDRL,6740,97,0.16554092441499224,0.16554926403115702,8.33961616478196e-06,0.005037543485069442
High-straggler,Async-FedDRL,7851,97,0.16553297489984217,0.16554926403115702,1.6289131314850547e-05,0.009839446529816567
High-straggler,Async-FedDRL,3407,98,0.16556280714223853,0.1655532114066719,9.59573556663651e-06,0.005796163955445805
High-straggler,Async-FedDRL,4518,98,0.16553207931523437,0.1655532114066719,2.1132091437531253e-05,0.012764531269418563
High-straggler,Async-FedDRL,5629,98,0.1655662930474708,0.1655532114066719,1.3081640798912053e-05,0.007901774111030536
High-straggler,Async-FedDRL,6740,98,0.1655695141620705,0.1655532114066719,1.63027553986006e-05,0.009847441351381474
High-straggler,Async-FedDRL,7851,98,0.16553536336634536,0.1655532114066719,1.7848040326534642e-05,0.010780848148388956
High-straggler,Async-FedDRL,3407,99,0.1655369214201174,0.16555801332675296,2.1091906635573032e-05,0.012739888702303444
High-straggler,Async-FedDRL,4518,99,0.1655791006385883,0.16555801332675296,2.1087311835338296e-05,0.012737113360812926
High-straggler,Async-FedDRL,5629,99,0.16558843820051136,0.16555801332675296,3.0424873758400084e-05,0.018377167705166977
High-straggler,Async-FedDRL,6740,99,0.16554747000505007,0.16555801332675296,1.0543321702888298e-05,0.006368354808703527
High-straggler,Async-FedDRL,7851,99,0.1655381363694976,0.16555801332675296,1.9876957255360317e-05,0.012006037555023226
High-straggler,Async-FedDRL,3407,100,0.16555558013010485,0.1655529613363269,2.6187937779420523e-06,0.001581846532253734
High-straggler,Async-FedDRL,4518,100,0.16554381242690946,0.1655529613363269,9.148909417444617e-06,0.005526273491936078
High-straggler,Async-FedDRL,5629,100,0.1655679552993681,0.1655529613363269,1.499396304119327e-05,0.009056898118984706
High-straggler,Async-FedDRL,6740,100,0.16555629920482468,0.1655529613363269,3.33786849776585e-06,0.002016193773172591
High-straggler,Async-FedDRL,7851,100,0.16554115962042742,0.1655529613363269,1.180171589948431e-05,0.007128664932491719
High-straggler,Async-FedDRL,3407,101,0.16554870490716175,0.16554851180651511,1.9310064663935478e-07,0.00011664293718631626
High-straggler,Async-FedDRL,4518,101,0.16555218124237897,0.16554851180651511,3.669435863856707e-06,0.002216532074988002
High-straggler,Async-FedDRL,5629,101,0.16554548955811837,0.16554851180651511,3.0222483967390357e-06,0.0018255968379053081
High-straggler,Async-FedDRL,6740,101,0.16556155266157063,0.16554851180651511,1.304085505551833e-05,0.007877361694896922
High-straggler,Async-FedDRL,7851,101,0.16553463066334584,0.16554851180651511,1.3881143169275356e-05,0.008384939869165933
High-straggler,Async-FedDRL,3407,102,0.16555818135484915,0.1655404676410269,1.771371382225384e-05,0.010700533878317826
High-straggler,Async-FedDRL,4518,102,0.16551941263419226,0.1655404676410269,2.1055006834636014e-05,0.012718948505264355
High-straggler,Async-FedDRL,5629,102,0.16554509872424764,0.1655404676410269,4.631083220740795e-06,0.002797553544903147
High-straggler,Async-FedDRL,6740,102,0.16555595889862404,0.1655404676410269,1.5491257597144426e-05,0.009357988302133522
High-straggler,Async-FedDRL,7851,102,0.1655236865932213,0.1655404676410269,1.6781047805586313e-05,0.01013712722014044
High-straggler,Async-FedDRL,3407,103,0.165538931801181,0.16553780489528125,1.126905899762054e-06,0.0006807544056023526
High-straggler,Async-FedDRL,4518,103,0.16554772586412636,0.16553780489528125,9.920968845111844e-06,0.005993174097836939
High-straggler,Async-FedDRL,5629,103,0.16554727302912,0.16553780489528125,9.468133838758108e-06,0.005719620267254132
High-straggler,Async-FedDRL,6740,103,0.1655130328332673,0.16553780489528125,2.4772062013955765e-05,0.014964594963444454
High-straggler,Async-FedDRL,7851,103,0.1655420609487116,0.16553780489528125,4.256053430351514e-06,0.002571046192767798
High-straggler,Async-FedDRL,3407,104,0.16549522471377093,0.16553174221251046,3.651749873953558e-05,0.022060722766183562
High-straggler,Async-FedDRL,4518,104,0.16554061279729151,0.16553174221251046,8.870584781051072e-06,0.005358842154674462
High-straggler,Async-FedDRL,5629,104,0.16557704216614333,0.16553174221251046,4.5299953632865764e-05,0.02736632444471554
High-straggler,Async-FedDRL,6740,104,0.1655346404193377,0.16553174221251046,2.898206827223193e-06,0.0017508465678458581
High-straggler,Async-FedDRL,7851,104,0.16551119096600883,0.16553174221251046,2.0551246501632203e-05,0.012415290401069066
High-straggler,Async-FedDRL,3407,105,0.16552761760726015,0.16553203422896756,4.416621707414858e-06,0.0026681371542294284
High-straggler,Async-FedDRL,4518,105,0.16552251424336512,0.16553203422896756,9.519985602446379e-06,0.005751143968470855
High-straggler,Async-FedDRL,5629,105,0.16556051720281015,0.16553203422896756,2.8482973842586246e-05,0.017206925520644522
High-straggler,Async-FedDRL,6740,105,0.1655252080428827,0.16553203422896756,6.8261860848573e-06,0.004123785535925432
High-straggler,Async-FedDRL,7851,105,0.16552431404851964,0.16553203422896756,7.72018044792322e-06,0.004663858862052342
High-straggler,Async-FedDRL,3407,106,0.1655502884906457,0.16554255871414,7.729776505704944e-06,0.004669359085510315
High-straggler,Async-FedDRL,4518,106,0.16550761486748378,0.16554255871414,3.494384665622685e-05,0.021108678594589154
High-straggler,Async-FedDRL,5629,106,0.16556112674793635,0.16554255871414,1.856803379635119e-05,0.011216471426187508
High-straggler,Async-FedDRL,6740,106,0.16555276121138288,0.16554255871414,1.0202497242872699e-05,0.006163066055110601
High-straggler,Async-FedDRL,7851,106,0.16554100225325144,0.16554255871414,1.5564608885632047e-06,0.0009402179721354385
High-straggler,Async-FedDRL,3407,107,0.1655392588467977,0.16553378356907603,5.475277721683769e-06,0.0033076497157445662
High-straggler,Async-FedDRL,4518,107,0.1655350816595419,0.16553378356907603,1.2980904658677073e-06,0.0007841846165052004
High-straggler,Async-FedDRL,5629,107,0.16552149125940074,0.16553378356907603,1.2292309675282498e-05,0.00742586160374508
High-straggler,Async-FedDRL,6740,107,0.1655400540508518,0.16553378356907603,6.270481775760839e-06,0.0037880374873109895
High-straggler,Async-FedDRL,7851,107,0.165533032028788,0.16553378356907603,7.515402880298172e-07,0.00045401021581567666
High-straggler,Async-FedDRL,3407,108,0.16550898356387303,0.1655342205416501,2.5236977777065572e-05,0.015245776791340671
High-straggler,Async-FedDRL,4518,108,0.1655225000521001,0.1655342205416501,1.1720489550004487e-05,0.007080402778140664
High-straggler,Async-FedDRL,5629,108,0.16557021685580914,0.1655342205416501,3.5996314159042475e-05,0.021745542426972336
High-straggler,Async-FedDRL,6740,108,0.16553447887819847,0.1655342205416501,2.583365483754818e-07,0.00015606232205653313
High-straggler,Async-FedDRL,7851,108,0.16553492335826983,0.1655342205416501,7.028166197353691e-07,0.0004245748205027693
High-straggler,Async-FedDRL,3407,109,0.16554383331270264,0.16553024229319732,1.3591019505321267e-05,0.008210596031900937
High-straggler,Async-FedDRL,4518,109,0.16550579507822455,0.16553024229319732,2.444721497277258e-05,0.01476903231342474
High-straggler,Async-FedDRL,5629,109,0.16556855275596621,0.16553024229319732,3.8310462768892384e-05,0.023144086686609534
High-straggler,Async-FedDRL,6740,109,0.16554369792740403,0.16553024229319732,1.3455634206710476e-05,0.008128807171608576
High-straggler,Async-FedDRL,7851,109,0.16548933239168911,0.16553024229319732,4.090990150820706e-05,0.02471445757672784
High-straggler,Async-FedDRL,3407,110,0.16553047806961105,0.16552983414815342,6.439214576270391e-07,0.00038900628454125857
High-straggler,Async-FedDRL,4518,110,0.1655126491751642,0.16552983414815342,1.7184972989220393e-05,0.010381797986844719
High-straggler,Async-FedDRL,5629,110,0.1655569772776352,0.16552983414815342,2.7143129481765893e-05,0.01639772650135812
High-straggler,Async-FedDRL,6740,110,0.16554412573958127,0.16552983414815342,1.4291591427850747e-05,0.008633846279975977
High-straggler,Async-FedDRL,7851,110,0.1655049404787754,0.16552983414815342,2.4893669378023286e-05,0.015038781079030634
High-straggler,Async-FedDRL,3407,111,0.1655182348675729,0.16551635740745688,1.8774601160120863e-06,0.0011343048780310474
High-straggler,Async-FedDRL,4518,111,0.1655218729285818,0.16551635740745688,5.5155211249324765e-06,0.0033323118097353622
High-straggler,Async-FedDRL,5629,111,0.1655537225843957,0.16551635740745688,3.736517693883612e-05,0.02257491496556626
High-straggler,Async-FedDRL,6740,111,0.16551154161911324,0.16551635740745688,4.815788343631722e-06,0.00290955432989414
High-straggler,Async-FedDRL,7851,111,0.16547641503762073,0.16551635740745688,3.994236983614896e-05,0.02413197732343853
High-straggler,Async-FedDRL,3407,112,0.16551496630025073,0.16551809207045126,3.1257702005349497e-06,0.0018884764568241241
High-straggler,Async-FedDRL,4518,112,0.16549544746737863,0.16551809207045126,2.2644603072635716e-05,0.013681044041395335
High-straggler,Async-FedDRL,5629,112,0.16553753163688473,0.16551809207045126,1.943956643346567e-05,0.011744677690697038
High-straggler,Async-FedDRL,6740,112,0.16551319124340996,0.16551809207045126,4.900827041298683e-06,0.0029609011196266633
High-straggler,Async-FedDRL,7851,112,0.16552932370433218,0.16551809207045126,1.123163388092041e-05,0.006785743927098778
High-straggler,Async-FedDRL,3407,113,0.1655306988195983,0.16552370411126832,6.994708329988164e-06,0.004225804616652478
High-straggler,Async-FedDRL,4518,113,0.16551666214171817,0.16552370411126832,7.0419695501477975e-06,0.004254357155645844
High-straggler,Async-FedDRL,5629,113,0.16554208050919259,0.16552370411126832,1.8376397924263488e-05,0.01110197359522024
High-straggler,Async-FedDRL,6740,113,0.16551554348603212,0.16552370411126832,8.1606252362032e-06,0.004930185244475599
High-straggler,Async-FedDRL,7851,113,0.1655135355998003,0.16552370411126832,1.0168511468011676e-05,0.006143235811818349
High-straggler,Async-FedDRL,3407,114,0.16551616546168071,0.16552001426106208,3.848799381367396e-06,0.0023252773379399175
High-straggler,Async-FedDRL,4518,114,0.16548455943153792,0.16552001426106208,3.54548295241619e-05,0.02142026732080974
High-straggler,Async-FedDRL,5629,114,0.165542191306736,0.16552001426106208,2.2177045673921203e-05,0.013398407300124468
High-straggler,Async-FedDRL,6740,114,0.1655422702011184,0.16552001426106208,2.2255940056309376e-05,0.013446071857634558
High-straggler,Async-FedDRL,7851,114,0.16551488490423732,0.16552001426106208,5.129356824756792e-06,0.003098934499042907
High-straggler,Async-FedDRL,3407,115,0.16552493305338387,0.1655314357158703,6.5026624864461535e-06,0.003928355033184015
High-straggler,Async-FedDRL,4518,115,0.16553435000911837,0.1655314357158703,2.9142932480574757e-06,0.0017605678555581259
High-straggler,Async-FedDRL,5629,115,0.16553851965484773,0.1655314357158703,7.083938977414661e-06,0.004279512798749615
High-straggler,Async-FedDRL,6740,115,0.16554088890913077,0.1655314357158703,9.453193260455794e-06,0.005710814516634722
High-straggler,Async-FedDRL,7851,115,0.16551848695287083,0.1655314357158703,1.2948762999481778e-05,0.007822540137758448
High-straggler,Async-FedDRL,3407,116,0.16549740885165815,0.16551386006572621,1.6451214068069486e-05,0.009939478217435472
High-straggler,Async-FedDRL,4518,116,0.1655285613062498,0.16551386006572621,1.4701240523579129e-05,0.008882180935023331
High-straggler,Async-FedDRL,5629,116,0.165557623322365,0.16551386006572621,4.376325663879577e-05,0.026440841039787968
High-straggler,Async-FedDRL,6740,116,0.16549404375429155,0.16551386006572621,1.981631143466167e-05,0.011972599410582615
High-straggler,Async-FedDRL,7851,116,0.16549166309406665,0.16551386006572621,2.219697165956047e-05,0.013410944346742905
High-straggler,Async-FedDRL,3407,117,0.1655191242566903,0.16551377159023611,5.352666454183641e-06,0.0032339704441243016
High-straggler,Async-FedDRL,4518,117,0.16551066426382566,0.16551377159023611,3.1073264104564124e-06,0.001877382395798005
High-straggler,Async-FedDRL,5629,117,0.16551733943167907,0.16551377159023611,3.567841442952968e-06,0.002155616060629628
High-straggler,Async-FedDRL,6740,117,0.16550301945824747,0.16551377159023611,1.0752131988644997e-05,0.006496215925321395
High-straggler,Async-FedDRL,7851,117,0.16551871054073802,0.16551377159023611,4.938950501909289e-06,0.0029840118163319317
High-straggler,Async-FedDRL,3407,118,0.16550014807501015,0.1655030275820109,2.879507000758119e-06,0.0017398515560878493
High-straggler,Async-FedDRL,4518,118,0.16547907167274808,0.1655030275820109,2.395590926282387e-05,0.014474604853348146
High-straggler,Async-FedDRL,5629,118,0.16553326456742898,0.1655030275820109,3.0236985418069517e-05,0.01826974760512241
High-straggler,Async-FedDRL,6740,118,0.16550066915551437,0.1655030275820109,2.358426496540389e-06,0.0014250050473377167
High-straggler,Async-FedDRL,7851,118,0.16550198443935285,0.1655030275820109,1.0431426580581604e-06,0.0006302861484157787
High-straggler,Async-FedDRL,3407,119,0.16550436370422286,0.16550033988668625,4.0238175366136275e-06,0.002431304696636049
High-straggler,Async-FedDRL,4518,119,0.16546481161174947,0.16550033988668625,3.5528274936774684e-05,0.021467191524259084
High-straggler,Async-FedDRL,5629,119,0.16553013971070124,0.16550033988668625,2.979982401499215e-05,0.018005898982077807
High-straggler,Async-FedDRL,6740,119,0.16550491365978662,0.16550033988668625,4.573773100369216e-06,0.0027636034484888423
High-straggler,Async-FedDRL,7851,119,0.16549747074697094,0.16550033988668625,2.8691397153113307e-06,0.001733615603010698
High-straggler,Async-FedDRL,3407,120,0.16546496254640103,0.1655095942135275,4.4631667126482366e-05,0.026966211438414916
High-straggler,Async-FedDRL,4518,120,0.16550035315106731,0.1655095942135275,9.241062460196847e-06,0.005583399865191351
High-straggler,Async-FedDRL,5629,120,0.16554738220448215,0.1655095942135275,3.778799095463525e-05,0.022831299378260905
High-straggler,Async-FedDRL,6740,120,0.16552376637902513,0.1655095942135275,1.4172165497622347e-05,0.008562745600921799
High-straggler,Async-FedDRL,7851,120,0.16551150678666196,0.1655095942135275,1.912573134449369e-06,0.0011555663244403325
High-straggler,Async-FedDRL,3407,121,0.16550087643750822,0.16549394002720744,6.936410300778517e-06,0.004191337942427476
High-straggler,Async-FedDRL,4518,121,0.16548936303898418,0.16549394002720744,4.5769882232593595e-06,0.002765653064098236
High-straggler,Async-FedDRL,5629,121,0.16551300165279959,0.16549394002720744,1.90616255921483e-05,0.011518020290661122
High-straggler,Async-FedDRL,6740,121,0.16550564101392803,0.16549394002720744,1.1700986720597495e-05,0.007070341499316432
High-straggler,Async-FedDRL,7851,121,0.1654608179928171,0.16549394002720744,3.312203439034822e-05,0.02001404666835711
High-straggler,Async-FedDRL,3407,122,0.1654527004766872,0.16549526690827152,4.256643158431772e-05,0.025720633816017753
High-straggler,Async-FedDRL,4518,122,0.16549661968503,0.16549526690827152,1.3527767584731176e-06,0.0008174111464002874
High-straggler,Async-FedDRL,5629,122,0.16553338356405434,0.16549526690827152,3.811665578282164e-05,0.02303187063588255
High-straggler,Async-FedDRL,6740,122,0.16547924883353007,0.16549526690827152,1.601807474144179e-05,0.00967887181348822
High-straggler,Async-FedDRL,7851,122,0.16551438198205606,0.16549526690827152,1.911507378454802e-05,0.011550223847273448
High-straggler,Async-FedDRL,3407,123,0.16549330778630983,0.1655061333469014,1.2825560591567253e-05,0.007749296253985244
High-straggler,Async-FedDRL,4518,123,0.1655120115020198,0.1655061333469014,5.8781551184050596e-06,0.0035516237371604996
High-straggler,Async-FedDRL,5629,123,0.16552595119473568,0.1655061333469014,1.981784783428031e-05,0.011974086659823076
High-straggler,Async-FedDRL,6740,123,0.16550245492478716,0.1655061333469014,3.6784221142394102e-06,0.0022225291835737747
High-straggler,Async-FedDRL,7851,123,0.1654969413266544,0.1655061333469014,9.19202024698973e-06,0.0055538849594916374
High-straggler,Async-FedDRL,3407,124,0.1654989120327332,0.1655071635934938,8.251560760591525e-06,0.004985621517179998
High-straggler,Async-FedDRL,4518,124,0.1654829174952423,0.1655071635934938,2.4246098251495818e-05,0.014649576323504193
High-straggler,Async-FedDRL,5629,124,0.16553677229193314,0.1655071635934938,2.9608698439348435e-05,0.017889677882506092
High-straggler,Async-FedDRL,6740,124,0.1655229273868607,0.1655071635934938,1.5763793366901924e-05,0.009524538409479219
High-straggler,Async-FedDRL,7851,124,0.16549428876069966,0.1655071635934938,1.287483279413526e-05,0.007779018451284352
High-straggler,Async-FedDRL,3407,125,0.1654533326640846,0.1654944967163701,4.116405228549169e-05,0.02487336624615379
High-straggler,Async-FedDRL,4518,125,0.16549466093024895,0.1654944967163701,1.6421387885601213e-07,9.922618704200615e-05
High-straggler,Async-FedDRL,5629,125,0.16553555149366167,0.1654944967163701,4.105477729157703e-05,0.02480733686385841
High-straggler,Async-FedDRL,6740,125,0.16550176477318843,0.1654944967163701,7.268056818332536e-06,0.004391721152388995
High-straggler,Async-FedDRL,7851,125,0.16548717372066682,0.1654944967163701,7.322995703273882e-06,0.004424917957135622
High-straggler,Async-FedDRL,3407,126,0.1655144248663892,0.16549995443007143,1.4470436317776114e-05,0.00874346846052474
High-straggler,Async-FedDRL,4518,126,0.16548368712499137,0.16549995443007143,1.6267305080058803e-05,0.009829190065990147
High-straggler,Async-FedDRL,5629,126,0.16551240260133598,0.16549995443007143,1.244817126455633e-05,0.007521555705210811
High-straggler,Async-FedDRL,6740,126,0.16548887407695703,0.16549995443007143,1.108035311439548e-05,0.006695079253980854
High-straggler,Async-FedDRL,7851,126,0.1655003834806837,0.16549995443007143,4.2905061226061747e-07,0.0002592451543193046
High-straggler,Async-FedDRL,3407,127,0.16549748558489022,0.16548277299099337,1.4712593896848425e-05,0.008890710272089276
High-straggler,Async-FedDRL,4518,127,0.16547217204405867,0.16548277299099337,1.060094693469682e-05,0.0064060728153702085
High-straggler,Async-FedDRL,5629,127,0.16552455848678307,0.16548277299099337,4.1785495789703475e-05,0.025250662068599557
High-straggler,Async-FedDRL,6740,127,0.1654691791395591,0.16548277299099337,1.3593851434262616e-05,0.008214662583036653
High-straggler,Async-FedDRL,7851,127,0.16545046969967583,0.16548277299099337,3.230329131753695e-05,0.019520636942248426
High-straggler,Async-FedDRL,3407,128,0.16545550761723293,0.16547969382715108,2.4186209918147794e-05,0.014615817420722979
High-straggler,Async-FedDRL,4518,128,0.16547269290296873,0.16547969382715108,7.000924182348767e-06,0.004230684756802524
High-straggler,Async-FedDRL,5629,128,0.16552580929159416,0.16547969382715108,4.611546444308057e-05,0.027867748227314023
High-straggler,Async-FedDRL,6740,128,0.16546265801323803,0.16547969382715108,1.703581391304665e-05,0.010294806280486058
High-straggler,Async-FedDRL,7851,128,0.16548180131072152,0.16547969382715108,2.107483570434887e-06,0.001273560230680764
High-straggler,Async-FedDRL,3407,129,0.1654835231701033,0.1654805035673939,3.0196027094031574e-06,0.001824748320380466
High-straggler,Async-FedDRL,4518,129,0.16549851968756304,0.1654805035673939,1.801612016913423e-05,0.01088715575596309
High-straggler,Async-FedDRL,5629,129,0.16548160678375856,0.1654805035673939,1.1032163646507165e-06,0.0006666745271302722
High-straggler,Async-FedDRL,6740,129,0.16546498884312047,0.1654805035673939,1.5514724273441027e-05,0.009375560225511684
High-straggler,Async-FedDRL,7851,129,0.16547387935242414,0.1654805035673939,6.624214969774833e-06,0.004003018377978915
High-straggler,Async-FedDRL,3407,130,0.16546236976145207,0.16547826168239518,1.589192094311742e-05,0.009603630580564723
High-straggler,Async-FedDRL,4518,130,0.16544855530342556,0.16547826168239518,2.9706378969623914e-05,0.01795183165909719
High-straggler,Async-FedDRL,5629,130,0.16550845151569363,0.16547826168239518,3.0189833298444047e-05,0.018243987452797775
High-straggler,Async-FedDRL,6740,130,0.16550152595366668,0.16547826168239518,2.3264271271500325e-05,0.014058808108675795
High-straggler,Async-FedDRL,7851,130,0.1654704058777381,0.16547826168239518,7.855804657092014e-06,0.004747333321744564
High-straggler,Async-FedDRL,3407,131,0.1654759294072395,0.16547700902489654,1.0796176570238014e-06,0.0006524275870017505
High-straggler,Async-FedDRL,4518,131,0.16549007119389697,0.16547700902489654,1.3062169000432888e-05,0.007893645816663053
High-straggler,Async-FedDRL,5629,131,0.16550008326810334,0.16547700902489654,2.307424320679985e-05,0.013944077997764787
High-straggler,Async-FedDRL,6740,131,0.1654513193314335,0.16547700902489654,2.5689693463032404e-05,0.015524630046441865
High-straggler,Async-FedDRL,7851,131,0.16546764192380942,0.16547700902489654,9.367101087121021e-06,0.005660666180950679
High-straggler,Async-FedDRL,3407,132,0.16548671699478423,0.1654889389629794,2.2219681951596293e-06,0.0013426687058865569
High-straggler,Async-FedDRL,4518,132,0.16547885228424913,0.1654889389629794,1.0086678730258924e-05,0.006095077286413298
High-straggler,Async-FedDRL,5629,132,0.16551922692707471,0.1654889389629794,3.0287964095321307e-05,0.01830210785392543
High-straggler,Async-FedDRL,6740,132,0.16546386561274104,0.1654889389629794,2.5073350238352665e-05,0.015151073174722382
High-straggler,Async-FedDRL,7851,132,0.16549603299604776,0.1654889389629794,7.094033068366645e-06,0.0042867113130464944
High-straggler,Async-FedDRL,3407,133,0.16547795997089282,0.16547133757832946,6.622392563354618e-06,0.004002138775375381
High-straggler,Async-FedDRL,4518,133,0.16544386380709547,0.16547133757832946,2.7473771233993416e-05,0.016603341482622696
High-straggler,Async-FedDRL,5629,133,0.16548871814329266,0.16547133757832946,1.738056496319862e-05,0.010503671039083218
High-straggler,Async-FedDRL,6740,133,0.16548172733416985,0.16547133757832946,1.0389755840389814e-05,0.006278885511197126
High-straggler,Async-FedDRL,7851,133,0.16546441863619643,0.16547133757832946,6.9189421330329015e-06,0.004181353843083349
High-straggler,Async-FedDRL,3407,134,0.1654598967559706,0.16547809435728517,1.8197601314579037e-05,0.010996985060323719
High-straggler,Async-FedDRL,4518,134,0.1654649814633189,0.16547809435728517,1.3112893966271688e-05,0.007924247627579954
High-straggler,Async-FedDRL,5629,134,0.16551749723917064,0.16547809435728517,3.940288188547525e-05,0.023811539550606713
High-straggler,Async-FedDRL,6740,134,0.16549669626710672,0.16547809435728517,1.8601909821558404e-05,0.011241312569985767
High-straggler,Async-FedDRL,7851,134,0.16545140006085884,0.16547809435728517,2.6694296426321706e-05,0.016131619432772668
High-straggler,Async-FedDRL,3407,135,0.16549127017351611,0.1654685794430847,2.2690730431401684e-05,0.013713014584262197
High-straggler,Async-FedDRL,4518,135,0.165466180826831,0.1654685794430847,2.3986162537015243e-06,0.001449590164957307
High-straggler,Async-FedDRL,5629,135,0.1654694988489807,0.1654685794430847,9.194058959993701e-07,0.0005556377525532651
High-straggler,Async-FedDRL,6740,135,0.1654840190624382,0.1654685794430847,1.543961935349114e-05,0.00933084662082436
High-straggler,Async-FedDRL,7851,135,0.16543192830365747,0.1654685794430847,3.665113942724618e-05,0.022149908792716062
High-straggler,Async-FedDRL,3407,136,0.1654439224248863,0.16547818510694853,3.4262682062219385e-05,0.02070525612791524
High-straggler,Async-FedDRL,4518,136,0.16547482406654926,0.16547818510694853,3.3610403992745397e-06,0.0020311078448813657
High-straggler,Async-FedDRL,5629,136,0.1655039790104682,0.16547818510694853,2.5793903519671924e-05,0.015587494812685627
High-straggler,Async-FedDRL,6740,136,0.16549462791440656,0.16547818510694853,1.6442807458022513e-05,0.009936540848206383
High-straggler,Async-FedDRL,7851,136,0.16547357211843236,0.16547818510694853,4.612988516172756e-06,0.002787671688078632
High-straggler,Async-FedDRL,3407,137,0.16544557060593212,0.16546094384143298,1.537323550085401e-05,0.009291156658447881
High-straggler,Async-FedDRL,4518,137,0.16548348895545448,0.16546094384143298,2.254511402149939e-05,0.013625640890278713
High-straggler,Async-FedDRL,5629,137,0.1654961296197466,0.16546094384143298,3.51857783136289e-05,0.021265307387191425
High-straggler,Async-FedDRL,6740,137,0.16544252403951115,0.16546094384143298,1.841980192182624e-05,0.011132416807363665
High-straggler,Async-FedDRL,7851,137,0.16543700598652059,0.16546094384143298,2.393785491239253e-05,0.014467374811625041
High-straggler,Async-FedDRL,3407,138,0.165417193543409,0.16545430166589173,3.7108122482726325e-05,0.02242801916245139
High-straggler,Async-FedDRL,4518,138,0.16547506212067647,0.16545430166589173,2.0760454784746196e-05,0.012547546105309842
High-straggler,Async-FedDRL,5629,138,0.16549553954516852,0.16545430166589173,4.123787927678979e-05,0.024924029693747726
High-straggler,Async-FedDRL,6740,138,0.16546889318479993,0.16545430166589173,1.4591518908202428e-05,0.008819062884002644
High-straggler,Async-FedDRL,7851,138,0.16541481993540463,0.16545430166589173,3.948173048709536e-05,0.02386261952065915
High-straggler,Async-FedDRL,3407,139,0.16537479599310806,0.165443166228994,6.837023588593394e-05,0.041325512225328785
High-straggler,Async-FedDRL,4518,139,0.16545462935260336,0.165443166228994,1.146312360936208e-05,0.006928738049836212
High-straggler,Async-FedDRL,5629,139,0.16545028243129772,0.165443166228994,7.116202303730779e-06,0.0043012972163994165
High-straggler,Async-FedDRL,6740,139,0.16547935571843014,0.165443166228994,3.61894894361503e-05,0.021874272755430423
High-straggler,Async-FedDRL,7851,139,0.16545676764953066,0.165443166228994,1.3601420536663023e-05,0.008221204203645957
High-straggler,Async-FedDRL,3407,140,0.16544848934105744,0.16546742681967083,1.8937478613395564e-05,0.011444837801239241
High-straggler,Async-FedDRL,4518,140,0.16547791821823107,0.16546742681967083,1.0491398560241727e-05,0.00634046154091429
High-straggler,Async-FedDRL,5629,140,0.16550147073112914,0.16546742681967083,3.4043911458309095e-05,0.020574388635057894
High-straggler,Async-FedDRL,6740,140,0.1654348953389946,0.16546742681967083,3.2531480676223357e-05,0.019660353280091015
High-straggler,Async-FedDRL,7851,140,0.16547436046894196,0.16546742681967083,6.93364927112361e-06,0.004190340905391619
High-straggler,Async-FedDRL,3407,141,0.1654430190385455,0.1654666671337416,2.3648095196115992e-05,0.014291757733297404
High-straggler,Async-FedDRL,4518,141,0.16546237724538113,0.1654666671337416,4.2898883604869376e-06,0.0025925997270613743
High-straggler,Async-FedDRL,5629,141,0.16548916698353594,0.1654666671337416,2.2499849794327398e-05,0.013597814100009317
High-straggler,Async-FedDRL,6740,141,0.16548121884001143,0.1654666671337416,1.455170626982194e-05,0.00879434300689712
High-straggler,Async-FedDRL,7851,141,0.16545755356123407,0.1654666671337416,9.113572507546408e-06,0.005507799646547656
High-straggler,Async-FedDRL,3407,142,0.16545291325148914,0.16545459159577683,1.6783442876866506e-06,0.0010143836272534668
High-straggler,Async-FedDRL,4518,142,0.16545100073599853,0.16545459159577683,3.590859778301869e-06,0.0021702992607631716
High-straggler,Async-FedDRL,5629,142,0.16548335591437088,0.16545459159577683,2.8764318594054483e-05,0.017385022873423046
High-straggler,Async-FedDRL,6740,142,0.16544278268049575,0.16545459159577683,1.1808915281075194e-05,0.0071372544981559835
High-straggler,Async-FedDRL,7851,142,0.16544290539652987,0.16545459159577683,1.1686199246963014e-05,0.007063085487233647
High-straggler,Async-FedDRL,3407,143,0.16546151750371457,0.16544302991207202,1.848759164255198e-05,0.011174596870220268
High-straggler,Async-FedDRL,4518,143,0.16546160279605376,0.16544302991207202,1.8572883981743393e-05,0.011226150773238571
High-straggler,Async-FedDRL,5629,143,0.16545029578627515,0.16544302991207202,7.265874203132849e-06,0.004391768095032134
High-straggler,Async-FedDRL,6740,143,0.16541780374448084,0.16544302991207202,2.5226167591180237e-05,0.015247646035367693
High-straggler,Async-FedDRL,7851,143,0.16542392972983586,0.16544302991207202,1.910018223616472e-05,0.01154486970307295
High-straggler,Async-FedDRL,3407,144,0.16544594288804676,0.1654618376865565,1.5894798509746844e-05,0.009606322963641464
High-straggler,Async-FedDRL,4518,144,0.16547311394869946,0.1654618376865565,1.1276262142950744e-05,0.006815022908371168
High-straggler,Async-FedDRL,5629,144,0.1654783847029533,0.1654618376865565,1.6547016396806224e-05,0.010000503214615658
High-straggler,Async-FedDRL,6740,144,0.16545151602455932,0.1654618376865565,1.032166199718687e-05,0.006238092203919411
High-straggler,Async-FedDRL,7851,144,0.16546023086852374,0.1654618376865565,1.6068180327677428e-06,0.0009711109553924011
High-straggler,Async-FedDRL,3407,145,0.16542489741025582,0.16545674873369892,3.185132344310504e-05,0.01925054353290203
High-straggler,Async-FedDRL,4518,145,0.16545751236788894,0.16545674873369892,7.636341900207899e-07,0.00046153100182685924
High-straggler,Async-FedDRL,5629,145,0.16547663841105428,0.16545674873369892,1.98896773553614e-05,0.01202107348753338
High-straggler,Async-FedDRL,6740,145,0.16547141581038322,0.16545674873369892,1.466707668429379e-05,0.008864598631694566
High-straggler,Async-FedDRL,7851,145,0.16545327966891243,0.16545674873369892,3.4690647864876745e-06,0.002096659588102448
High-straggler,Async-FedDRL,3407,146,0.16541508821839107,0.16543419140098892,1.9103182597846047e-05,0.011547300129477257
High-straggler,Async-FedDRL,4518,146,0.16541286371219957,0.16543419140098892,2.1327688789346544e-05,0.012891947310729294
High-straggler,Async-FedDRL,5629,146,0.165473661649529,0.16543419140098892,3.947024854009107e-05,0.023858579780778696
High-straggler,Async-FedDRL,6740,146,0.16543574047640813,0.16543419140098892,1.5490754192160061e-06,0.0009363695655037041
High-straggler,Async-FedDRL,7851,146,0.16543360294841675,0.16543419140098892,5.884525721699951e-07,0.00035570190610940267
High-straggler,Async-FedDRL,3407,147,0.1654222348373668,0.16543723899384583,1.5004156479037078e-05,0.009069394877652199
High-straggler,Async-FedDRL,4518,147,0.16544332226831554,0.16543723899384583,6.0832744697147945e-06,0.0036770889714504294
High-straggler,Async-FedDRL,5629,147,0.16546510806577425,0.16543723899384583,2.7869071928421363e-05,0.016845706624406417
High-straggler,Async-FedDRL,6740,147,0.1654308921495155,0.16543723899384583,6.346844330318291e-06,0.0038364061011404997
High-straggler,Async-FedDRL,7851,147,0.16542463764825704,0.16543723899384583,1.2601345588780788e-05,0.007616994617064149
High-straggler,Async-FedDRL,3407,148,0.16543392424620057,0.16542861258292701,5.311663273555034e-06,0.003210849193873504
High-straggler,Async-FedDRL,4518,148,0.16544097506166505,0.16542861258292701,1.2362478738037197e-05,0.0074729991051820386
High-straggler,Async-FedDRL,5629,148,0.1654239387837795,0.16542861258292701,4.6737991475087615e-06,0.0028252664847599157
High-straggler,Async-FedDRL,6740,148,0.1654146250323261,0.16542861258292701,1.3987550600919052e-05,0.008455339365133882
High-straggler,Async-FedDRL,7851,148,0.1654295997906638,0.16542861258292701,9.872077367800713e-07,0.0005967575508047002
High-straggler,Async-FedDRL,3407,149,0.16542766033235906,0.16544065852815593,1.2998195796865009e-05,0.00785671183402167
High-straggler,Async-FedDRL,4518,149,0.16544835626398774,0.16544065852815593,7.697735831813102e-06,0.004652868224955139
High-straggler,Async-FedDRL,5629,149,0.1654638974191145,0.16544065852815593,2.3238890958565683e-05,0.014046662510479983
High-straggler,Async-FedDRL,6740,149,0.16541785852984445,0.16544065852815593,2.2799998311479053e-05,0.013781375457713607
High-straggler,Async-FedDRL,7851,149,0.1654455200954739,0.16544065852815593,4.861567317965276e-06,0.002938556556300154
High-straggler,Async-FedDRL,3407,150,0.16537762135500564,0.16542325417095455,4.5632815948909444e-05,0.027585490430354364
High-straggler,Async-FedDRL,4518,150,0.165408770509066,0.16542325417095455,1.4483661888553545e-05,0.008755517451969352
High-straggler,Async-FedDRL,5629,150,0.16546330614635552,0.16542325417095455,4.005197540096761e-05,0.024211816894604436
High-straggler,Async-FedDRL,6740,150,0.16542807554347522,0.16542325417095455,4.821372520669165e-06,0.0029145675708244618
High-straggler,Async-FedDRL,7851,150,0.1654384973008705,0.16542325417095455,1.5243129915964992e-05,0.009214623416978712
High-straggler,Async-FedDRL,3407,151,0.16540000718453016,0.16544119691266068,4.118972813052513e-05,0.024896899260387913
High-straggler,Async-FedDRL,4518,151,0.16543773186779945,0.16544119691266068,3.4650448612338902e-06,0.0020944268573341793
High-straggler,Async-FedDRL,5629,151,0.16548217519211106,0.16544119691266068,4.0978279450376576e-05,0.02476909029617921
High-straggler,Async-FedDRL,6740,151,0.16546915453255748,0.16544119691266068,2.7957619896795682e-05,0.016898825938472268
High-straggler,Async-FedDRL,7851,151,0.1654169157863052,0.16544119691266068,2.4281126355468752e-05,0.014676590116962939
High-straggler,Async-FedDRL,3407,152,0.16542530851226595,0.16543222969341853,6.921181152585998e-06,0.004183695743817534
High-straggler,Async-FedDRL,4518,152,0.16542713582430196,0.16543222969341853,5.093869116568062e-06,0.003079127402204574
High-straggler,Async-FedDRL,5629,152,0.16546223828099846,0.16543222969341853,3.0008587579927193e-05,0.018139505001860613
High-straggler,Async-FedDRL,6740,152,0.16539997375716606,0.16543222969341853,3.225593625247325e-05,0.019497975885503345
High-straggler,Async-FedDRL,7851,152,0.16544649209236018,0.16543222969341853,1.4262398941644605e-05,0.008621294029631285
High-straggler,Async-FedDRL,3407,153,0.16540819308766316,0.16541764095636902,9.447868705853013e-06,0.005711524267441951
High-straggler,Async-FedDRL,4518,153,0.1653995524668462,0.16541764095636902,1.8088489522810614e-05,0.01093504260986389
High-straggler,Async-FedDRL,5629,153,0.16544018516108694,0.16541764095636902,2.254420471792251e-05,0.01362865809691291
High-straggler,Async-FedDRL,6740,153,0.16542422460432835,0.16541764095636902,6.5836479593295305e-06,0.003980015626668289
High-straggler,Async-FedDRL,7851,153,0.16541604946192046,0.16541764095636902,1.5914944485606597e-06,0.000962106846258578
High-straggler,Async-FedDRL,3407,154,0.16542567323613128,0.16543210404512115,6.430808989876802e-06,0.0038872799369841877
High-straggler,Async-FedDRL,4518,154,0.16544872680475475,0.16543210404512115,1.6622759633599937e-05,0.010048085726496065
High-straggler,Async-FedDRL,5629,154,0.1654323651112501,0.16543210404512115,2.610661289370597e-07,0.0001578086251419825
High-straggler,Async-FedDRL,6740,154,0.1654232948847826,0.16543210404512115,8.809160338546507e-06,0.0053249400347007815
High-straggler,Async-FedDRL,7851,154,0.165430460188687,0.16543210404512115,1.6438564341414441e-06,0.0009936743799698557
High-straggler,Async-FedDRL,3407,155,0.16541699503295043,0.16542505985745326,8.064824502829193e-06,0.004875213289799412
High-straggler,Async-FedDRL,4518,155,0.16542371296088398,0.16542505985745326,1.3468965692764456e-06,0.0008142034649629663
High-straggler,Async-FedDRL,5629,155,0.16545880732529444,0.16542505985745326,3.37474678411831e-05,0.02040045678101207
High-straggler,Async-FedDRL,6740,155,0.16543498659644065,0.16542505985745326,9.926738987392492e-06,0.006000746800966166
High-straggler,Async-FedDRL,7851,155,0.16539079737169682,0.16542505985745326,3.4262485756442196e-05,0.02071178682719908
High-straggler,Async-FedDRL,3407,156,0.16539339800699884,0.16542396215624727,3.056414924842987e-05,0.018476252684336766
High-straggler,Async-FedDRL,4518,156,0.16544936556594764,0.16542396215624727,2.5403409700364143e-05,0.015356547726967122
High-straggler,Async-FedDRL,5629,156,0.16546631115584992,0.16542396215624727,4.234899960264826e-05,0.0256002812716144
High-straggler,Async-FedDRL,6740,156,0.16540825758917244,0.16542396215624727,1.5704567074836806e-05,0.009493526131361446
High-straggler,Async-FedDRL,7851,156,0.16540247846326744,0.16542396215624727,2.1483692979828994e-05,0.012987050182933644
High-straggler,Async-FedDRL,3407,157,0.16543494492741262,0.16541844874374445,1.649618366816874e-05,0.009972396545516855
High-straggler,Async-FedDRL,4518,157,0.16543552496957212,0.16541844874374445,1.707622582766688e-05,0.010323047977629306
High-straggler,Async-FedDRL,5629,157,0.1654392029589251,0.16541844874374445,2.0754215180662783e-05,0.01254649365791954
High-straggler,Async-FedDRL,6740,157,0.16540426360082558,0.16541844874374445,1.4185142918871074e-05,0.008575308876729814
High-straggler,Async-FedDRL,7851,157,0.16537830726198674,0.16541844874374445,4.0141481757710595e-05,0.024266629304386222
High-straggler,Async-FedDRL,3407,158,0.1654062750745528,0.1654084309496057,2.15587505289494e-06,0.001303364671630167
High-straggler,Async-FedDRL,4518,158,0.1654136496803259,0.1654084309496057,5.2187307202078426e-06,0.0031550572665777913
High-straggler,Async-FedDRL,5629,158,0.16543797147522243,0.1654084309496057,2.9540525616739144e-05,0.017859141427766238
High-straggler,Async-FedDRL,6740,158,0.1653955326159568,0.1654084309496057,1.2898333648897475e-05,0.00779786953715023
High-straggler,Async-FedDRL,7851,158,0.16538872590197046,0.1654084309496057,1.9705047635237838e-05,0.011912964485613972
High-straggler,Async-FedDRL,3407,159,0.16542261198077907,0.16542573345592673,3.1214751476660307e-06,0.0018869344463252234
High-straggler,Async-FedDRL,4518,159,0.16542817851095865,0.16542573345592673,2.445055031913279e-06,0.0014780378970268846
High-straggler,Async-FedDRL,5629,159,0.16544982657920032,0.16542573345592673,2.409312327358859e-05,0.014564314009831825
High-straggler,Async-FedDRL,6740,159,0.16542188835459878,0.16542573345592673,3.8451013279483526e-06,0.002324367102759606
High-straggler,Async-FedDRL,7851,159,0.16540616185409684,0.16542573345592673,1.9571601829887486e-05,0.011831050357773881
High-straggler,Async-FedDRL,3407,160,0.16541000266758937,0.1654162497897021,6.247122112723602e-06,0.003776607268430839
High-straggler,Async-FedDRL,4518,160,0.1653987060179494,0.1654162497897021,1.754377175269828e-05,0.01060583332955627
High-straggler,Async-FedDRL,5629,160,0.16545055631114491,0.1654162497897021,3.430652144281732e-05,0.0207395110736896
High-straggler,Async-FedDRL,6740,160,0.16541598411371314,0.1654162497897021,2.6567598895854694e-07,0.00016061057441231293
High-straggler,Async-FedDRL,7851,160,0.16540599983811355,0.1654162497897021,1.0249951588547912e-05,0.006196459901357296
High-straggler,Async-FedDRL,3407,161,0.16541946597546137,0.16541705238355053,2.4135919108325687e-06,0.0014590949820797207
High-straggler,Async-FedDRL,4518,161,0.16543850100249352,0.16541705238355053,2.144861894298744e-05,0.012966389277240163
High-straggler,Async-FedDRL,5629,161,0.16542751713547338,0.16541705238355053,1.0464751922845128e-05,0.006326283640081213
High-straggler,Async-FedDRL,6740,161,0.16537841833790715,0.16541705238355053,3.863404564338757e-05,0.023355539883401666
High-straggler,Async-FedDRL,7851,161,0.1654213594664172,0.16541705238355053,4.3070828666669225e-06,0.0026037719839670103
High-straggler,Async-FedDRL,3407,162,0.16536952437512253,0.1654018988098567,3.237443473416701e-05,0.01957319412117761
High-straggler,Async-FedDRL,4518,162,0.16538388823102865,0.1654018988098567,1.801057882805379e-05,0.010888979484303537
High-straggler,Async-FedDRL,5629,162,0.16543593036419973,0.1654018988098567,3.403155434303362e-05,0.020575068719226576
High-straggler,Async-FedDRL,6740,162,0.165419793311743,0.1654018988098567,1.7894501886300818e-05,0.010818800760487062
High-straggler,Async-FedDRL,7851,162,0.1654003577671895,0.1654018988098567,1.5410426671969013e-06,0.000931695874282833
High-straggler,Async-FedDRL,3407,163,0.16538431655629637,0.16539523948568974,1.0922929393364367e-05,0.0066041377172221674
High-straggler,Async-FedDRL,4518,163,0.16539309246575587,0.16539523948568974,2.1470199338680107e-06,0.001298114710280869
High-straggler,Async-FedDRL,5629,163,0.16543717567195074,0.16539523948568974,4.193618626099904e-05,0.02535513500352435
High-straggler,Async-FedDRL,6740,163,0.1653627957852026,0.16539523948568974,3.244370048713363e-05,0.019615861126366162
High-straggler,Async-FedDRL,7851,163,0.16539881694924313,0.16539523948568974,3.577463553394722e-06,0.0021629785503616324
High-straggler,Async-FedDRL,3407,164,0.16540309080537538,0.1654102147254122,7.123920036822273e-06,0.004306819895402636
High-straggler,Async-FedDRL,4518,164,0.16540639022902573,0.1654102147254122,3.824496386473086e-06,0.0023121283004329017
High-straggler,Async-FedDRL,5629,164,0.16541972409398698,0.1654102147254122,9.509368574772692e-06,0.005748960903387156
High-straggler,Async-FedDRL,6740,164,0.16540859794674082,0.1654102147254122,1.616778671387209e-06,0.000977435809554524
High-straggler,Async-FedDRL,7851,164,0.16541327055193208,0.1654102147254122,3.055826519882121e-06,0.0018474231019861254
High-straggler,Async-FedDRL,3407,165,0.16540165315928346,0.16538805477671376,1.3598382569701695e-05,0.008222106843242415
High-straggler,Async-FedDRL,4518,165,0.1653748200182858,0.16538805477671376,1.323475842796018e-05,0.008002245655424204
High-straggler,Async-FedDRL,5629,165,0.16540893234876747,0.16538805477671376,2.0877572053712434e-05,0.012623385698500848
High-straggler,Async-FedDRL,6740,165,0.16536284629086348,0.16538805477671376,2.5208485850275464e-05,0.01524202330350206
High-straggler,Async-FedDRL,7851,165,0.16539202206636844,0.16538805477671376,3.967289654682737e-06,0.002398776417099092
High-straggler,Async-FedDRL,3407,166,0.1653793102310728,0.16538918025385635,9.870022783547983e-06,0.0059677560336162585
High-straggler,Async-FedDRL,4518,166,0.16539874050706876,0.16538918025385635,9.560253212415049e-06,0.005780458671928229
High-straggler,Async-FedDRL,5629,166,0.16541593782097774,0.16538918025385635,2.6757567121393766e-05,0.016178547520656124
High-straggler,Async-FedDRL,6740,166,0.16539376350389562,0.16538918025385635,4.583250039269515e-06,0.0027711909764802454
High-straggler,Async-FedDRL,7851,166,0.16535814920626674,0.16538918025385635,3.1031047589613614e-05,0.018762441135498686
High-straggler,Async-FedDRL,3407,167,0.1653938260515897,0.16538211981181603,1.1706239773673355e-05,0.0070782982991109186
High-straggler,Async-FedDRL,4518,167,0.1653926857040088,0.16538211981181603,1.0565892192782034e-05,0.0063887754037768325
High-straggler,Async-FedDRL,5629,167,0.16539728367950848,0.16538211981181603,1.5163867692458144e-05,0.009168988588193639
High-straggler,Async-FedDRL,6740,167,0.1654003092264919,0.16538211981181603,1.8189414675878757e-05,0.01099841669497042
High-straggler,Async-FedDRL,7851,167,0.16532649439748132,0.16538211981181603,5.562541433470902e-05,0.03363447898600146
High-straggler,Async-FedDRL,3407,168,0.16531832538294514,0.16538194583824434,6.362045529920146e-05,0.03846880321593684
High-straggler,Async-FedDRL,4518,168,0.16537324079225144,0.16538194583824434,8.705045992901672e-06,0.005263601143873252
High-straggler,Async-FedDRL,5629,168,0.16543815964040726,0.16538194583824434,5.6213802162918824e-05,0.03399028949502145
High-straggler,Async-FedDRL,6740,168,0.16538334370208946,0.16538194583824434,1.3978638451206393e-06,0.000845233642666082
High-straggler,Async-FedDRL,7851,168,0.16539665967352837,0.16538194583824434,1.4713835284035914e-05,0.008896881222105782
High-straggler,Async-FedDRL,3407,169,0.1653934891734885,0.16538070415988637,1.2785013602134576e-05,0.007730656165168042
High-straggler,Async-FedDRL,4518,169,0.1653666003874582,0.16538070415988637,1.4103772428164518e-05,0.008528064080879295
High-straggler,Async-FedDRL,5629,169,0.1653594984675331,0.16538070415988637,2.120569235328218e-05,0.012822349778352008
High-straggler,Async-FedDRL,6740,169,0.16540794290829058,0.16538070415988637,2.7238748404212476e-05,0.016470330406791994
High-straggler,Async-FedDRL,7851,169,0.16537598986266158,0.16538070415988637,4.714297224789332e-06,0.002850572712661602
High-straggler,Async-FedDRL,3407,170,0.16534176448694335,0.16536921040165375,2.7445914710405583e-05,0.016596750171174013
High-straggler,Async-FedDRL,4518,170,0.16535454287546308,0.16536921040165375,1.4667526190670355e-05,0.008869562934385079
High-straggler,Async-FedDRL,5629,170,0.1654061124316267,0.16536921040165375,3.6902029972946115e-05,0.022314933888429016
High-straggler,Async-FedDRL,6740,170,0.16541476685691175,0.16536921040165375,4.555645525800012e-05,0.027548329672344215
High-straggler,Async-FedDRL,7851,170,0.16532886535732388,0.16536921040165375,4.0345044329870294e-05,0.02439695045521414
High-straggler,Async-FedDRL,3407,171,0.1653738390064402,0.1653581766150839,1.5662391356308092e-05,0.009471797329240372
High-straggler,Async-FedDRL,4518,171,0.16534036908556515,0.1653581766150839,1.780752951874298e-05,0.010769064997732072
High-straggler,Async-FedDRL,5629,171,0.16537473302793207,0.1653581766150839,1.655641284817322e-05,0.010012454894633224
High-straggler,Async-FedDRL,6740,171,0.16536710988399284,0.1653581766150839,8.933268908939418e-06,0.005402375069564313
High-straggler,Async-FedDRL,7851,171,0.16533483207148927,0.1653581766150839,2.3344543594622236e-05,0.014117562295672265
High-straggler,Async-FedDRL,3407,172,0.16536452101561702,0.16536873512515443,4.214109537409305e-06,0.0025483109211786505
High-straggler,Async-FedDRL,4518,172,0.1653629254067534,0.16536873512515443,5.8097184010286185e-06,0.003513190323812845
High-straggler,Async-FedDRL,5629,172,0.16535568201933695,0.16536873512515443,1.305310581747876e-05,0.00789333352982346
High-straggler,Async-FedDRL,6740,172,0.16540446944399437,0.16536873512515443,3.573431883993616e-05,0.021608872325770467
High-straggler,Async-FedDRL,7851,172,0.16535607774007052,0.16536873512515443,1.2657385083908457e-05,0.007654037550888376
High-straggler,Async-FedDRL,3407,173,0.16533144711251282,0.16534988097997416,1.8433867461337128e-05,0.011148400804455184
High-straggler,Async-FedDRL,4518,173,0.16532806908584632,0.16534988097997416,2.1811894127837794e-05,0.013191357622131868
High-straggler,Async-FedDRL,5629,173,0.16539385821752514,0.16534988097997416,4.397723755097949e-05,0.02659647366562402
High-straggler,Async-FedDRL,6740,173,0.16535047998121363,0.16534988097997416,5.990012394707644e-07,0.00036226287912678365
High-straggler,Async-FedDRL,7851,173,0.16534555050277286,0.16534988097997416,4.3304772013030846e-06,0.0026189781181805366
High-straggler,Async-FedDRL,3407,174,0.1653712061249928,0.165362034467113,9.171657879780692e-06,0.005546410885265651
High-straggler,Async-FedDRL,4518,174,0.16539607244799365,0.165362034467113,3.403798088064125e-05,0.020583915159444098
High-straggler,Async-FedDRL,5629,174,0.1653904190801144,0.165362034467113,2.8384613001392056e-05,0.017165132911470773
High-straggler,Async-FedDRL,6740,174,0.16536599369958097,0.165362034467113,3.959232467959373e-06,0.0023942814205922098
High-straggler,Async-FedDRL,7851,174,0.16528648098288334,0.165362034467113,7.555348422966235e-05,0.04568974037670559
High-straggler,Async-FedDRL,3407,175,0.16532986109358952,0.16535938295425234,2.9521860662823363e-05,0.01785315120037111
High-straggler,Async-FedDRL,4518,175,0.16536385698913558,0.16535938295425234,4.474034883239497e-06,0.002705643189583784
High-straggler,Async-FedDRL,5629,175,0.16536681884087423,0.16535938295425234,7.4358866218871e-06,0.0044968035614551625
High-straggler,Async-FedDRL,6740,175,0.16539973983784823,0.16535938295425234,4.03568835958823e-05,0.024405560104833766
High-straggler,Async-FedDRL,7851,175,0.16533663800981424,0.16535938295425234,2.2744944438102266e-05,0.013754855655451249
High-straggler,Async-FedDRL,3407,176,0.1653400436670191,0.1653651787997953,2.5135132776188396e-05,0.01519977359116157
High-straggler,Async-FedDRL,4518,176,0.16533880205355397,0.1653651787997953,2.6376746241313365e-05,0.015950604856931352
High-straggler,Async-FedDRL,5629,176,0.16541017150248777,0.1653651787997953,4.4992702692481235e-05,0.027208087590769703
High-straggler,Async-FedDRL,6740,176,0.16539075607734696,0.1653651787997953,2.5577277551674937e-05,0.01546714836661042
High-straggler,Async-FedDRL,7851,176,0.1653461206985687,0.1653651787997953,1.90581012265989e-05,0.01152485750925363
High-straggler,Async-FedDRL,3407,177,0.16535655251738582,0.16535083536293876,5.717154447054673e-06,0.0034575903015583425
High-straggler,Async-FedDRL,4518,177,0.16535647300022646,0.16535083536293876,5.637637287697617e-06,0.00340950033625365
High-straggler,Async-FedDRL,5629,177,0.1653722545318616,0.16535083536293876,2.141916892284268e-05,0.012953771219739183
High-straggler,Async-FedDRL,6740,177,0.16534487750419907,0.16535083536293876,5.957858739691346e-06,0.003603162165231324
High-straggler,Async-FedDRL,7851,177,0.16532401926102094,0.16535083536293876,2.6816101917820356e-05,0.016217699692269494
High-straggler,Async-FedDRL,3407,178,0.1653731683890473,0.16536296737216696,1.0201016880345692e-05,0.006168864191573932
High-straggler,Async-FedDRL,4518,178,0.16534721787524018,0.16536296737216696,1.5749496926786843e-05,0.00952419829969604
High-straggler,Async-FedDRL,5629,178,0.16537789708328682,0.16536296737216696,1.4929711119854305e-05,0.009028448967206424
High-straggler,Async-FedDRL,6740,178,0.16536731103909558,0.16536296737216696,4.343666928613432e-06,0.002626747087113856
High-straggler,Async-FedDRL,7851,178,0.1653492424741649,0.16536296737216696,1.3724898002054342e-05,0.008299861946214957
High-straggler,Async-FedDRL,3407,179,0.16535773233981582,0.16536284841717255,5.116077356731585e-06,0.0030938493172450047
High-straggler,Async-FedDRL,4518,179,0.16535399502513617,0.16536284841717255,8.853392036378693e-06,0.005353918441247223
High-straggler,Async-FedDRL,5629,179,0.16538198182788913,0.16536284841717255,1.913341071657637e-05,0.011570561888428024
High-straggler,Async-FedDRL,6740,179,0.1653798389052105,0.16536284841717255,1.69904880379379e-05,0.010274670641300757
High-straggler,Async-FedDRL,7851,179,0.16534069398781112,0.16536284841717255,2.215442936143175e-05,0.013397464771253337
High-straggler,Async-FedDRL,3407,180,0.1653563328832794,0.16535134618665612,4.986696623271447e-06,0.003015818581629349
High-straggler,Async-FedDRL,4518,180,0.16537552402961847,0.16535134618665612,2.4177842962352925e-05,0.014622102280957469
High-straggler,Async-FedDRL,5629,180,0.16536048394922126,0.16535134618665612,9.137762565142316e-06,0.005526270439205976
High-straggler,Async-FedDRL,6740,180,0.1653413484395175,0.16535134618665612,9.997747138612567e-06,0.006046365735254829
High-straggler,Async-FedDRL,7851,180,0.16532304163164396,0.16535134618665612,2.830455501215412e-05,0.017117825566537966
High-straggler,Async-FedDRL,3407,181,0.16532325706486517,0.1653217968685296,1.4601963355675984e-06,0.0008832448976639202
High-straggler,Async-FedDRL,4518,181,0.1653222948796153,0.1653217968685296,4.980110857033537e-07,0.00030123740192552573
High-straggler,Async-FedDRL,5629,181,0.16538664824802946,0.1653217968685296,6.485137949985287e-05,0.03922736186531123
High-straggler,Async-FedDRL,6740,181,0.16527099560070474,0.1653217968685296,5.0801267824862606e-05,0.030728717439033024
High-straggler,Async-FedDRL,7851,181,0.16530578854943323,0.1653217968685296,1.6008319096372237e-05,0.009683126725934804
High-straggler,Async-FedDRL,3407,182,0.16530755879561074,0.1653458620621807,3.830326656995009e-05,0.02316554287614745
High-straggler,Async-FedDRL,4518,182,0.1653242464109454,0.1653458620621807,2.1615651235290523e-05,0.013072991948937704
High-straggler,Async-FedDRL,5629,182,0.16537267195594757,0.1653458620621807,2.6809893766882587e-05,0.01621443284549833
High-straggler,Async-FedDRL,6740,182,0.16535100123616087,0.1653458620621807,5.139173980178713e-06,0.003108135828791441
High-straggler,Async-FedDRL,7851,182,0.1653738319122388,0.1653458620621807,2.7969850058123802e-05,0.016915966150761814
High-straggler,Async-FedDRL,3407,183,0.16533285389462954,0.16534186968976722,9.015795137679028e-06,0.005452820362195894
High-straggler,Async-FedDRL,4518,183,0.16536852744176972,0.16534186968976722,2.665775200250131e-05,0.016122807884366826
High-straggler,Async-FedDRL,5629,183,0.16537582654728702,0.16534186968976722,3.3956857519806816e-05,0.020537361518604115
High-straggler,Async-FedDRL,6740,183,0.16535014762077477,0.16534186968976722,8.27793100754981e-06,0.005006554615042024
High-straggler,Async-FedDRL,7851,183,0.16528199294437512,0.16534186968976722,5.987674539209564e-05,0.03621390365576671
High-straggler,Async-FedDRL,3407,184,0.16530462099438054,0.16534391341458013,3.929242019959367e-05,0.023764056014007977
High-straggler,Async-FedDRL,4518,184,0.1653813688361855,0.16534391341458013,3.745542160538129e-05,0.022653039251264297
High-straggler,Async-FedDRL,5629,184,0.1653218314195572,0.16534391341458013,2.2081995022932288e-05,0.013355190745706085
High-straggler,Async-FedDRL,6740,184,0.16534226693285684,0.16534391341458013,1.6464817232941797e-06,0.0009957921578678396
High-straggler,Async-FedDRL,7851,184,0.16536947888992054,0.16534391341458013,2.5565475340411092e-05,0.015461999666300817
High-straggler,Async-FedDRL,3407,185,0.1653492525531055,0.1653508032559269,1.5507028214012397e-06,0.0009378259983418954
High-straggler,Async-FedDRL,4518,185,0.1653567668744999,0.1653508032559269,5.963618572996099e-06,0.003606646266946596
High-straggler,Async-FedDRL,5629,185,0.16536491628953887,0.1653508032559269,1.4113033611956594e-05,0.008535207168067216
High-straggler,Async-FedDRL,6740,185,0.1653407874777496,0.1653508032559269,1.0015778177302481e-05,0.006057290306476616
High-straggler,Async-FedDRL,7851,185,0.16534229308474055,0.1653508032559269,8.510171186359994e-06,0.005146737130262445
High-straggler,Async-FedDRL,3407,186,0.16533196297746283,0.16534073980927258,8.776831809748087e-06,0.005308329828372927
High-straggler,Async-FedDRL,4518,186,0.1653524815020223,0.16534073980927258,1.174169274972825e-05,0.007101512164075703
High-straggler,Async-FedDRL,5629,186,0.1653666254907094,0.16534073980927258,2.5885681436826902e-05,0.01565596081563873
High-straggler,Async-FedDRL,6740,186,0.1653284212539675,0.16534073980927258,1.231855530509085e-05,0.007450405338273444
High-straggler,Async-FedDRL,7851,186,0.16532420782220078,0.16534073980927258,1.653198707179948e-05,0.009998737813118422
High-straggler,Async-FedDRL,3407,187,0.16528182507179812,0.16532097852119051,3.91534493923984e-05,0.02368329158382025
High-straggler,Async-FedDRL,4518,187,0.1652984928973217,0.16532097852119051,2.248562386880648e-05,0.01360119209911664
High-straggler,Async-FedDRL,5629,187,0.16536313801841934,0.16532097852119051,4.21594972288275e-05,0.025501601554713507
High-straggler,Async-FedDRL,6740,187,0.16533718789341373,0.16532097852119051,1.6209372223213725e-05,0.009804788459521511
High-straggler,Async-FedDRL,7851,187,0.16532424872499968,0.16532097852119051,3.270203809163652e-06,0.0019780936687018723
High-straggler,Async-FedDRL,3407,188,0.16532307807270963,0.1653157816634196,7.2964092900362765e-06,0.0044136193269748766
High-straggler,Async-FedDRL,4518,188,0.16535140805356782,0.1653157816634196,3.56263901482301e-05,0.021550507634392032
High-straggler,Async-FedDRL,5629,188,0.16533520644589206,0.1653157816634196,1.9424782472465818e-05,0.011750107749551932
High-straggler,Async-FedDRL,6740,188,0.16528432910771357,0.1653157816634196,3.145255570602412e-05,0.019025742968726993
High-straggler,Async-FedDRL,7851,188,0.1652848866372149,0.1653157816634196,3.089502620468032e-05,0.01868849174217506
High-straggler,Async-FedDRL,3407,189,0.16534855965584344,0.16532774964064972,2.081001519371739e-05,0.012587127834830673
High-straggler,Async-FedDRL,4518,189,0.16529169524156342,0.16532774964064972,3.605439908629937e-05,0.021807832722979585
High-straggler,Async-FedDRL,5629,189,0.16537773128952898,0.16532774964064972,4.9981648879260376e-05,0.030231857016077845
High-straggler,Async-FedDRL,6740,189,0.16529703281937486,0.16532774964064972,3.0716821274867634e-05,0.018579350013311485
High-straggler,Async-FedDRL,7851,189,0.16532372919693789,0.16532774964064972,4.020443711838517e-06,0.0024318021146342373
High-straggler,Async-FedDRL,3407,190,0.16533655848836762,0.16532286748291417,1.3691005453453364e-05,0.008281374296189428
High-straggler,Async-FedDRL,4518,190,0.16528963503868965,0.16532286748291417,3.3232444224512436e-05,0.02010154114218165
High-straggler,Async-FedDRL,5629,190,0.16536285204065698,0.16532286748291417,3.998455774281706e-05,0.024185739306118312
High-straggler,Async-FedDRL,6740,190,0.16529025320244553,0.16532286748291417,3.261428046863468e-05,0.01972762810444557
High-straggler,Async-FedDRL,7851,190,0.16533503864441104,0.16532286748291417,1.2171161496876692e-05,0.007362055644319477
High-straggler,Async-FedDRL,3407,191,0.16530671713140857,0.1653156303504418,8.913219033235276e-06,0.005391637205956101
High-straggler,Async-FedDRL,4518,191,0.16529898475537047,0.1653156303504418,1.6645595071335118e-05,0.010068978375516706
High-straggler,Async-FedDRL,5629,191,0.16535078274881784,0.1653156303504418,3.515239837603712e-05,0.021263808087305384
High-straggler,Async-FedDRL,6740,191,0.16530566687118814,0.1653156303504418,9.963479253666252e-06,0.00602694326758173
High-straggler,Async-FedDRL,7851,191,0.16531600024542395,0.1653156303504418,3.698949821440145e-07,0.00022375076171557299
High-straggler,Async-FedDRL,3407,192,0.16529939269387695,0.16531529116308066,1.5898469203717847e-05,0.009617059070497164
High-straggler,Async-FedDRL,4518,192,0.1653069755575776,0.16531529116308066,8.315605503073087e-06,0.005030149022857109
High-straggler,Async-FedDRL,5629,192,0.16532812347215325,0.16531529116308066,1.2832309072591253e-05,0.00776232433328409
High-straggler,Async-FedDRL,6740,192,0.16535301260008578,0.16531529116308066,3.77214370051171e-05,0.02281787530949303
High-straggler,Async-FedDRL,7851,192,0.16528895149170977,0.16531529116308066,2.633967137088966e-05,0.01593299154940606
High-straggler,Async-FedDRL,3407,193,0.1652791019531576,0.16531332793065906,3.42259775014675e-05,0.02070370122596748
High-straggler,Async-FedDRL,4518,193,0.16534919078533566,0.16531332793065906,3.586285467660488e-05,0.021693867715038447
High-straggler,Async-FedDRL,5629,193,0.1653513552612301,0.16531332793065906,3.80273305710388e-05,0.023003184950090304
High-straggler,Async-FedDRL,6740,193,0.165297759080216,0.16531332793065906,1.556885044307066e-05,0.009417782968836632
High-straggler,Async-FedDRL,7851,193,0.16528923257335584,0.16531332793065906,2.4095357303216547e-05,0.014575568470391802
High-straggler,Async-FedDRL,3407,194,0.1652909789351156,0.16529569390570814,4.71497059253978e-06,0.0028524461110459444
High-straggler,Async-FedDRL,4518,194,0.16533082410434885,0.16529569390570814,3.513019864070932e-05,0.021252942415274964
High-straggler,Async-FedDRL,5629,194,0.16532481451054426,0.16529569390570814,2.9120604836119224e-05,0.017617279765757773
High-straggler,Async-FedDRL,6740,194,0.16527369611605403,0.16529569390570814,2.1997789654115696e-05,0.013308144413407523
High-straggler,Async-FedDRL,7851,194,0.16525815586247805,0.16529569390570814,3.75380432300898e-05,0.022709631656528895
High-straggler,Async-FedDRL,3407,195,0.1652791960613645,0.16533610287892495,5.690681756045923e-05,0.03441886954486396
High-straggler,Async-FedDRL,4518,195,0.1653507539272383,0.16533610287892495,1.4651048313357729e-05,0.008861372717903385
High-straggler,Async-FedDRL,5629,195,0.16535323215403058,0.16533610287892495,1.712927510563733e-05,0.01036027510469449
High-straggler,Async-FedDRL,6740,195,0.16534651179153848,0.16533610287892495,1.040891261352983e-05,0.006295607814799071
High-straggler,Async-FedDRL,7851,195,0.16535082046045285,0.16533610287892495,1.4717581527906587e-05,0.00890161390745022
High-straggler,Async-FedDRL,3407,196,0.16533300307019155,0.1653063636095692,2.6639460622340794e-05,0.01611520575533288
High-straggler,Async-FedDRL,4518,196,0.16528865766203452,0.1653063636095692,1.7705947534696342e-05,0.010710989672796472
High-straggler,Async-FedDRL,5629,196,0.16535780604312003,0.1653063636095692,5.144243355081901e-05,0.03111945144006611
High-straggler,Async-FedDRL,6740,196,0.16523804702416017,0.1653063636095692,6.831658540903951e-05,0.04132725680808867
High-straggler,Async-FedDRL,7851,196,0.16531430424833984,0.1653063636095692,7.940638770631558e-06,0.004803589285519733
High-straggler,Async-FedDRL,3407,197,0.1652953310584831,0.16529585373084849,5.22672365388388e-07,0.0003162041597482876
High-straggler,Async-FedDRL,4518,197,0.16530543762288,0.16529585373084849,9.583892031511665e-06,0.00579802325055118
High-straggler,Async-FedDRL,5629,197,0.16533162809037402,0.16529585373084849,3.577435952553665e-05,0.021642623646076505
High-straggler,Async-FedDRL,6740,197,0.1652739021698888,0.16529585373084849,2.1951560959687644e-05,0.013280164301901612
High-straggler,Async-FedDRL,7851,197,0.16527296971261654,0.16529585373084849,2.2884018231944525e-05,0.013844278434960994
High-straggler,Async-FedDRL,3407,198,0.1652841794536921,0.16531225750797027,2.8078054278179998e-05,0.016984859260558014
High-straggler,Async-FedDRL,4518,198,0.16530746017866468,0.16531225750797027,4.797329305583631e-06,0.00290198039631292
High-straggler,Async-FedDRL,5629,198,0.16531522125467366,0.16531225750797027,2.9637467033882814e-06,0.0017928172708217896
High-straggler,Async-FedDRL,6740,198,0.16531815314763107,0.16531225750797027,5.89563966080231e-06,0.003566365706740204
High-straggler,Async-FedDRL,7851,198,0.1653362735051899,0.16531225750797027,2.401599721962855e-05,0.01452765667934252
High-straggler,Async-FedDRL,3407,199,0.16529339908914983,0.16529666707079363,3.2679816437952702e-06,0.0019770402523576905
High-straggler,Async-FedDRL,4518,199,0.16525879335031995,0.16529666707079363,3.7873720473674544e-05,0.022912573583503595
High-straggler,Async-FedDRL,5629,199,0.16534319340295206,0.16529666707079363,4.652633215843083e-05,0.028147168955623542
High-straggler,Async-FedDRL,6740,199,0.16530296528071237,0.16529666707079363,6.2982099187369744e-06,0.00381024616548352
High-straggler,Async-FedDRL,7851,199,0.1652849842308339,0.16529666707079363,1.1682839959725744e-05,0.00706780128526257
High-straggler,Async-FedDRL,3407,200,0.16524645794641105,0.16528280733481748,3.634938840643698e-05,0.021992238026791934
High-straggler,Async-FedDRL,4518,200,0.16531745111828983,0.16528280733481748,3.4643783472343426e-05,0.02096030678022346
High-straggler,Async-FedDRL,5629,200,0.16526815144271495,0.16528280733481748,1.4655892102533041e-05,0.008867160679842664
High-straggler,Async-FedDRL,6740,200,0.16527437773226722,0.16528280733481748,8.429602550263926e-06,0.0051001085268281236
High-straggler,Async-FedDRL,7851,200,0.16530759843440432,0.16528280733481748,2.4791099586835008e-05,0.014999200453205675
High-straggler,Async-FedDRL,3407,201,0.16531424201307662,0.16526528629841977,4.895571465685089e-05,0.029622503160434722
High-straggler,Async-FedDRL,4518,201,0.16524645835739274,0.16526528629841977,1.8827941027033113e-05,0.011392556445904478
High-straggler,Async-FedDRL,5629,201,0.16527722219882898,0.16526528629841977,1.193590040921011e-05,0.007222267105541714
High-straggler,Async-FedDRL,6740,201,0.16520121881676292,0.16526528629841977,6.406748165685427e-05,0.03876644823109889
High-straggler,Async-FedDRL,7851,201,0.16528729010603757,0.16526528629841977,2.2003807617798632e-05,0.01331423441101014
High-straggler,Async-FedDRL,3407,202,0.1653186347341125,0.1652850130954508,3.36216386617183e-05,0.020341613575274406
High-straggler,Async-FedDRL,4518,202,0.1652932851325945,0.1652850130954508,8.272037143708388e-06,0.0050047109467398305
High-straggler,Async-FedDRL,5629,202,0.16525673612517616,0.1652850130954508,2.8276970274632163e-05,0.017108006191887726
High-straggler,Async-FedDRL,6740,202,0.16529530162110082,0.1652850130954508,1.0288525650020697e-05,0.006224717811577481
High-straggler,Async-FedDRL,7851,202,0.16526110786427003,0.1652850130954508,2.3905231180759712e-05,0.014463036141670407
High-straggler,Async-FedDRL,3407,203,0.16531172795615004,0.1652795014873198,3.222646883024871e-05,0.01949816434600096
High-straggler,Async-FedDRL,4518,203,0.16530953785788852,0.1652795014873198,3.0036370568725657e-05,0.01817307669640451
High-straggler,Async-FedDRL,5629,203,0.16526078505540648,0.1652795014873198,1.8716431913312626e-05,0.01132410961122638
High-straggler,Async-FedDRL,6740,203,0.1652462848550529,0.1652795014873198,3.321663226688032e-05,0.020097248580719304
High-straggler,Async-FedDRL,7851,203,0.16526917171210112,0.1652795014873198,1.03297752186704e-05,0.006249882850392611
High-straggler,Async-FedDRL,3407,204,0.16529808869831253,0.1652791966311434,1.889206716912395e-05,0.011430396295600177
High-straggler,Async-FedDRL,4518,204,0.16526672953104551,0.1652791966311434,1.2467100097890427e-05,0.007543054632406934
High-straggler,Async-FedDRL,5629,204,0.16528727962193693,0.1652791966311434,8.082990793523148e-06,0.004890507068207807
High-straggler,Async-FedDRL,6740,204,0.16529719377815183,0.1652791966311434,1.799714700842503e-05,0.01088893664493638
High-straggler,Async-FedDRL,7851,204,0.1652466915262703,0.1652791966311434,3.2505104873098434e-05,0.019666785376287053
High-straggler,Async-FedDRL,3407,205,0.16526306837303478,0.16525987232877104,3.1960442637424258e-06,0.0019339505826218698
High-straggler,Async-FedDRL,4518,205,0.165290205027833,0.16525987232877104,3.0332699061969004e-05,0.018354545864361176
High-straggler,Async-FedDRL,5629,205,0.1652455903956783,0.16525987232877104,1.4281933092746835e-05,0.008642105849104187
High-straggler,Async-FedDRL,6740,205,0.16527451144425193,0.16525987232877104,1.463911548088559e-05,0.008858239616549057
High-straggler,Async-FedDRL,7851,205,0.1652259864030572,0.16525987232877104,3.3885925713850185e-05,0.020504630214427916
High-straggler,Async-FedDRL,3407,206,0.16526170043188051,0.16525544753503854,6.252896841973943e-06,0.003783776532176443
High-straggler,Async-FedDRL,4518,206,0.1652759541617387,0.16525544753503854,2.0506626700167452e-05,0.012409047330085445
High-straggler,Async-FedDRL,5629,206,0.1652708551343877,0.16525544753503854,1.5407599349148704e-05,0.009323504658375564
High-straggler,Async-FedDRL,6740,206,0.16522013735118124,0.16525544753503854,3.5310183857301114e-05,0.021367031697889668
High-straggler,Async-FedDRL,7851,206,0.16524859059600452,0.16525544753503854,6.85693903401674e-06,0.004149296822764579
High-straggler,Async-FedDRL,3407,207,0.16529354929115642,0.16527892848069986,1.4620810456555944e-05,0.008846143057046296
High-straggler,Async-FedDRL,4518,207,0.16527379282275975,0.16527892848069986,5.135657940108507e-06,0.0031072672041845997
High-straggler,Async-FedDRL,5629,207,0.16526523457346456,0.16527892848069986,1.3693907235295955e-05,0.008285331567172542
High-straggler,Async-FedDRL,6740,207,0.16527239678705422,0.16527892848069986,6.531693645644987e-06,0.0039519215823133275
High-straggler,Async-FedDRL,7851,207,0.16528966892906455,0.16527892848069986,1.0740448364687794e-05,0.0064983772967417254
High-straggler,Async-FedDRL,3407,208,0.16529897199975604,0.16525649956509883,4.247243465721473e-05,0.025700916314328522
High-straggler,Async-FedDRL,4518,208,0.16528366360169572,0.16525649956509883,2.7164036596888375e-05,0.016437499685867274
High-straggler,Async-FedDRL,5629,208,0.16523531933615784,0.16525649956509883,2.118022894098681e-05,0.012816578468457374
High-straggler,Async-FedDRL,6740,208,0.16516892858985896,0.16525649956509883,8.757097523987012e-05,0.05299094163940804
High-straggler,Async-FedDRL,7851,208,0.16529561429802547,0.16525649956509883,3.9114732926642803e-05,0.023669104107602434
High-straggler,Async-FedDRL,3407,209,0.16525187150143641,0.1652553557078368,3.484206400394818e-06,0.00210837729613721
High-straggler,Async-FedDRL,4518,209,0.1652883123854,0.1652553557078368,3.295667756320064e-05,0.01994288016992708
High-straggler,Async-FedDRL,5629,209,0.16528266590549304,0.1652553557078368,2.731019765622733e-05,0.016526059043139512
High-straggler,Async-FedDRL,6740,209,0.16523045897270777,0.1652553557078368,2.489673512903745e-05,0.015065614680018984
High-straggler,Async-FedDRL,7851,209,0.16522346977414681,0.1652553557078368,3.1885933689995705e-05,0.019294947236910397
High-straggler,Async-FedDRL,3407,210,0.16525951363067376,0.16526267236437034,3.1587336965788193e-06,0.0019113412916465847
High-straggler,Async-FedDRL,4518,210,0.1652872756117222,0.16526267236437034,2.4603247351873136e-05,0.014887359014519635
High-straggler,Async-FedDRL,5629,210,0.16530793802751556,0.16526267236437034,4.526566314522196e-05,0.027390131417831875
High-straggler,Async-FedDRL,6740,210,0.16523238767230228,0.16526267236437034,3.028469206806106e-05,0.01832518598107231
High-straggler,Async-FedDRL,7851,210,0.1652262468796378,0.16526267236437034,3.642548473253848e-05,0.022040963159683
High-straggler,Async-FedDRL,3407,211,0.1652905950833322,0.16525084438968746,3.975069364473005e-05,0.024054759775382246
High-straggler,Async-FedDRL,4518,211,0.16525291909602907,0.16525084438968746,2.0747063416148848e-06,0.0012554891016002322
High-straggler,Async-FedDRL,5629,211,0.1652626426404048,0.16525084438968746,1.1798250717343084e-05,0.007139600866135943
High-straggler,Async-FedDRL,6740,211,0.16521304900608186,0.16525084438968746,3.7795383605598865e-05,0.02287152222742742
High-straggler,Async-FedDRL,7851,211,0.16523501612258934,0.16525084438968746,1.582826709811691e-05,0.009578327515707799
High-straggler,Async-FedDRL,3407,212,0.16526012072231872,0.16525069870941678,9.422012901938448e-06,0.005701647845075972
High-straggler,Async-FedDRL,4518,212,0.1652338137468221,0.16525069870941678,1.688496259466543e-05,0.010217785901381636
High-straggler,Async-FedDRL,5629,212,0.16528790885806827,0.16525069870941678,3.721014865148975e-05,0.022517392629559475
High-straggler,Async-FedDRL,6740,212,0.1652360278698484,0.16525069870941678,1.4670839568381444e-05,0.008877928918279017
High-straggler,Async-FedDRL,7851,212,0.16523562235002645,0.16525069870941678,1.5076359390325811e-05,0.009123325654941202
High-straggler,Async-FedDRL,3407,213,0.16526514409019258,0.16524066812158655,2.4475968606024745e-05,0.01481231520318894
High-straggler,Async-FedDRL,4518,213,0.16522479438989282,0.16524066812158655,1.5873731693732962e-05,0.009606431560814577
High-straggler,Async-FedDRL,5629,213,0.16525585356566447,0.16524066812158655,1.5185444077914223e-05,0.009189895109078442
High-straggler,Async-FedDRL,6740,213,0.165259121667834,0.16524066812158655,1.845354624743778e-05,0.011167678306565176
High-straggler,Async-FedDRL,7851,213,0.16519842689434888,0.16524066812158655,4.224122723767154e-05,0.02556345705803478
High-straggler,Async-FedDRL,3407,214,0.1652666787376376,0.16523992040844873,2.6758329188858454e-05,0.016193622656508068
High-straggler,Async-FedDRL,4518,214,0.16520693100227865,0.16523992040844873,3.298940617008084e-05,0.019964549782241416
High-straggler,Async-FedDRL,5629,214,0.16524129858358474,0.16523992040844873,1.3781751360131267e-06,0.0008340449042861319
High-straggler,Async-FedDRL,6740,214,0.16524928321878102,0.16523992040844873,9.362810332286253e-06,0.005666191504536414
High-straggler,Async-FedDRL,7851,214,0.16523541049996174,0.16523992040844873,4.50990848699373e-06,0.0027293092830388086
High-straggler,Async-FedDRL,3407,215,0.16523679993709126,0.16523215239699193,4.647540099322889e-06,0.002812733497628575
High-straggler,Async-FedDRL,4518,215,0.16523781860575654,0.16523215239699193,5.666208764604219e-06,0.003429241029911908
High-straggler,Async-FedDRL,5629,215,0.1652528483687264,0.16523215239699193,2.069597173445792e-05,0.012525390146061362
High-straggler,Async-FedDRL,6740,215,0.1652722654199218,0.16523215239699193,4.011302292986074e-05,0.02427676596107272
High-straggler,Async-FedDRL,7851,215,0.16516102965346371,0.16523215239699193,7.112274352821801e-05,0.04304413063465777
High-straggler,Async-FedDRL,3407,216,0.1652885977403518,0.1652470664295365,4.153131081530148e-05,0.02513285815758247
High-straggler,Async-FedDRL,4518,216,0.16523054960075406,0.1652470664295365,1.6516828782425774e-05,0.009995232677530627
High-straggler,Async-FedDRL,5629,216,0.16528278702406113,0.1652470664295365,3.5720594524640825e-05,0.021616477252183207
High-straggler,Async-FedDRL,6740,216,0.16520464205553376,0.1652470664295365,4.24243740027308e-05,0.025673299332560986
High-straggler,Async-FedDRL,7851,216,0.16522875572698167,0.1652470664295365,1.8310702554813485e-05,0.011080803399690855
High-straggler,Async-FedDRL,3407,217,0.16525770367933967,0.16521371456909545,4.3989110244224694e-05,0.026625580303036907
High-straggler,Async-FedDRL,4518,217,0.1652316207667353,0.16521371456909545,1.79061976398609e-05,0.010838202921932485
High-straggler,Async-FedDRL,5629,217,0.16520382275134474,0.16521371456909545,9.89181775071235e-06,0.005987286089724354
High-straggler,Async-FedDRL,6740,217,0.16518997285208029,0.16521371456909545,2.3741717015163255e-05,0.01437030641014613
High-straggler,Async-FedDRL,7851,217,0.16518545279597716,0.16521371456909545,2.8261773118293254e-05,0.017106190725149305
High-straggler,Async-FedDRL,3407,218,0.16528514448686024,0.1652420406517179,4.310383514233296e-05,0.02608527162478179
High-straggler,Async-FedDRL,4518,218,0.16516191131058527,0.1652420406517179,8.012934113263426e-05,0.04849210335130366
High-straggler,Async-FedDRL,5629,218,0.16527185626621288,0.1652420406517179,2.9815614494971276e-05,0.01804360099728731
High-straggler,Async-FedDRL,6740,218,0.1652432468897055,0.1652420406517179,1.2062379875776852e-06,0.000729982504948655
High-straggler,Async-FedDRL,7851,218,0.16524804430522563,0.1652420406517179,6.003653507724582e-06,0.00363324822426911
High-straggler,Async-FedDRL,3407,219,0.16524091229446858,0.16520871919307462,3.2193101393962475e-05,0.019486321031482203
High-straggler,Async-FedDRL,4518,219,0.16522125839196733,0.16520871919307462,1.253919889271371e-05,0.007589913506961769
High-straggler,Async-FedDRL,5629,219,0.1652030361616209,0.16520871919307462,5.683031453707077e-06,0.003439910121853486
High-straggler,Async-FedDRL,6740,219,0.1651569997518235,0.16520871919307462,5.17194412511246e-05,0.03130551553437176
High-straggler,Async-FedDRL,7851,219,0.1652213893654928,0.16520871919307462,1.2670172418183245e-05,0.007669191117798077
High-straggler,Async-FedDRL,3407,220,0.16519794834055884,0.1652174206922053,1.9472351646454555e-05,0.011785894952767067
High-straggler,Async-FedDRL,4518,220,0.16523259639019303,0.1652174206922053,1.517569798772933e-05,0.009185289253486873
High-straggler,Async-FedDRL,5629,220,0.16517447482226527,0.1652174206922053,4.294586994002536e-05,0.025993548234863276
High-straggler,Async-FedDRL,6740,220,0.16523468009355777,0.1652174206922053,1.7259401352470727e-05,0.010446477907813627
High-straggler,Async-FedDRL,7851,220,0.16524740381445152,0.1652174206922053,2.9983122246224347e-05,0.01814767602629624
High-straggler,Async-FedDRL,3407,221,0.16522951006755332,0.1652186489653346,1.086110221870662e-05,0.006573774986494076
High-straggler,Async-FedDRL,4518,221,0.16522334762448782,0.1652186489653346,4.6986591532016675e-06,0.0028439036286923747
High-straggler,Async-FedDRL,5629,221,0.1652139154982067,0.1652186489653346,4.733467127926438e-06,0.0028649714530225895
High-straggler,Async-FedDRL,6740,221,0.16520517492523584,0.1652186489653346,1.3474040098770956e-05,0.008155277980512972
High-straggler,Async-FedDRL,7851,221,0.1652212967111894,0.1652186489653346,2.6477458547891075e-06,0.0016025708183491107
High-straggler,Async-FedDRL,3407,222,0.16524282109310612,0.16517478711938588,6.803397372023845e-05,0.04118907910022884
High-straggler,Async-FedDRL,4518,222,0.1651809958875407,0.16517478711938588,6.208768154825073e-06,0.0037589079199705387
High-straggler,Async-FedDRL,5629,222,0.16512874930289898,0.16517478711938588,4.603781648690464e-05,0.027872181517406277
High-straggler,Async-FedDRL,6740,222,0.1651353547592612,0.16517478711938588,3.9432360124685983e-05,0.023873110910192886
High-straggler,Async-FedDRL,7851,222,0.16518601455412235,0.16517478711938588,1.1227434736471587e-05,0.006797305407366176
High-straggler,Async-FedDRL,3407,223,0.16524690777865608,0.16521366114110903,3.324663754705748e-05,0.020123419163661966
High-straggler,Async-FedDRL,4518,223,0.1652232333791241,0.16521366114110903,9.572238015065349e-06,0.005793853818716418
High-straggler,Async-FedDRL,5629,223,0.16522713032311287,0.16521366114110903,1.3469182003844615e-05,0.008152583697264952
High-straggler,Async-FedDRL,6740,223,0.16523117106177215,0.16521366114110903,1.7509920663127954e-05,0.010598349157199977
High-straggler,Async-FedDRL,7851,223,0.16513986316288004,0.16521366114110903,7.379797822898437e-05,0.044668205836776116
High-straggler,Async-FedDRL,3407,224,0.165205928003136,0.16521583640897058,9.908405834591072e-06,0.005997249446514368
High-straggler,Async-FedDRL,4518,224,0.16521748759847232,0.16521583640897058,1.6511895017390366e-06,0.0009994135777951268
High-straggler,Async-FedDRL,5629,224,0.16513518265241783,0.16521583640897058,8.065375655275098e-05,0.0488172068161208
High-straggler,Async-FedDRL,6740,224,0.16525498083870938,0.16521583640897058,3.9144429738791064e-05,0.02369290413655871
High-straggler,Async-FedDRL,7851,224,0.1652656029521175,0.16521583640897058,4.976654314692297e-05,0.030122138548348526
High-straggler,Async-FedDRL,3407,225,0.16524619458485518,0.16519819081127288,4.8003773582300235e-05,0.029058292555480293
High-straggler,Async-FedDRL,4518,225,0.16519668630353596,0.16519819081127288,1.5045077369213455e-06,0.0009107289429338473
High-straggler,Async-FedDRL,5629,225,0.1652309239909324,0.16519819081127288,3.27331796595165e-05,0.019814490400147187
High-straggler,Async-FedDRL,6740,225,0.16510871858112286,0.16519819081127288,8.947223015001726e-05,0.05416053875083468
High-straggler,Async-FedDRL,7851,225,0.16520843059591794,0.16519819081127288,1.0239784645066363e-05,0.006198484738107444
High-straggler,Async-FedDRL,3407,226,0.16522833445684718,0.16518940027009274,3.893418675443572e-05,0.023569421942798038
High-straggler,Async-FedDRL,4518,226,0.16517337219168718,0.16518940027009274,1.6028078405561086e-05,0.009702849201797691
High-straggler,Async-FedDRL,5629,226,0.16519922006177035,0.16518940027009274,9.819791677606604e-06,0.005944565245439941
High-straggler,Async-FedDRL,6740,226,0.16518910860196562,0.16518940027009274,2.916681271225574e-07,0.00017656588536895575
High-straggler,Async-FedDRL,7851,226,0.16515696603819335,0.16518940027009274,3.2434231899386434e-05,0.019634572101088134
High-straggler,Async-FedDRL,3407,227,0.16522408286365603,0.16520736265540087,1.6720208255160962e-05,0.010120740375256123
High-straggler,Async-FedDRL,4518,227,0.1652179880757699,0.16520736265540087,1.0625420369031469e-05,0.0064315658807498725
High-straggler,Async-FedDRL,5629,227,0.16516737345279095,0.16520736265540087,3.998920260991912e-05,0.02420546031797077
High-straggler,Async-FedDRL,6740,227,0.16521169562220944,0.16520736265540087,4.332966808573424e-06,0.0026227443734522767
High-straggler,Async-FedDRL,7851,227,0.1652156732625779,0.16520736265540087,8.31060717704224e-06,0.005030409688445295
High-straggler,Async-FedDRL,3407,228,0.1652041497819621,0.16517703930413982,2.71104778222786e-05,0.0164129820563984
High-straggler,Async-FedDRL,4518,228,0.16521614984296756,0.16517703930413982,3.911053882774129e-05,0.023677951240987687
High-straggler,Async-FedDRL,5629,228,0.16514454768820583,0.16517703930413982,3.2491615933993856e-05,0.019670782374399613
High-straggler,Async-FedDRL,6740,228,0.16515303281168847,0.16517703930413982,2.400649245135056e-05,0.014533795104020178
High-straggler,Async-FedDRL,7851,228,0.1651673163958751,0.16517703930413982,9.72290826473099e-06,0.005886355818999902
High-straggler,Async-FedDRL,3407,229,0.16517628067470042,0.16518436854235033,8.087867649914093e-06,0.004896266953879784
High-straggler,Async-FedDRL,4518,229,0.16519777179992973,0.16518436854235033,1.340325757939742e-05,0.008114119815133151
High-straggler,Async-FedDRL,5629,229,0.16520223616196733,0.16518436854235033,1.786761961700134e-05,0.010816773871929898
High-straggler,Async-FedDRL,6740,229,0.16519910064125873,0.16518436854235033,1.4732098908398772e-05,0.008918579305294086
High-straggler,Async-FedDRL,7851,229,0.1651464534338955,0.16518436854235033,3.791510845482793e-05,0.022953206038443745
High-straggler,Async-FedDRL,3407,230,0.16523126010805,0.16517251357796775,5.874653008225428e-05,0.03556677125611681
High-straggler,Async-FedDRL,4518,230,0.16516384949218146,0.16517251357796775,8.664085786286302e-06,0.005245476743439229
High-straggler,Async-FedDRL,5629,230,0.16511813844500658,0.16517251357796775,5.437513296116525e-05,0.032920206748260274
High-straggler,Async-FedDRL,6740,230,0.16514889209922923,0.16517251357796775,2.3621478738522494e-05,0.014301095398280205
High-straggler,Async-FedDRL,7851,230,0.16520042774537144,0.16517251357796775,2.7914167403692014e-05,0.01690000763384609
High-straggler,Async-FedDRL,3407,231,0.16519610864971843,0.16517488584549833,2.1222804220094593e-05,0.012848687081852158
High-straggler,Async-FedDRL,4518,231,0.16520615452608167,0.16517488584549833,3.126868058334065e-05,0.018930650639340425
High-straggler,Async-FedDRL,5629,231,0.1651547505226878,0.16517488584549833,2.0135322810532763e-05,0.012190305267937032
High-straggler,Async-FedDRL,6740,231,0.16514405886026703,0.16517488584549833,3.082698523129701e-05,0.018663239919010463
High-straggler,Async-FedDRL,7851,231,0.16517335666873664,0.16517488584549833,1.529176761688733e-06,0.000925792534295497
High-straggler,Async-FedDRL,3407,232,0.16521832634074435,0.16517130331260835,4.702302813600068e-05,0.028469248103590628
High-straggler,Async-FedDRL,4518,232,0.16518829574019664,0.16517130331260835,1.699242758829156e-05,0.010287760190480038
High-straggler,Async-FedDRL,5629,232,0.1650956018097623,0.16517130331260835,7.570150284605393e-05,0.04583211570521963
High-straggler,Async-FedDRL,6740,232,0.16516450757602913,0.16517130331260835,6.79573657921817e-06,0.004114356696911417
High-straggler,Async-FedDRL,7851,232,0.1651897850963093,0.16517130331260835,1.8481783700952104e-05,0.011189464108043577
High-straggler,Async-FedDRL,3407,233,0.16521238150244827,0.16518030179456958,3.207970787869052e-05,0.019421025104184163
High-straggler,Async-FedDRL,4518,233,0.16515634335892942,0.16518030179456958,2.395843564015343e-05,0.014504414497286674
High-straggler,Async-FedDRL,5629,233,0.16518293996657268,0.16518030179456958,2.6381720031054545e-06,0.0015971468597911148
High-straggler,Async-FedDRL,6740,233,0.16517228713370713,0.16518030179456958,8.01466086244873e-06,0.004852068179664882
High-straggler,Async-FedDRL,7851,233,0.16517755701119038,0.16518030179456958,2.744783379193816e-06,0.0016616892870237223
High-straggler,Async-FedDRL,3407,234,0.1651905004028476,0.16518901990308396,1.4804997636452821e-06,0.0008962458670157908
High-straggler,Async-FedDRL,4518,234,0.16523653306035627,0.16518901990308396,4.751315727230532e-05,0.028762902825006882
High-straggler,Async-FedDRL,5629,234,0.16520007982675416,0.16518901990308396,1.1059923670203586e-05,0.006695314057007191
High-straggler,Async-FedDRL,6740,234,0.16517720041674266,0.16518901990308396,1.1819486341296814e-05,0.007155128317990676
High-straggler,Async-FedDRL,7851,234,0.16514078580871905,0.16518901990308396,4.823409436491288e-05,0.029199334431072792
High-straggler,Async-FedDRL,3407,235,0.16523402695481534,0.16516710899869594,6.691795611940554e-05,0.04051530387925715
High-straggler,Async-FedDRL,4518,235,0.16515780402788152,0.16516710899869594,9.304970814416613e-06,0.005633670572081079
High-straggler,Async-FedDRL,5629,235,0.16517492446585186,0.16516710899869594,7.815467155919409e-06,0.004731854425072679
High-straggler,Async-FedDRL,6740,235,0.16513566892884438,0.16516710899869594,3.144006985156267e-05,0.019035309173941466
High-straggler,Async-FedDRL,7851,235,0.16513312061608657,0.16516710899869594,3.3988382609373424e-05,0.020578178558324087
High-straggler,Async-FedDRL,3407,236,0.1652049953675659,0.16515899740230985,4.5997965256033835e-05,0.027850717175273022
High-straggler,Async-FedDRL,4518,236,0.16516102270074542,0.16515899740230985,2.025298435570644e-06,0.001226271936391834
High-straggler,Async-FedDRL,5629,236,0.16517957901853814,0.16515899740230985,2.0581616228282362e-05,0.012461698455426998
High-straggler,Async-FedDRL,6740,236,0.16513176463134743,0.16515899740230985,2.7232770962420938e-05,0.016488820706561196
High-straggler,Async-FedDRL,7851,236,0.1651176252933524,0.16515899740230985,4.13721089574659e-05,0.025049866860530654
High-straggler,Async-FedDRL,3407,237,0.1652100285971791,0.16514111632179382,6.891227538527445e-05,0.04172932636048799
High-straggler,Async-FedDRL,4518,237,0.16508384078347532,0.16514111632179382,5.727553831849641e-05,0.034682784998794215
High-straggler,Async-FedDRL,5629,237,0.16519439492058885,0.16514111632179382,5.327859879503127e-05,0.032262467386506365
High-straggler,Async-FedDRL,6740,237,0.16508955313979898,0.16514111632179382,5.1563181994840335e-05,0.031223709239293483
High-straggler,Async-FedDRL,7851,237,0.1651277641679268,0.16514111632179382,1.3352153867024485e-05,0.008085299508940276
High-straggler,Async-FedDRL,3407,238,0.1652220508668523,0.16515402574392377,6.80251229285278e-05,0.0411888978316537
High-straggler,Async-FedDRL,4518,238,0.16512585752415973,0.16515402574392377,2.8168219764035385e-05,0.017055727002205232
High-straggler,Async-FedDRL,5629,238,0.16511066179156997,0.16515402574392377,4.336395235379764e-05,0.026256672920001806
High-straggler,Async-FedDRL,6740,238,0.16513563198734982,0.16515402574392377,1.8393756573947817e-05,0.011137334673553694
High-straggler,Async-FedDRL,7851,238,0.16517592654968702,0.16515402574392377,2.190080576325304e-05,0.013260836764107034
High-straggler,Async-FedDRL,3407,239,0.16516213356185322,0.16517526480131384,1.3131239460617561e-05,0.00794988249385456
High-straggler,Async-FedDRL,4518,239,0.16514485407609786,0.16517526480131384,3.0410725215979095e-05,0.018411185992381833
High-straggler,Async-FedDRL,5629,239,0.16518310173854342,0.16517526480131384,7.836937229582785e-06,0.004744619140771281
High-straggler,Async-FedDRL,6740,239,0.16521837668049538,0.16517526480131384,4.3111879181545465e-05,0.02610068719030293
High-straggler,Async-FedDRL,7851,239,0.16516785794957928,0.16517526480131384,7.40685173455935e-06,0.0044842378448546215
High-straggler,Async-FedDRL,3407,240,0.16519874913865623,0.16513422358965554,6.452554900068797e-05,0.039074607066932686
High-straggler,Async-FedDRL,4518,240,0.16515018525178793,0.16513422358965554,1.596166213238548e-05,0.009665871668158169
High-straggler,Async-FedDRL,5629,240,0.16512838106249988,0.16513422358965554,5.842527155658361e-06,0.003538047431147006
High-straggler,Async-FedDRL,6740,240,0.16505151276287142,0.16513422358965554,8.2710826784127e-05,0.05008702919732517
High-straggler,Async-FedDRL,7851,240,0.16514228973246223,0.16513422358965554,8.066142806684162e-06,0.004884597893364514
High-straggler,Async-FedDRL,3407,241,0.16521199703004713,0.16519226742199775,1.9729608049384728e-05,0.011943421055529046
High-straggler,Async-FedDRL,4518,241,0.16521818100082192,0.16519226742199775,2.5913578824171557e-05,0.01568691999243107
High-straggler,Async-FedDRL,5629,241,0.16515509824880384,0.16519226742199775,3.7169173193907223e-05,0.022500552703811127
High-straggler,Async-FedDRL,6740,241,0.16518297681045557,0.16519226742199775,9.290611542173144e-06,0.005624120116009718
High-straggler,Async-FedDRL,7851,241,0.16519308401986038,0.16519226742199775,8.165978626351045e-07,0.0004943317719279411
High-straggler,Async-FedDRL,3407,242,0.16521019114742974,0.1651006199740422,0.00010957117338752931,0.06636630038382445
High-straggler,Async-FedDRL,4518,242,0.16505239273446456,0.1651006199740422,4.8227239577647296e-05,0.02921081676448567
High-straggler,Async-FedDRL,5629,242,0.1650675566911771,0.1651006199740422,3.306328286512006e-05,0.020026140949875537
High-straggler,Async-FedDRL,6740,242,0.16504986248670586,0.1651006199740422,5.0757487336350327e-05,0.03074336567865743
High-straggler,Async-FedDRL,7851,242,0.16512309681043383,0.1651006199740422,2.247683639161613e-05,0.013614023009211006
High-straggler,Async-FedDRL,3407,243,0.16516070972585034,0.16512071754976027,3.999217609007566e-05,0.024219962633110374
High-straggler,Async-FedDRL,4518,243,0.16513856970607216,0.16512071754976027,1.7852156311892742e-05,0.010811578690307515
High-straggler,Async-FedDRL,5629,243,0.16512964581416215,0.16512071754976027,8.928264401880659e-06,0.0054071133740017
High-straggler,Async-FedDRL,6740,243,0.1650264687182064,0.16512071754976027,9.424883155387254e-05,0.05707874393500622
High-straggler,Async-FedDRL,7851,243,0.16514819378451023,0.16512071754976027,2.7476234749967965e-05,0.016640089237553012
High-straggler,Async-FedDRL,3407,244,0.16517733178035493,0.16511697300492786,6.035877542706625e-05,0.03655516106467435
High-straggler,Async-FedDRL,4518,244,0.16514940060797872,0.16511697300492786,3.242760305086079e-05,0.01963917001427406
High-straggler,Async-FedDRL,5629,244,0.16504313002076812,0.16511697300492786,7.384298415974433e-05,0.044721619356200594
High-straggler,Async-FedDRL,6740,244,0.16512631985531118,0.16511697300492786,9.346850383312733e-06,0.00566074475156093
High-straggler,Async-FedDRL,7851,244,0.16508868276022648,0.16511697300492786,2.8290244701384415e-05,0.01713345647424151
High-straggler,Async-FedDRL,3407,245,0.1651787446534635,0.1651387041739917,4.0040479471786794e-05,0.02424657482451828
High-straggler,Async-FedDRL,4518,245,0.165122293448888,0.1651387041739917,1.641072510369379e-05,0.009937540194334633
High-straggler,Async-FedDRL,5629,245,0.1651179696291481,0.1651387041739917,2.073454484360915e-05,0.012555835984859754
High-straggler,Async-FedDRL,6740,245,0.16519325354957937,0.1651387041739917,5.4549375587659155e-05,0.033032459507606055
High-straggler,Async-FedDRL,7851,245,0.16508125958887948,0.1651387041739917,5.7444585112226276e-05,0.03478565815298037
High-straggler,Async-FedDRL,3407,246,0.16517547557646442,0.165143864509561,3.16110669034142e-05,0.01914153274618572
High-straggler,Async-FedDRL,4518,246,0.1651543599287522,0.165143864509561,1.0495419191181021e-05,0.006355318874455302
High-straggler,Async-FedDRL,5629,246,0.16518843653420698,0.165143864509561,4.457202464597243e-05,0.02698981568485212
High-straggler,Async-FedDRL,6740,246,0.16507952440023507,0.165143864509561,6.434010932593326e-05,0.03896003615817546
High-straggler,Async-FedDRL,7851,246,0.16512152610814637,0.165143864509561,2.233840141463439e-05,0.013526631147317681
High-straggler,Async-FedDRL,3407,247,0.16512742855144064,0.16511619529544924,1.1233255991394131e-05,0.00680324299581516
High-straggler,Async-FedDRL,4518,247,0.1651060765259949,0.16511619529544924,1.0118769454336984e-05,0.00612827193373191
High-straggler,Async-FedDRL,5629,247,0.165166329358839,0.16511619529544924,5.013406338974513e-05,0.030362898866485008
High-straggler,Async-FedDRL,6740,247,0.16511299382189484,0.16511619529544924,3.2014735543983708e-06,0.0019389215871101206
High-straggler,Async-FedDRL,7851,247,0.16506814821907684,0.16511619529544924,4.804707637240391e-05,0.02909894834145814
High-straggler,Async-FedDRL,3407,248,0.16517198213864281,0.16515175674635435,2.0225392288464317e-05,0.012246549892610079
High-straggler,Async-FedDRL,4518,248,0.1650809469383331,0.16515175674635435,7.080980802123826e-05,0.042875600851155556
High-straggler,Async-FedDRL,5629,248,0.16517551590594623,0.16515175674635435,2.3759159591879575e-05,0.01438625907465804
High-straggler,Async-FedDRL,6740,248,0.16517161010973652,0.16515175674635435,1.9853363382171807e-05,0.012021285012828094
High-straggler,Async-FedDRL,7851,248,0.16515872863911293,0.16515175674635435,6.9718927585837864e-06,0.004221506870975314
High-straggler,Async-FedDRL,3407,249,0.16514486254366945,0.16511878274935485,2.6079794314598503e-05,0.01579456551238439
High-straggler,Async-FedDRL,4518,249,0.16507465582344752,0.16511878274935485,4.4126925907328474e-05,0.02672435271904334
High-straggler,Async-FedDRL,5629,249,0.16513770117111984,0.16511878274935485,1.89184217649907e-05,0.011457461985840989
High-straggler,Async-FedDRL,6740,249,0.16513093835895207,0.16511878274935485,1.215560959721973e-05,0.007361736438955928
High-straggler,Async-FedDRL,7851,249,0.16510575584958537,0.16511878274935485,1.302689976948046e-05,0.007889411218137967
High-straggler,Async-FedDRL,3407,250,0.16516805443255794,0.1651327435755505,3.531085700744785e-05,0.02138331638103781
High-straggler,Async-FedDRL,4518,250,0.1651289306136761,0.1651327435755505,3.812961874405385e-06,0.0023090283561242367
High-straggler,Async-FedDRL,5629,250,0.1651526885635519,0.1651327435755505,1.994498800139688e-05,0.012078154561921739
High-straggler,Async-FedDRL,6740,250,0.1651096124347709,0.1651327435755505,2.3131140779591997e-05,0.014007603991033542
High-straggler,Async-FedDRL,7851,250,0.16510443183319568,0.1651327435755505,2.831174235481959e-05,0.017144838595784962
High-straggler,Async-FedDRL,3407,251,0.16511906005760854,0.16510091229193763,1.8147765670911697e-05,0.010991923314646582
High-straggler,Async-FedDRL,4518,251,0.16509707450032352,0.16510091229193763,3.837791614114128e-06,0.002324512663702306
High-straggler,Async-FedDRL,5629,251,0.16519174907009898,0.16510091229193763,9.083677816135172e-05,0.055018943808578545
High-straggler,Async-FedDRL,6740,251,0.16501888306292253,0.16510091229193763,8.20292290150959e-05,0.04968429784933517
High-straggler,Async-FedDRL,7851,251,0.16507779476873463,0.16510091229193763,2.311752320299787e-05,0.014002056610154036
High-straggler,Async-FedDRL,3407,252,0.16511962203395256,0.1651179081243997,1.7139095528639903e-06,0.0010379913192533497
High-straggler,Async-FedDRL,4518,252,0.16512048320278436,0.1651179081243997,2.575078384664531e-06,0.0015595391280783845
High-straggler,Async-FedDRL,5629,252,0.165109630270053,0.1651179081243997,8.277854346705471e-06,0.005013298945423256
High-straggler,Async-FedDRL,6740,252,0.1651277958797489,0.1651179081243997,9.887755349213823e-06,0.0059882997922698945
High-straggler,Async-FedDRL,7851,252,0.1651120092354596,0.1651179081243997,5.898888940092384e-06,0.003572531294211992
High-straggler,Async-FedDRL,3407,253,0.16515984780961773,0.16511619564650037,4.365216311735809e-05,0.026437238907086758
High-straggler,Async-FedDRL,4518,253,0.16518006518733247,0.16511619564650037,6.38695408320955e-05,0.03868157244176987
High-straggler,Async-FedDRL,5629,253,0.16511675942410836,0.16511619564650037,5.637776079869816e-07,0.00034144294917863853
High-straggler,Async-FedDRL,6740,253,0.16512569080881753,0.16511619564650037,9.495162317157968e-06,0.005750594167931471
High-straggler,Async-FedDRL,7851,253,0.16499861500262583,0.16511619564650037,0.00011758064387454303,0.07121084846593312
High-straggler,Async-FedDRL,3407,254,0.16507933281642648,0.16511604549176617,3.671267533969513e-05,0.02223446863104887
High-straggler,Async-FedDRL,4518,254,0.16511653979453145,0.16511604549176617,4.943027652748455e-07,0.0002993668869688954
High-straggler,Async-FedDRL,5629,254,0.16518045379954122,0.16511604549176617,6.440830777504347e-05,0.039007903552447494
High-straggler,Async-FedDRL,6740,254,0.16514037858554215,0.16511604549176617,2.433309377597448e-05,0.014736964965157124
High-straggler,Async-FedDRL,7851,254,0.16506352246278955,0.16511604549176617,5.252302897662542e-05,0.03180976677354145
High-straggler,Async-FedDRL,3407,255,0.16510692686925243,0.16510782050199044,8.93632738002692e-07,0.0005412419201499416
High-straggler,Async-FedDRL,4518,255,0.16507373365312378,0.16510782050199044,3.4086848866660135e-05,0.020645205516627362
High-straggler,Async-FedDRL,5629,255,0.16516980490490493,0.16510782050199044,6.198440291449447e-05,0.03754177284034055
High-straggler,Async-FedDRL,6740,255,0.16509064606673077,0.16510782050199044,1.717443525967033e-05,0.010401951408148643
High-straggler,Async-FedDRL,7851,255,0.1650979910159404,0.16510782050199044,9.829486050050296e-06,0.00595337399534736
High-straggler,Async-FedDRL,3407,256,0.1650857709608878,0.16508945110234835,3.680141460543629e-06,0.0022291802631666025
High-straggler,Async-FedDRL,4518,256,0.16510285707168249,0.16508945110234835,1.3405969334134848e-05,0.008120427589176322
High-straggler,Async-FedDRL,5629,256,0.1651426371731024,0.16508945110234835,5.318607075405213e-05,0.03221651680280835
High-straggler,Async-FedDRL,6740,256,0.16502581250064252,0.16508945110234835,6.36386017058288e-05,0.03854795159890356
High-straggler,Async-FedDRL,7851,256,0.16509017780542662,0.16508945110234835,7.2670307826872e-07,0.0004401874701359298
High-straggler,Async-FedDRL,3407,257,0.1651600503919191,0.16508829662461322,7.175376730589322e-05,0.04346387283227645
High-straggler,Async-FedDRL,4518,257,0.1651189940273971,0.16508829662461322,3.0697402783885774e-05,0.018594536021949035
High-straggler,Async-FedDRL,5629,257,0.16500215266653434,0.16508829662461322,8.614395807887698e-05,0.05218053601628456
High-straggler,Async-FedDRL,6740,257,0.1651717922405995,0.16508829662461322,8.349561598627875e-05,0.050576338658418436
High-straggler,Async-FedDRL,7851,257,0.16498849379661604,0.16508829662461322,9.980282799718077e-05,0.06045421149635936
High-straggler,Async-FedDRL,3407,258,0.16510233153299564,0.16508160717519343,2.0724357802204274e-05,0.012554007776414775
High-straggler,Async-FedDRL,4518,258,0.16506177512958928,0.16508160717519343,1.9832045604156745e-05,0.012013479844008253
High-straggler,Async-FedDRL,5629,258,0.16513133882962885,0.16508160717519343,4.9731654435419825e-05,0.03012549688993634
High-straggler,Async-FedDRL,6740,258,0.16507711882659543,0.16508160717519343,4.488348598008507e-06,0.002718866550193706
High-straggler,Async-FedDRL,7851,258,0.1650354715571579,0.16508160717519343,4.6135618035542114e-05,0.027947158272199596
High-straggler,Async-FedDRL,3407,259,0.1650654490843037,0.16508467397405777,1.9224889754060337e-05,0.011645472163625215
High-straggler,Async-FedDRL,4518,259,0.16509045745848755,0.16508467397405777,5.78348442978327e-06,0.003503344247868894
High-straggler,Async-FedDRL,5629,259,0.16509114269477304,0.16508467397405777,6.468720715274712e-06,0.0039184259565435125
High-straggler,Async-FedDRL,6740,259,0.16502831591184944,0.16508467397405777,5.6358062208328175e-05,0.03413888209706527
High-straggler,Async-FedDRL,7851,259,0.16514800472087515,0.16508467397405777,6.333074681738604e-05,0.038362584056311703
High-straggler,Async-FedDRL,3407,260,0.16506404760430823,0.16506459349852012,5.458942118896637e-07,0.00033071550980105123
High-straggler,Async-FedDRL,4518,260,0.165057392465901,0.16506459349852012,7.2010326191140894e-06,0.004362554359168885
High-straggler,Async-FedDRL,5629,260,0.16507889854913976,0.16506459349852012,1.4305050619639603e-05,0.008666334988289209
High-straggler,Async-FedDRL,6740,260,0.16512119357070554,0.16506459349852012,5.6600072185414296e-05,0.034289650485173094
High-straggler,Async-FedDRL,7851,260,0.16500143530254596,0.16506459349852012,6.315819597416117e-05,0.03826271560455962
High-straggler,Async-FedDRL,3407,261,0.1651069303529749,0.16506746296661629,3.946738635862701e-05,0.02390985215942224
High-straggler,Async-FedDRL,4518,261,0.16508213777398587,0.16506746296661629,1.4674807369580156e-05,0.008890187748598299
High-straggler,Async-FedDRL,5629,261,0.16503802264337528,0.16506746296661629,2.944032324100898e-05,0.017835327878615956
High-straggler,Async-FedDRL,6740,261,0.16504404315609705,0.16506746296661629,2.341981051923181e-05,0.014188023550085275
High-straggler,Async-FedDRL,7851,261,0.1650661809066483,0.16506746296661629,1.2820599679941314e-06,0.0007766884793361238
High-straggler,Async-FedDRL,3407,262,0.16508563990353461,0.16506513760681746,2.050229671715642e-05,0.012420731000141632
High-straggler,Async-FedDRL,4518,262,0.16505312498457153,0.16506513760681746,1.201262224592714e-05,0.007277504153869859
High-straggler,Async-FedDRL,5629,262,0.165136226689877,0.16506513760681746,7.108908305955564e-05,0.04306729094358416
High-straggler,Async-FedDRL,6740,262,0.1650113848156671,0.16506513760681746,5.375279115035769e-05,0.03256459354754605
High-straggler,Async-FedDRL,7851,262,0.16503931164043703,0.16506513760681746,2.5825966380427223e-05,0.015645924242309886
High-straggler,Async-FedDRL,3407,263,0.16513627329418762,0.16506712010425023,6.915318993738762e-05,0.04189398221384916
High-straggler,Async-FedDRL,4518,263,0.16494679745745175,0.16506712010425023,0.00012032264679848192,0.0728931641398303
High-straggler,Async-FedDRL,5629,263,0.16513900079237534,0.16506712010425023,7.188068812510884e-05,0.04354633925866743
High-straggler,Async-FedDRL,6740,263,0.16509459431834533,0.16506712010425023,2.7474214095102312e-05,0.016644268148466288
High-straggler,Async-FedDRL,7851,263,0.16501893465889111,0.16506712010425023,4.818544535911684e-05,0.029191425481152583
High-straggler,Async-FedDRL,3407,264,0.1651197053254736,0.16505780127276326,6.190405271033761e-05,0.03750446948462569
High-straggler,Async-FedDRL,4518,264,0.16503671196015995,0.16505780127276326,2.1089312603306265e-05,0.012776925683418929
High-straggler,Async-FedDRL,5629,264,0.1650881967980096,0.16505780127276326,3.0395525246335042e-05,0.018415079452140205
High-straggler,Async-FedDRL,6740,264,0.16499604726808254,0.16505780127276326,6.175400468072523e-05,0.03741356313033322
High-straggler,Async-FedDRL,7851,264,0.16504834501209054,0.16505780127276326,9.456260672724426e-06,0.005729060123064195
High-straggler,Async-FedDRL,3407,265,0.16505109765259554,0.16508310844435398,3.2010791758435575e-05,0.01939071299304116
High-straggler,Async-FedDRL,4518,265,0.16505224014788694,0.16508310844435398,3.086829646703482e-05,0.018698640192760768
High-straggler,Async-FedDRL,5629,265,0.16509201328023942,0.16508310844435398,8.904835885448215e-06,0.005394153265807838
High-straggler,Async-FedDRL,6740,265,0.1651071803901353,0.16508310844435398,2.4071945781328763e-05,0.01458171342190525
High-straggler,Async-FedDRL,7851,265,0.16511301075091256,0.16508310844435398,2.9902306558582392e-05,0.018113486498021587
High-straggler,Async-FedDRL,3407,266,0.1651078699531686,0.1650559021660348,5.196778713378869e-05,0.031484961429317865
High-straggler,Async-FedDRL,4518,266,0.1650335670750372,0.1650559021660348,2.233509099761055e-05,0.01353183418739125
High-straggler,Async-FedDRL,5629,266,0.1650194268448715,0.1650559021660348,3.6475321163298435e-05,0.022098768165592038
High-straggler,Async-FedDRL,6740,266,0.165074119754672,0.1650559021660348,1.8217588637209348e-05,0.011037223388039596
High-straggler,Async-FedDRL,7851,266,0.16504452720242482,0.1650559021660348,1.1374963609978028e-05,0.006891582464306913
High-straggler,Async-FedDRL,3407,267,0.16505019762233492,0.165001198036168,4.899958616691458e-05,0.02969650326791806
High-straggler,Async-FedDRL,4518,267,0.16496105838671654,0.165001198036168,4.0139649451459425e-05,0.024326883640360526
High-straggler,Async-FedDRL,5629,267,0.16501035414281257,0.165001198036168,9.156106644564455e-06,0.005549115251004087
High-straggler,Async-FedDRL,6740,267,0.1650419951824974,0.165001198036168,4.079714632940212e-05,0.024725363703395325
High-straggler,Async-FedDRL,7851,267,0.16494238484647866,0.165001198036168,5.881318968933846e-05,0.03564409858190648
High-straggler,Async-FedDRL,3407,268,0.1649860363517761,0.16499734335880045,1.1307007024341509e-05,0.006852841866522348
High-straggler,Async-FedDRL,4518,268,0.1650468689526738,0.16499734335880045,4.9525593873334106e-05,0.030015994721585657
High-straggler,Async-FedDRL,5629,268,0.16496169854130519,0.16499734335880045,3.564481749526727e-05,0.02160326752519563
High-straggler,Async-FedDRL,6740,268,0.1650139407752178,0.16499734335880045,1.659741641735213e-05,0.010059202214704552
High-straggler,Async-FedDRL,7851,268,0.16497817217302935,0.16499734335880045,1.9171185771105215e-05,0.011619087544589053
High-straggler,Async-FedDRL,3407,269,0.16509685313349978,0.16506611227506385,3.074085843593477e-05,0.018623361277636828
High-straggler,Async-FedDRL,4518,269,0.16508202501530284,0.16506611227506385,1.5912740238988032e-05,0.009640222344651376
High-straggler,Async-FedDRL,5629,269,0.16507210522918703,0.16506611227506385,5.9929541231795724e-06,0.003630638682028809
High-straggler,Async-FedDRL,6740,269,0.16506476228450434,0.16506611227506385,1.3499905595071304e-06,0.0008178484008016892
High-straggler,Async-FedDRL,7851,269,0.16501481571282528,0.16506611227506385,5.129656223856749e-05,0.03107637390349851
High-straggler,Async-FedDRL,3407,270,0.16506002305590295,0.165016032901684,4.399015421893693e-05,0.026658109182121782
High-straggler,Async-FedDRL,4518,270,0.16497796358978342,0.165016032901684,3.8069311900590375e-05,0.023070068544958865
High-straggler,Async-FedDRL,5629,270,0.16504292597435888,0.165016032901684,2.689307267486618e-05,0.01629724833518994
High-straggler,Async-FedDRL,6740,270,0.1650427618077488,0.165016032901684,2.67289060647824e-05,0.0161977630868798
High-straggler,Async-FedDRL,7851,270,0.1649564900806259,0.165016032901684,5.9542821058106155e-05,0.03608305205929994
High-straggler,Async-FedDRL,3407,271,0.16511890961483394,0.1650709333420026,4.797627283134598e-05,0.02906403438814163
High-straggler,Async-FedDRL,4518,271,0.16506097723573282,0.1650709333420026,9.956106269776166e-06,0.006031410902092972
High-straggler,Async-FedDRL,5629,271,0.16508335845898392,0.1650709333420026,1.242511698132387e-05,0.007527138018648542
High-straggler,Async-FedDRL,6740,271,0.16506563402050342,0.1650709333420026,5.2993214991747806e-06,0.0032103298817577827
High-straggler,Async-FedDRL,7851,271,0.16502578737995885,0.1650709333420026,4.514596204374666e-05,0.02734943162295623
High-straggler,Async-FedDRL,3407,272,0.16506272343677914,0.16507675256422616,1.4029127447023892e-05,0.008498548238381174
High-straggler,Async-FedDRL,4518,272,0.16508667112714268,0.16507675256422616,9.918562916516604e-06,0.00600845531696391
High-straggler,Async-FedDRL,5629,272,0.1651274405717636,0.16507675256422616,5.0688007537436075e-05,0.030705721278176324
High-straggler,Async-FedDRL,6740,272,0.16505003102071986,0.16507675256422616,2.6721543506302847e-05,0.016187345032672808
High-straggler,Async-FedDRL,7851,272,0.16505689666472556,0.16507675256422616,1.9855899500598184e-05,0.012028283324069439
High-straggler,Async-FedDRL,3407,273,0.16499744966728652,0.16506276248055834,6.531281327182281e-05,0.03956847219221572
High-straggler,Async-FedDRL,4518,273,0.16505282487241218,0.16506276248055834,9.93760814615996e-06,0.006020502745027332
High-straggler,Async-FedDRL,5629,273,0.16508966755648508,0.16506276248055834,2.690507592673086e-05,0.016299906485510218
High-straggler,Async-FedDRL,6740,273,0.1651143501194605,0.16506276248055834,5.158763890214524e-05,0.03125334759147837
High-straggler,Async-FedDRL,7851,273,0.1650595201871475,0.16506276248055834,3.2422934108378154e-06,0.001964279139711904
High-straggler,Async-FedDRL,3407,274,0.16506169557158926,0.1650270061682776,3.4689403311666256e-05,0.02102044030071876
High-straggler,Async-FedDRL,4518,274,0.16508510497408194,0.1650270061682776,5.809880580434634e-05,0.03520563521894298
High-straggler,Async-FedDRL,5629,274,0.16502419702776588,0.1650270061682776,2.8091405117058876e-06,0.0017022307905418914
High-straggler,Async-FedDRL,6740,274,0.16502776902740915,0.1650270061682776,7.62859131558935e-07,0.00046226320726017997
High-straggler,Async-FedDRL,7851,274,0.16493626424054172,0.1650270061682776,9.074192773586565e-05,0.05498610793638003
High-straggler,Async-FedDRL,3407,275,0.16499059833676072,0.16503451813365327,4.391979689255532e-05,0.026612491368009965
High-straggler,Async-FedDRL,4518,275,0.16504090253470063,0.16503451813365327,6.384401047360155e-06,0.003868524669602601
High-straggler,Async-FedDRL,5629,275,0.16503732364743956,0.16503451813365327,2.805513786285907e-06,0.0016999557535071908
High-straggler,Async-FedDRL,6740,275,0.16504200130734445,0.16503451813365327,7.483173691175127e-06,0.0045343082015817295
High-straggler,Async-FedDRL,7851,275,0.16506176484202095,0.16503451813365327,2.7246708367678618e-05,0.016509702743284806
High-straggler,Async-FedDRL,3407,276,0.16502901315587554,0.1650190716131559,9.941542719632546e-06,0.006024481062975494
High-straggler,Async-FedDRL,4518,276,0.16497213536394637,0.1650190716131559,4.6936249209539316e-05,0.028442924051572106
High-straggler,Async-FedDRL,5629,276,0.16499938756437788,0.1650190716131559,1.9684048778029206e-05,0.011928347787686817
High-straggler,Async-FedDRL,6740,276,0.16502307228334928,0.1650190716131559,4.0006701933770206e-06,0.0024243683801321745
High-straggler,Async-FedDRL,7851,276,0.1650717496982305,0.1650190716131559,5.267808507458671e-05,0.03192242239616807
High-straggler,Async-FedDRL,3407,277,0.1649099808392825,0.16500489949656,9.491865727750959e-05,0.0575247508208012
High-straggler,Async-FedDRL,4518,277,0.16503941111543535,0.16500489949656,3.45116188753547e-05,0.020915511588232683
High-straggler,Async-FedDRL,5629,277,0.16504366859089487,0.16500489949656,3.8769094334867304e-05,0.02349572312892173
High-straggler,Async-FedDRL,6740,277,0.16505144202667488,0.16500489949656,4.654253011487919e-05,0.028206756439889534
High-straggler,Async-FedDRL,7851,277,0.16497999491051246,0.16500489949656,2.4904586047536093e-05,0.015093240336209108
High-straggler,Async-FedDRL,3407,278,0.1649458296469915,0.1650020873775743,5.625773058279271e-05,0.03409516296242855
High-straggler,Async-FedDRL,4518,278,0.16500283156534185,0.1650020873775743,7.441877675484765e-07,0.0004510171837072288
High-straggler,Async-FedDRL,5629,278,0.16504628488490802,0.1650020873775743,4.4197507333726405e-05,0.026786029217066354
High-straggler,Async-FedDRL,6740,278,0.1650172992317853,0.1650020873775743,1.521185421099469e-05,0.009219188952552705
High-straggler,Async-FedDRL,7851,278,0.1649981915588447,0.1650020873775743,3.8958187295878854e-06,0.0023610723909650204
High-straggler,Async-FedDRL,3407,279,0.16499322381311693,0.16499076718082956,2.4566322873731394e-06,0.0014889513694306756
High-straggler,Async-FedDRL,4518,279,0.16501162512261397,0.16499076718082956,2.085794178441347e-05,0.012641884234378526
High-straggler,Async-FedDRL,5629,279,0.16500451641358746,0.16499076718082956,1.3749232757903629e-05,0.008333334642195158
High-straggler,Async-FedDRL,6740,279,0.16495627017346534,0.16499076718082956,3.4497007364214793e-05,0.020908447153534442
High-straggler,Async-FedDRL,7851,279,0.1649882003813641,0.16499076718082956,2.566799465447689e-06,0.0015557230924530957
High-straggler,Async-FedDRL,3407,280,0.165056530537315,0.1650302155486695,2.6314988645498305e-05,0.015945557944046725
High-straggler,Async-FedDRL,4518,280,0.16505500275969434,0.1650302155486695,2.4787211024834832e-05,0.015019801642036134
High-straggler,Async-FedDRL,5629,280,0.16503178157919404,0.1650302155486695,1.5660305245357442e-06,0.0009489356354102936
High-straggler,Async-FedDRL,6740,280,0.16495783485371657,0.1650302155486695,7.23806949529393e-05,0.04385905618089272
High-straggler,Async-FedDRL,7851,280,0.1650499280134275,0.1650302155486695,1.9712464757987158e-05,0.01194476095934911
High-straggler,Async-FedDRL,3407,281,0.16501130382136509,0.1649934501617086,1.7853659656480447e-05,0.010820829335335576
High-straggler,Async-FedDRL,4518,281,0.16495210361537863,0.1649934501617086,4.134654632997892e-05,0.025059507689217685
High-straggler,Async-FedDRL,5629,281,0.16503576513986437,0.1649934501617086,4.231497815576635e-05,0.025646459368110563
High-straggler,Async-FedDRL,6740,281,0.16491926723489395,0.1649934501617086,7.418292681465877e-05,0.04496113436136571
High-straggler,Async-FedDRL,7851,281,0.1650488109970411,0.1649934501617086,5.536083533250191e-05,0.033553353347204544
High-straggler,Async-FedDRL,3407,282,0.1650303267038338,0.16502273802965323,7.588674180575294e-06,0.004598562762430758
High-straggler,Async-FedDRL,4518,282,0.16499506968698704,0.16502273802965323,2.7668342666181678e-05,0.016766382012889585
High-straggler,Async-FedDRL,5629,282,0.16506302687792346,0.16502273802965323,4.028884827023127e-05,0.024414119382137323
High-straggler,Async-FedDRL,6740,282,0.16501763178566692,0.16502273802965323,5.106243986308101e-06,0.0030942669157449994
High-straggler,Async-FedDRL,7851,282,0.16500763509385497,0.16502273802965323,1.5102935798261274e-05,0.009152033215899861
High-straggler,Async-FedDRL,3407,283,0.1650126074377591,0.16499655292987386,1.6054507885249203e-05,0.00973020805596625
High-straggler,Async-FedDRL,4518,283,0.16498569473370184,0.16499655292987386,1.0858196172025547e-05,0.006580862435738553
High-straggler,Async-FedDRL,5629,283,0.16505191936148114,0.16499655292987386,5.536643160727883e-05,0.03355611412731176
High-straggler,Async-FedDRL,6740,283,0.16490787663982992,0.16499655292987386,8.867629004394306e-05,0.05374432887796867
High-straggler,Async-FedDRL,7851,283,0.16502466647659725,0.16499655292987386,2.8113546723385063e-05,0.017038869130395567
High-straggler,Async-FedDRL,3407,284,0.16496826907958267,0.16500220232548252,3.3933245899842035e-05,0.020565329081429766
High-straggler,Async-FedDRL,4518,284,0.16501026637946523,0.16500220232548252,8.064053982709263e-06,0.004887240211983444
High-straggler,Async-FedDRL,5629,284,0.16504141656078825,0.16500220232548252,3.9214235305728984e-05,0.023765886002160855
High-straggler,Async-FedDRL,6740,284,0.16503413950699328,0.16500220232548252,3.1937181510760526e-05,0.01935560923469458
High-straggler,Async-FedDRL,7851,284,0.16495692010058313,0.16500220232548252,4.528222489938449e-05,0.027443406367425933
High-straggler,Async-FedDRL,3407,285,0.16501456764894767,0.16497260143811657,4.1966210831106965e-05,0.0254382912467129
High-straggler,Async-FedDRL,4518,285,0.16493097662352724,0.16497260143811657,4.162481458933054e-05,0.0252313500705416
High-straggler,Async-FedDRL,5629,285,0.16498699359049807,0.16497260143811657,1.4392152381498269e-05,0.008723965225763236
High-straggler,Async-FedDRL,6740,285,0.1649884106932555,0.16497260143811657,1.5809255138943268e-05,0.009582958019167523
High-straggler,Async-FedDRL,7851,285,0.16494205863435427,0.16497260143811657,3.054280376230123e-05,0.01851386442115253
High-straggler,Async-FedDRL,3407,286,0.16501912472437189,0.16501567360160835,3.4511227635369846e-06,0.002091390889249049
High-straggler,Async-FedDRL,4518,286,0.16501749753585235,0.16501567360160835,1.8239342439996253e-06,0.001105309698279381
High-straggler,Async-FedDRL,5629,286,0.16507894209591814,0.16501567360160835,6.326849430979276e-05,0.038340899945383186
High-straggler,Async-FedDRL,6740,286,0.16495452160661594,0.16501567360160835,6.115199499240331e-05,0.03705829492296621
High-straggler,Async-FedDRL,7851,286,0.16500828204528337,0.16501567360160835,7.391556324981563e-06,0.004479305609979051
High-straggler,Async-FedDRL,3407,287,0.16495547347442557,0.16494086454332196,1.4608931103610168e-05,0.008857071983985576
High-straggler,Async-FedDRL,4518,287,0.16495164686579314,0.16494086454332196,1.078232247117561e-05,0.0065370837609157895
High-straggler,Async-FedDRL,5629,287,0.1649635874431316,0.16494086454332196,2.2722899809646258e-05,0.013776391843561638
High-straggler,Async-FedDRL,6740,287,0.16491314275311592,0.16494086454332196,2.7721790206047814e-05,0.016807108585735978
High-straggler,Async-FedDRL,7851,287,0.16492047218014355,0.16494086454332196,2.0392363178411976e-05,0.012363439002743854
High-straggler,Async-FedDRL,3407,288,0.16494472242614458,0.16494074953015556,3.97289598902395e-06,0.0024086806931222287
High-straggler,Async-FedDRL,4518,288,0.16495848019212872,0.16494074953015556,1.7730661973164308e-05,0.010749715897175957
High-straggler,Async-FedDRL,5629,288,0.1649010167058732,0.16494074953015556,3.9732824282351364e-05,0.024089149828367396
High-straggler,Async-FedDRL,6740,288,0.16497178155994915,0.16494074953015556,3.1032029793598426e-05,0.0188140467907386
High-straggler,Async-FedDRL,7851,288,0.1649277467666821,0.16494074953015556,1.3002763473463075e-05,0.007883293552686218
High-straggler,Async-FedDRL,3407,289,0.16493581000725882,0.16494433709743211,8.527090173293672e-06,0.005169677433822263
High-straggler,Async-FedDRL,4518,289,0.16488465003963076,0.16494433709743211,5.968705780134975e-05,0.03618618186697297
High-straggler,Async-FedDRL,5629,289,0.16500105922692257,0.16494433709743211,5.6722129490455186e-05,0.03438864921864496
High-straggler,Async-FedDRL,6740,289,0.16493423552154646,0.16494433709743211,1.0101575885657077e-05,0.006124233219167814
High-straggler,Async-FedDRL,7851,289,0.16496593069180202,0.16494433709743211,2.1593594369900826e-05,0.01309144330135175
High-straggler,Async-FedDRL,3407,290,0.16496635915750882,0.16494025578595123,2.6103371557589794e-05,0.0158259555456644
High-straggler,Async-FedDRL,4518,290,0.1649587171091207,0.16494025578595123,1.8461323169460808e-05,0.011192733442476722
High-straggler,Async-FedDRL,5629,290,0.1649278390206912,0.16494025578595123,1.24167652600371e-05,0.007528038077102762
High-straggler,Async-FedDRL,6740,290,0.1649580418148059,0.16494025578595123,1.7786028854660518e-05,0.010783315916365544
High-straggler,Async-FedDRL,7851,290,0.16489032182762958,0.16494025578595123,4.9933958321646266e-05,0.030273966827387075
High-straggler,Async-FedDRL,3407,291,0.1649059194663665,0.16494946183910889,4.354237274237227e-05,0.02639740212359307
High-straggler,Async-FedDRL,4518,291,0.16498620976653594,0.16494946183910889,3.674792742705546e-05,0.022278294828812027
High-straggler,Async-FedDRL,5629,291,0.16498814664991465,0.16494946183910889,3.868481080576691e-05,0.02345252319980282
High-straggler,Async-FedDRL,6740,291,0.16493457826080588,0.16494946183910889,1.4883578303009903e-05,0.00902311419332019
High-straggler,Async-FedDRL,7851,291,0.16493245505192133,0.16494946183910889,1.700678718755122e-05,0.010310301711768893
High-straggler,Async-FedDRL,3407,292,0.16496251636390988,0.16490011036972954,6.240599418033677e-05,0.037844725537426044
High-straggler,Async-FedDRL,4518,292,0.16491659650023968,0.16490011036972954,1.6486130510140473e-05,0.009997646740912556
High-straggler,Async-FedDRL,5629,292,0.16491166312208996,0.16490011036972954,1.155275236042197e-05,0.007005909416627468
High-straggler,Async-FedDRL,6740,292,0.1648408563940667,0.16490011036972954,5.925397566283741e-05,0.03593325409545303
High-straggler,Async-FedDRL,7851,292,0.16486891946834153,0.16490011036972954,3.119090138800629e-05,0.01891502759947937
High-straggler,Async-FedDRL,3407,293,0.16487941752601676,0.16488611148473573,6.6939587189673855e-06,0.004059746851139173
High-straggler,Async-FedDRL,4518,293,0.16490655135682467,0.16488611148473573,2.0439872088939826e-05,0.012396357646430422
High-straggler,Async-FedDRL,5629,293,0.16492676026633526,0.16488611148473573,4.064878159953933e-05,0.024652641288894956
High-straggler,Async-FedDRL,6740,293,0.16478040316107082,0.16488611148473573,0.00010570832366491034,0.06410990150295118
High-straggler,Async-FedDRL,7851,293,0.16493742511343124,0.16488611148473573,5.1313628695509594e-05,0.031120649418832306
High-straggler,Async-FedDRL,3407,294,0.16491209640359963,0.164912966978665,8.705750653703603e-07,0.000527899704504733
High-straggler,Async-FedDRL,4518,294,0.16493531872171946,0.164912966978665,2.2351743054455087e-05,0.013553660129919777
High-straggler,Async-FedDRL,5629,294,0.16493749585189887,0.164912966978665,2.4528873233869986e-05,0.014873829319342315
High-straggler,Async-FedDRL,6740,294,0.16490701667531824,0.164912966978665,5.950303346768937e-06,0.003608147652536465
High-straggler,Async-FedDRL,7851,294,0.16487290724078876,0.164912966978665,4.0059737876241286e-05,0.024291442092254555
High-straggler,Async-FedDRL,3407,295,0.16488938878661008,0.16489764868245022,8.259895840134757e-06,0.005009104681681155
High-straggler,Async-FedDRL,4518,295,0.16489347311765207,0.16489764868245022,4.175564798147846e-06,0.002532216093747275
High-straggler,Async-FedDRL,5629,295,0.16495829154350272,0.16489764868245022,6.0642861052506714e-05,0.036776061718920575
High-straggler,Async-FedDRL,6740,295,0.1648596225274557,0.16489764868245022,3.802615499451378e-05,0.02306045919899211
High-straggler,Async-FedDRL,7851,295,0.1648874674370305,0.16489764868245022,1.0181245419710327e-05,0.006174281744500036
High-straggler,Async-FedDRL,3407,296,0.1648994464764177,0.16491417444157214,1.4727965154448519e-05,0.00893068482701378
High-straggler,Async-FedDRL,4518,296,0.1648773635719812,0.16491417444157214,3.681086959092528e-05,0.02232122843022635
High-straggler,Async-FedDRL,5629,296,0.16500301070618273,0.16491417444157214,8.883626461059224e-05,0.05386818016790077
High-straggler,Async-FedDRL,6740,296,0.1649072260016891,0.16491417444157214,6.9484398830255145e-06,0.004213367290321849
High-straggler,Async-FedDRL,7851,296,0.16488382545158992,0.16491417444157214,3.0348989982220687e-05,0.01840289962035562
High-straggler,Async-FedDRL,3407,297,0.16487325196199623,0.16488970258492178,1.6450622925545666e-05,0.009976743645997686
High-straggler,Async-FedDRL,4518,297,0.16495877784724716,0.16488970258492178,6.907526232538541e-05,0.04189179872515699
High-straggler,Async-FedDRL,5629,297,0.16488418987665848,0.16488970258492178,5.512708263294419e-06,0.0033432701841737233
High-straggler,Async-FedDRL,6740,297,0.16491852909578417,0.16488970258492178,2.8826510862389743e-05,0.017482299022004398
High-straggler,Async-FedDRL,7851,297,0.16481376414292287,0.16488970258492178,7.593844199890731e-05,0.046054083916973146
High-straggler,Async-FedDRL,3407,298,0.16487553904248098,0.16485446776990806,2.1071272572920074e-05,0.012781741895117962
High-straggler,Async-FedDRL,4518,298,0.16478783655071155,0.16485446776990806,6.663121919650572e-05,0.040418206493199056
High-straggler,Async-FedDRL,5629,298,0.16495775546537914,0.16485446776990806,0.00010328769547107708,0.06265386487143228
High-straggler,Async-FedDRL,6740,298,0.16481729939225304,0.16485446776990806,3.7168377655022455e-05,0.022546175519428075
High-straggler,Async-FedDRL,7851,298,0.16483390839871565,0.16485446776990806,2.0559371192413467e-05,0.012471224753889443
High-straggler,Async-FedDRL,3407,299,0.16477018653342893,0.1648256894293024,5.550289587347157e-05,0.03367369253278814
High-straggler,Async-FedDRL,4518,299,0.16483253655779828,0.1648256894293024,6.847128495884869e-06,0.004154163419302282
High-straggler,Async-FedDRL,5629,299,0.16492254339578666,0.1648256894293024,9.685396648426159e-05,0.05876145085126704
High-straggler,Async-FedDRL,6740,299,0.16478388011004705,0.1648256894293024,4.180931925534814e-05,0.025365778477924185
High-straggler,Async-FedDRL,7851,299,0.16481930054945118,0.1648256894293024,6.388879851215723e-06,0.003876143259789648
High-straggler,Async-FedDRL,3407,300,0.1647663099075156,0.16487607225468337,0.00010976234716778,0.06657263583901402
High-straggler,Async-FedDRL,4518,300,0.16487662175634793,0.16487607225468337,5.495016645595818e-07,0.000333281632104123
High-straggler,Async-FedDRL,5629,300,0.16488575729757518,0.16487607225468337,9.685042891810491e-06,0.005874134893782554
High-straggler,Async-FedDRL,6740,300,0.16495440894174934,0.16487607225468337,7.833668706597186e-05,0.047512465571696486
High-straggler,Async-FedDRL,7851,300,0.1648972633702288,0.16487607225468337,2.1191115545438066e-05,0.012852753741430861
High-straggler,Async-FedDRL,3407,301,0.16476612703553356,0.164842133928761,7.600689322742604e-05,0.046108899112088396
High-straggler,Async-FedDRL,4518,301,0.16485117067156047,0.164842133928761,9.036742799478636e-06,0.005482058854797404
High-straggler,Async-FedDRL,5629,301,0.16496450521818615,0.164842133928761,0.0001223712894251605,0.07423544363848451
High-straggler,Async-FedDRL,6740,301,0.16485728358439353,0.164842133928761,1.5149655632540338e-05,0.009190402521170643
High-straggler,Async-FedDRL,7851,301,0.16477158313413118,0.164842133928761,7.055079462980895e-05,0.04279900590239783
High-straggler,Async-FedDRL,3407,302,0.16480925509451075,0.1648362044465998,2.6949352089050693e-05,0.01634917048686424
High-straggler,Async-FedDRL,4518,302,0.1648726902718805,0.1648362044465998,3.648582528070765e-05,0.02213459440127279
High-straggler,Async-FedDRL,5629,302,0.16489271549090262,0.1648362044465998,5.65110443028205e-05,0.03428315065403473
High-straggler,Async-FedDRL,6740,302,0.16487295308189714,0.1648362044465998,3.674863529734562e-05,0.022294031472467373
High-straggler,Async-FedDRL,7851,302,0.164733408293808,0.1648362044465998,0.00010279615279179533,0.06236260604089382
High-straggler,Async-FedDRL,3407,303,0.16480532840235268,0.16486230161311027,5.697321075759376e-05,0.034558058573812306
High-straggler,Async-FedDRL,4518,303,0.16486977686785675,0.16486230161311027,7.475254746480697e-06,0.0045342414083379785
High-straggler,Async-FedDRL,5629,303,0.1648950488181548,0.16486230161311027,3.274720504453654e-05,0.019863367625053464
High-straggler,Async-FedDRL,6740,303,0.16485340950160832,0.16486230161311027,8.8921115019569e-06,0.005393659687479322
High-straggler,Async-FedDRL,7851,303,0.1648879444755788,0.16486230161311027,2.5642862468533423e-05,0.015554109227900187
High-straggler,Async-FedDRL,3407,304,0.16482391977541416,0.16484546318052332,2.1543405109153424e-05,0.013068849268578962
High-straggler,Async-FedDRL,4518,304,0.16489074708174467,0.16484546318052332,4.5283901221354617e-05,0.027470517142327372
High-straggler,Async-FedDRL,5629,304,0.1648735967612634,0.16484546318052332,2.8133580740080655e-05,0.017066639382893656
High-straggler,Async-FedDRL,6740,304,0.16492465312822502,0.16484546318052332,7.918994770170218e-05,0.04803890029717152
High-straggler,Async-FedDRL,7851,304,0.16471439915596928,0.16484546318052332,0.00013106402455403954,0.07950720755384726
High-straggler,Async-FedDRL,3407,305,0.16483186231385255,0.16482071715772414,1.1145156128405942e-05,0.006761987400977424
High-straggler,Async-FedDRL,4518,305,0.16485348435366287,0.16482071715772414,3.276719593872657e-05,0.019880508047644404
High-straggler,Async-FedDRL,5629,305,0.1648275449642481,0.16482071715772414,6.8278065239457675e-06,0.004142565717276877
High-straggler,Async-FedDRL,6740,305,0.16484840416858434,0.16482071715772414,2.768701086020009e-05,0.01679825894320383
High-straggler,Async-FedDRL,7851,305,0.16474228998827284,0.16482071715772414,7.842716945130612e-05,0.04758332010911938
High-straggler,Async-FedDRL,3407,306,0.16481013033479405,0.16483079740646062,2.0667071666563563e-05,0.012538355690654148
High-straggler,Async-FedDRL,4518,306,0.16480072148934713,0.16483079740646062,3.0075917113486783e-05,0.018246539837650476
High-straggler,Async-FedDRL,5629,306,0.16488234427966084,0.16483079740646062,5.154687320022e-05,0.03127259833191803
High-straggler,Async-FedDRL,6740,306,0.16487948679392223,0.16483079740646062,4.8689387461609e-05,0.029539011051159667
High-straggler,Async-FedDRL,7851,306,0.16478130413457878,0.16483079740646062,4.9493271881834167e-05,0.030026713854806757
High-straggler,Async-FedDRL,3407,307,0.16477837941307202,0.16480692715289078,2.8547739818751694e-05,0.017321929552310662
High-straggler,Async-FedDRL,4518,307,0.16480141613504548,0.16480692715289078,5.511017845294397e-06,0.0033439236690469
High-straggler,Async-FedDRL,5629,307,0.1648224837855821,0.16480692715289078,1.5556632691315908e-05,0.009439307534011648
High-straggler,Async-FedDRL,6740,307,0.1648510107156173,0.16480692715289078,4.4083562726532355e-05,0.026748610321237407
High-straggler,Async-FedDRL,7851,307,0.16478134571513706,0.16480692715289078,2.5581437753718905e-05,0.015522064633840968
High-straggler,Async-FedDRL,3407,308,0.16479391011704977,0.16480742953405048,1.3519417000701361e-05,0.008203159917561936
High-straggler,Async-FedDRL,4518,308,0.16483146160368917,0.16480742953405048,2.4032069638690867e-05,0.014581909144894259
High-straggler,Async-FedDRL,5629,308,0.16489825945168377,0.16480742953405048,9.08299176332894e-05,0.05511275668219997
High-straggler,Async-FedDRL,6740,308,0.16478656096174363,0.16480742953405048,2.086857230684802e-05,0.012662397785007875
High-straggler,Async-FedDRL,7851,308,0.1647269555360861,0.16480742953405048,8.047399796437538e-05,0.04882910812449073
High-straggler,Async-FedDRL,3407,309,0.1647810097994416,0.16477977795880652,1.2318406350797506e-06,0.000747567844998371
High-straggler,Async-FedDRL,4518,309,0.1647764088604155,0.16477977795880652,3.3690983910206196e-06,0.0020446067064508753
High-straggler,Async-FedDRL,5629,309,0.1648435731875299,0.16477977795880652,6.379522872337895e-05,0.03871544768031378
High-straggler,Async-FedDRL,6740,309,0.164799986077445,0.16477977795880652,2.020811863848171e-05,0.01226371274971226
High-straggler,Async-FedDRL,7851,309,0.16469791186920058,0.16477977795880652,8.186608960594755e-05,0.04968212156859038
High-straggler,Async-FedDRL,3407,310,0.16473428509636323,0.1647836704082514,4.938531188816708e-05,0.02996978509206344
High-straggler,Async-FedDRL,4518,310,0.16483137332548606,0.1647836704082514,4.7702917234659914e-05,0.028948813384527712
High-straggler,Async-FedDRL,5629,310,0.1648429109777553,0.1647836704082514,5.924056950390444e-05,0.03595050975447748
High-straggler,Async-FedDRL,6740,310,0.16478214399401986,0.1647836704082514,1.5264142315396523e-06,0.0009263140138570541
High-straggler,Async-FedDRL,7851,310,0.16472763864763268,0.1647836704082514,5.603176061871884e-05,0.03400322403300048
High-straggler,Async-FedDRL,3407,311,0.16474836569973628,0.1647489242740622,5.585743259317599e-07,0.0003390458107043925
High-straggler,Async-FedDRL,4518,311,0.16471732546087633,0.1647489242740622,3.159881318587354e-05,0.019179981493116435
High-straggler,Async-FedDRL,5629,311,0.16481118029442746,0.1647489242740622,6.22560203652478e-05,0.037788422983378034
High-straggler,Async-FedDRL,6740,311,0.1646985005469165,0.1647489242740622,5.042372714569865e-05,0.03060640751852076
High-straggler,Async-FedDRL,7851,311,0.1647692493683544,0.1647489242740622,2.032509429220064e-05,0.012337011838929858
High-straggler,Async-FedDRL,3407,312,0.16468568843674236,0.1647189486903217,3.326025357933138e-05,0.020192123519354174
High-straggler,Async-FedDRL,4518,312,0.16470277658696758,0.1647189486903217,1.617210335411179e-05,0.009817998161532709
High-straggler,Async-FedDRL,5629,312,0.16477830211737726,0.1647189486903217,5.935342705556956e-05,0.036033150725819904
High-straggler,Async-FedDRL,6740,312,0.16473332669703014,0.1647189486903217,1.4378006708448687e-05,0.008728811604717028
High-straggler,Async-FedDRL,7851,312,0.16469464961349117,0.1647189486903217,2.4299076830519573e-05,0.014751840649616349
High-straggler,Async-FedDRL,3407,313,0.16458860518355603,0.16469614848110065,0.00010754329754461556,0.06529800395238536
High-straggler,Async-FedDRL,4518,313,0.16461736477522285,0.16469614848110065,7.878370587779959e-05,0.047835791306826005
High-straggler,Async-FedDRL,5629,313,0.1647718080422172,0.16469614848110065,7.565956111654781e-05,0.045938877025548636
High-straggler,Async-FedDRL,6740,313,0.16476467534481343,0.16469614848110065,6.852686371278116e-05,0.04160805479956006
High-straggler,Async-FedDRL,7851,313,0.16473828905969376,0.16469614848110065,4.214057859311393e-05,0.02558686343411952
High-straggler,Async-FedDRL,3407,314,0.16458071976257863,0.16470372113135756,0.00012300136877893553,0.07468038240668358
High-straggler,Async-FedDRL,4518,314,0.16476523574996557,0.16470372113135756,6.151461860801066e-05,0.03734865137561184
High-straggler,Async-FedDRL,5629,314,0.16477478885926033,0.16470372113135756,7.106772790277383e-05,0.04314882955564469
High-straggler,Async-FedDRL,6740,314,0.16467864848072983,0.16470372113135756,2.507265062773323e-05,0.015222880488375137
High-straggler,Async-FedDRL,7851,314,0.16471921280425342,0.16470372113135756,1.5491672895856512e-05,0.009405781963785328
High-straggler,Async-FedDRL,3407,315,0.16467360844327067,0.16467062697377258,2.981469498092304e-06,0.00181056546202813
High-straggler,Async-FedDRL,4518,315,0.16463184996161634,0.16467062697377258,3.877701215623808e-05,0.02354822646203574
High-straggler,Async-FedDRL,5629,315,0.1647767928021649,0.16467062697377258,0.00010616582839231836,0.0644716245655806
High-straggler,Async-FedDRL,6740,315,0.16461390686399174,0.16467062697377258,5.6720109780833416e-05,0.03444458239043891
High-straggler,Async-FedDRL,7851,315,0.16465697679781924,0.16467062697377258,1.3650175953339172e-05,0.008289381175134083
High-straggler,Async-FedDRL,3407,316,0.16470138252740488,0.1646948887426764,6.493784728472951e-06,0.003942918191358695
High-straggler,Async-FedDRL,4518,316,0.16467879642217953,0.1646948887426764,1.6092320496874368e-05,0.009770989627988657
High-straggler,Async-FedDRL,5629,316,0.16473069130018028,0.1646948887426764,3.580255750387784e-05,0.021738718048388672
High-straggler,Async-FedDRL,6740,316,0.1646827904199377,0.1646948887426764,1.2098322738712808e-05,0.007345900550450927
High-straggler,Async-FedDRL,7851,316,0.16468078304367967,0.1646948887426764,1.410569899673586e-05,0.008564746061290932
High-straggler,Async-FedDRL,3407,317,0.16459076463584918,0.16466033862791196,6.957399206278247e-05,0.042253035942067974
High-straggler,Async-FedDRL,4518,317,0.16473625184691293,0.16466033862791196,7.591321900096704e-05,0.04610291684903581
High-straggler,Async-FedDRL,5629,317,0.1647410857275767,0.16466033862791196,8.074709966474081e-05,0.049038584723919164
High-straggler,Async-FedDRL,6740,317,0.1646521785384566,0.16466033862791196,8.160089455366837e-06,0.004955710357068099
High-straggler,Async-FedDRL,7851,317,0.16458141239076438,0.16466033862791196,7.892623714758629e-05,0.04793275527383576
High-straggler,Async-FedDRL,3407,318,0.16456852835039207,0.16465131793740945,8.278958701737893e-05,0.05028176394485379
High-straggler,Async-FedDRL,4518,318,0.16474013750444919,0.16465131793740945,8.881956703973848e-05,0.05394403649626561
High-straggler,Async-FedDRL,5629,318,0.16468477606420984,0.16465131793740945,3.345812680038973e-05,0.020320594587107103
High-straggler,Async-FedDRL,6740,318,0.16473091749988072,0.16465131793740945,7.959956247127753e-05,0.048344321483983814
High-straggler,Async-FedDRL,7851,318,0.16453223026811534,0.16465131793740945,0.00011908766929411008,0.0723271886225533
High-straggler,Async-FedDRL,3407,319,0.16447937896732834,0.1646264641324427,0.00014708516511435787,0.08934478784409002
High-straggler,Async-FedDRL,4518,319,0.16469430033828425,0.1646264641324427,6.783620584155381e-05,0.041206136691959376
High-straggler,Async-FedDRL,5629,319,0.16470572791188662,0.1646264641324427,7.926377944392216e-05,0.04814765345391498
High-straggler,Async-FedDRL,6740,319,0.16469400446596233,0.1646264641324427,6.75403335196334e-05,0.04102641326566846
High-straggler,Async-FedDRL,7851,319,0.1645589089787519,0.1646264641324427,6.7555153690807e-05,0.04103541556748652
High-straggler,Async-FedDRL,3407,320,0.16456230218045764,0.1646093864394911,4.708425903346414e-05,0.028603629508558964
High-straggler,Async-FedDRL,4518,320,0.16468228691278838,0.1646093864394911,7.290047329727711e-05,0.04428694795243323
High-straggler,Async-FedDRL,5629,320,0.16464053834683717,0.1646093864394911,3.115190734606643e-05,0.018924745435168477
High-straggler,Async-FedDRL,6740,320,0.1645865824411387,0.1646093864394911,2.280399835241642e-05,0.013853400978928355
High-straggler,Async-FedDRL,7851,320,0.16457522231623353,0.1646093864394911,3.416412325757401e-05,0.020754662900181835
High-straggler,Async-FedDRL,3407,321,0.16459826623736398,0.16466487609115846,6.660985379447482e-05,0.04045176808538064
High-straggler,Async-FedDRL,4518,321,0.16473125948738215,0.16466487609115846,6.638339622369593e-05,0.040314241749373494
High-straggler,Async-FedDRL,5629,321,0.16469756200229108,0.16466487609115846,3.268591113261832e-05,0.019849959450079325
High-straggler,Async-FedDRL,6740,321,0.164704184390931,0.16466487609115846,3.930829977255579e-05,0.02387169668824499
High-straggler,Async-FedDRL,7851,321,0.164593108337824,0.16466487609115846,7.176775333445073e-05,0.04358412980235087
High-straggler,Async-FedDRL,3407,322,0.16458684007463734,0.1645813961031861,5.443971451246643e-06,0.0033077684234939205
High-straggler,Async-FedDRL,4518,322,0.1646889695809719,0.1645813961031861,0.00010757347778581061,0.06536186976951286
High-straggler,Async-FedDRL,5629,322,0.1645896910208594,0.1645813961031861,8.294917673318247e-06,0.00504000930221643
High-straggler,Async-FedDRL,6740,322,0.16449756770417062,0.1645813961031861,8.382839901546757e-05,0.050934310317133566
High-straggler,Async-FedDRL,7851,322,0.16454391213529132,0.1645813961031861,3.7483967894769155e-05,0.02277533717800533
High-straggler,Async-FedDRL,3407,323,0.16449627627359403,0.1645982376709616,0.00010196139736756704,0.06194561910887036
High-straggler,Async-FedDRL,4518,323,0.16463733733165323,0.1645982376709616,3.909966069162718e-05,0.023754604693756776
High-straggler,Async-FedDRL,5629,323,0.16465541319385052,0.1645982376709616,5.717552288891925e-05,0.03473641255091405
High-straggler,Async-FedDRL,6740,323,0.1646219335142173,0.1645982376709616,2.3695843255705507e-05,0.014396170694776476
High-straggler,Async-FedDRL,7851,323,0.1645802280414928,0.1645982376709616,1.8009629468795918e-05,0.010941568830644397
High-straggler,Async-FedDRL,3407,324,0.16450277525058596,0.16458512700087172,8.235175028575847e-05,0.05003596119916856
High-straggler,Async-FedDRL,4518,324,0.1645704851464526,0.16458512700087172,1.4641854419128464e-05,0.008896219656014795
High-straggler,Async-FedDRL,5629,324,0.16469645809357814,0.16458512700087172,0.00011133109270641817,0.06764347103236644
High-straggler,Async-FedDRL,6740,324,0.16467379827240727,0.16458512700087172,8.867127153555643e-05,0.05387562846738077
High-straggler,Async-FedDRL,7851,324,0.16448211824133457,0.16458512700087172,0.00010300875953714317,0.06258691864459758
High-straggler,Async-FedDRL,3407,325,0.16450687601583364,0.16451535847126167,8.48245542803272e-06,0.005156026468808064
High-straggler,Async-FedDRL,4518,325,0.16455186710405387,0.16451535847126167,3.650863279219818e-05,0.022191625834481397
High-straggler,Async-FedDRL,5629,325,0.1644673208362668,0.16451535847126167,4.803763499486302e-05,0.029199483526186683
High-straggler,Async-FedDRL,6740,325,0.16458462669041946,0.16451535847126167,6.926821915778647e-05,0.04210440885364911
High-straggler,Async-FedDRL,7851,325,0.16446610170973458,0.16451535847126167,4.925676152708891e-05,0.029940524693135757
High-straggler,Async-FedDRL,3407,326,0.16446218731131287,0.1645353805711441,7.319325983123903e-05,0.04448481510612892
High-straggler,Async-FedDRL,4518,326,0.16456121408990634,0.1645353805711441,2.58335187622305e-05,0.01570088978586599
High-straggler,Async-FedDRL,5629,326,0.16461414273980762,0.1645353805711441,7.876216866350982e-05,0.04786944205562738
High-straggler,Async-FedDRL,6740,326,0.16458945554321255,0.1645353805711441,5.407497206844081e-05,0.03286525480460971
High-straggler,Async-FedDRL,7851,326,0.16444990317148125,0.1645353805711441,8.547739966285883e-05,0.05195077153992355
High-straggler,Async-FedDRL,3407,327,0.16448728154386,0.16451564798155272,2.8366437692717295e-05,0.017242394897230718
High-straggler,Async-FedDRL,4518,327,0.16445827326758394,0.16451564798155272,5.737471396877192e-05,0.034874928113346026
High-straggler,Async-FedDRL,5629,327,0.16453673369783023,0.16451564798155272,2.1085716277513544e-05,0.012816845410278483
High-straggler,Async-FedDRL,6740,327,0.16456076322755342,0.16451564798155272,4.511524600070427e-05,0.02742307285308391
High-straggler,Async-FedDRL,7851,327,0.1645351881709359,0.16451564798155272,1.9540189383188133e-05,0.011877404747163742
High-straggler,Async-FedDRL,3407,328,0.1644772936405567,0.16452240369592416,4.511005536747548e-05,0.027418791820504516
High-straggler,Async-FedDRL,4518,328,0.16462187604431539,0.16452240369592416,9.947234839122188e-05,0.06046127831627723
High-straggler,Async-FedDRL,5629,328,0.16458412112849138,0.16452240369592416,6.171743256722095e-05,0.03751308708161667
High-straggler,Async-FedDRL,6740,328,0.16448598939688402,0.16452240369592416,3.6414299040138376e-05,0.022133337601510192
High-straggler,Async-FedDRL,7851,328,0.16444273826937333,0.16452240369592416,7.966542655082898e-05,0.048422235975879184
High-straggler,Async-FedDRL,3407,329,0.16442662102759645,0.16448154487857275,5.49238509763017e-05,0.033392105489311166
High-straggler,Async-FedDRL,4518,329,0.16445271415723822,0.16448154487857275,2.8830721334527354e-05,0.017528240846601616
High-straggler,Async-FedDRL,5629,329,0.1645749386258562,0.16448154487857275,9.339374728345451e-05,0.05678068463693099
High-straggler,Async-FedDRL,6740,329,0.1645365873111172,0.16448154487857275,5.504243254444985e-05,0.0334641996371596
High-straggler,Async-FedDRL,7851,329,0.16441686327105567,0.16448154487857275,6.46816075170753e-05,0.03932453793817781
High-straggler,Async-FedDRL,3407,330,0.16446648632105776,0.16447773276643432,1.1246445376561498e-05,0.006837670478186825
High-straggler,Async-FedDRL,4518,330,0.16451700270093725,0.16447773276643432,3.926993450292793e-05,0.02387553247629755
High-straggler,Async-FedDRL,5629,330,0.1644739615104624,0.16447773276643432,3.771255971923848e-06,0.002292867191499532
High-straggler,Async-FedDRL,6740,330,0.16453429378017365,0.16447773276643432,5.656101373932576e-05,0.0343882498791766
High-straggler,Async-FedDRL,7851,330,0.16439691951954044,0.16447773276643432,8.081324689387936e-05,0.049133244685855296
High-straggler,Async-FedDRL,3407,331,0.16440422839243002,0.164450596858042,4.636846561198449e-05,0.02819598499360324
High-straggler,Async-FedDRL,4518,331,0.16448102078290847,0.164450596858042,3.0423924866462837e-05,0.01850034323239675
High-straggler,Async-FedDRL,5629,331,0.16455285137574496,0.164450596858042,0.0001022545177029599,0.06217947496489091
High-straggler,Async-FedDRL,6740,331,0.16444623958911064,0.164450596858042,4.357268931359792e-06,0.002649591436339449
High-straggler,Async-FedDRL,7851,331,0.164368644150016,0.164450596858042,8.195270802599519e-05,0.049834241767294334
High-straggler,Async-FedDRL,3407,332,0.16426760901197718,0.16438324439289026,0.00011563538091308168,0.07034499248396817
High-straggler,Async-FedDRL,4518,332,0.16449810232345177,0.16438324439289026,0.00011485793056151272,0.06987204260733063
High-straggler,Async-FedDRL,5629,332,0.16450326796116754,0.16438324439289026,0.00012002356827728322,0.07301447828248021
High-straggler,Async-FedDRL,6740,332,0.16430215377001847,0.16438324439289026,8.109062287178781e-05,0.04933022411820402
High-straggler,Async-FedDRL,7851,332,0.16434508889783644,0.16438324439289026,3.8155495053815436e-05,0.02321130428757111
High-straggler,Async-FedDRL,3407,333,0.1643863729005213,0.16440893022957978,2.255732905848129e-05,0.013720257790730925
High-straggler,Async-FedDRL,4518,333,0.1644595806993054,0.16440893022957978,5.0650469725632696e-05,0.030807614680604417
High-straggler,Async-FedDRL,5629,333,0.16450624752873103,0.16440893022957978,9.731729915124498e-05,0.05919222211065519
High-straggler,Async-FedDRL,6740,333,0.1643867447068653,0.16440893022957978,2.2185522714490702e-05,0.013494110498444916
High-straggler,Async-FedDRL,7851,333,0.1643057053124759,0.16440893022957978,0.00010322491710387793,0.06278546850206689
High-straggler,Async-FedDRL,3407,334,0.16438751727862133,0.16442589690030868,3.8379621687345544e-05,0.0233415918117905
High-straggler,Async-FedDRL,4518,334,0.16451886352189712,0.16442589690030868,9.296662158844726e-05,0.05654013348323888
High-straggler,Async-FedDRL,5629,334,0.16447914262491653,0.16442589690030868,5.324572460785326e-05,0.032382809284681055
High-straggler,Async-FedDRL,6740,334,0.16437691775685903,0.16442589690030868,4.89791434496456e-05,0.029787974019288233
High-straggler,Async-FedDRL,7851,334,0.1643670433192495,0.16442589690030868,5.88535810591706e-05,0.0357933769367568
High-straggler,Async-FedDRL,3407,335,0.16428801832161208,0.1643516859242477,6.366760263562532e-05,0.038738636770036375
High-straggler,Async-FedDRL,4518,335,0.16440672648889243,0.1643516859242477,5.5040564644726064e-05,0.033489504129635236
High-straggler,Async-FedDRL,5629,335,0.16443669327220226,0.1643516859242477,8.500734795455211e-05,0.05172283294601149
High-straggler,Async-FedDRL,6740,335,0.16439569873760707,0.1643516859242477,4.4012813359362024e-05,0.026779654319851777
High-straggler,Async-FedDRL,7851,335,0.16423129280092472,0.1643516859242477,0.00012039312332298713,0.07325335462544523
High-straggler,Async-FedDRL,3407,336,0.16420642231969446,0.16434934267115914,0.00014292035146468152,0.08696131614632975
High-straggler,Async-FedDRL,4518,336,0.16435639076888953,0.16434934267115914,7.048097730388836e-06,0.004288485500359517
High-straggler,Async-FedDRL,5629,336,0.1645075372649795,0.16434934267115914,0.0001581945938203544,0.09625508155324991
High-straggler,Async-FedDRL,6740,336,0.16437736719551543,0.16434934267115914,2.8024524356295988e-05,0.017051801912204345
High-straggler,Async-FedDRL,7851,336,0.16429899580671664,0.16434934267115914,5.0346864442496475e-05,0.03063405281956847
High-straggler,Async-FedDRL,3407,337,0.1642484828732314,0.16429326030466143,4.477743143002644e-05,0.02725457596190632
High-straggler,Async-FedDRL,4518,337,0.16428514473366404,0.16429326030466143,8.115570997391242e-06,0.004939685889939687
High-straggler,Async-FedDRL,5629,337,0.1643357034643667,0.16429326030466143,4.24431597052799e-05,0.02583378017246376
High-straggler,Async-FedDRL,6740,337,0.16434722958835235,0.16429326030466143,5.396928369091891e-05,0.03284935948732138
High-straggler,Async-FedDRL,7851,337,0.1642497408636926,0.16429326030466143,4.351944096883664e-05,0.02648887780797292
High-straggler,Async-FedDRL,3407,338,0.16420445601896344,0.16426528545545754,6.0829436494103106e-05,0.03703121832798794
High-straggler,Async-FedDRL,4518,338,0.16426971932453643,0.16426528545545754,4.433869078890318e-06,0.002699212476084981
High-straggler,Async-FedDRL,5629,338,0.16440080529515574,0.16426528545545754,0.00013551983969820047,0.08250059610735481
High-straggler,Async-FedDRL,6740,338,0.16428431335866053,0.16426528545545754,1.9027903202989416e-05,0.01158364236864219
High-straggler,Async-FedDRL,7851,338,0.16416713327997157,0.16426528545545754,9.81521754859771e-05,0.059752232624094036
High-straggler,Async-FedDRL,3407,339,0.16414426901080298,0.16423986313407055,9.559412326756722e-05,0.058203971583642176
High-straggler,Async-FedDRL,4518,339,0.16440425165138958,0.16423986313407055,0.00016438851731903625,0.10009051041697736
High-straggler,Async-FedDRL,5629,339,0.164350634303496,0.16423986313407055,0.0001107711694254554,0.06744475263903006
High-straggler,Async-FedDRL,6740,339,0.1641877941235213,0.16423986313407055,5.2069010549243844e-05,0.03170302845828568
High-straggler,Async-FedDRL,7851,339,0.16411236658114287,0.16423986313407055,0.00012749655292768058,0.07762826301407956
High-straggler,Async-FedDRL,3407,340,0.16406868418031953,0.16422967716530748,0.000160992984987951,0.09802916730202267
High-straggler,Async-FedDRL,4518,340,0.16430047056019467,0.16422967716530748,7.079339488719194e-05,0.04310633504804003
High-straggler,Async-FedDRL,5629,340,0.16434657247732418,0.16422967716530748,0.00011689531201669601,0.07117794666248631
High-straggler,Async-FedDRL,6740,340,0.16423140520517837,0.16422967716530748,1.728039870890763e-06,0.0010522092600543703
High-straggler,Async-FedDRL,7851,340,0.1642012534035207,0.16422967716530748,2.8423761786772195e-05,0.017307323668524232
High-straggler,Async-FedDRL,3407,341,0.16410380727719426,0.16418991698975732,8.610971256306499e-05,0.052445189169829945
High-straggler,Async-FedDRL,4518,341,0.1641980107422946,0.16418991698975732,8.093752537269294e-06,0.004929506443306264
High-straggler,Async-FedDRL,5629,341,0.16433902243455217,0.16418991698975732,0.00014910544479485033,0.09081279016917464
High-straggler,Async-FedDRL,6740,341,0.16419747186106853,0.16418991698975732,7.554871311210576e-06,0.004601300402436936
High-straggler,Async-FedDRL,7851,341,0.16411127263367714,0.16418991698975732,7.864435608018194e-05,0.04789840784503717
High-straggler,Async-FedDRL,3407,342,0.16399647369471507,0.16416589908279505,0.00016942538807998564,0.1032037646226017
High-straggler,Async-FedDRL,4518,342,0.16421203701543718,0.16416589908279505,4.613793264213184e-05,0.028104455858316068
High-straggler,Async-FedDRL,5629,342,0.1643183197291991,0.16416589908279505,0.00015242064640405562,0.09284549791134403
High-straggler,Async-FedDRL,6740,342,0.16422954814445323,0.16416589908279505,6.364906165817752e-05,0.03877118330529588
High-straggler,Async-FedDRL,7851,342,0.16407311683017073,0.16416589908279505,9.278225262432382e-05,0.05651737245232046
High-straggler,Async-FedDRL,3407,343,0.16406072789365522,0.16413970353357835,7.89756399231234e-05,0.048114891292567255
High-straggler,Async-FedDRL,4518,343,0.16412272778463713,0.16413970353357835,1.6975748941217006e-05,0.010342256368060423
High-straggler,Async-FedDRL,5629,343,0.16431757125485802,0.16413970353357835,0.0001778677212796731,0.10836361797332379
High-straggler,Async-FedDRL,6740,343,0.1641777088082158,0.16413970353357835,3.8005274637459285e-05,0.023154224005092393
High-straggler,Async-FedDRL,7851,343,0.16401978192652555,0.16413970353357835,0.00011992160705279198,0.07306069431778851
High-straggler,Async-FedDRL,3407,344,0.16402610771099285,0.16406871140998627,4.260369899342087e-05,0.025966985799601845
High-straggler,Async-FedDRL,4518,344,0.16409472090427563,0.16406871140998627,2.6009494289352952e-05,0.01585280585544347
High-straggler,Async-FedDRL,5629,344,0.16414796032171006,0.16406871140998627,7.924891172378379e-05,0.048302269849460275
High-straggler,Async-FedDRL,6740,344,0.16407897930167636,0.16406871140998627,1.0267891690091124e-05,0.006258287519814186
High-straggler,Async-FedDRL,7851,344,0.1639957888112764,0.16406871140998627,7.292259870986251e-05,0.04444637742514992
High-straggler,Async-FedDRL,3407,345,0.16395609621248816,0.1640948140372826,0.00013871782479443762,0.08453516682307871
High-straggler,Async-FedDRL,4518,345,0.1641680130216797,0.1640948140372826,7.319898439708816e-05,0.04460773780483839
High-straggler,Async-FedDRL,5629,345,0.16425961127067498,0.1640948140372826,0.00016479723339238306,0.10042805701034578
High-straggler,Async-FedDRL,6740,345,0.1641017217337716,0.1640948140372826,6.907696489005799e-06,0.0042095763534832735
High-straggler,Async-FedDRL,7851,345,0.1639886279477986,0.1640948140372826,0.00010618608948401165,0.06471020434557183
High-straggler,Async-FedDRL,3407,346,0.1639743346867507,0.16406438538326454,9.005069651382702e-05,0.054887412830921856
High-straggler,Async-FedDRL,4518,346,0.16408587025869678,0.16406438538326454,2.1484875432242756e-05,0.013095392630187691
High-straggler,Async-FedDRL,5629,346,0.1642669905417242,0.16406438538326454,0.00020260515845965665,0.12349124886937435
High-straggler,Async-FedDRL,6740,346,0.1640280662382489,0.16406438538326454,3.631914501564526e-05,0.022137129231796098
High-straggler,Async-FedDRL,7851,346,0.163966665190902,0.16406438538326454,9.772019236253815e-05,0.059562099436911764
High-straggler,Async-FedDRL,3407,347,0.1638802865954214,0.16399470079770334,0.00011441420228194832,0.06976701181526875
High-straggler,Async-FedDRL,4518,347,0.16401068052109133,0.16399470079770334,1.59797233879877e-05,0.009744048624900132
High-straggler,Async-FedDRL,5629,347,0.16419219228511936,0.16399470079770334,0.0001974914874160183,0.12042552988320954
High-straggler,Async-FedDRL,6740,347,0.16401324711739224,0.16399470079770334,1.854631968889464e-05,0.011309096939524019
High-straggler,Async-FedDRL,7851,347,0.1638770974694924,0.16399470079770334,0.00011760332821095232,0.07171166363236493
High-straggler,Async-FedDRL,3407,348,0.16395619072441966,0.16396150315569094,5.312431271276008e-06,0.0032400479191945115
High-straggler,Async-FedDRL,4518,348,0.16405286522345325,0.16396150315569094,9.136206776230726e-05,0.055721657830590694
High-straggler,Async-FedDRL,5629,348,0.16410365776853808,0.16396150315569094,0.0001421546128471396,0.08669999366385142
High-straggler,Async-FedDRL,6740,348,0.16386072986213418,0.16396150315569094,0.00010077329355676068,0.06146155751028374
High-straggler,Async-FedDRL,7851,348,0.16383407219990956,0.16396150315569094,0.00012743095578138242,0.07772004606494694
High-straggler,Async-FedDRL,3407,349,0.16374303088590633,0.16391859665714728,0.00017556577124094863,0.10710546260236879
High-straggler,Async-FedDRL,4518,349,0.16407389598102165,0.16391859665714728,0.0001552993238743694,0.09474173586246228
High-straggler,Async-FedDRL,5629,349,0.1640381547118545,0.16391859665714728,0.00011955805470723058,0.0729374562407331
High-straggler,Async-FedDRL,6740,349,0.16398772130068479,0.16391859665714728,6.91246435375048e-05,0.042170104519675795
High-straggler,Async-FedDRL,7851,349,0.1637501804062691,0.16391859665714728,0.0001684162508781839,0.1027438340205193
High-straggler,Async-FedDRL,3407,350,0.16380249240269837,0.16393612788553255,0.00013363548283418236,0.08151679837618987
High-straggler,Async-FedDRL,4518,350,0.1641216510388958,0.16393612788553255,0.00018552315336325953,0.11316794885676451
High-straggler,Async-FedDRL,5629,350,0.1640388360567388,0.16393612788553255,0.00010270817120625053,0.0626513341085901
High-straggler,Async-FedDRL,6740,350,0.1638768663258378,0.16393612788553255,5.9261559694739896e-05,0.036149176181664446
High-straggler,Async-FedDRL,7851,350,0.16384079360349205,0.16393612788553255,9.533428204050454e-05,0.058153308407449485
High-straggler,Async-FedDRL,3407,351,0.16363487998497042,0.16382819423431455,0.00019331424934412866,0.11799815669556964
High-straggler,Async-FedDRL,4518,351,0.16395777954687785,0.16382819423431455,0.0001295853125632962,0.07909829756040489
High-straggler,Async-FedDRL,5629,351,0.16404568489603294,0.16382819423431455,0.00021749066171838916,0.13275533111676988
High-straggler,Async-FedDRL,6740,351,0.16384055589925664,0.16382819423431455,1.23616649420899e-05,0.007545505216525602
High-straggler,Async-FedDRL,7851,351,0.163662070844435,0.16382819423431455,0.00016612338987956332,0.10140097719807989
High-straggler,Async-FedDRL,3407,352,0.16372485213074933,0.16383765127175692,0.00011279914100759125,0.0688481189348178
High-straggler,Async-FedDRL,4518,352,0.16397794965810736,0.16383765127175692,0.0001402983863504348,0.08563256691083929
High-straggler,Async-FedDRL,5629,352,0.1639400313225789,0.16383765127175692,0.00010238005082197077,0.06248871979503255
High-straggler,Async-FedDRL,6740,352,0.16383118958882603,0.16383765127175692,6.461682930891666e-06,0.003943954811811661
High-straggler,Async-FedDRL,7851,352,0.16371423365852317,0.16383765127175692,0.0001234176132337561,0.07532921295914073
High-straggler,Async-FedDRL,3407,353,0.1636853765998494,0.16374601710009284,6.0640500243430706e-05,0.03703326732299269
High-straggler,Async-FedDRL,4518,353,0.16372170729203744,0.16374601710009284,2.4309808055400506e-05,0.014846045409788915
High-straggler,Async-FedDRL,5629,353,0.1639986058845449,0.16374601710009284,0.0002525887844520569,0.15425644478281095
High-straggler,Async-FedDRL,6740,353,0.1637239323541218,0.16374601710009284,2.2084745971040487e-05,0.013487195818351276
High-straggler,Async-FedDRL,7851,353,0.1636004633699107,0.16374601710009284,0.00014555373018215745,0.08888993623166112
High-straggler,Async-FedDRL,3407,354,0.16356238865570297,0.16373922315503733,0.00017683449933436624,0.10799764157115219
High-straggler,Async-FedDRL,4518,354,0.16382085499385723,0.16373922315503733,8.16318388199011e-05,0.04985478570556523
High-straggler,Async-FedDRL,5629,354,0.16389127908377382,0.16373922315503733,0.00015205592873648865,0.09286469411944975
High-straggler,Async-FedDRL,6740,354,0.16376482040758322,0.16373922315503733,2.5597252545889182e-05,0.015632938799063613
High-straggler,Async-FedDRL,7851,354,0.16365677263426942,0.16373922315503733,8.24505207679127e-05,0.05035477705292641
High-straggler,Async-FedDRL,3407,355,0.16351210629551866,0.16365802013550831,0.00014591383998965868,0.08915776927329469
High-straggler,Async-FedDRL,4518,355,0.16376580001741606,0.16365802013550831,0.00010777988190774357,0.06585676755621397
High-straggler,Async-FedDRL,5629,355,0.16385565253836465,0.16365802013550831,0.00019763240285633477,0.12075937536864724
High-straggler,Async-FedDRL,6740,355,0.16356193686081896,0.16365802013550831,9.60832746893514e-05,0.058709786791869265
High-straggler,Async-FedDRL,7851,355,0.16359460496542327,0.16365802013550831,6.34151700850405e-05,0.03874858685968029
High-straggler,Async-FedDRL,3407,356,0.16349327041913875,0.16365279949108974,0.0001595290719509923,0.0974801973733899
High-straggler,Async-FedDRL,4518,356,0.16371228365519713,0.16365279949108974,5.948416410739288e-05,0.03634778280137613
High-straggler,Async-FedDRL,5629,356,0.16386158493449698,0.16365279949108974,0.00020878544340724448,0.1275782901707172
High-straggler,Async-FedDRL,6740,356,0.1636839999457193,0.16365279949108974,3.120045462956522e-05,0.01906502957883343
High-straggler,Async-FedDRL,7851,356,0.16351285850089653,0.16365279949108974,0.00013994099019321027,0.08551090517753686
High-straggler,Async-FedDRL,3407,357,0.16353184351863073,0.1635962279945054,6.438447587467366e-05,0.03935572150039798
High-straggler,Async-FedDRL,4518,357,0.16366548527758976,0.1635962279945054,6.925728308435075e-05,0.04233427868928424
High-straggler,Async-FedDRL,5629,357,0.163795649400051,0.1635962279945054,0.00019942140554560228,0.12189853518645925
High-straggler,Async-FedDRL,6740,357,0.16365337273928,0.1635962279945054,5.714474477458431e-05,0.03493035595937065
High-straggler,Async-FedDRL,7851,357,0.16333478903697551,0.1635962279945054,0.00026143895752989144,0.15980744833473312
High-straggler,Async-FedDRL,3407,358,0.16327151552598507,0.16351390748448819,0.00024239195850311868,0.14823935298966132
High-straggler,Async-FedDRL,4518,358,0.16355457430387838,0.16351390748448819,4.0666819390189346e-05,0.024870556893790346
High-straggler,Async-FedDRL,5629,358,0.1637220024072511,0.16351390748448819,0.00020809492276291364,0.12726435687597684
High-straggler,Async-FedDRL,6740,358,0.16357846352352345,0.16351390748448819,6.455603903526841e-05,0.03948045767384804
High-straggler,Async-FedDRL,7851,358,0.16344298166180293,0.16351390748448819,7.092582268525272e-05,0.043376018453953905
High-straggler,Async-FedDRL,3407,359,0.1631791290610033,0.16348914112446772,0.00031001206346442656,0.1896224185485248
High-straggler,Async-FedDRL,4518,359,0.16361350142051703,0.16348914112446772,0.00012436029604931398,0.07606639510977421
High-straggler,Async-FedDRL,5629,359,0.163863550888083,0.16348914112446772,0.00037440976361527434,0.22901200718292863
High-straggler,Async-FedDRL,6740,359,0.1635272891903882,0.16348914112446772,3.8148065920479146e-05,0.023333700121059554
High-straggler,Async-FedDRL,7851,359,0.1632622350623471,0.16348914112446772,0.00022690606212061315,0.13878968386522061
High-straggler,Async-FedDRL,3407,360,0.16325424184577253,0.16343957911479956,0.00018533726902703052,0.11339803371425111
High-straggler,Async-FedDRL,4518,360,0.1635285604001688,0.16343957911479956,8.898128536924399e-05,0.05444292370989511
High-straggler,Async-FedDRL,5629,360,0.16368263121366028,0.16343957911479956,0.00024305209886071877,0.14871067349604442
High-straggler,Async-FedDRL,6740,360,0.16343722773008035,0.16343957911479956,2.3513847192124793e-06,0.0014386874537659403
High-straggler,Async-FedDRL,7851,360,0.1632952343843158,0.16343957911479956,0.00014434473048374752,0.08831687603793946
High-straggler,Async-FedDRL,3407,361,0.16317684762035914,0.16338839588099013,0.00021154826063099486,0.12947569470299697
High-straggler,Async-FedDRL,4518,361,0.16347547894660333,0.16338839588099013,8.708306561319712e-05,0.053298194858726215
High-straggler,Async-FedDRL,5629,361,0.16372185026163705,0.16338839588099013,0.0003334543806469137,0.2040869419452513
High-straggler,Async-FedDRL,6740,361,0.16335467474358048,0.16338839588099013,3.3721137409653545e-05,0.020638636683975746
High-straggler,Async-FedDRL,7851,361,0.16321312783277064,0.16338839588099013,0.00017526804821949016,0.10727080541702178
High-straggler,Async-FedDRL,3407,362,0.16307426473890577,0.16324646302152393,0.0001721982826181634,0.10548362238969868
High-straggler,Async-FedDRL,4518,362,0.1633568349182264,0.16324646302152393,0.00011037189670246028,0.06761058993842202
High-straggler,Async-FedDRL,5629,362,0.16352392813945665,0.16324646302152393,0.00027746511793272366,0.16996700130412018
High-straggler,Async-FedDRL,6740,362,0.16322791435204514,0.16324646302152393,1.8548669478785085e-05,0.011362371432414715
High-straggler,Async-FedDRL,7851,362,0.16304937295898567,0.16324646302152393,0.00019709006253826322,0.12073159742044581
High-straggler,Async-FedDRL,3407,363,0.16313872760608633,0.16328514987951984,0.00014642227343350522,0.08967274338269163
High-straggler,Async-FedDRL,4518,363,0.16335230318584865,0.16328514987951984,6.715330632880989e-05,0.04112640149968264
High-straggler,Async-FedDRL,5629,363,0.1635474642817861,0.16328514987951984,0.00026231440226626157,0.1606480457407245
High-straggler,Async-FedDRL,6740,363,0.16327605696525732,0.16328514987951984,9.092914262515128e-06,0.0055687331451906965
High-straggler,Async-FedDRL,7851,363,0.16311119735862067,0.16328514987951984,0.00017395252089916213,0.10653297071259281
High-straggler,Async-FedDRL,3407,364,0.1630879901325438,0.16321461898303583,0.00012662885049202766,0.07758425763637582
High-straggler,Async-FedDRL,4518,364,0.16326747651454926,0.16321461898303583,5.2857531513433864e-05,0.03238529234867605
High-straggler,Async-FedDRL,5629,364,0.16351906440704872,0.16321461898303583,0.00030444542401289465,0.18653073230195027
High-straggler,Async-FedDRL,6740,364,0.16307610269174183,0.16321461898303583,0.00013851629129399412,0.084867576297434
High-straggler,Async-FedDRL,7851,364,0.16312246116929546,0.16321461898303583,9.215781374036225e-05,0.056464190716850514
High-straggler,Async-FedDRL,3407,365,0.1629378707580477,0.16313812202525396,0.0002002512672062695,0.12274952336111261
High-straggler,Async-FedDRL,4518,365,0.16315737607862174,0.16313812202525396,1.9254053367778745e-05,0.011802301711428428
High-straggler,Async-FedDRL,5629,365,0.16335160561305911,0.16313812202525396,0.0002134835878051522,0.13086063830752245
High-straggler,Async-FedDRL,6740,365,0.16329845412984437,0.16313812202525396,0.00016033210459040492,0.0982799744167616
High-straggler,Async-FedDRL,7851,365,0.16294530354669692,0.16313812202525396,0.0001928184785570386,0.11819339107458285
High-straggler,Async-FedDRL,3407,366,0.16298179348139172,0.16305007078215356,6.827730076183758e-05,0.04187505128597024
High-straggler,Async-FedDRL,4518,366,0.16317168645487296,0.16305007078215356,0.00012161567271939955,0.07458793003646512
High-straggler,Async-FedDRL,5629,366,0.16328480305259882,0.16305007078215356,0.0002347322704452648,0.1439633048420345
High-straggler,Async-FedDRL,6740,366,0.16295372460377391,0.16305007078215356,9.634617837964154e-05,0.059089933489429064
High-straggler,Async-FedDRL,7851,366,0.16285834631813048,0.16305007078215356,0.0001917244640230742,0.11758625010303225
High-straggler,Async-FedDRL,3407,367,0.16275245314080794,0.16295063597128043,0.00019818283047248753,0.12162139122145965
High-straggler,Async-FedDRL,4518,367,0.16301929030852919,0.16295063597128043,6.865433724875802e-05,0.04213198484285643
High-straggler,Async-FedDRL,5629,367,0.16309210067244043,0.16295063597128043,0.00014146470115999898,0.08681445169991955
High-straggler,Async-FedDRL,6740,367,0.16298018598047684,0.16295063597128043,2.955000919641071e-05,0.01813433192222632
High-straggler,Async-FedDRL,7851,367,0.16290914975414786,0.16295063597128043,4.148621713256917e-05,0.025459377243474517
High-straggler,Async-FedDRL,3407,368,0.16259551689240642,0.16288597251940568,0.0002904556269992531,0.17831837972705059
High-straggler,Async-FedDRL,4518,368,0.16293904402294773,0.16288597251940568,5.307150354205703e-05,0.0325819975294277
High-straggler,Async-FedDRL,5629,368,0.163243451001596,0.16288597251940568,0.0003574784821903376,0.21946548045918984
High-straggler,Async-FedDRL,6740,368,0.16292362514060782,0.16288597251940568,3.765262120214441e-05,0.02311593848123331
High-straggler,Async-FedDRL,7851,368,0.1627282255394705,0.16288597251940568,0.00015774697993517495,0.09684503674273211
High-straggler,Async-FedDRL,3407,369,0.16266783551550607,0.16289953670386934,0.00023170118836327025,0.14223563372342402
High-straggler,Async-FedDRL,4518,369,0.16313825195515122,0.16289953670386934,0.00023871525128188464,0.1465413936172444
High-straggler,Async-FedDRL,5629,369,0.16310047756121013,0.16289953670386934,0.00020094085734079226,0.12335262665975362
High-straggler,Async-FedDRL,6740,369,0.1629051369227284,0.16289953670386934,5.600218859064254e-06,0.003437835964656389
High-straggler,Async-FedDRL,7851,369,0.16268598156475073,0.16289953670386934,0.00021355513911860968,0.13109622251831557
High-straggler,Async-FedDRL,3407,370,0.1625296655145277,0.1628215380110456,0.0002918724965179087,0.17925914475645627
High-straggler,Async-FedDRL,4518,370,0.1629064454782088,0.1628215380110456,8.49074671631922e-05,0.052147564874023104
High-straggler,Async-FedDRL,5629,370,0.16319328082596826,0.1628215380110456,0.00037174281492266537,0.2283130471949275
High-straggler,Async-FedDRL,6740,370,0.16283559164099332,0.1628215380110456,1.405362994771897e-05,0.008631308928408226
High-straggler,Async-FedDRL,7851,370,0.16264270659552976,0.1628215380110456,0.00017883141551583437,0.10983277624100485
High-straggler,Async-FedDRL,3407,371,0.16256886475318535,0.1627455401883559,0.0001766754351705535,0.10855930980724611
High-straggler,Async-FedDRL,4518,371,0.16281641767046323,0.1627455401883559,7.087748210732325e-05,0.04355110562494811
High-straggler,Async-FedDRL,5629,371,0.16303710933914745,0.1627455401883559,0.00029156915079153745,0.17915646134086727
High-straggler,Async-FedDRL,6740,371,0.16276914874141943,0.1627455401883559,2.3608553063519944e-05,0.014506420904804054
High-straggler,Async-FedDRL,7851,371,0.1625361604375642,0.1627455401883559,0.0002093797507917161,0.1286546780633051
High-straggler,Async-FedDRL,3407,372,0.16227572497885542,0.1626051288469561,0.00032940386810068056,0.20257901484197055
High-straggler,Async-FedDRL,4518,372,0.16284706691519577,0.1626051288469561,0.00024193806823966102,0.14878870670024993
High-straggler,Async-FedDRL,5629,372,0.16298200849463557,0.1626051288469561,0.00037687964767946225,0.23177599030974064
High-straggler,Async-FedDRL,6740,372,0.16258916576572258,0.1626051288469561,1.5963081233527632e-05,0.009817083474994248
High-straggler,Async-FedDRL,7851,372,0.1623316780803712,0.1626051288469561,0.00027345076658491507,0.16816859869302575
High-straggler,Async-FedDRL,3407,373,0.16241482313816596,0.16261025128085507,0.00019542814268910802,0.12018193265784392
High-straggler,Async-FedDRL,4518,373,0.1625598182893217,0.16261025128085507,5.043299153337233e-05,0.03101464460950013
High-straggler,Async-FedDRL,5629,373,0.16303143488191216,0.16261025128085507,0.00042118360105708463,0.2590141751454711
High-straggler,Async-FedDRL,6740,373,0.1625112655520877,0.16261025128085507,9.898572876737566e-05,0.06087299416099589
High-straggler,Async-FedDRL,7851,373,0.1625339145427877,0.16261025128085507,7.63367380673674e-05,0.04694460371721652
High-straggler,Async-FedDRL,3407,374,0.16193142098477648,0.16242295168620863,0.0004915307014321524,0.30262391880536693
High-straggler,Async-FedDRL,4518,374,0.1626194398221043,0.16242295168620863,0.00019648813589567826,0.12097313455753564
High-straggler,Async-FedDRL,5629,374,0.16281736953783588,0.16242295168620863,0.00039441785162724896,0.24283381599248394
High-straggler,Async-FedDRL,6740,374,0.16249486049387185,0.16242295168620863,7.19088076632235e-05,0.04427256549440561
High-straggler,Async-FedDRL,7851,374,0.16225166759245463,0.16242295168620863,0.00017128409375399833,0.10545559723905824
High-straggler,Async-FedDRL,3407,375,0.16222080470597852,0.16235871063989138,0.00013790593391285744,0.08493904230289821
High-straggler,Async-FedDRL,4518,375,0.16254767336022655,0.16235871063989138,0.00018896272033516737,0.11638594541088909
High-straggler,Async-FedDRL,5629,375,0.16275284797372613,0.16235871063989138,0.00039413733383475424,0.242757122350487
High-straggler,Async-FedDRL,6740,375,0.1622642237744582,0.16235871063989138,9.44868654331743e-05,0.05819636350940507
High-straggler,Async-FedDRL,7851,375,0.16200800338506743,0.16235871063989138,0.0003507072548239454,0.216007661949107
High-straggler,Async-FedDRL,3407,376,0.1620381161120114,0.16227103974220466,0.00023292363019325468,0.14353986426862966
High-straggler,Async-FedDRL,4518,376,0.16231406903154885,0.16227103974220466,4.302928934418748e-05,0.026516924654298682
High-straggler,Async-FedDRL,5629,376,0.1627323186322756,0.16227103974220466,0.000461278890070943,0.2842644570489987
High-straggler,Async-FedDRL,6740,376,0.16224178301591946,0.16227103974220466,2.9256726285203927e-05,0.01802954262922284
High-straggler,Async-FedDRL,7851,376,0.16202891191926808,0.16227103974220466,0.00024212782293658863,0.14921197480539358
High-straggler,Async-FedDRL,3407,377,0.16154217501109214,0.16204602922527755,0.0005038542141854174,0.31093277422117865
High-straggler,Async-FedDRL,4518,377,0.16208450735518526,0.16204602922527755,3.847812990770416e-05,0.02374518529806836
High-straggler,Async-FedDRL,5629,377,0.1622876971030456,0.16204602922527755,0.00024166787776805365,0.1491353283529615
High-straggler,Async-FedDRL,6740,377,0.16235084766730076,0.16204602922527755,0.00030481844202320807,0.18810608533915218
High-straggler,Async-FedDRL,7851,377,0.16196491898976398,0.16204602922527755,8.111023551357621e-05,0.050053824769020525
High-straggler,Async-FedDRL,3407,378,0.16152055272881943,0.16201879414225617,0.0004982414134367397,0.3075207515735936
High-straggler,Async-FedDRL,4518,378,0.162379198490108,0.16201879414225617,0.0003604043478518393,0.22244601298254082
High-straggler,Async-FedDRL,5629,378,0.16244537835727413,0.16201879414225617,0.0004265842150179555,0.2632930440424121
High-straggler,Async-FedDRL,6740,378,0.16210624675104743,0.16201879414225617,8.745260879125527e-05,0.05397682982041571
High-straggler,Async-FedDRL,7851,378,0.16164259438403178,0.16201879414225617,0.00037619975822439367,0.2321951352718264
High-straggler,Async-FedDRL,3407,379,0.16158053716635964,0.16198582915481544,0.0004052919884557915,0.25020212605661946
High-straggler,Async-FedDRL,4518,379,0.16209993123648955,0.16198582915481544,0.00011410208167411673,0.0704395454031139
High-straggler,Async-FedDRL,5629,379,0.16241734272358355,0.16198582915481544,0.0004315135687681104,0.266389702741033
High-straggler,Async-FedDRL,6740,379,0.16222795204188672,0.16198582915481544,0.00024212288707128882,0.14947164720185716
High-straggler,Async-FedDRL,7851,379,0.16160338260575774,0.16198582915481544,0.0003824465490576967,0.23609876928936752
High-straggler,Async-FedDRL,3407,380,0.1612048647625807,0.16177403467872029,0.0005691699161395891,0.3518302039446245
High-straggler,Async-FedDRL,4518,380,0.1621989591590672,0.16177403467872029,0.0004249244803469221,0.2626654402177784
High-straggler,Async-FedDRL,5629,380,0.16205811148938848,0.16177403467872029,0.00028407681066819346,0.17560099260203518
High-straggler,Async-FedDRL,6740,380,0.16186995899449072,0.16177403467872029,9.592431577043481e-05,0.059295248437697935
High-straggler,Async-FedDRL,7851,380,0.1615382789880744,0.16177403467872029,0.00023575569064587798,0.14573147731283556
High-straggler,Async-FedDRL,3407,381,0.16112418310494506,0.161673490426589,0.0005493073216439326,0.3397633837152519
High-straggler,Async-FedDRL,4518,381,0.1619525444054893,0.161673490426589,0.00027905397890032324,0.1726034232105808
High-straggler,Async-FedDRL,5629,381,0.16205787344413353,0.161673490426589,0.0003843830175445373,0.23775265600458717
High-straggler,Async-FedDRL,6740,381,0.1619705280295932,0.161673490426589,0.0002970376030042021,0.18372684490230504
High-straggler,Async-FedDRL,7851,381,0.16126232314878383,0.161673490426589,0.0004111672778051578,0.2543195404022383
High-straggler,Async-FedDRL,3407,382,0.16087896030468368,0.16150005779888038,0.0006210974941966985,0.3845803541260431
High-straggler,Async-FedDRL,4518,382,0.1615602186008672,0.16150005779888038,6.016080198681384e-05,0.03725125724829983
High-straggler,Async-FedDRL,5629,382,0.16195528338801932,0.16150005779888038,0.0004552255891389356,0.2818733289283637
High-straggler,Async-FedDRL,6740,382,0.16168441989322,0.16150005779888038,0.00018436209433961293,0.11415605471126404
High-straggler,Async-FedDRL,7851,382,0.1614214068076117,0.16150005779888038,7.865099126869168e-05,0.04870028676190167
High-straggler,Async-FedDRL,3407,383,0.16109128190677827,0.1615288769345525,0.0004375950277742402,0.2709082339200209
High-straggler,Async-FedDRL,4518,383,0.16203103913501332,0.1615288769345525,0.0005021622004608151,0.31088076014066435
High-straggler,Async-FedDRL,5629,383,0.16209505087255205,0.1615288769345525,0.0005661739379995423,0.3505094251530901
High-straggler,Async-FedDRL,6740,383,0.16124012228031676,0.1615288769345525,0.0002887546542357511,0.1787634878144713
High-straggler,Async-FedDRL,7851,383,0.16118689047810214,0.1615288769345525,0.00034198645645036607,0.21171846355926222
High-straggler,Async-FedDRL,3407,384,0.16089309159122617,0.16132407391879053,0.00043098232756436095,0.26715313907911514
High-straggler,Async-FedDRL,4518,384,0.1613099231788609,0.16132407391879053,1.4150739929635892e-05,0.008771623221441384
High-straggler,Async-FedDRL,5629,384,0.16191174353372345,0.16132407391879053,0.000587669614932923,0.3642789328694687
High-straggler,Async-FedDRL,6740,384,0.16138261969313997,0.16132407391879053,5.854577434943886e-05,0.0362907859486058
High-straggler,Async-FedDRL,7851,384,0.1611229915970021,0.16132407391879053,0.00020108232178842056,0.1246449565175524
High-straggler,Async-FedDRL,3407,385,0.16076222223244327,0.16119702861500365,0.00043480638256038207,0.2697359785699622
High-straggler,Async-FedDRL,4518,385,0.16149776035418048,0.16119702861500365,0.0003007317391768294,0.18656158972699471
High-straggler,Async-FedDRL,5629,385,0.1617986608813627,0.16119702861500365,0.0006016322663590368,0.37322788858344935
High-straggler,Async-FedDRL,6740,385,0.1611154131857092,0.16119702861500365,8.161542929444043e-05,0.05063085219105829
High-straggler,Async-FedDRL,7851,385,0.16081108642132258,0.16119702861500365,0.0003859421936810714,0.2394226475494408
High-straggler,Async-FedDRL,3407,386,0.16070471727053304,0.16098858447205644,0.0002838672015234023,0.17632753431202103
High-straggler,Async-FedDRL,4518,386,0.16117061496825164,0.16098858447205644,0.00018203049619519573,0.11307043713201394
High-straggler,Async-FedDRL,5629,386,0.16165467832658212,0.16098858447205644,0.0006660938545256789,0.41375222765642494
High-straggler,Async-FedDRL,6740,386,0.16076082146706175,0.16098858447205644,0.00022776300499469104,0.14147773628895094
High-straggler,Async-FedDRL,7851,386,0.16065209032785363,0.16098858447205644,0.0003364941442028091,0.20901739418748413
High-straggler,Async-FedDRL,3407,387,0.16049523908399038,0.16103948911492266,0.0005442500309322806,0.3379606045222159
High-straggler,Async-FedDRL,4518,387,0.16119925892935355,0.16103948911492266,0.0001597698144308879,0.099211575563849
High-straggler,Async-FedDRL,5629,387,0.16173397796822245,0.16103948911492266,0.000694488853299785,0.43125376087363065
High-straggler,Async-FedDRL,6740,387,0.16117295135161888,0.16103948911492266,0.00013346223669621904,0.08287547199120604
High-straggler,Async-FedDRL,7851,387,0.16059601824142805,0.16103948911492266,0.00044347087349461134,0.27538020390646983
High-straggler,Async-FedDRL,3407,388,0.16052853458339378,0.16078494086600584,0.00025640628261205944,0.15947157814097904
High-straggler,Async-FedDRL,4518,388,0.16090359053100414,0.16078494086600584,0.00011864966499830487,0.07379401600625306
High-straggler,Async-FedDRL,5629,388,0.1613885519301543,0.16078494086600584,0.0006036110641484682,0.3754151731482755
High-straggler,Async-FedDRL,6740,388,0.16072104197838089,0.16078494086600584,6.389888762495244e-05,0.039741836070458975
High-straggler,Async-FedDRL,7851,388,0.16038298530709602,0.16078494086600584,0.0004019555589098167,0.24999577494312508
High-straggler,Async-FedDRL,3407,389,0.16004051306217382,0.16064447377053734,0.0006039607083635212,0.37596108611007156
High-straggler,Async-FedDRL,4518,389,0.16109836251181578,0.16064447377053734,0.0004538887412784409,0.2825423935383985
High-straggler,Async-FedDRL,5629,389,0.16118694086415464,0.16064447377053734,0.0005424670936172993,0.3376817645107125
High-straggler,Async-FedDRL,6740,389,0.16080163299346587,0.16064447377053734,0.0001571592229285268,0.09783045705824352
High-straggler,Async-FedDRL,7851,389,0.16009491942107673,0.16064447377053734,0.000549554349460607,0.3420935289971966
High-straggler,Async-FedDRL,3407,390,0.15993378484072135,0.1603929797138767,0.0004591948731553497,0.2862936233085154
High-straggler,Async-FedDRL,4518,390,0.1605852419364222,0.1603929797138767,0.0001922622225455084,0.11986947489128445
High-straggler,Async-FedDRL,5629,390,0.16108988138262495,0.1603929797138767,0.000696901668748251,0.43449636635683575
High-straggler,Async-FedDRL,6740,390,0.16042693357293128,0.1603929797138767,3.3953859054580704e-05,0.021169167824645833
High-straggler,Async-FedDRL,7851,390,0.15992905683668374,0.1603929797138767,0.00046392287719296266,0.28924138576423336
High-straggler,Async-FedDRL,3407,391,0.15991201950534498,0.16033319245236802,0.00042117294702304076,0.2626860605598952
High-straggler,Async-FedDRL,4518,391,0.16073496330005743,0.16033319245236802,0.0004017708476894144,0.25058494847146073
High-straggler,Async-FedDRL,5629,391,0.1610188900505674,0.16033319245236802,0.0006856975981993918,0.4276703954504615
High-straggler,Async-FedDRL,6740,391,0.16037664734912743,0.16033319245236802,4.345489675941505e-05,0.02710287002632015
High-straggler,Async-FedDRL,7851,391,0.15962344205674284,0.16033319245236802,0.0007097503956251805,0.4426721533883472
High-straggler,Async-FedDRL,3407,392,0.15993080418738476,0.16021697785281447,0.000286173665429712,0.1786163172373713
High-straggler,Async-FedDRL,4518,392,0.16065379350138864,0.16021697785281447,0.00043681564857417365,0.27264005002981667
High-straggler,Async-FedDRL,5629,392,0.16079968605971223,0.16021697785281447,0.000582708206897764,0.36369941232637465
High-straggler,Async-FedDRL,6740,392,0.1599732076114471,0.16021697785281447,0.0002437702413673748,0.15215006838496084
High-straggler,Async-FedDRL,7851,392,0.15972739790413962,0.16021697785281447,0.0004895799486748509,0.30557307673385914
High-straggler,Async-FedDRL,3407,393,0.15937506336796892,0.16003762244747227,0.0006625590795033554,0.4140020761185835
High-straggler,Async-FedDRL,4518,393,0.16030833663565375,0.16003762244747227,0.00027071418818147563,0.16915659208217101
High-straggler,Async-FedDRL,5629,393,0.1605667342564136,0.16003762244747227,0.0005291118089413294,0.33061713917613034
High-straggler,Async-FedDRL,6740,393,0.16000677984180092,0.16003762244747227,3.0842605671349554e-05,0.01927209689801081
High-straggler,Async-FedDRL,7851,393,0.15993119813552417,0.16003762244747227,0.00010642431194810009,0.06649955824170707
High-straggler,Async-FedDRL,3407,394,0.1593699397355813,0.15997776163084382,0.0006078218952625114,0.3799414925338741
High-straggler,Async-FedDRL,4518,394,0.16035957772394163,0.15997776163084382,0.0003818160930978143,0.23866823063750123
High-straggler,Async-FedDRL,5629,394,0.16062766315656815,0.15997776163084382,0.0006499015257243335,0.40624491748047564
High-straggler,Async-FedDRL,6740,394,0.1596246679329564,0.15997776163084382,0.0003530936978874133,0.22071423820905406
High-straggler,Async-FedDRL,7851,394,0.15990695960517157,0.15997776163084382,7.08020256722508e-05,0.04425741737506604
High-straggler,Async-FedDRL,3407,395,0.15899730663457162,0.15960564432503918,0.0006083376904675586,0.38115048690174774
High-straggler,Async-FedDRL,4518,395,0.16012178642068736,0.15960564432503918,0.000516142095648181,0.32338586635260236
High-straggler,Async-FedDRL,5629,395,0.1604553955587596,0.15960564432503918,0.0008497512337204138,0.5324067562359407
High-straggler,Async-FedDRL,6740,395,0.15934629439383227,0.15960564432503918,0.0002593499312069092,0.1624942102164879
High-straggler,Async-FedDRL,7851,395,0.15910743861734516,0.15960564432503918,0.0004982057076940161,0.3121479254702378
High-straggler,Async-FedDRL,3407,396,0.1583387065714405,0.15939585029068232,0.0010571437192418154,0.6632190971809835
High-straggler,Async-FedDRL,4518,396,0.15987785576253982,0.15939585029068232,0.0004820054718575051,0.30239524490662434
High-straggler,Async-FedDRL,5629,396,0.16004059415220465,0.15939585029068232,0.0006447438615223289,0.40449225017247403
High-straggler,Async-FedDRL,6740,396,0.15978076434647245,0.15939585029068232,0.0003849140557901365,0.24148310955911825
High-straggler,Async-FedDRL,7851,396,0.15894133062075405,0.15939585029068232,0.0004545196699282661,0.2851515074573027
High-straggler,Async-FedDRL,3407,397,0.15848061442011424,0.15909715687399145,0.0006165424538772113,0.38752575218269103
High-straggler,Async-FedDRL,4518,397,0.15942298235128224,0.15909715687399145,0.00032582547729079203,0.20479654300098724
High-straggler,Async-FedDRL,5629,397,0.16014751170012223,0.15909715687399145,0.0010503548261307782,0.6601971064528093
High-straggler,Async-FedDRL,6740,397,0.15891755436967475,0.15909715687399145,0.00017960250431670044,0.11288856937836399
High-straggler,Async-FedDRL,7851,397,0.15851712152876377,0.15909715687399145,0.0005800353452276863,0.3645793278927589
High-straggler,Async-FedDRL,3407,398,0.15864712315230478,0.15910358367733912,0.0004564605250343412,0.2868951877036533
High-straggler,Async-FedDRL,4518,398,0.15935917998913393,0.15910358367733912,0.000255596311794809,0.16064774022510794
High-straggler,Async-FedDRL,5629,398,0.15943093793444366,0.15910358367733912,0.00032735425710453403,0.20574914124398733
High-straggler,Async-FedDRL,6740,398,0.15934962510884104,0.15910358367733912,0.00024604143150191993,0.15464229391645265
High-straggler,Async-FedDRL,7851,398,0.1587310522019722,0.15910358367733912,0.00037253147536692177,0.2341439876818946
High-straggler,Async-FedDRL,3407,399,0.15841947937822354,0.15911916543630314,0.0006996860580796016,0.4397245650208569
High-straggler,Async-FedDRL,4518,399,0.15933281073276334,0.15911916543630314,0.00021364529646020203,0.13426748177970188
High-straggler,Async-FedDRL,5629,399,0.15991879615504673,0.15911916543630314,0.000799630718743588,0.5025357671723634
High-straggler,Async-FedDRL,6740,399,0.15950156561409992,0.15911916543630314,0.00038240017779678226,0.2403231419346908
High-straggler,Async-FedDRL,7851,399,0.15842317530138217,0.15911916543630314,0.0006959901349209707,0.4374018258658992
High-straggler,Async-FedDRL,3407,400,0.15844110726817057,0.15888758627946048,0.0004464790112899131,0.2810030800673254
High-straggler,Async-FedDRL,4518,400,0.1589347007825345,0.15888758627946048,4.711450307401388e-05,0.029652727552388028
High-straggler,Async-FedDRL,5629,400,0.1597199020816284,0.15888758627946048,0.0008323158021679156,0.5238394148073918
High-straggler,Async-FedDRL,6740,400,0.15882454667129264,0.15888758627946048,6.303960816783638e-05,0.03967560313803166
High-straggler,Async-FedDRL,7851,400,0.15851767459367622,0.15888758627946048,0.00036991168578426326,0.23281345915447518
High-straggler,JIT-APFRL,3407,1,0.17077591423523422,0.17095809544020485,0.00018218120497062729,0.1065648306981449
High-straggler,JIT-APFRL,4518,1,0.17131425264716207,0.17095809544020485,0.00035615720695722497,0.20833012092240832
High-straggler,JIT-APFRL,5629,1,0.17091697961770674,0.17095809544020485,4.1115822498105636e-05,0.02405023429410309
High-straggler,JIT-APFRL,6740,1,0.17030427036278453,0.17095809544020485,0.0006538250774203169,0.38244756747948333
High-straggler,JIT-APFRL,7851,1,0.17147906033813662,0.17095809544020485,0.0005209648979317694,0.30473251154929054
High-straggler,JIT-APFRL,3407,2,0.1707650453002292,0.17092660656930642,0.00016156126907720947,0.09452084278739861
High-straggler,JIT-APFRL,4518,2,0.17134063195813654,0.17092660656930642,0.0004140253888301193,0.2422240733260228
High-straggler,JIT-APFRL,5629,2,0.17091922263599515,0.17092660656930642,7.383933311261304e-06,0.004319943781407317
High-straggler,JIT-APFRL,6740,2,0.17030674385549469,0.17092660656930642,0.0006198627138117307,0.36264846430470266
High-straggler,JIT-APFRL,7851,2,0.17130138909667653,0.17092660656930642,0.00037478252737011,0.21926517754750202
High-straggler,JIT-APFRL,3407,3,0.17074216616413246,0.17093359349039905,0.0001914273262665911,0.11198929499913844
High-straggler,JIT-APFRL,4518,3,0.17129610326685335,0.17093359349039905,0.0003625097764543006,0.21207637951791025
High-straggler,JIT-APFRL,5629,3,0.1708132683641211,0.17093359349039905,0.00012032512627793701,0.07039290745659975
High-straggler,JIT-APFRL,6740,3,0.1703700806606628,0.17093359349039905,0.0005635128297362402,0.3296676903758484
High-straggler,JIT-APFRL,7851,3,0.1714463489962254,0.17093359349039905,0.0005127555058263567,0.29997351331361144
High-straggler,JIT-APFRL,3407,4,0.1706791887159447,0.17118106767496447,0.0005018789590197636,0.29318601983060555
High-straggler,JIT-APFRL,4518,4,0.17171182413124095,0.17118106767496447,0.0005307564562764822,0.31005558236397557
High-straggler,JIT-APFRL,5629,4,0.17103603282708563,0.17118106767496447,0.0001450348478788388,0.08472598626048318
High-straggler,JIT-APFRL,6740,4,0.1708802276147115,0.17118106767496447,0.00030084006025296595,0.1757437690622398
High-straggler,JIT-APFRL,7851,4,0.17159806508583958,0.17118106767496447,0.000416997410875114,0.2436001927893692
High-straggler,JIT-APFRL,3407,5,0.17109714385716945,0.1713412916797325,0.00024414782256304557,0.14249211043617058
High-straggler,JIT-APFRL,4518,5,0.17173517888770332,0.1713412916797325,0.00039388720797081667,0.2298845795484385
High-straggler,JIT-APFRL,5629,5,0.17117845728954872,0.1713412916797325,0.00016283439018377477,0.09503511301183684
High-straggler,JIT-APFRL,6740,5,0.17115529569118057,0.1713412916797325,0.00018599598855192911,0.1085529277435289
High-straggler,JIT-APFRL,7851,5,0.1715403826730605,0.1713412916797325,0.0001990909933279883,0.11619557164313023
High-straggler,JIT-APFRL,3407,6,0.1713587773550351,0.17142495338550362,6.617603046851772e-05,0.038603499176517106
High-straggler,JIT-APFRL,4518,6,0.17183121753811562,0.17142495338550362,0.0004062641526119959,0.23699242414164845
High-straggler,JIT-APFRL,5629,6,0.17118566599944848,0.17142495338550362,0.000239287386055137,0.13958725455623902
High-straggler,JIT-APFRL,6740,6,0.1711552177282826,0.17142495338550362,0.0002697356572210208,0.1573491209383235
High-straggler,JIT-APFRL,7851,6,0.17159388830663627,0.17142495338550362,0.00016893492113265185,0.09854745052941496
High-straggler,JIT-APFRL,3407,7,0.17148326132015318,0.17143447579386795,4.878552628523325e-05,0.028457243538279168
High-straggler,JIT-APFRL,4518,7,0.17166907328594444,0.17143447579386795,0.00023459749207649372,0.13684382385172789
High-straggler,JIT-APFRL,5629,7,0.17107557170459858,0.17143447579386795,0.0003589040892693629,0.20935350815953005
High-straggler,JIT-APFRL,6740,7,0.17140054988143955,0.17143447579386795,3.392591242840082e-05,0.01978943399295786
High-straggler,JIT-APFRL,7851,7,0.17154392277720398,0.17143447579386795,0.00010944698333603675,0.06384187476248086
High-straggler,JIT-APFRL,3407,8,0.17131582132183265,0.17144828582910035,0.00013246450726769887,0.07726207738217895
High-straggler,JIT-APFRL,4518,8,0.17178334190419203,0.17144828582910035,0.0003350560750916831,0.1954269029120927
High-straggler,JIT-APFRL,5629,8,0.17111390614844843,0.17144828582910035,0.0003343796806519195,0.1950323848587376
High-straggler,JIT-APFRL,6740,8,0.17140519102779725,0.17144828582910035,4.309480130310073e-05,0.025135743466142103
High-straggler,JIT-APFRL,7851,8,0.17162316874323136,0.17144828582910035,0.0001748829141310082,0.10200330279494978
High-straggler,JIT-APFRL,3407,9,0.17118000632296476,0.17138008937097735,0.0002000830480125837,0.11674812911287179
High-straggler,JIT-APFRL,4518,9,0.17162549755904977,0.17138008937097735,0.00024540818807242126,0.14319527371770663
High-straggler,JIT-APFRL,5629,9,0.17102637103122903,0.17138008937097735,0.0003537183397483157,0.20639406890647632
High-straggler,JIT-APFRL,6740,9,0.17144458844171753,0.17138008937097735,6.449907074018713e-05,0.03763510159022582
High-straggler,JIT-APFRL,7851,9,0.17162398349992566,0.17138008937097735,0.00024389412894831874,0.14231182271143186
High-straggler,JIT-APFRL,3407,10,0.1711925650536718,0.17141779267791318,0.00022522762424137532,0.1313910421566147
High-straggler,JIT-APFRL,4518,10,0.17164767475447384,0.17141779267791318,0.00022988207656066129,0.13410631006817364
High-straggler,JIT-APFRL,5629,10,0.17105374941162452,0.17141779267791318,0.0003640432662886661,0.21237192510854933
High-straggler,JIT-APFRL,6740,10,0.1715950549891317,0.17141779267791318,0.00017726231121850677,0.10340951685895011
High-straggler,JIT-APFRL,7851,10,0.17159991918066397,0.17141779267791318,0.00018212650275079012,0.10624714033799172
High-straggler,JIT-APFRL,3407,11,0.17143481633541957,0.17149616420383593,6.134786841635598e-05,0.035772151931887805
High-straggler,JIT-APFRL,4518,11,0.17162647512639265,0.17149616420383593,0.00013031092255672005,0.07598474470941277
High-straggler,JIT-APFRL,5629,11,0.17110162950741242,0.17149616420383593,0.00039453469642350414,0.23005453110576302
High-straggler,JIT-APFRL,6740,11,0.17147727570637541,0.17149616420383593,1.888849746051191e-05,0.011013947482849546
High-straggler,JIT-APFRL,7851,11,0.1718406243435796,0.17149616420383593,0.00034446013974367973,0.20085588581110378
High-straggler,JIT-APFRL,3407,12,0.17163169936541212,0.1715080312733988,0.00012366809201330708,0.07210629793549977
High-straggler,JIT-APFRL,4518,12,0.17153011228663623,0.1715080312733988,2.208101323741829e-05,0.012874623464261695
High-straggler,JIT-APFRL,5629,12,0.17098278703928754,0.1715080312733988,0.0005252442341112662,0.3062505179562005
High-straggler,JIT-APFRL,6740,12,0.1716089279350394,0.1715080312733988,0.00010089666164059263,0.05882911773370807
High-straggler,JIT-APFRL,7851,12,0.17178662974061876,0.1715080312733988,0.0002785984672199482,0.16244047882273097
High-straggler,JIT-APFRL,3407,13,0.17147538009997995,0.1715597969818758,8.441688189583796e-05,0.04920551515035662
High-straggler,JIT-APFRL,4518,13,0.17153544090607378,0.1715597969818758,2.4356075802006716e-05,0.014196843450788055
High-straggler,JIT-APFRL,5629,13,0.17100430185427223,0.1715597969818758,0.0005554951276035558,0.3237909681498634
High-straggler,JIT-APFRL,6740,13,0.17180009665604665,0.1715597969818758,0.0002402996741708574,0.14006759065834262
High-straggler,JIT-APFRL,7851,13,0.1719837653930063,0.1715597969818758,0.0004239684111305153,0.24712573609264932
High-straggler,JIT-APFRL,3407,14,0.17136816740059735,0.17149654628884659,0.0001283788882492365,0.07485800211568792
High-straggler,JIT-APFRL,4518,14,0.17147724499056377,0.17149654628884659,1.930129828281446e-05,0.011254627979682956
High-straggler,JIT-APFRL,5629,14,0.1710714433585237,0.17149654628884659,0.0004251029303228848,0.247878420599151
High-straggler,JIT-APFRL,6740,14,0.17164368281680925,0.17149654628884659,0.00014713652796266574,0.08579562163009861
High-straggler,JIT-APFRL,7851,14,0.17192219287773894,0.17149654628884659,0.0004256465888923533,0.2481954290644718
High-straggler,JIT-APFRL,3407,15,0.1714892674360263,0.17146839486697404,2.0872569052254875e-05,0.012172837489059082
High-straggler,JIT-APFRL,4518,15,0.17152550239034942,0.17146839486697404,5.7107523375371505e-05,0.033304985107999514
High-straggler,JIT-APFRL,5629,15,0.17085482914524086,0.17146839486697404,0.0006135657217331836,0.35783021250603686
High-straggler,JIT-APFRL,6740,15,0.1715281797891287,0.17146839486697404,5.9784922154665354e-05,0.03486643833170933
High-straggler,JIT-APFRL,7851,15,0.17194419557412494,0.17146839486697404,0.00047580070715089184,0.2774859515772689
High-straggler,JIT-APFRL,3407,16,0.17140066288374814,0.17151168970875186,0.0001110268250037183,0.06473426108287758
High-straggler,JIT-APFRL,4518,16,0.17158745465341513,0.17151168970875186,7.576494466327022e-05,0.04417479927573945
High-straggler,JIT-APFRL,5629,16,0.17118171935743684,0.17151168970875186,0.0003299703513150176,0.1923894236453202
High-straggler,JIT-APFRL,6740,16,0.17151951956860384,0.17151168970875186,7.829859851982146e-06,0.004565204777166047
High-straggler,JIT-APFRL,7851,16,0.17186909208055529,0.17151168970875186,0.00035740237180342804,0.2083836806752599
High-straggler,JIT-APFRL,3407,17,0.1714698735538416,0.1715351145946309,6.524104078928228e-05,0.038033635820548396
High-straggler,JIT-APFRL,4518,17,0.17153903591272193,0.1715351145946309,3.9213180910435685e-06,0.0022860147907968384
High-straggler,JIT-APFRL,5629,17,0.1712516854197676,0.1715351145946309,0.0002834291748632922,0.16523099397641564
High-straggler,JIT-APFRL,6740,17,0.17146940766445337,0.1715351145946309,6.570693017751705e-05,0.03830523583045643
High-straggler,JIT-APFRL,7851,17,0.17194557042236996,0.1715351145946309,0.00041045582773907574,0.2392838508366398
High-straggler,JIT-APFRL,3407,18,0.17144283247810993,0.17156790862501387,0.0001250761469039352,0.07290183106288657
High-straggler,JIT-APFRL,4518,18,0.17146333715454426,0.17156790862501387,0.00010457147046960547,0.06095048386826311
High-straggler,JIT-APFRL,5629,18,0.17131514561926992,0.17156790862501387,0.00025276300574395005,0.1473253406010792
High-straggler,JIT-APFRL,6740,18,0.17154040055519298,0.17156790862501387,2.750806982088072e-05,0.016033342156663768
High-straggler,JIT-APFRL,7851,18,0.17207782731795207,0.17156790862501387,0.0005099186929382049,0.2972109976887956
High-straggler,JIT-APFRL,3407,19,0.17135400982273047,0.1714508207521888,9.68109294583186e-05,0.05646571362772708
High-straggler,JIT-APFRL,4518,19,0.17144615015819978,0.1714508207521888,4.670593989009042e-06,0.0027241595977891614
High-straggler,JIT-APFRL,5629,19,0.17127884127580678,0.1714508207521888,0.00017197947638200595,0.10030834243166516
High-straggler,JIT-APFRL,6740,19,0.17120816672049768,0.1714508207521888,0.000242654031691103,0.14152981632081527
High-straggler,JIT-APFRL,7851,19,0.17196693578370914,0.1714508207521888,0.0005161150315203533,0.3010280319779481
High-straggler,JIT-APFRL,3407,20,0.17150467674764816,0.17154393748508667,3.926073743851233e-05,0.0228866948107248
High-straggler,JIT-APFRL,4518,20,0.1714691404172247,0.17154393748508667,7.479706786198137e-05,0.043602279951446214
High-straggler,JIT-APFRL,5629,20,0.17142993999530434,0.17154393748508667,0.00011399748978233037,0.06645381437175
High-straggler,JIT-APFRL,6740,20,0.17142843557281756,0.17154393748508667,0.00011550191226911144,0.06733080396918877
High-straggler,JIT-APFRL,7851,20,0.17188749469243866,0.17154393748508667,0.000343557207351991,0.20027359310314216
High-straggler,JIT-APFRL,3407,21,0.17149203528061613,0.17151585025138077,2.3814970764646226e-05,0.01388499705988806
High-straggler,JIT-APFRL,4518,21,0.17141733589705727,0.17151585025138077,9.851435432350897e-05,0.057437463755753315
High-straggler,JIT-APFRL,5629,21,0.17146304846653077,0.17151585025138077,5.2801784850009525e-05,0.03078536751712511
High-straggler,JIT-APFRL,6740,21,0.1713552773335715,0.17151585025138077,0.00016057291780927074,0.09361987103461772
High-straggler,JIT-APFRL,7851,21,0.1718515542791282,0.17151585025138077,0.00033570402774743546,0.1957276993673842
High-straggler,JIT-APFRL,3407,22,0.171563348068977,0.17150357290932355,5.977515965344127e-05,0.034853594382576084
High-straggler,JIT-APFRL,4518,22,0.17140152135859435,0.17150357290932355,0.00010205155072920413,0.05950403772821706
High-straggler,JIT-APFRL,5629,22,0.17128187267529943,0.17150357290932355,0.00022170023402412475,0.1292685803935647
High-straggler,JIT-APFRL,6740,22,0.17150048182524774,0.17150357290932355,3.091084075812489e-06,0.0018023438365606472
High-straggler,JIT-APFRL,7851,22,0.17177064061849928,0.17150357290932355,0.00026706770917572786,0.1557213675757825
High-straggler,JIT-APFRL,3407,23,0.17152508066975664,0.1715954014448136,7.032077505697565e-05,0.04098057084565366
High-straggler,JIT-APFRL,4518,23,0.1715395515577378,0.1715954014448136,5.584988707579841e-05,0.03254742644939711
High-straggler,JIT-APFRL,5629,23,0.17146727114739993,0.1715954014448136,0.0001281302974136811,0.074670006500663
High-straggler,JIT-APFRL,6740,23,0.1716691333685113,0.1715954014448136,7.373192369769521e-05,0.04296847297589613
High-straggler,JIT-APFRL,7851,23,0.17177597048066223,0.1715954014448136,0.00018056903584862116,0.10522953081973677
High-straggler,JIT-APFRL,3407,24,0.17169760379649163,0.17165454266764682,4.306112884480684e-05,0.025085924424488263
High-straggler,JIT-APFRL,4518,24,0.17167590357487664,0.17165454266764682,2.1360907229817094e-05,0.012444125799324485
High-straggler,JIT-APFRL,5629,24,0.17134914154628106,0.17165454266764682,0.0003054011213657615,0.1779161312130675
High-straggler,JIT-APFRL,6740,24,0.1716282176539019,0.17165454266764682,2.6325013744915582e-05,0.015336042574699235
High-straggler,JIT-APFRL,7851,24,0.17192184676668285,0.17165454266764682,0.00026730409903602537,0.15572212356393783
High-straggler,JIT-APFRL,3407,25,0.17180359993214556,0.17172934309886373,7.42568332818272e-05,0.043240620351687895
High-straggler,JIT-APFRL,4518,25,0.17171967747034936,0.17172934309886373,9.665628514371472e-06,0.00562840824983941
High-straggler,JIT-APFRL,5629,25,0.1714621817628657,0.17172934309886373,0.00026716133599802294,0.15557116284094763
High-straggler,JIT-APFRL,6740,25,0.17162383514341834,0.17172934309886373,0.00010550795544539415,0.061438513384782324
High-straggler,JIT-APFRL,7851,25,0.17203742118553975,0.17172934309886373,0.0003080780866760169,0.1793974641239138
High-straggler,JIT-APFRL,3407,26,0.17188483781602104,0.17180845085653754,7.638695948350427e-05,0.04446053677958394
High-straggler,JIT-APFRL,4518,26,0.17174290172102274,0.17180845085653754,6.554913551479191e-05,0.03815245128397459
High-straggler,JIT-APFRL,5629,26,0.17151450948159963,0.17180845085653754,0.00029394137493790606,0.171086680237488
High-straggler,JIT-APFRL,6740,26,0.17187420090909236,0.17180845085653754,6.575005255482491e-05,0.038269393750443116
High-straggler,JIT-APFRL,7851,26,0.1720258043549519,0.17180845085653754,0.0002173534984143688,0.12650920099143553
High-straggler,JIT-APFRL,3407,27,0.17196879198024062,0.1719020198658467,6.677211439393149e-05,0.03884312380159397
High-straggler,JIT-APFRL,4518,27,0.17181716969026267,0.1719020198658467,8.485017558401697e-05,0.04935961523327913
High-straggler,JIT-APFRL,5629,27,0.1717483111058325,0.1719020198658467,0.00015370876001419287,0.08941649442755126
High-straggler,JIT-APFRL,6740,27,0.17192518199756612,0.1719020198658467,2.3162131719434154e-05,0.013474031158860153
High-straggler,JIT-APFRL,7851,27,0.17205064455533164,0.1719020198658467,0.00014862468948495522,0.08645895470044085
High-straggler,JIT-APFRL,3407,28,0.17200963541563888,0.17190453011326873,0.00010510530237015092,0.06114167107806672
High-straggler,JIT-APFRL,4518,28,0.17194315091590098,0.17190453011326873,3.8620802632255424e-05,0.02246642517611839
High-straggler,JIT-APFRL,5629,28,0.17165957598630982,0.17190453011326873,0.0002449541269589073,0.14249428260994973
High-straggler,JIT-APFRL,6740,28,0.17192803982150362,0.17190453011326873,2.350970823489229e-05,0.013676026000828267
High-straggler,JIT-APFRL,7851,28,0.17198224842699042,0.17190453011326873,7.771831372169191e-05,0.04521016035498479
High-straggler,JIT-APFRL,3407,29,0.17190841581022806,0.17189333931864198,1.5076491586080154e-05,0.008770841060998048
High-straggler,JIT-APFRL,4518,29,0.17182255628245563,0.17189333931864198,7.07830361863504e-05,0.04117846361407787
High-straggler,JIT-APFRL,5629,29,0.17167299612380757,0.17189333931864198,0.00022034319483441034,0.12818599935740146
High-straggler,JIT-APFRL,6740,29,0.17188037301790365,0.17189333931864198,1.2966300738326275e-05,0.007543224647169368
High-straggler,JIT-APFRL,7851,29,0.17218235535881488,0.17189333931864198,0.00028901604017289584,0.16813684655758607
High-straggler,JIT-APFRL,3407,30,0.17184098000609158,0.1718557092067806,1.4729200689012067e-05,0.008570678714717337
High-straggler,JIT-APFRL,4518,30,0.17165506026350255,0.1718557092067806,0.00020064894327803673,0.11675430755495675
High-straggler,JIT-APFRL,5629,30,0.17170019064145092,0.1718557092067806,0.00015551856532966535,0.0904936856898609
High-straggler,JIT-APFRL,6740,30,0.17193430975910348,0.1718557092067806,7.860055232289387e-05,0.045736363770330114
High-straggler,JIT-APFRL,7851,30,0.17214800536375435,0.1718557092067806,0.00029229615697376476,0.17008230818917255
High-straggler,JIT-APFRL,3407,31,0.17188164957047505,0.17194816946047622,6.651989000117098e-05,0.03868601230818055
High-straggler,JIT-APFRL,4518,31,0.1717906937711542,0.17194816946047622,0.00015747568932203415,0.09158323104930251
High-straggler,JIT-APFRL,5629,31,0.17187566544650523,0.17194816946047622,7.250401397099204e-05,0.04216620287292894
High-straggler,JIT-APFRL,6740,31,0.17208843178559186,0.17194816946047622,0.00014026232511563097,0.08157244450797801
High-straggler,JIT-APFRL,7851,31,0.1721044067286548,0.17194816946047622,0.0001562372681785662,0.09086300172243397
High-straggler,JIT-APFRL,3407,32,0.17191752902160545,0.17193364704346528,1.6118021859828913e-05,0.009374559393691122
High-straggler,JIT-APFRL,4518,32,0.1717489400621573,0.17193364704346528,0.00018470698130798602,0.10742922312425073
High-straggler,JIT-APFRL,5629,32,0.171722783783115,0.17193364704346528,0.0002108632603502747,0.12264223087000993
High-straggler,JIT-APFRL,6740,32,0.17203572690239005,0.17193364704346528,0.00010207985892476956,0.05937165917207788
High-straggler,JIT-APFRL,7851,32,0.17224325544805869,0.17193364704346528,0.00030960840459340333,0.18007435421592233
High-straggler,JIT-APFRL,3407,33,0.17204075630610194,0.17200572342445755,3.503288164438678e-05,0.020367276708540875
High-straggler,JIT-APFRL,4518,33,0.17191271635469244,0.17200572342445755,9.300706976511641e-05,0.05407207848287896
High-straggler,JIT-APFRL,5629,33,0.171651502967063,0.17200572342445755,0.0003542204573945551,0.2059352737469365
High-straggler,JIT-APFRL,6740,33,0.1720900067051242,0.17200572342445755,8.428328066664714e-05,0.0490002768446616
High-straggler,JIT-APFRL,7851,33,0.17233363478930624,0.17200572342445755,0.0003279113648486931,0.19063979867664524
High-straggler,JIT-APFRL,3407,34,0.17204397770217658,0.17202815895492313,1.5818747253454335e-05,0.009195440647364803
High-straggler,JIT-APFRL,4518,34,0.17200312774216245,0.17202815895492313,2.5031212760678878e-05,0.01455064851751268
High-straggler,JIT-APFRL,5629,34,0.17163308655776352,0.17202815895492313,0.00039507239715960707,0.22965565612030334
High-straggler,JIT-APFRL,6740,34,0.17210446773684515,0.17202815895492313,7.630878192202428e-05,0.04435830877084467
High-straggler,JIT-APFRL,7851,34,0.17235613503566777,0.17202815895492313,0.0003279760807446408,0.19065255521950975
High-straggler,JIT-APFRL,3407,35,0.17215993905891927,0.1720363229623787,0.00012361609654057415,0.07185464930426745
High-straggler,JIT-APFRL,4518,35,0.1720188909083064,0.1720363229623787,1.7432054072286096e-05,0.01013277531867394
High-straggler,JIT-APFRL,5629,35,0.17161240622001198,0.1720363229623787,0.00042391674236672006,0.24641118518873667
High-straggler,JIT-APFRL,6740,35,0.172008493437318,0.1720363229623787,2.782952506069636e-05,0.01617654026863977
High-straggler,JIT-APFRL,7851,35,0.1723818851873377,0.1720363229623787,0.00034556222495901734,0.20086585147171837
High-straggler,JIT-APFRL,3407,36,0.17225657529456748,0.17206886502663415,0.00018771026793332202,0.10909019938282662
High-straggler,JIT-APFRL,4518,36,0.17191365748868964,0.17206886502663415,0.0001552075379445128,0.09020082623343194
High-straggler,JIT-APFRL,5629,36,0.17159546316000057,0.17206886502663415,0.00047340186663358264,0.2751234899819359
High-straggler,JIT-APFRL,6740,36,0.1722021176627945,0.17206886502663415,0.000133252636160347,0.0774414570234546
High-straggler,JIT-APFRL,7851,36,0.17237651152711858,0.17206886502663415,0.00030764650048442643,0.17879265980908662
High-straggler,JIT-APFRL,3407,37,0.17222607432750273,0.17212358971946048,0.00010248460804224147,0.059541291353078514
High-straggler,JIT-APFRL,4518,37,0.17198933115287013,0.17212358971946048,0.00013425856659035618,0.07800125875202843
High-straggler,JIT-APFRL,5629,37,0.17187776445270542,0.17212358971946048,0.00024582526675506755,0.14281904482455393
High-straggler,JIT-APFRL,6740,37,0.1721792765135152,0.17212358971946048,5.568679405471011e-05,0.03235279611904009
High-straggler,JIT-APFRL,7851,37,0.17234550215070893,0.17212358971946048,0.0002219124312484444,0.1289262161044476
High-straggler,JIT-APFRL,3407,38,0.17230130890469214,0.1721643293744754,0.00013697953021674092,0.0795632467622234
High-straggler,JIT-APFRL,4518,38,0.1719745125451896,0.1721643293744754,0.00018981682928578825,0.1102532853207454
High-straggler,JIT-APFRL,5629,38,0.17204199241747944,0.1721643293744754,0.00012233695699595537,0.07105824850039621
High-straggler,JIT-APFRL,6740,38,0.17221594626800987,0.1721643293744754,5.161689353447296e-05,0.029981177705052264
High-straggler,JIT-APFRL,7851,38,0.1722878867370059,0.1721643293744754,0.00012355736253050198,0.07176710935384983
High-straggler,JIT-APFRL,3407,39,0.17225937030929966,0.17217791637657331,8.145393272634971e-05,0.04730800235042942
High-straggler,JIT-APFRL,4518,39,0.17201997826191587,0.17217791637657331,0.00015793811465744656,0.09172960039312902
High-straggler,JIT-APFRL,5629,39,0.1721926172209006,0.17217791637657331,1.4700844327281137e-05,0.008538170653156625
High-straggler,JIT-APFRL,6740,39,0.17221286259621865,0.17217791637657331,3.494621964533762e-05,0.020296574834200068
High-straggler,JIT-APFRL,7851,39,0.17220475349453163,0.17217791637657331,2.6837117958311563e-05,0.015586852555246188
High-straggler,JIT-APFRL,3407,40,0.17244733610151813,0.17221175036556202,0.00023558573595611199,0.13680003568631235
High-straggler,JIT-APFRL,4518,40,0.17200278889657844,0.17221175036556202,0.0002089614689835817,0.12133984384922011
High-straggler,JIT-APFRL,5629,40,0.17220146580847323,0.17221175036556202,1.0284557088791058e-05,0.0059720414355928335
High-straggler,JIT-APFRL,6740,40,0.17215453536684,0.17221175036556202,5.7214998722021626e-05,0.03322363230184273
High-straggler,JIT-APFRL,7851,40,0.17225262565440028,0.17221175036556202,4.087528883825464e-05,0.023735481900327204
High-straggler,JIT-APFRL,3407,41,0.1724149536363198,0.17223368610953402,0.00018126752678579439,0.1052451067385942
High-straggler,JIT-APFRL,4518,41,0.17208957145873466,0.17223368610953402,0.0001441146507993596,0.08367390494546358
High-straggler,JIT-APFRL,5629,41,0.17226403189795972,0.17223368610953402,3.0345788425700793e-05,0.017618962417376375
High-straggler,JIT-APFRL,6740,41,0.17221219715200914,0.17223368610953402,2.1488957524878893e-05,0.012476628707355622
High-straggler,JIT-APFRL,7851,41,0.17218767640264682,0.17223368610953402,4.6009706887201185e-05,0.02671353550311916
High-straggler,JIT-APFRL,3407,42,0.1723110294660532,0.17221510255184694,9.592691420626243e-05,0.05570180128504278
High-straggler,JIT-APFRL,4518,42,0.17213602471791142,0.17221510255184694,7.907783393551471e-05,0.045918059893561076
High-straggler,JIT-APFRL,5629,42,0.17223592222255527,0.17221510255184694,2.0819670708327465e-05,0.012089340830058451
High-straggler,JIT-APFRL,6740,42,0.1721919839885521,0.17221510255184694,2.3118563294843852e-05,0.013424236871376479
High-straggler,JIT-APFRL,7851,42,0.1722005523641627,0.17221510255184694,1.455018768423133e-05,0.00844884535016368
High-straggler,JIT-APFRL,3407,43,0.1724138159825332,0.17227823088834643,0.00013558509418676312,0.07870123432753141
High-straggler,JIT-APFRL,4518,43,0.17223440964497222,0.17227823088834643,4.382124337420912e-05,0.025436320740146026
High-straggler,JIT-APFRL,5629,43,0.17230832735230645,0.17227823088834643,3.009646396001653e-05,0.017469684826008025
High-straggler,JIT-APFRL,6740,43,0.1723383257069721,0.17227823088834643,6.009481862567778e-05,0.03488242148517606
High-straggler,JIT-APFRL,7851,43,0.17209627575494807,0.17227823088834643,0.00018195513339835934,0.10561701989863392
High-straggler,JIT-APFRL,3407,44,0.17249510143202879,0.1723377239002431,0.00015737753178568514,0.09131925861849167
High-straggler,JIT-APFRL,4518,44,0.1722817734392041,0.1723377239002431,5.595046103901158e-05,0.03246559126625013
High-straggler,JIT-APFRL,5629,44,0.17241591065509215,0.1723377239002431,7.818675484905224e-05,0.04536833438412491
High-straggler,JIT-APFRL,6740,44,0.17230935064133665,0.1723377239002431,2.837325890645004e-05,0.016463753996701132
High-straggler,JIT-APFRL,7851,44,0.1721864833335539,0.1723377239002431,0.0001512405666891925,0.08775824773961702
High-straggler,JIT-APFRL,3407,45,0.17256237234262026,0.17232902301814446,0.00023334932447580115,0.13540918435499508
High-straggler,JIT-APFRL,4518,45,0.1721994268628582,0.17232902301814446,0.00012959615528626567,0.0752027447359349
High-straggler,JIT-APFRL,5629,45,0.17241401824968566,0.17232902301814446,8.499523154120725e-05,0.04932148401506236
High-straggler,JIT-APFRL,6740,45,0.17231166791700897,0.17232902301814446,1.735510113548555e-05,0.010070910187692668
High-straggler,JIT-APFRL,7851,45,0.17215762971854917,0.17232902301814446,0.00017139329959528493,0.09945701344644599
High-straggler,JIT-APFRL,3407,46,0.1725835393363508,0.1723542513679337,0.0002292879684170912,0.1330329635603929
High-straggler,JIT-APFRL,4518,46,0.17221262347490768,0.1723542513679337,0.00014162789302601952,0.08217255559520781
High-straggler,JIT-APFRL,5629,46,0.1724766738766293,0.1723542513679337,0.00012242250869559657,0.07102958454691946
High-straggler,JIT-APFRL,6740,46,0.17247941369938966,0.1723542513679337,0.000125162331455958,0.07261923071962256
High-straggler,JIT-APFRL,7851,46,0.17201900645239093,0.1723542513679337,0.00033524491554276503,0.19450922323180764
High-straggler,JIT-APFRL,3407,47,0.17263844916746257,0.17238702038103643,0.0002514287864261444,0.14585134418496107
High-straggler,JIT-APFRL,4518,47,0.17242199553107684,0.17238702038103643,3.497515004041718e-05,0.020288737494916786
High-straggler,JIT-APFRL,5629,47,0.17242062261209773,0.17238702038103643,3.360223106130267e-05,0.019492320818023205
High-straggler,JIT-APFRL,6740,47,0.17238465440140963,0.17238702038103643,2.3659796268005184e-06,0.0013724813048980513
High-straggler,JIT-APFRL,7851,47,0.17206938019313545,0.17238702038103643,0.0003176401879009805,0.1842599211929547
High-straggler,JIT-APFRL,3407,48,0.17257588246008804,0.17238851897480967,0.000187363485278369,0.10868675384684263
High-straggler,JIT-APFRL,4518,48,0.17239377693249197,0.17238851897480967,5.257957682303083e-06,0.003050062564242694
High-straggler,JIT-APFRL,5629,48,0.1723939981554206,0.17238851897480967,5.479180610945544e-06,0.003178390674466083
High-straggler,JIT-APFRL,6740,48,0.17246895319440336,0.17238851897480967,8.043421959369468e-05,0.04665868705876414
High-straggler,JIT-APFRL,7851,48,0.17210998413164436,0.17238851897480967,0.0002785348431653123,0.16157389414431556
High-straggler,JIT-APFRL,3407,49,0.17255072540813887,0.17236978640719994,0.00018093900093893445,0.1049714133261678
High-straggler,JIT-APFRL,4518,49,0.1722729314974568,0.17236978640719994,9.685490974314925e-05,0.05619018956973285
High-straggler,JIT-APFRL,5629,49,0.17248970641727254,0.17236978640719994,0.000119920010072605,0.06957136315601764
High-straggler,JIT-APFRL,6740,49,0.17237374947215917,0.17236978640719994,3.9630649592281575e-06,0.002299164512431408
High-straggler,JIT-APFRL,7851,49,0.17216181924097224,0.17236978640719994,0.00020796716622770162,0.1206517514249323
High-straggler,JIT-APFRL,3407,50,0.17275576983803137,0.17245011660639814,0.00030565323163322944,0.17724153375370305
High-straggler,JIT-APFRL,4518,50,0.1723099501267153,0.17245011660639814,0.00014016647968284612,0.08127943456412007
High-straggler,JIT-APFRL,5629,50,0.17248666939830698,0.17245011660639814,3.655279190883931e-05,0.021196153779511652
High-straggler,JIT-APFRL,6740,50,0.17252066893483414,0.17245011660639814,7.055232843600212e-05,0.040911731359991745
High-straggler,JIT-APFRL,7851,50,0.17217752473410292,0.17245011660639814,0.00027259187229522475,0.1580699843290864
High-straggler,JIT-APFRL,3407,51,0.17265389065819847,0.1724484709307229,0.00020541972747556425,0.11911948326760564
High-straggler,JIT-APFRL,4518,51,0.17218820266337664,0.1724484709307229,0.0002602682673462642,0.150925239256439
High-straggler,JIT-APFRL,5629,51,0.17251022943451363,0.1724484709307229,6.175850379072645e-05,0.035812729134337445
High-straggler,JIT-APFRL,6740,51,0.17254499111175706,0.1724484709307229,9.652018103414872e-05,0.05597044758542592
High-straggler,JIT-APFRL,7851,51,0.17234504078576873,0.1724484709307229,0.00010343014495417524,0.05997742073093003
High-straggler,JIT-APFRL,3407,52,0.17275220506309377,0.17249242114179447,0.0002597839212993003,0.15060599160223354
High-straggler,JIT-APFRL,4518,52,0.1721425707474516,0.17249242114179447,0.00034985039434287657,0.20282073381953863
High-straggler,JIT-APFRL,5629,52,0.1726252863051837,0.17249242114179447,0.0001328651633892286,0.07702666732239154
High-straggler,JIT-APFRL,6740,52,0.1725056290151759,0.17249242114179447,1.3207873381437807e-05,0.007657074608849335
High-straggler,JIT-APFRL,7851,52,0.17243641457806738,0.17249242114179447,5.600656372709012e-05,0.03246899971393576
High-straggler,JIT-APFRL,3407,53,0.17266710419943626,0.17251256859575534,0.000154535603680922,0.08957933032870298
High-straggler,JIT-APFRL,4518,53,0.1721384371481199,0.17251256859575534,0.0003741314476354285,0.21687199412822028
High-straggler,JIT-APFRL,5629,53,0.17261054609109688,0.17251256859575534,9.797749534154465e-05,0.05679440990246515
High-straggler,JIT-APFRL,6740,53,0.17261602178942276,0.17251256859575534,0.00010345319366741879,0.05996849650406529
High-straggler,JIT-APFRL,7851,53,0.17253073375070085,0.17251256859575534,1.8165154945515294e-05,0.010529757392970756
High-straggler,JIT-APFRL,3407,54,0.17270015196664784,0.17255367552351955,0.00014647644312829056,0.08488746628194854
High-straggler,JIT-APFRL,4518,54,0.17221150438605562,0.17255367552351955,0.00034217113746393135,0.19829837667948863
High-straggler,JIT-APFRL,5629,54,0.17261612373413251,0.17255367552351955,6.244821061296424e-05,0.03619060006893471
High-straggler,JIT-APFRL,6740,54,0.17263549868559996,0.17255367552351955,8.182316208041329e-05,0.04741896214738153
High-straggler,JIT-APFRL,7851,54,0.17260509884516187,0.17255367552351955,5.1423321642318776e-05,0.029801348181256
High-straggler,JIT-APFRL,3407,55,0.1727226792971714,0.17259661813020777,0.00012606116696362024,0.07303802839782124
High-straggler,JIT-APFRL,4518,55,0.17238179289332847,0.17259661813020777,0.00021482523687929578,0.12446665479692685
High-straggler,JIT-APFRL,5629,55,0.17262037274399092,0.17259661813020777,2.3754613783150136e-05,0.013763081826568314
High-straggler,JIT-APFRL,6740,55,0.17262609650913224,0.17259661813020777,2.947837892447458e-05,0.017079349087961816
High-straggler,JIT-APFRL,7851,55,0.1726321492074158,0.17259661813020777,3.5531077208023065e-05,0.0205861954845594
High-straggler,JIT-APFRL,3407,56,0.17273054465055876,0.1726182253875312,0.00011231926302757156,0.0650680209319802
High-straggler,JIT-APFRL,4518,56,0.1724917515746437,0.1726182253875312,0.00012647381288749537,0.07326793715064517
High-straggler,JIT-APFRL,5629,56,0.1727131109640296,0.1726182253875312,9.488557649842133e-05,0.05496845787019384
High-straggler,JIT-APFRL,6740,56,0.17259591562102233,0.1726182253875312,2.2309766508854523e-05,0.012924340091417736
High-straggler,JIT-APFRL,7851,56,0.17255980412740163,0.1726182253875312,5.842126012955973e-05,0.0338442015600629
High-straggler,JIT-APFRL,3407,57,0.1727876278697108,0.17267258137498032,0.00011504649473048634,0.06662696174133653
High-straggler,JIT-APFRL,4518,57,0.17259772992322878,0.17267258137498032,7.485145175153973e-05,0.0433487767168954
High-straggler,JIT-APFRL,5629,57,0.17266255441794565,0.17267258137498032,1.0026957034670048e-05,0.005806919057343125
High-straggler,JIT-APFRL,6740,57,0.1726278518168756,0.17267258137498032,4.4729558104722456e-05,0.025904262129252918
High-straggler,JIT-APFRL,7851,57,0.17268714284714076,0.17267258137498032,1.4561472160445899e-05,0.008432996162154907
High-straggler,JIT-APFRL,3407,58,0.17273200798836888,0.17262595074701492,0.00010605724135395733,0.061437600137759875
High-straggler,JIT-APFRL,4518,58,0.17254649589285614,0.17262595074701492,7.945485415877807e-05,0.04602717830948833
High-straggler,JIT-APFRL,5629,58,0.1725696312029798,0.17262595074701492,5.631954403512163e-05,0.03262518977674364
High-straggler,JIT-APFRL,6740,58,0.17264764300580987,0.17262595074701492,2.1692258794947517e-05,0.012566047399639084
High-straggler,JIT-APFRL,7851,58,0.1726339756450599,0.17262595074701492,8.024898044967088e-06,0.0046487205488169375
High-straggler,JIT-APFRL,3407,59,0.17277551721397025,0.17264518711604743,0.00013033009792282058,0.0754901425866081
High-straggler,JIT-APFRL,4518,59,0.17244070624650884,0.17264518711604743,0.0002044808695385869,0.11843994782266383
High-straggler,JIT-APFRL,5629,59,0.17270563721446275,0.17264518711604743,6.045009841532112e-05,0.035014065219604526
High-straggler,JIT-APFRL,6740,59,0.1726619442723406,0.17264518711604743,1.6757156293178976e-05,0.009706124203691395
High-straggler,JIT-APFRL,7851,59,0.1726421306329546,0.17264518711604743,3.0564830928170306e-06,0.0017703841872884329
High-straggler,JIT-APFRL,3407,60,0.17285254226682173,0.17262198653081678,0.00023055573600494483,0.13356104899406057
High-straggler,JIT-APFRL,4518,60,0.1724041833586129,0.17262198653081678,0.00021780317220387868,0.12617348263744843
High-straggler,JIT-APFRL,5629,60,0.17257337054383703,0.17262198653081678,4.861598697974978e-05,0.028163264689965068
High-straggler,JIT-APFRL,6740,60,0.17260652726295417,0.17262198653081678,1.545926786261642e-05,0.00895556132408232
High-straggler,JIT-APFRL,7851,60,0.17267330922185797,0.17262198653081678,5.132269104118903e-05,0.02973125965737094
High-straggler,JIT-APFRL,3407,61,0.17273713129026308,0.1726267483083987,0.00011038298186438755,0.0639431507260901
High-straggler,JIT-APFRL,4518,61,0.17236169214015767,0.1726267483083987,0.00026505616824101796,0.15354293053559323
High-straggler,JIT-APFRL,5629,61,0.17266727495013381,0.1726267483083987,4.052664173512244e-05,0.023476455492703458
High-straggler,JIT-APFRL,6740,61,0.17271568909038318,0.1726267483083987,8.894078198448674e-05,0.05152201663764964
High-straggler,JIT-APFRL,7851,61,0.17265195407105585,0.1726267483083987,2.5205762657160014e-05,0.014601307679230435
High-straggler,JIT-APFRL,3407,62,0.17286206732778037,0.17268563057838526,0.00017643674939510356,0.10217222406065547
High-straggler,JIT-APFRL,4518,62,0.17257055824228337,0.17268563057838526,0.00011507233610189016,0.06663689139418966
High-straggler,JIT-APFRL,5629,62,0.1726887354161525,0.17268563057838526,3.1048377672482363e-06,0.0017979711206132418
High-straggler,JIT-APFRL,6740,62,0.1726752995862001,0.17268563057838526,1.0330992185170196e-05,0.005982543046904394
High-straggler,JIT-APFRL,7851,62,0.17263149231950997,0.17268563057838526,5.4138258875291445e-05,0.031350760740174656
High-straggler,JIT-APFRL,3407,63,0.17288948425090123,0.17273390080357337,0.00015558344732785612,0.09007117109268543
High-straggler,JIT-APFRL,4518,63,0.17277923718723867,0.17273390080357337,4.5336383665300906e-05,0.02624637286276292
High-straggler,JIT-APFRL,5629,63,0.17261086465599937,0.17273390080357337,0.0001230361475740016,0.07122872059371471
High-straggler,JIT-APFRL,6740,63,0.1727337770137621,0.17273390080357337,1.2378981126270894e-07,7.166503546022396e-05
High-straggler,JIT-APFRL,7851,63,0.17265614090996548,0.17273390080357337,7.77598936078927e-05,0.045017158326273427
High-straggler,JIT-APFRL,3407,64,0.17289914203572204,0.17273164905612973,0.00016749297959231524,0.09696716294179987
High-straggler,JIT-APFRL,4518,64,0.17279262386705088,0.17273164905612973,6.0974810921154976e-05,0.035300311931452125
High-straggler,JIT-APFRL,5629,64,0.17268737623402883,0.17273164905612973,4.427282210089922e-05,0.02563098444484405
High-straggler,JIT-APFRL,6740,64,0.1726610262387173,0.17273164905612973,7.06228174124357e-05,0.04088585838110454
High-straggler,JIT-APFRL,7851,64,0.17261807690512954,0.17273164905612973,0.0001135721510001908,0.06575063204733554
High-straggler,JIT-APFRL,3407,65,0.17293226508474208,0.17277364952763805,0.0001586155571040304,0.09180540987452904
High-straggler,JIT-APFRL,4518,65,0.17285790191421824,0.17277364952763805,8.425238658019141e-05,0.04876460433089007
High-straggler,JIT-APFRL,5629,65,0.1727409303991907,0.17277364952763805,3.2719128447350476e-05,0.018937568626236898
High-straggler,JIT-APFRL,6740,65,0.17273660080346667,0.17277364952763805,3.7048724171373504e-05,0.021443503840235162
High-straggler,JIT-APFRL,7851,65,0.1726005494365726,0.17277364952763805,0.00017310009106544233,0.10018894173891492
High-straggler,JIT-APFRL,3407,66,0.17295407694862674,0.1727891924516553,0.00016488449697144025,0.09542523732644523
High-straggler,JIT-APFRL,4518,66,0.1728461259461173,0.1727891924516553,5.693349446200813e-05,0.032949684904591214
High-straggler,JIT-APFRL,5629,66,0.17283511467867801,0.1727891924516553,4.592222702270998e-05,0.026577025085384644
High-straggler,JIT-APFRL,6740,66,0.17275026790870668,0.1727891924516553,3.892454294862624e-05,0.022527186102520236
High-straggler,JIT-APFRL,7851,66,0.17256037677614777,0.1727891924516553,0.00022881567550753212,0.13242476121390084
High-straggler,JIT-APFRL,3407,67,0.17290871743526484,0.1728072785754166,0.00010143885984822965,0.058700571344256006
High-straggler,JIT-APFRL,4518,67,0.1729263437501042,0.1728072785754166,0.00011906517468759925,0.06890055538698665
High-straggler,JIT-APFRL,5629,67,0.17274047670483567,0.1728072785754166,6.680187058094589e-05,0.03865686163895706
High-straggler,JIT-APFRL,6740,67,0.17285147201501228,0.1728072785754166,4.419343959566335e-05,0.025573829968265162
High-straggler,JIT-APFRL,7851,67,0.17260938297186618,0.1728072785754166,0.00019789560355043534,0.11451809506048652
High-straggler,JIT-APFRL,3407,68,0.17295073672962788,0.1728039412487136,0.00014679548091428574,0.08494915095889256
High-straggler,JIT-APFRL,4518,68,0.17284180791386838,0.1728039412487136,3.786666515478987e-05,0.021913079575129054
High-straggler,JIT-APFRL,5629,68,0.17278372815940804,0.1728039412487136,2.02130893055541e-05,0.011697122854658602
High-straggler,JIT-APFRL,6740,68,0.17280825832565141,0.1728039412487136,4.317076937820907e-06,0.0024982514325917003
High-straggler,JIT-APFRL,7851,68,0.17263517511501228,0.1728039412487136,0.00016876613370131466,0.09766335911193866
High-straggler,JIT-APFRL,3407,69,0.17286098167886024,0.17280183699358972,5.914468527051797e-05,0.03422688456298761
High-straggler,JIT-APFRL,4518,69,0.17293333472455513,0.17280183699358972,0.0001314977309654075,0.0760974149657249
High-straggler,JIT-APFRL,5629,69,0.17271586736721675,0.17280183699358972,8.596962637297256e-05,0.04975041230387019
High-straggler,JIT-APFRL,6740,69,0.1728048356147275,0.17280183699358972,2.998621137784152e-06,0.0017352947109557574
High-straggler,JIT-APFRL,7851,69,0.17269416558258896,0.17280183699358972,0.00010767141100076483,0.062309181935814154
High-straggler,JIT-APFRL,3407,70,0.1729253526621825,0.17283512446067156,9.022820151094457e-05,0.052204782906541604
High-straggler,JIT-APFRL,4518,70,0.17291412005827655,0.17283512446067156,7.899559760499164e-05,0.0457057544590521
High-straggler,JIT-APFRL,5629,70,0.17279562298296042,0.17283512446067156,3.950147771114576e-05,0.022855005794921203
High-straggler,JIT-APFRL,6740,70,0.17282020867959474,0.17283512446067156,1.4915781076818568e-05,0.008630063549503004
High-straggler,JIT-APFRL,7851,70,0.1727203179203435,0.17283512446067156,0.00011480654032805515,0.06642546802121767
High-straggler,JIT-APFRL,3407,71,0.17300655721070052,0.17286563984467707,0.00014091736602345195,0.08151843602353179
High-straggler,JIT-APFRL,4518,71,0.17292029539888795,0.17286563984467707,5.465555421088619e-05,0.031617361472178744
High-straggler,JIT-APFRL,5629,71,0.17279858014025867,0.17286563984467707,6.705970441839293e-05,0.03879296341288373
High-straggler,JIT-APFRL,6740,71,0.17282694506155105,0.17286563984467707,3.8694783126014265e-05,0.022384311399756617
High-straggler,JIT-APFRL,7851,71,0.17277582141198705,0.17286563984467707,8.981843269001422e-05,0.051958522683118354
High-straggler,JIT-APFRL,3407,72,0.17296265055555518,0.17285910099815333,0.00010354955740185523,0.0599040240310873
High-straggler,JIT-APFRL,4518,72,0.1728832638979116,0.17285910099815333,2.4162899758262135e-05,0.013978378701923406
High-straggler,JIT-APFRL,5629,72,0.1728696117193727,0.17285910099815333,1.0510721219381125e-05,0.006080513643012301
High-straggler,JIT-APFRL,6740,72,0.17279235802572385,0.17285910099815333,6.67429724294788e-05,0.03861119955158845
High-straggler,JIT-APFRL,7851,72,0.1727876207922032,0.17285910099815333,7.148020595013072e-05,0.041351716824498785
High-straggler,JIT-APFRL,3407,73,0.17298117997191712,0.17288702538392337,9.415458799374998e-05,0.05446018160394895
High-straggler,JIT-APFRL,4518,73,0.17295474270428116,0.17288702538392337,6.771732035779077e-05,0.03916853807127146
High-straggler,JIT-APFRL,5629,73,0.17283666459043154,0.17288702538392337,5.0360793491827094e-05,0.029129307638900533
High-straggler,JIT-APFRL,6740,73,0.1728782687473843,0.17288702538392337,8.756636539070106e-06,0.005064947192899288
High-straggler,JIT-APFRL,7851,73,0.17278427090560267,0.17288702538392337,0.00010275447832069906,0.05943446484345269
High-straggler,JIT-APFRL,3407,74,0.17299673814017752,0.17287817439203126,0.00011856374814625537,0.06858225369582599
High-straggler,JIT-APFRL,4518,74,0.1729277776500445,0.17287817439203126,4.9603258013231066e-05,0.028692608646333266
High-straggler,JIT-APFRL,5629,74,0.17283562127758656,0.17287817439203126,4.255311444470444e-05,0.024614509375953886
High-straggler,JIT-APFRL,6740,74,0.1728297557413106,0.17287817439203126,4.841865072066631e-05,0.028007382013919592
High-straggler,JIT-APFRL,7851,74,0.17280097915103726,0.17287817439203126,7.719524099400465e-05,0.04465297095222156
High-straggler,JIT-APFRL,3407,75,0.17298112411342573,0.1728748697162406,0.0001062543971851182,0.0614631827977807
High-straggler,JIT-APFRL,4518,75,0.17293666037326666,0.1728748697162406,6.179065702605069e-05,0.035742995571001614
High-straggler,JIT-APFRL,5629,75,0.17275421517862816,0.1728748697162406,0.00012065453761245237,0.0697929883102712
High-straggler,JIT-APFRL,6740,75,0.1728849012796993,0.1728748697162406,1.0031563458690052e-05,0.005802788731037663
High-straggler,JIT-APFRL,7851,75,0.17281744763618304,0.1728748697162406,5.74220800575731e-05,0.03321597878964511
High-straggler,JIT-APFRL,3407,76,0.17297527295697937,0.17292288505015,5.238790682937644e-05,0.030295531337094703
High-straggler,JIT-APFRL,4518,76,0.17301759586565163,0.17292288505015,9.471081550163629e-05,0.05477055016412019
High-straggler,JIT-APFRL,5629,76,0.17286242699949347,0.17292288505015,6.045805065651999e-05,0.034962434636101714
High-straggler,JIT-APFRL,6740,76,0.17291227913238055,0.17292288505015,1.0605917769440643e-05,0.006133322241509435
High-straggler,JIT-APFRL,7851,76,0.17284685029624478,0.17292288505015,7.603475390521863e-05,0.04397032462370005
High-straggler,JIT-APFRL,3407,77,0.17302241428917464,0.17292455502372747,9.785926544716994e-05,0.056590728502231735
High-straggler,JIT-APFRL,4518,77,0.17298406010216041,0.17292455502372747,5.950507843294206e-05,0.03441100566936674
High-straggler,JIT-APFRL,5629,77,0.1728422457382706,0.17292455502372747,8.230928545688299e-05,0.047598379215484515
High-straggler,JIT-APFRL,6740,77,0.17295692567012816,0.17292455502372747,3.2370646400686764e-05,0.018719519848551927
High-straggler,JIT-APFRL,7851,77,0.17281712931890367,0.17292455502372747,0.00010742570482380476,0.06212287480460168
High-straggler,JIT-APFRL,3407,78,0.17302604955220827,0.17292207467887138,0.00010397487333688171,0.06012816670744349
High-straggler,JIT-APFRL,4518,78,0.172948986657185,0.17292207467887138,2.6911978313615137e-05,0.015563066984705451
High-straggler,JIT-APFRL,5629,78,0.1728008200961446,0.17292207467887138,0.00012125458272679857,0.07012093912936042
High-straggler,JIT-APFRL,6740,78,0.17296919433642305,0.17292207467887138,4.711965755166414e-05,0.02724907021799773
High-straggler,JIT-APFRL,7851,78,0.17286532275239594,0.17292207467887138,5.675192647544569e-05,0.03281936478083441
High-straggler,JIT-APFRL,3407,79,0.17302721306278987,0.17293038366926938,9.68293935204867e-05,0.05599327976145222
High-straggler,JIT-APFRL,4518,79,0.17296227034686495,0.17293038366926938,3.188667759557173e-05,0.018439025530964666
High-straggler,JIT-APFRL,5629,79,0.17286128004938855,0.17293038366926938,6.910361988082814e-05,0.03996036926222827
High-straggler,JIT-APFRL,6740,79,0.17291953313093084,0.17293038366926938,1.08505383385471e-05,0.006274512383722477
High-straggler,JIT-APFRL,7851,79,0.17288162175637276,0.17293038366926938,4.876191289662768e-05,0.028197423646434044
High-straggler,JIT-APFRL,3407,80,0.17302947674444116,0.17293787117951562,9.160556492554539e-05,0.05297021658746775
High-straggler,JIT-APFRL,4518,80,0.1730274387346167,0.17293787117951562,8.956755510108882e-05,0.05179175300944611
High-straggler,JIT-APFRL,5629,80,0.17283249004490397,0.17293787117951562,0.00010538113461164289,0.060935834292914104
High-straggler,JIT-APFRL,6740,80,0.17295133127076984,0.17293787117951562,1.346009125421932e-05,0.007783194717510585
High-straggler,JIT-APFRL,7851,80,0.1728486191028464,0.17293787117951562,8.925207666921064e-05,0.05160933002151035
High-straggler,JIT-APFRL,3407,81,0.17304287043158598,0.17295693880164298,8.593162994299797e-05,0.04968382913017981
High-straggler,JIT-APFRL,4518,81,0.17295942366250092,0.17295693880164298,2.484860857937532e-06,0.001436693361454156
High-straggler,JIT-APFRL,5629,81,0.17290065526568396,0.17295693880164298,5.628353595901747e-05,0.0325419357841241
High-straggler,JIT-APFRL,6740,81,0.17295563247611165,0.17295693880164298,1.3063255313305877e-06,0.000755289461285365
High-straggler,JIT-APFRL,7851,81,0.17292611217233228,0.17295693880164298,3.082662931069846e-05,0.017823297246288696
High-straggler,JIT-APFRL,3407,82,0.17305752008170994,0.17296036448167634,9.71556000335938e-05,0.05617217581886317
High-straggler,JIT-APFRL,4518,82,0.17298092311178187,0.17296036448167634,2.0558630105527165e-05,0.011886324457708444
High-straggler,JIT-APFRL,5629,82,0.17291237096101728,0.17296036448167634,4.799352065906759e-05,0.02774827678173174
High-straggler,JIT-APFRL,6740,82,0.1729701399993444,0.17296036448167634,9.775517668064726e-06,0.005651883133664625
High-straggler,JIT-APFRL,7851,82,0.17288086825452825,0.17296036448167634,7.949622714809035e-05,0.04596210662848845
High-straggler,JIT-APFRL,3407,83,0.17305081217831236,0.17298772997181408,6.308220649828278e-05,0.036466289550456055
High-straggler,JIT-APFRL,4518,83,0.17300050459832034,0.17298772997181408,1.2774626506256714e-05,0.007384700931296203
High-straggler,JIT-APFRL,5629,83,0.1729450717036754,0.17298772997181408,4.26582681386789e-05,0.024659707451869253
High-straggler,JIT-APFRL,6740,83,0.17300124295125555,0.17298772997181408,1.3512979441465678e-05,0.0078115248079545455
High-straggler,JIT-APFRL,7851,83,0.17294101842750673,0.17298772997181408,4.6711544307354025e-05,0.027002807837853596
High-straggler,JIT-APFRL,3407,84,0.1730671229402547,0.17298150681542337,8.561612483132253e-05,0.04949438029966844
High-straggler,JIT-APFRL,4518,84,0.1729950266734845,0.17298150681542337,1.3519858061111778e-05,0.007815782339980357
High-straggler,JIT-APFRL,5629,84,0.17290730382833053,0.17298150681542337,7.420298709284734e-05,0.042896485560172753
High-straggler,JIT-APFRL,6740,84,0.1729942897563988,0.17298150681542337,1.2782940975425428e-05,0.007389773167524331
High-straggler,JIT-APFRL,7851,84,0.17294379087864847,0.17298150681542337,3.771593677490137e-05,0.02180345024693619
High-straggler,JIT-APFRL,3407,85,0.17308456819240553,0.17301186161518048,7.270657722505125e-05,0.04202404190457644
High-straggler,JIT-APFRL,4518,85,0.1730464761673595,0.17301186161518048,3.46145521790131e-05,0.02000703989649224
High-straggler,JIT-APFRL,5629,85,0.1729155147687278,0.17301186161518048,9.634684645268288e-05,0.055688000552806705
High-straggler,JIT-APFRL,6740,85,0.17300133528105172,0.17301186161518048,1.0526334128763137e-05,0.006084169045112183
High-straggler,JIT-APFRL,7851,85,0.1730114136663579,0.17301186161518048,4.4794882259058255e-07,0.0002589122031337523
High-straggler,JIT-APFRL,3407,86,0.17302505030358786,0.17299404486005826,3.100544352960255e-05,0.01792283864724019
High-straggler,JIT-APFRL,4518,86,0.17300873521399868,0.17299404486005826,1.46903539404164e-05,0.008491826381827196
High-straggler,JIT-APFRL,5629,86,0.17293068549403173,0.17299404486005826,6.335936602652747e-05,0.03662517173801062
High-straggler,JIT-APFRL,6740,86,0.1730277233629956,0.17299404486005826,3.367850293733987e-05,0.019468012881358864
High-straggler,JIT-APFRL,7851,86,0.17297802992567735,0.17299404486005826,1.6014934380914614e-05,0.009257506172463757
High-straggler,JIT-APFRL,3407,87,0.17302719485034973,0.17298679195951,4.0402890839730254e-05,0.023356055327731103
High-straggler,JIT-APFRL,4518,87,0.17298893439909374,0.17298679195951,2.1424395837410515e-06,0.0012384989394118135
High-straggler,JIT-APFRL,5629,87,0.1729042686441283,0.17298679195951,8.2523315381694e-05,0.04770498050568493
High-straggler,JIT-APFRL,6740,87,0.1730166528389111,0.17298679195951,2.986087940110016e-05,0.01726194182969155
High-straggler,JIT-APFRL,7851,87,0.1729969090650672,0.17298679195951,1.0117105557205797e-05,0.005848484408898598
High-straggler,JIT-APFRL,3407,88,0.17301261329044698,0.17298583217432756,2.6781116119423132e-05,0.015481681813360468
High-straggler,JIT-APFRL,4518,88,0.17303445206780005,0.17298583217432756,4.861989347249018e-05,0.028106286428991007
High-straggler,JIT-APFRL,5629,88,0.1728820554701744,0.17298583217432756,0.00010377670415315232,0.0599914471889066
High-straggler,JIT-APFRL,6740,88,0.17299489434169915,0.17298583217432756,9.062167371592933e-06,0.005238676056696063
High-straggler,JIT-APFRL,7851,88,0.17300514570151715,0.17298583217432756,1.9313527189590562e-05,0.011164802889826974
High-straggler,JIT-APFRL,3407,89,0.17306587299387494,0.1730077136641326,5.815932974234661e-05,0.03361661079184819
High-straggler,JIT-APFRL,4518,89,0.1730450609930954,0.1730077136641326,3.7347328962822335e-05,0.021587088905946895
High-straggler,JIT-APFRL,5629,89,0.1729139456218426,0.1730077136641326,9.376804228999891e-05,0.05419876391872035
High-straggler,JIT-APFRL,6740,89,0.17300953368459754,0.1730077136641326,1.8200204649487794e-06,0.0010519880451585323
High-straggler,JIT-APFRL,7851,89,0.17300415502725247,0.1730077136641326,3.558636880118815e-06,0.0020569238242332663
High-straggler,JIT-APFRL,3407,90,0.1730935197393986,0.17302751884035522,6.600089904337803e-05,0.03814474107108599
High-straggler,JIT-APFRL,4518,90,0.17303792322184966,0.17302751884035522,1.0404381494438786e-05,0.006013136849080316
High-straggler,JIT-APFRL,5629,90,0.1729849367149374,0.17302751884035522,4.258212541782824e-05,0.024610030649007266
High-straggler,JIT-APFRL,6740,90,0.1730144591591519,0.17302751884035522,1.305968120332568e-05,0.007547748063922286
High-straggler,JIT-APFRL,7851,90,0.17300675536643845,0.17302751884035522,2.076347391677391e-05,0.012000099207300916
High-straggler,JIT-APFRL,3407,91,0.17305371440609169,0.17303602047842692,1.769392766476363e-05,0.010225574776767131
High-straggler,JIT-APFRL,4518,91,0.17305721386500977,0.17303602047842692,2.1193386582851748e-05,0.012247962316894597
High-straggler,JIT-APFRL,5629,91,0.172993388907346,0.17303602047842692,4.263157108091997e-05,0.024637396862831236
High-straggler,JIT-APFRL,6740,91,0.1730440700163597,0.17303602047842692,8.049537932791617e-06,0.0046519435147291685
High-straggler,JIT-APFRL,7851,91,0.17303171519732735,0.17303602047842692,4.305281099570291e-06,0.0024880837456077803
High-straggler,JIT-APFRL,3407,92,0.17307868373290836,0.17303010583994424,4.857789296411341e-05,0.02807482127361627
High-straggler,JIT-APFRL,4518,92,0.17306555342277805,0.17303010583994424,3.5447582833803004e-05,0.02048636719126359
High-straggler,JIT-APFRL,5629,92,0.17298498968123444,0.17303010583994424,4.511615870980701e-05,0.026074166972734916
High-straggler,JIT-APFRL,6740,92,0.17300833777035057,0.17303010583994424,2.1768069593669503e-05,0.012580509899130116
High-straggler,JIT-APFRL,7851,92,0.1730129645924499,0.17303010583994424,1.7141247494328882e-05,0.009906511592950664
High-straggler,JIT-APFRL,3407,93,0.17305228053380314,0.1730206818615576,3.159867224553081e-05,0.018262945160980506
High-straggler,JIT-APFRL,4518,93,0.17304963615343694,0.1730206818615576,2.8954291879323968e-05,0.016734584309690635
High-straggler,JIT-APFRL,5629,93,0.1730161480692919,0.1730206818615576,4.533792265726255e-06,0.002620375909369012
High-straggler,JIT-APFRL,6740,93,0.1729759470468956,0.1730206818615576,4.4734814662023004e-05,0.025855183427041132
High-straggler,JIT-APFRL,7851,93,0.17300939750436045,0.1730206818615576,1.1284357197161032e-05,0.00652197013429308
High-straggler,JIT-APFRL,3407,94,0.17304048054865684,0.1730242620997683,1.621844888854973e-05,0.009373511374490323
High-straggler,JIT-APFRL,4518,94,0.1730012247059906,0.1730242620997683,2.303739377768066e-05,0.013314545311799663
High-straggler,JIT-APFRL,5629,94,0.1730296269080549,0.1730242620997683,5.364808286612011e-06,0.003100610412381695
High-straggler,JIT-APFRL,6740,94,0.17300954749706604,0.1730242620997683,1.4714602702248225e-05,0.008504358015272778
High-straggler,JIT-APFRL,7851,94,0.17304043083907303,0.1730242620997683,1.6168739304739388e-05,0.009344781540184382
High-straggler,JIT-APFRL,3407,95,0.17307028216029768,0.17306287671613932,7.40544415836486e-06,0.004279048342939194
High-straggler,JIT-APFRL,4518,95,0.17306480416204523,0.17306287671613932,1.9274459059082094e-06,0.0011137257986700631
High-straggler,JIT-APFRL,5629,95,0.1730649358641339,0.17306287671613932,2.059147994587507e-06,0.001189826514882771
High-straggler,JIT-APFRL,6740,95,0.1730631867199957,0.17306287671613932,3.1000385639079475e-07,0.00017912787668453493
High-straggler,JIT-APFRL,7851,95,0.17305117467422412,0.17306287671613932,1.170204191519586e-05,0.006761728533144488
High-straggler,JIT-APFRL,3407,96,0.17306792359202922,0.17304106439824496,2.6859193784256608e-05,0.015521861170734352
High-straggler,JIT-APFRL,4518,96,0.17304442637473263,0.17304106439824496,3.3619764876757774e-06,0.001942877836175559
High-straggler,JIT-APFRL,5629,96,0.17302163159663966,0.17304106439824496,1.9432801605295813e-05,0.01123016763267951
High-straggler,JIT-APFRL,6740,96,0.17302862747895714,0.17304106439824496,1.2436919287817094e-05,0.007187264670999813
High-straggler,JIT-APFRL,7851,96,0.17304271294886614,0.17304106439824496,1.6485506211805223e-06,0.0009526932967694127
High-straggler,JIT-APFRL,3407,97,0.1730733451192638,0.17303768692730356,3.565819196024722e-05,0.02060718251234363
High-straggler,JIT-APFRL,4518,97,0.17306809158095487,0.17303768692730356,3.0404653651311397e-05,0.01757111655340433
High-straggler,JIT-APFRL,5629,97,0.17298152349650686,0.17303768692730356,5.616343079670183e-05,0.032457340244207704
High-straggler,JIT-APFRL,6740,97,0.1730339397578481,0.17303768692730356,3.7471694554758184e-06,0.0021655221599500897
High-straggler,JIT-APFRL,7851,97,0.1730315346819442,0.17303768692730356,6.1522453593532145e-06,0.0035554366615741287
High-straggler,JIT-APFRL,3407,98,0.17308292131530986,0.17304947327306136,3.344804224850173e-05,0.019328601015573616
High-straggler,JIT-APFRL,4518,98,0.17302418916480228,0.17304947327306136,2.528410825908267e-05,0.01461091315729457
High-straggler,JIT-APFRL,5629,98,0.17305020431094748,0.17304947327306136,7.310378861147271e-07,0.0004224444445208998
High-straggler,JIT-APFRL,6740,98,0.1730257056334534,0.17304947327306136,2.3767639607957802e-05,0.013734592286480952
High-straggler,JIT-APFRL,7851,98,0.17306434594079392,0.17304947327306136,1.4872667732562794e-05,0.008594459983761201
High-straggler,JIT-APFRL,3407,99,0.17306679512189974,0.17305135575729147,1.5439364608266226e-05,0.008921839728271354
High-straggler,JIT-APFRL,4518,99,0.17307560897165894,0.17305135575729147,2.4253214367470077e-05,0.014015038634823394
High-straggler,JIT-APFRL,5629,99,0.17302067381705621,0.17305135575729147,3.068194023525539e-05,0.017729962357698904
High-straggler,JIT-APFRL,6740,99,0.17304049108626587,0.17305135575729147,1.0864671025595518e-05,0.0062782929252709644
High-straggler,JIT-APFRL,7851,99,0.1730532097895766,0.17305135575729147,1.8540322851423596e-06,0.001071376919891158
High-straggler,JIT-APFRL,3407,100,0.17305774552424727,0.17304637640238765,1.1369121859616804e-05,0.006569985512542599
High-straggler,JIT-APFRL,4518,100,0.17305829318037433,0.17304637640238765,1.1916777986675786e-05,0.006886464908670206
High-straggler,JIT-APFRL,5629,100,0.17302721918810518,0.17304637640238765,1.9157214282472523e-05,0.01107056656183654
High-straggler,JIT-APFRL,6740,100,0.17304431475415455,0.17304637640238765,2.06164823310373e-06,0.0011913848044467251
High-straggler,JIT-APFRL,7851,100,0.17304430936505683,0.17304637640238765,2.0670373308273593e-06,0.0011944990549936987
High-straggler,JIT-APFRL,3407,101,0.1730922778745861,0.1730557137089303,3.6564165655783576e-05,0.02112855153530636
High-straggler,JIT-APFRL,4518,101,0.17307007168957667,0.1730557137089303,1.435798064636229e-05,0.008296738858626524
High-straggler,JIT-APFRL,5629,101,0.17302219680459813,0.1730557137089303,3.351690433217591e-05,0.019367695878882915
High-straggler,JIT-APFRL,6740,101,0.17306137469345068,0.1730557137089303,5.660984520372558e-06,0.0032711919179357505
High-straggler,JIT-APFRL,7851,101,0.17303264748243982,0.1730557137089303,2.306622649048129e-05,0.013328786433065913
High-straggler,JIT-APFRL,3407,102,0.17306945028723436,0.17304535252031775,2.409776691661425e-05,0.013925694371817851
High-straggler,JIT-APFRL,4518,102,0.17307147960070604,0.17304535252031775,2.6127080388294033e-05,0.01509840051048258
High-straggler,JIT-APFRL,5629,102,0.173017730857081,0.17304535252031775,2.762166323674875e-05,0.015962094811824323
High-straggler,JIT-APFRL,6740,102,0.17304170122641094,0.17304535252031775,3.651293906808961e-06,0.0021100213635499125
High-straggler,JIT-APFRL,7851,102,0.17302640063015637,0.17304535252031775,1.8951890161378326e-05,0.010951978706942235
High-straggler,JIT-APFRL,3407,103,0.1730734387425108,0.17304342734657263,3.0011395938167595e-05,0.017343274112376746
High-straggler,JIT-APFRL,4518,103,0.17303758361863242,0.17304342734657263,5.843727940213483e-06,0.0033770297027864702
High-straggler,JIT-APFRL,5629,103,0.1730308605686113,0.17304342734657263,1.2566777961325881e-05,0.007262210506358642
High-straggler,JIT-APFRL,6740,103,0.17303696990042514,0.17304342734657263,6.457446147495327e-06,0.003731691082702787
High-straggler,JIT-APFRL,7851,103,0.17303828390268347,0.17304342734657263,5.143443889160659e-06,0.002972342820544887
High-straggler,JIT-APFRL,3407,104,0.17307827202745546,0.1730569978292491,2.1274198206355788e-05,0.01229317419879576
High-straggler,JIT-APFRL,4518,104,0.17306457127815725,0.1730569978292491,7.5734489081435985e-06,0.004376274292944874
High-straggler,JIT-APFRL,5629,104,0.1730550819402184,0.1730569978292491,1.91588903070139e-06,0.0011070855583613834
High-straggler,JIT-APFRL,6740,104,0.1730324134535493,0.1730569978292491,2.4584375699798766e-05,0.014205941399755206
High-straggler,JIT-APFRL,7851,104,0.17305465044686502,0.1730569978292491,2.347382384082497e-06,0.0013564215336721599
High-straggler,JIT-APFRL,3407,105,0.1730688223768899,0.17305568863075554,1.3133746134347257e-05,0.007589317772945559
High-straggler,JIT-APFRL,4518,105,0.17306542131945957,0.17305568863075554,9.732688704022774e-06,0.005624021250632888
High-straggler,JIT-APFRL,5629,105,0.1730588766781081,0.17305568863075554,3.1880473525536246e-06,0.0018422089315745516
High-straggler,JIT-APFRL,6740,105,0.17303434315274718,0.17305568863075554,2.1345478008361063e-05,0.012334456137934512
High-straggler,JIT-APFRL,7851,105,0.173050979626573,0.17305568863075554,4.709004182534837e-06,0.0027210918172024486
High-straggler,JIT-APFRL,3407,106,0.17309255322342915,0.17305635277097006,3.620045245908421e-05,0.020918303130422138
High-straggler,JIT-APFRL,4518,106,0.17307445248980735,0.17305635277097006,1.8099718837288892e-05,0.01045885837039615
High-straggler,JIT-APFRL,5629,106,0.1730402626088821,0.17305635277097006,1.6090162087950555e-05,0.00929764312625087
High-straggler,JIT-APFRL,6740,106,0.17301930725937045,0.17305635277097006,3.704551159960934e-05,0.021406617559216044
High-straggler,JIT-APFRL,7851,106,0.17305518827336133,0.17305635277097006,1.164497608729942e-06,0.0006729008153032592
High-straggler,JIT-APFRL,3407,107,0.17308459608408722,0.17306290913731065,2.1686946776566796e-05,0.012531250563550884
High-straggler,JIT-APFRL,4518,107,0.17306459247114542,0.17306290913731065,1.6833338347677085e-06,0.0009726716389773193
High-straggler,JIT-APFRL,5629,107,0.17305575408302293,0.17306290913731065,7.155054287721896e-06,0.004134366123503085
High-straggler,JIT-APFRL,6740,107,0.17304660537798716,0.17306290913731065,1.6303759323488265e-05,0.009420712621069268
High-straggler,JIT-APFRL,7851,107,0.17306299767031041,0.17306290913731065,8.853299976463447e-08,5.1156541979998203e-05
High-straggler,JIT-APFRL,3407,108,0.17307049464298263,0.17306168801351518,8.806629467450477e-06,0.005088722737271999
High-straggler,JIT-APFRL,4518,108,0.1730719097561803,0.17306168801351518,1.0221742665128541e-05,0.005906415673196414
High-straggler,JIT-APFRL,5629,108,0.17305864251255307,0.17306168801351518,3.045500962112202e-06,0.0017597776822068007
High-straggler,JIT-APFRL,6740,108,0.17304244089606083,0.17306168801351518,1.9247117454351814e-05,0.011121535722481061
High-straggler,JIT-APFRL,7851,108,0.17306495225979918,0.17306168801351518,3.2642462839960196e-06,0.0018861749942835988
High-straggler,JIT-APFRL,3407,109,0.17308444380632254,0.17306347065928776,2.0973147034780704e-05,0.012118760218365667
High-straggler,JIT-APFRL,4518,109,0.1730505249145406,0.17306347065928776,1.2945744747167032e-05,0.00748034504211087
High-straggler,JIT-APFRL,5629,109,0.17304502052036227,0.17306347065928776,1.8450138925485415e-05,0.010660908888050926
High-straggler,JIT-APFRL,6740,109,0.1730503693028672,0.17306347065928776,1.3101356420547328e-05,0.0075702609976776285
High-straggler,JIT-APFRL,7851,109,0.1730869947523461,0.17306347065928776,2.3524093058335804e-05,0.013592754709425644
High-straggler,JIT-APFRL,3407,110,0.17308752595588164,0.17306084332192664,2.66826339549997e-05,0.01541806537101223
High-straggler,JIT-APFRL,4518,110,0.17308261360913102,0.17306084332192664,2.1770287204375682e-05,0.012579556869417733
High-straggler,JIT-APFRL,5629,110,0.17303366441524862,0.17306084332192664,2.7178906678027026e-05,0.015704827363789624
High-straggler,JIT-APFRL,6740,110,0.17305744813462975,0.17306084332192664,3.39518729688959e-06,0.001961846037334907
High-straggler,JIT-APFRL,7851,110,0.17304296449474216,0.17306084332192664,1.7878827184486523e-05,0.010330948839321468
High-straggler,JIT-APFRL,3407,111,0.173099140198622,0.1730556091844123,4.353101420970229e-05,0.025154350335628
High-straggler,JIT-APFRL,4518,111,0.17306145133144932,0.1730556091844123,5.842147037027345e-06,0.0033758784615885006
High-straggler,JIT-APFRL,5629,111,0.17301969995922364,0.1730556091844123,3.590922518864614e-05,0.020750107643364737
High-straggler,JIT-APFRL,6740,111,0.1730580383032994,0.1730556091844123,2.429118887120607e-06,0.0014036637694488589
High-straggler,JIT-APFRL,7851,111,0.1730397161294672,0.1730556091844123,1.5893054945093077e-05,0.009183784923236467
High-straggler,JIT-APFRL,3407,112,0.17309367465464193,0.17305764979363686,3.602486100506841e-05,0.0208166822142947
High-straggler,JIT-APFRL,4518,112,0.17307613319018014,0.17305764979363686,1.8483396543284014e-05,0.010680485124653315
High-straggler,JIT-APFRL,5629,112,0.1730261043484878,0.17305764979363686,3.1545445149050444e-05,0.01822828703999327
High-straggler,JIT-APFRL,6740,112,0.17304339067351937,0.17305764979363686,1.4259120117487978e-05,0.008239520260728902
High-straggler,JIT-APFRL,7851,112,0.17304894610135518,0.17305764979363686,8.703692281675224e-06,0.0050293600381456525
High-straggler,JIT-APFRL,3407,113,0.17306162250178553,0.17305956925168253,2.0532501029957295e-06,0.0011864412420960462
High-straggler,JIT-APFRL,4518,113,0.17308017311740667,0.17305956925168253,2.0603865724139192e-05,0.01190564949007515
High-straggler,JIT-APFRL,5629,113,0.17304713463921068,0.17305956925168253,1.2434612471856621e-05,0.007185163193011777
High-straggler,JIT-APFRL,6740,113,0.17305588382155349,0.17305956925168253,3.685430129046763e-06,0.0021295731550602668
High-straggler,JIT-APFRL,7851,113,0.17305303217845627,0.17305956925168253,6.5370732262592934e-06,0.00377735438411519
High-straggler,JIT-APFRL,3407,114,0.17306332902979876,0.17305679360354106,6.535426257697763e-06,0.0037764632763680394
High-straggler,JIT-APFRL,4518,114,0.17306519921052071,0.17305679360354106,8.405606979650093e-06,0.0048571378243067705
High-straggler,JIT-APFRL,5629,114,0.1730709143012967,0.17305679360354106,1.4120697755637401e-05,0.00815957435799184
High-straggler,JIT-APFRL,6740,114,0.17304620773696372,0.17305679360354106,1.058586657734506e-05,0.006116989895003148
High-straggler,JIT-APFRL,7851,114,0.17303831773912554,0.17305679360354106,1.8475864415529175e-05,0.01067618556359935
High-straggler,JIT-APFRL,3407,115,0.1730790676032466,0.17306591487554274,1.3152727703857892e-05,0.007599837156447843
High-straggler,JIT-APFRL,4518,115,0.17306630701553033,0.17306591487554274,3.921399875927989e-07,0.0002265841820296038
High-straggler,JIT-APFRL,5629,115,0.1730725682037847,0.17306591487554274,6.653328241956746e-06,0.0038443897209576874
High-straggler,JIT-APFRL,6740,115,0.17306673011899096,0.17306591487554274,8.152434482211479e-07,0.00047105950863138806
High-straggler,JIT-APFRL,7851,115,0.17304490143616116,0.17306591487554274,2.1013439381573074e-05,0.012141870568034447
High-straggler,JIT-APFRL,3407,116,0.1730770063710902,0.17306746144562277,9.544925467425136e-06,0.005515147323302087
High-straggler,JIT-APFRL,4518,116,0.1730685555426296,0.17306746144562277,1.0940970068262779e-06,0.0006321794967623302
High-straggler,JIT-APFRL,5629,116,0.1730692581865861,0.17306746144562277,1.7967409633445897e-06,0.0010381737550990311
High-straggler,JIT-APFRL,6740,116,0.1730581301239168,0.17306746144562277,9.331321705968731e-06,0.0053917250695334215
High-straggler,JIT-APFRL,7851,116,0.1730643570038911,0.17306746144562277,3.1044417316550277e-06,0.0017937755056460646
High-straggler,JIT-APFRL,3407,117,0.1730847802930676,0.17307070109789793,1.4079195169658387e-05,0.008134938542656305
High-straggler,JIT-APFRL,4518,117,0.17309673351590105,0.17307070109789793,2.603241800311351e-05,0.015041493353856699
High-straggler,JIT-APFRL,5629,117,0.17306485094533153,0.17307070109789793,5.850152566405642e-06,0.0033802096653531705
High-straggler,JIT-APFRL,6740,117,0.17304542710717208,0.17307070109789793,2.527399072585479e-05,0.014603275173397769
High-straggler,JIT-APFRL,7851,117,0.17306171362801734,0.17307070109789793,8.987469880594734e-06,0.005192947057810176
High-straggler,JIT-APFRL,3407,118,0.17307619475424202,0.1730664272604565,9.767493785506343e-06,0.005643783106937744
High-straggler,JIT-APFRL,4518,118,0.17306628992443862,0.1730664272604565,1.3733601789134298e-07,7.935451148168615e-05
High-straggler,JIT-APFRL,5629,118,0.1730717809825761,0.1730664272604565,5.353722119599835e-06,0.0030934492635840602
High-straggler,JIT-APFRL,6740,118,0.17305335957071052,0.1730664272604565,1.3067689745988043e-05,0.007550678634118799
High-straggler,JIT-APFRL,7851,118,0.1730645110703153,0.1730664272604565,1.9161901411990367e-06,0.0011071992249052811
High-straggler,JIT-APFRL,3407,119,0.17307504741213334,0.17306179527939936,1.3252132733981847e-05,0.007657457102295143
High-straggler,JIT-APFRL,4518,119,0.17306886852436765,0.17306179527939936,7.073244968291981e-06,0.00408712099448211
High-straggler,JIT-APFRL,5629,119,0.17306921057950655,0.17306179527939936,7.415300107199707e-06,0.004284770128050554
High-straggler,JIT-APFRL,6740,119,0.17303423785927524,0.17306179527939936,2.7557420124113552e-05,0.015923456751170018
High-straggler,JIT-APFRL,7851,119,0.1730616120217141,0.17306179527939936,1.832576852489609e-07,0.00010589147359363793
High-straggler,JIT-APFRL,3407,120,0.17307472556754805,0.17306436429818212,1.0361269365932735e-05,0.005986945612951684
High-straggler,JIT-APFRL,4518,120,0.1730737173511872,0.17306436429818212,9.35305300509004e-06,0.005404378332315224
High-straggler,JIT-APFRL,5629,120,0.17304665551306614,0.17306436429818212,1.77087851159774e-05,0.010232484999318496
High-straggler,JIT-APFRL,6740,120,0.17306846451565813,0.17306436429818212,4.100217476016299e-06,0.002369186454209492
High-straggler,JIT-APFRL,7851,120,0.17305825854345103,0.17306436429818212,6.10575473108943e-06,0.0035280254001739428
High-straggler,JIT-APFRL,3407,121,0.17306493166924256,0.17306211910888764,2.8125603549200573e-06,0.0016251738794151964
High-straggler,JIT-APFRL,4518,121,0.17307057496603626,0.17306211910888764,8.455857148620405e-06,0.004886024273919891
High-straggler,JIT-APFRL,5629,121,0.17308443824384268,0.17306211910888764,2.231913495504001e-05,0.01289660329479567
High-straggler,JIT-APFRL,6740,121,0.17303935312457905,0.17306211910888764,2.2765984308587006e-05,0.013154805006324377
High-straggler,JIT-APFRL,7851,121,0.17305129754073761,0.17306211910888764,1.0821568150021221e-05,0.006252996441822419
High-straggler,JIT-APFRL,3407,122,0.17307643697607,0.173056739728264,1.9697247806010898e-05,0.011381959371787416
High-straggler,JIT-APFRL,4518,122,0.1730522183184581,0.173056739728264,4.521409805890997e-06,0.0026126747868881472
High-straggler,JIT-APFRL,5629,122,0.17306895564496944,0.173056739728264,1.2215916705443641e-05,0.007058908381508421
High-straggler,JIT-APFRL,6740,122,0.17303496948599012,0.173056739728264,2.177024227387192e-05,0.012579829198247839
High-straggler,JIT-APFRL,7851,122,0.17305111821583236,0.173056739728264,5.621512431636111e-06,0.0032483637681277743
High-straggler,JIT-APFRL,3407,123,0.17305359254646135,0.17305902074969937,5.42820323801152e-06,0.003136619642533687
High-straggler,JIT-APFRL,4518,123,0.17306004065343855,0.17305902074969937,1.0199037391855903e-06,0.0005893386746136214
High-straggler,JIT-APFRL,5629,123,0.17309028292674958,0.17305902074969937,3.126217705021195e-05,0.018064459694029707
High-straggler,JIT-APFRL,6740,123,0.17303664616272288,0.17305902074969937,2.2374586976486865e-05,0.012928876448947394
High-straggler,JIT-APFRL,7851,123,0.1730545414591244,0.17305902074969937,4.479290574954664e-06,0.002588302277194323
High-straggler,JIT-APFRL,3407,124,0.17307263149405472,0.17306682853497718,5.802959077538805e-06,0.003353016361749539
High-straggler,JIT-APFRL,4518,124,0.17305105773693427,0.17306682853497718,1.577079804290782e-05,0.009112548127453844
High-straggler,JIT-APFRL,5629,124,0.17308578105017294,0.17306682853497718,1.8952515195763686e-05,0.01095098081833362
High-straggler,JIT-APFRL,6740,124,0.17306292808300866,0.17306682853497718,3.900451968519292e-06,0.002253725917055793
High-straggler,JIT-APFRL,7851,124,0.17306174431071536,0.17306682853497718,5.08422426181987e-06,0.002937723135541446
High-straggler,JIT-APFRL,3407,125,0.17307388048561972,0.17305669418265962,1.7186302960103816e-05,0.009931024651357227
High-straggler,JIT-APFRL,4518,125,0.17306240908696793,0.17305669418265962,5.714904308312674e-06,0.003302330681459019
High-straggler,JIT-APFRL,5629,125,0.1730519501985811,0.17305669418265962,4.743984078514618e-06,0.002741288975222993
High-straggler,JIT-APFRL,6740,125,0.17305821278421818,0.17305669418265962,1.5186015585588741e-06,0.0008775167962910498
High-straggler,JIT-APFRL,7851,125,0.1730370183579112,0.17305669418265962,1.967582474843299e-05,0.011369583153868266
High-straggler,JIT-APFRL,3407,126,0.1730582786906308,0.17304702958143445,1.1249109196365126e-05,0.006500608085313242
High-straggler,JIT-APFRL,4518,126,0.1730638464413373,0.17304702958143445,1.6816859902846204e-05,0.00971808643206576
High-straggler,JIT-APFRL,5629,126,0.17304330628563544,0.17304702958143445,3.723295799007431e-06,0.002151609194340594
High-straggler,JIT-APFRL,6740,126,0.17304023354540335,0.17304702958143445,6.796036031098129e-06,0.003927276907056051
High-straggler,JIT-APFRL,7851,126,0.17302948294416548,0.17304702958143445,1.754663726896699e-05,0.01013980841590216
High-straggler,JIT-APFRL,3407,127,0.17306254924552383,0.17305330255890577,9.246686618058497e-06,0.005343259262510179
High-straggler,JIT-APFRL,4518,127,0.17306348225808063,0.17305330255890577,1.017969917485595e-05,0.005882406763887601
High-straggler,JIT-APFRL,5629,127,0.17304610440814533,0.17305330255890577,7.198150760445721e-06,0.004159499214408541
High-straggler,JIT-APFRL,6740,127,0.17303979011424406,0.17305330255890577,1.3512444661717415e-05,0.007808255873717233
High-straggler,JIT-APFRL,7851,127,0.17305458676853508,0.17305330255890577,1.2842096293042005e-06,0.0007420890617600708
High-straggler,JIT-APFRL,3407,128,0.17307035343154845,0.17305247659394704,1.7876837601404905e-05,0.01033029861996797
High-straggler,JIT-APFRL,4518,128,0.1730526555314174,0.17305247659394704,1.7893747036867858e-07,0.00010340069896170291
High-straggler,JIT-APFRL,5629,128,0.17305229253432847,0.17305247659394704,1.8405961857426156e-07,0.000106360580441817
High-straggler,JIT-APFRL,6740,128,0.1730511828816167,0.17305247659394704,1.293712330346919e-06,0.0007475838287957619
High-straggler,JIT-APFRL,7851,128,0.1730358985908241,0.17305247659394704,1.657800312293567e-05,0.00957975490974021
High-straggler,JIT-APFRL,3407,129,0.17306869569064717,0.17304976541525932,1.8930275387851747e-05,0.010939208927805052
High-straggler,JIT-APFRL,4518,129,0.17306093202572792,0.17304976541525932,1.1166610468599236e-05,0.006452831901738352
High-straggler,JIT-APFRL,5629,129,0.17303523159423975,0.17304976541525932,1.4533821019568904e-05,0.008398636649227915
High-straggler,JIT-APFRL,6740,129,0.17301979033385897,0.17304976541525932,2.9975081400346326e-05,0.01732165387708937
High-straggler,JIT-APFRL,7851,129,0.17306417743182273,0.17304976541525932,1.4412016563408736e-05,0.008328249696741803
High-straggler,JIT-APFRL,3407,130,0.17306702283067835,0.17305703448619986,9.988344478489841e-06,0.005771706714000317
High-straggler,JIT-APFRL,4518,130,0.17305310779262742,0.17305703448619986,3.926693572436912e-06,0.0022690170232577515
High-straggler,JIT-APFRL,5629,130,0.17308191955875887,0.17305703448619986,2.488507255901662e-05,0.014379694320372187
High-straggler,JIT-APFRL,6740,130,0.17303108793690922,0.17305703448619986,2.5946549290639664e-05,0.014993062470805674
High-straggler,JIT-APFRL,7851,130,0.17305203431202545,0.17305703448619986,5.000174174402128e-06,0.00288932154029304
High-straggler,JIT-APFRL,3407,131,0.17304084583090099,0.17304030780226637,5.380286346168273e-07,0.00031092676697711035
High-straggler,JIT-APFRL,4518,131,0.17304164677670458,0.17304030780226637,1.33897443821418e-06,0.0007737933752084108
High-straggler,JIT-APFRL,5629,131,0.17304487130650392,0.17304030780226637,4.563504237553584e-06,0.0026372492603100963
High-straggler,JIT-APFRL,6740,131,0.17304267015965197,0.17304030780226637,2.36235738559909e-06,0.001365206416702958
High-straggler,JIT-APFRL,7851,131,0.17303150493757036,0.17304030780226637,8.802864696011437e-06,0.005087175819214616
High-straggler,JIT-APFRL,3407,132,0.17306194988118634,0.1730492538953767,1.269598580963538e-05,0.007336631348501049
High-straggler,JIT-APFRL,4518,132,0.1730542832170736,0.1730492538953767,5.0293216969088395e-06,0.0029062949326262343
High-straggler,JIT-APFRL,5629,132,0.1730464652302545,0.1730492538953767,2.788665122210876e-06,0.001611486359771806
High-straggler,JIT-APFRL,6740,132,0.17304012468976016,0.1730492538953767,9.129205616548175e-06,0.005275495508387209
High-straggler,JIT-APFRL,7851,132,0.1730434464586089,0.1730492538953767,5.8074367678129235e-06,0.0033559444129843074
High-straggler,JIT-APFRL,3407,133,0.17306703207745658,0.1730506725589287,1.6359518527880867e-05,0.009453600084859529
High-straggler,JIT-APFRL,4518,133,0.17304558580525026,0.1730506725589287,5.08675367844047e-06,0.0029394590631875673
High-straggler,JIT-APFRL,5629,133,0.1730474472688261,0.1730506725589287,3.2252901026041947e-06,0.0018637836275995352
High-straggler,JIT-APFRL,6740,133,0.1730532224040741,0.1730506725589287,2.549845145388696e-06,0.0014734673420702257
High-straggler,JIT-APFRL,7851,133,0.1730400752390365,0.1730506725589287,1.0597319892197143e-05,0.006123824736126613
High-straggler,JIT-APFRL,3407,134,0.17304567591716064,0.1730402322443348,5.443672825844459e-06,0.003145900092273299
High-straggler,JIT-APFRL,4518,134,0.17305058707531562,0.1730402322443348,1.0354830980829899e-05,0.0059840598030455475
High-straggler,JIT-APFRL,5629,134,0.17304237049332816,0.1730402322443348,2.138248993366343e-06,0.0012356947084693638
High-straggler,JIT-APFRL,6740,134,0.17302075277128998,0.1730402322443348,1.9479473044814455e-05,0.011257193077104297
High-straggler,JIT-APFRL,7851,134,0.17304177496457968,0.1730402322443348,1.5427202448847765e-06,0.0008915384733802471
High-straggler,JIT-APFRL,3407,135,0.17305546318894122,0.17304949100926215,5.972179679070155e-06,0.00345113969664927
High-straggler,JIT-APFRL,4518,135,0.17304902432863284,0.17304949100926215,4.666806293074366e-07,0.000269680440309679
High-straggler,JIT-APFRL,5629,135,0.17305306988029073,0.17304949100926215,3.578871028586672e-06,0.0020681199393964814
High-straggler,JIT-APFRL,6740,135,0.17304781868270652,0.17304949100926215,1.672326555623993e-06,0.000966386289766368
High-straggler,JIT-APFRL,7851,135,0.17304207896573937,0.17304949100926215,7.412043522780909e-06,0.004283192906001783
High-straggler,JIT-APFRL,3407,136,0.17305607547238994,0.173048817613978,7.257858411935381e-06,0.004194110374175205
High-straggler,JIT-APFRL,4518,136,0.17306327702250474,0.173048817613978,1.4459408526734663e-05,0.0083556817816516
High-straggler,JIT-APFRL,5629,136,0.17306223779829627,0.173048817613978,1.342018431826908e-05,0.007755143608207506
High-straggler,JIT-APFRL,6740,136,0.173037006547715,0.173048817613978,1.1811066262995551e-05,0.0068252799561697285
High-straggler,JIT-APFRL,7851,136,0.17302549122898397,0.173048817613978,2.332638499402684e-05,0.013479655807912699
High-straggler,JIT-APFRL,3407,137,0.17305431601917504,0.17303862084019705,1.569517897798134e-05,0.009070332912833372
High-straggler,JIT-APFRL,4518,137,0.1730360871552548,0.17303862084019705,2.533684942268577e-06,0.0014642308924829337
High-straggler,JIT-APFRL,5629,137,0.17302421202933707,0.17303862084019705,1.44088108599838e-05,0.008326933484571912
High-straggler,JIT-APFRL,6740,137,0.173052596215236,0.17303862084019705,1.397537503894375e-05,0.008076448466293632
High-straggler,JIT-APFRL,7851,137,0.17302589278198233,0.17303862084019705,1.2728058214728222e-05,0.007355617002104238
High-straggler,JIT-APFRL,3407,138,0.1730368427854282,0.17303932885052795,2.4860650997549083e-06,0.0014367052370518503
High-straggler,JIT-APFRL,4518,138,0.173032534317456,0.17303932885052795,6.7945330719521024e-06,0.003926583116732525
High-straggler,JIT-APFRL,5629,138,0.17304573738534423,0.17303932885052795,6.408534816287892e-06,0.003703513449144044
High-straggler,JIT-APFRL,6740,138,0.17306102172852225,0.17303932885052795,2.169287799430597e-05,0.01253638588314473
High-straggler,JIT-APFRL,7851,138,0.17302050803588903,0.17303932885052795,1.8820814638914607e-05,0.010876610978520438
High-straggler,JIT-APFRL,3407,139,0.17303297200384932,0.17304211922454932,9.147220700000958e-06,0.005286123829846884
High-straggler,JIT-APFRL,4518,139,0.17305810544642797,0.17304211922454932,1.5986221878649953e-05,0.009238341480264305
High-straggler,JIT-APFRL,5629,139,0.1730499197495353,0.17304211922454932,7.800524985973611e-06,0.004507876475929659
High-straggler,JIT-APFRL,6740,139,0.17301808683941405,0.17304211922454932,2.4032385135264178e-05,0.013888170835493747
High-straggler,JIT-APFRL,7851,139,0.17305151208352,0.17304211922454932,9.392858970669327e-06,0.005428076709162708
High-straggler,JIT-APFRL,3407,140,0.17304733795903873,0.17303754089655493,9.797062483801744e-06,0.005661813288053262
High-straggler,JIT-APFRL,4518,140,0.17304382066510104,0.17303754089655493,6.279768546113562e-06,0.003629136494645243
High-straggler,JIT-APFRL,5629,140,0.17303096767587617,0.17303754089655493,6.573220678762759e-06,0.003798725204198523
High-straggler,JIT-APFRL,6740,140,0.173036763113783,0.17303754089655493,7.777827719379626e-07,0.0004494878787042724
High-straggler,JIT-APFRL,7851,140,0.17302881506897572,0.17303754089655493,8.725827579214585e-06,0.005042736699795709
High-straggler,JIT-APFRL,3407,141,0.1730322096670082,0.17303732258923285,5.112922224659311e-06,0.0029548089095187257
High-straggler,JIT-APFRL,4518,141,0.1730517889221624,0.17303732258923285,1.4466332929535808e-05,0.00836023853875555
High-straggler,JIT-APFRL,5629,141,0.17303582048151048,0.17303732258923285,1.502107722373136e-06,0.0008680830816707308
High-straggler,JIT-APFRL,6740,141,0.17304084217625004,0.17303732258923285,3.5195870171922383e-06,0.0020340045514615716
High-straggler,JIT-APFRL,7851,141,0.17302595169923315,0.17303732258923285,1.13708899996956e-05,0.006571351099027665
High-straggler,JIT-APFRL,3407,142,0.17304651581380362,0.17304167784488667,4.837968916954205e-06,0.002795840272244081
High-straggler,JIT-APFRL,4518,142,0.17303948529188423,0.17304167784488667,2.192553002433595e-06,0.0012670664256960013
High-straggler,JIT-APFRL,5629,142,0.1730535620767377,0.17304167784488667,1.188423185102816e-05,0.006867843631105508
High-straggler,JIT-APFRL,6740,142,0.17303900399254807,0.17304167784488667,2.6738523385971824e-06,0.0015452071269177155
High-straggler,JIT-APFRL,7851,142,0.17302982204945966,0.17304167784488667,1.1855795427007099e-05,0.006851410350767952
High-straggler,JIT-APFRL,3407,143,0.1730315015840962,0.17303238753336875,8.859492725554752e-07,0.0005120135514425718
High-straggler,JIT-APFRL,4518,143,0.17301211158547908,0.17303238753336875,2.0275947889669688e-05,0.011718007350363546
High-straggler,JIT-APFRL,5629,143,0.17304180700627175,0.17303238753336875,9.419472903005044e-06,0.005443762891608098
High-straggler,JIT-APFRL,6740,143,0.17304385078035323,0.17303238753336875,1.146324698447776e-05,0.006624914068337125
High-straggler,JIT-APFRL,7851,143,0.17303266671064343,0.17303238753336875,2.7917727468684816e-07,0.00016134394182881496
High-straggler,JIT-APFRL,3407,144,0.1730219738348801,0.1730255693498806,3.5955150004818304e-06,0.002078025238692452
High-straggler,JIT-APFRL,4518,144,0.1730270582618461,0.1730255693498806,1.4889119655248084e-06,0.000860515570686568
High-straggler,JIT-APFRL,5629,144,0.17303802289653564,0.1730255693498806,1.2453546655050163e-05,0.007197518090443294
High-straggler,JIT-APFRL,6740,144,0.1730397871048568,0.1730255693498806,1.4217754976203478e-05,0.008217140986517026
High-straggler,JIT-APFRL,7851,144,0.1730010046512843,0.1730255693498806,2.456469859629662e-05,0.014197149408954435
High-straggler,JIT-APFRL,3407,145,0.17302417134020817,0.1730226163014889,1.5550387192642123e-06,0.0008987488182207258
High-straggler,JIT-APFRL,4518,145,0.1730238742021572,0.1730226163014889,1.2579006682944538e-06,0.0007270151701454934
High-straggler,JIT-APFRL,5629,145,0.17302783721002382,0.1730226163014889,5.220908534914193e-06,0.0030174717308729454
High-straggler,JIT-APFRL,6740,145,0.17300611437125146,0.1730226163014889,1.650193023744473e-05,0.009537441168205665
High-straggler,JIT-APFRL,7851,145,0.17303108438380388,0.1730226163014889,8.46808231497187e-06,0.0048942054489665
High-straggler,JIT-APFRL,3407,146,0.17301756892191117,0.17302825704394328,1.0688122032115333e-05,0.00617709628167896
High-straggler,JIT-APFRL,4518,146,0.17303295019622134,0.17302825704394328,4.693152278051338e-06,0.002712361759998216
High-straggler,JIT-APFRL,5629,146,0.17303593428607197,0.17302825704394328,7.677242128689699e-06,0.004436987495481701
High-straggler,JIT-APFRL,6740,146,0.17301614940668233,0.17302825704394328,1.2107637260949655e-05,0.006997491316042517
High-straggler,JIT-APFRL,7851,146,0.17303868240882966,0.17302825704394328,1.0425364886379462e-05,0.0060252383422736405
High-straggler,JIT-APFRL,3407,147,0.17301773428845948,0.1730129035751226,4.830713336873016e-06,0.0027921115922868197
High-straggler,JIT-APFRL,4518,147,0.1730245947548943,0.1730129035751226,1.1691179771677884e-05,0.006757403367085592
High-straggler,JIT-APFRL,5629,147,0.17301524792873654,0.1730129035751226,2.3443536139311494e-06,0.001355016629099705
High-straggler,JIT-APFRL,6740,147,0.17299732692027275,0.1730129035751226,1.557665484985815e-05,0.00900317521293707
High-straggler,JIT-APFRL,7851,147,0.17300961398324988,0.1730129035751226,3.2895918727349205e-06,0.0019013563755992176
High-straggler,JIT-APFRL,3407,148,0.17305000690700484,0.17302047846180776,2.9528445197074538e-05,0.01706644523214204
High-straggler,JIT-APFRL,4518,148,0.17300125032549826,0.17302047846180776,1.9228136309501487e-05,0.011113214158488108
High-straggler,JIT-APFRL,5629,148,0.17302652728263976,0.17302047846180776,6.048820831994206e-06,0.0034960143942321903
High-straggler,JIT-APFRL,6740,148,0.17300711875314523,0.17302047846180776,1.3359708662535885e-05,0.007721460939945837
High-straggler,JIT-APFRL,7851,148,0.17301748904075082,0.17302047846180776,2.989421056948105e-06,0.0017277845278921618
High-straggler,JIT-APFRL,3407,149,0.17301363988256765,0.17300971349976987,3.926382797780903e-06,0.002269458008082376
High-straggler,JIT-APFRL,4518,149,0.17301842828580744,0.17300971349976987,8.714786037561373e-06,0.005037165752877202
High-straggler,JIT-APFRL,5629,149,0.17303285635015253,0.17300971349976987,2.3142850382656954e-05,0.013376619101035468
High-straggler,JIT-APFRL,6740,149,0.17296828798133293,0.17300971349976987,4.1425518436943864e-05,0.023944041984092973
High-straggler,JIT-APFRL,7851,149,0.1730153549989889,0.17300971349976987,5.641499219027901e-06,0.003260799122146055
High-straggler,JIT-APFRL,3407,150,0.1730071253522571,0.1730172890685433,1.0163716286204494e-05,0.0058743934441014105
High-straggler,JIT-APFRL,4518,150,0.17303094565503158,0.1730172890685433,1.365658648827539e-05,0.00789319180863199
High-straggler,JIT-APFRL,5629,150,0.1730190700111214,0.1730172890685433,1.780942578105682e-06,0.0010293437076107092
High-straggler,JIT-APFRL,6740,150,0.17303980183180073,0.1730172890685433,2.251276325743179e-05,0.013011857588702035
High-straggler,JIT-APFRL,7851,150,0.17298950249250572,0.1730172890685433,2.7786576037580613e-05,0.016059999660827284
High-straggler,JIT-APFRL,3407,151,0.17301383952766922,0.1730100287279055,3.8107997637204516e-06,0.002202646743509726
High-straggler,JIT-APFRL,4518,151,0.17302668662521878,0.1730100287279055,1.6657897313282488e-05,0.009628284230552045
High-straggler,JIT-APFRL,5629,151,0.1730242718231581,0.1730100287279055,1.4243095252608473e-05,0.008232525800575829
High-straggler,JIT-APFRL,6740,151,0.17299268789122596,0.1730100287279055,1.7340836679535787e-05,0.010023023987128447
High-straggler,JIT-APFRL,7851,151,0.1729926577722553,0.1730100287279055,1.7370955650186648e-05,0.010040432787573323
High-straggler,JIT-APFRL,3407,152,0.17299447762732098,0.17300257120797177,8.09358065079202e-06,0.004678300787253893
High-straggler,JIT-APFRL,4518,152,0.1730120854780004,0.17300257120797177,9.514270028626592e-06,0.005499496315109208
High-straggler,JIT-APFRL,5629,152,0.1730028574493593,0.17300257120797177,2.862413875370784e-07,0.00016545499037293423
High-straggler,JIT-APFRL,6740,152,0.17299530500168386,0.17300257120797177,7.266206287909194e-06,0.0042000568183314805
High-straggler,JIT-APFRL,7851,152,0.1730081304834943,0.17300257120797177,5.5592755225375434e-06,0.003213406300103231
High-straggler,JIT-APFRL,3407,153,0.17301356308885124,0.17300948576273076,4.077326120482949e-06,0.0023567066872129134
High-straggler,JIT-APFRL,4518,153,0.1730273987658451,0.17300948576273076,1.79130031143504e-05,0.010353769352806881
High-straggler,JIT-APFRL,5629,153,0.17298927618784474,0.17300948576273076,2.020957488602093e-05,0.01168119470266319
High-straggler,JIT-APFRL,6740,153,0.1729978835559673,0.17300948576273076,1.1602206763466905e-05,0.00670611019524007
High-straggler,JIT-APFRL,7851,153,0.1730193072151454,0.17300948576273076,9.821452414654486e-06,0.005676828857883466
High-straggler,JIT-APFRL,3407,154,0.17300645187645486,0.17300939095297557,2.9390765207137903e-06,0.001698795946581096
High-straggler,JIT-APFRL,4518,154,0.17301587584307052,0.17300939095297557,6.484890094943241e-06,0.003748287916177829
High-straggler,JIT-APFRL,5629,154,0.17304199699745693,0.17300939095297557,3.2606044481353624e-05,0.018846401517138477
High-straggler,JIT-APFRL,6740,154,0.17297468666464313,0.17300939095297557,3.470428833243777e-05,0.02005919340058858
High-straggler,JIT-APFRL,7851,154,0.1730079433832525,0.17300939095297557,1.4475697230620366e-06,0.0008367000860984998
High-straggler,JIT-APFRL,3407,155,0.17300568871698338,0.17300618093652598,4.922195425971498e-07,0.0002845098018652522
High-straggler,JIT-APFRL,4518,155,0.17300337179410008,0.17300618093652598,2.8091424258969155e-06,0.001623723736741844
High-straggler,JIT-APFRL,5629,155,0.17301948512023507,0.17300618093652598,1.3304183709095252e-05,0.007690004852471952
High-straggler,JIT-APFRL,6740,155,0.1729835322074839,0.17300618093652598,2.26487290420907e-05,0.013091283166582507
High-straggler,JIT-APFRL,7851,155,0.17301882684382747,0.17300618093652598,1.2645907301489512e-05,0.007309511852717651
High-straggler,JIT-APFRL,3407,156,0.17300944969672233,0.17300130973934516,8.139957377167883e-06,0.004705142053220327
High-straggler,JIT-APFRL,4518,156,0.17299994633611454,0.17300130973934516,1.3634032306197863e-06,0.0007880883865411058
High-straggler,JIT-APFRL,5629,156,0.1730018579053999,0.17300130973934516,5.481660547423939e-07,0.0003168565923392695
High-straggler,JIT-APFRL,6740,156,0.17300257044528788,0.17300130973934516,1.260705942723872e-06,0.0007287262417974362
High-straggler,JIT-APFRL,7851,156,0.1729927243132011,0.17300130973934516,8.585426144069874e-06,0.004962636500848014
High-straggler,JIT-APFRL,3407,157,0.17299645981050082,0.17300820194513905,1.1742134638226265e-05,0.006787039288431943
High-straggler,JIT-APFRL,4518,157,0.17301144907586374,0.17300820194513905,3.2471307246928482e-06,0.001876865193779954
High-straggler,JIT-APFRL,5629,157,0.1730196343453699,0.17300820194513905,1.1432400230854123e-05,0.0066080105465053844
High-straggler,JIT-APFRL,6740,157,0.17300677467175232,0.17300820194513905,1.4272733867282117e-06,0.0008249744062312147
High-straggler,JIT-APFRL,7851,157,0.17300669182220846,0.17300820194513905,1.5101229305924946e-06,0.0008728620456221809
High-straggler,JIT-APFRL,3407,158,0.17299136280270755,0.17298476535222726,6.5974504802890355e-06,0.0038138910480674244
High-straggler,JIT-APFRL,4518,158,0.17298502358362558,0.17298476535222726,2.582313983201523e-07,0.0001492798500459552
High-straggler,JIT-APFRL,5629,158,0.17298344537617194,0.17298476535222726,1.3199760553195272e-06,0.00076305913565962
High-straggler,JIT-APFRL,6740,158,0.17298435052295508,0.17298476535222726,4.1482927218283727e-07,0.0002398068242241866
High-straggler,JIT-APFRL,7851,158,0.17297964447567615,0.17298476535222726,5.120876551106823e-06,0.002960304938229573
High-straggler,JIT-APFRL,3407,159,0.17298003041987928,0.17299242419057617,1.2393770696894624e-05,0.007164343036918827
High-straggler,JIT-APFRL,4518,159,0.17301428425803567,0.17299242419057617,2.186006745949487e-05,0.012636430503692371
High-straggler,JIT-APFRL,5629,159,0.17300319160066777,0.17299242419057617,1.0767410091594432e-05,0.006224209032259454
High-straggler,JIT-APFRL,6740,159,0.17299269297983677,0.17299242419057617,2.6878926059903385e-07,0.00015537631885135248
High-straggler,JIT-APFRL,7851,159,0.17297192169446127,0.17299242419057617,2.0502496114904734e-05,0.01185167281794853
High-straggler,JIT-APFRL,3407,160,0.17297375212455818,0.17299371079421402,1.995866965584514e-05,0.011537222691053275
High-straggler,JIT-APFRL,4518,160,0.17299815578117012,0.17299371079421402,4.444986956092523e-06,0.0025694500312673737
High-straggler,JIT-APFRL,5629,160,0.1729989266064188,0.17299371079421402,5.215812204778514e-06,0.0030150299573508906
High-straggler,JIT-APFRL,6740,160,0.17299252390419204,0.17299371079421402,1.1868900219869083e-06,0.0006860885384433324
High-straggler,JIT-APFRL,7851,160,0.17300519555473093,0.17299371079421402,1.1484760516905501e-05,0.006638831240846256
High-straggler,JIT-APFRL,3407,161,0.17297468011556533,0.17298114684111113,6.466725545800633e-06,0.003738399047464134
High-straggler,JIT-APFRL,4518,161,0.1729881214212873,0.17298114684111113,6.9745801761778026e-06,0.004031988632023687
High-straggler,JIT-APFRL,5629,161,0.17299467042170347,0.17298114684111113,1.352358059233949e-05,0.007817950591321576
High-straggler,JIT-APFRL,6740,161,0.1729704048517658,0.17298114684111113,1.0741989345336433e-05,0.006209919139455876
High-straggler,JIT-APFRL,7851,161,0.17297785739523375,0.17298114684111113,3.289445877380226e-06,0.0019016210364252528
High-straggler,JIT-APFRL,3407,162,0.17299373008167368,0.1729927625706485,9.675110251849972e-07,0.0005592783251784164
High-straggler,JIT-APFRL,4518,162,0.1729823239795745,0.1729927625706485,1.0438591073996806e-05,0.0060341201093506965
High-straggler,JIT-APFRL,5629,162,0.17300373021157284,0.1729927625706485,1.0967640924341993e-05,0.006339942065416129
High-straggler,JIT-APFRL,6740,162,0.17297904249322957,0.1729927625706485,1.3720077418927223e-05,0.007931012381702433
High-straggler,JIT-APFRL,7851,162,0.17300498608719192,0.1729927625706485,1.2223516543424795e-05,0.007065912100474628
High-straggler,JIT-APFRL,3407,163,0.17298926525589353,0.17298466145462063,4.6038012729010536e-06,0.002661392769849006
High-straggler,JIT-APFRL,4518,163,0.17298446257849615,0.17298466145462063,1.9887612448532543e-07,0.00011496749065089621
High-straggler,JIT-APFRL,5629,163,0.17297881327364167,0.17298466145462063,5.848180978956785e-06,0.003380751177462603
High-straggler,JIT-APFRL,6740,163,0.1729781505946288,0.17298466145462063,6.5108599918428656e-06,0.003763836595160127
High-straggler,JIT-APFRL,7851,163,0.17299261557044301,0.17298466145462063,7.954115822383923e-06,0.004598162493424621
High-straggler,JIT-APFRL,3407,164,0.17297940669132536,0.17297564322003323,3.7634712921341684e-06,0.0021757232533292877
High-straggler,JIT-APFRL,4518,164,0.17298404738926368,0.17297564322003323,8.404169230452618e-06,0.004858585332596287
High-straggler,JIT-APFRL,5629,164,0.17298509341936139,0.17297564322003323,9.45019932815927e-06,0.005463312147443885
High-straggler,JIT-APFRL,6740,164,0.17296301395123886,0.17297564322003323,1.2629268794361881e-05,0.007301183310702798
High-straggler,JIT-APFRL,7851,164,0.17296665464897687,0.17297564322003323,8.98857105635642e-06,0.005196437422650617
High-straggler,JIT-APFRL,3407,165,0.17296482461487944,0.17297549877030902,1.0674155429574173e-05,0.006170905998512649
High-straggler,JIT-APFRL,4518,165,0.17298280114247977,0.17297549877030902,7.302372170753246e-06,0.0042216222659660785
High-straggler,JIT-APFRL,5629,165,0.17299519894439502,0.17297549877030902,1.9700174086006994e-05,0.011388996838313207
High-straggler,JIT-APFRL,6740,165,0.17295687356420741,0.17297549877030902,1.8625206101602343e-05,0.010767540047006549
High-straggler,JIT-APFRL,7851,165,0.1729777955855834,0.17297549877030902,2.2968152743885195e-06,0.0013278269412238656
High-straggler,JIT-APFRL,3407,166,0.17295523111890598,0.17297382081180904,1.858969290305379e-05,0.01074711353186728
High-straggler,JIT-APFRL,4518,166,0.17298539125190257,0.17297382081180904,1.1570440093533474e-05,0.0066891278918570045
High-straggler,JIT-APFRL,5629,166,0.1729763981242374,0.17297382081180904,2.5773124283645643e-06,0.0014900014443044605
High-straggler,JIT-APFRL,6740,166,0.172992756215197,0.17297382081180904,1.8935403387959626e-05,0.010946976426311844
High-straggler,JIT-APFRL,7851,166,0.17295932734880226,0.17297382081180904,1.449346300677612e-05,0.008378992230589983
High-straggler,JIT-APFRL,3407,167,0.17296576922799414,0.17297500314877448,9.233920780338245e-06,0.005338297795778168
High-straggler,JIT-APFRL,4518,167,0.1729993873449354,0.17297500314877448,2.4384196160909255e-05,0.01409694795029811
High-straggler,JIT-APFRL,5629,167,0.1729760822515854,0.17297500314877448,1.0791028109136125e-06,0.0006238489904726201
High-straggler,JIT-APFRL,6740,167,0.1729875399123893,0.17297500314877448,1.2536763614817703e-05,0.007247731398527525
High-straggler,JIT-APFRL,7851,167,0.17294623700696818,0.17297500314877448,2.8766141806302326e-05,0.016630230543520086
High-straggler,JIT-APFRL,3407,168,0.17296798938343239,0.1729787728119851,1.078342855270753e-05,0.00623396060534451
High-straggler,JIT-APFRL,4518,168,0.17297771415714322,0.1729787728119851,1.0586548418733965e-06,0.0006120143094228531
High-straggler,JIT-APFRL,5629,168,0.17298313977628507,0.1729787728119851,4.366964299978848e-06,0.002524566586401564
High-straggler,JIT-APFRL,6740,168,0.17298455546244423,0.1729787728119851,5.782650459140726e-06,0.0033429827054132426
High-straggler,JIT-APFRL,7851,168,0.17298046528062067,0.1729787728119851,1.692468635572375e-06,0.000978425623016739
High-straggler,JIT-APFRL,3407,169,0.172975616292203,0.17296370206033357,1.1914231869442071e-05,0.006888284494099301
High-straggler,JIT-APFRL,4518,169,0.17296451952122505,0.17296370206033357,8.174608914779391e-07,0.00047261990911410455
High-straggler,JIT-APFRL,5629,169,0.1729633483216823,0.17296370206033357,3.5373865125976067e-07,0.00020451611930482895
High-straggler,JIT-APFRL,6740,169,0.17296237219214494,0.17296370206033357,1.3298681886264596e-06,0.0007688712560989081
High-straggler,JIT-APFRL,7851,169,0.17295265397441265,0.17296370206033357,1.1048085920922768e-05,0.006387517027745481
High-straggler,JIT-APFRL,3407,170,0.17295980483114765,0.17296771309731626,7.90826616861584e-06,0.004572105410312293
High-straggler,JIT-APFRL,4518,170,0.17296164030557154,0.17296771309731626,6.0727917447211954e-06,0.0035109394903686335
High-straggler,JIT-APFRL,5629,170,0.17299202614165615,0.17296771309731626,2.43130443398909e-05,0.014056406195421992
High-straggler,JIT-APFRL,6740,170,0.17296953949802307,0.17296771309731626,1.826400706811393e-06,0.0010559200177340676
High-straggler,JIT-APFRL,7851,170,0.17295555471018292,0.17296771309731626,1.21583871333375e-05,0.007029281312459087
High-straggler,JIT-APFRL,3407,171,0.1729708440828675,0.17296105746460166,9.786618265839042e-06,0.005658278464123046
High-straggler,JIT-APFRL,4518,171,0.17294758141110889,0.17296105746460166,1.3476053492778028e-05,0.0077913801466761076
High-straggler,JIT-APFRL,5629,171,0.17298296144117803,0.17296105746460166,2.1903976576365114e-05,0.01266410884476004
High-straggler,JIT-APFRL,6740,171,0.1729510644220778,0.17296105746460166,9.993042523859241e-06,0.005777625709708918
High-straggler,JIT-APFRL,7851,171,0.17295283596577612,0.17296105746460166,8.22149882553913e-06,0.004753381452482012
High-straggler,JIT-APFRL,3407,172,0.17296546914915112,0.17295893609014357,6.533059007551856e-06,0.0037772312638110384
High-straggler,JIT-APFRL,4518,172,0.17296129981692054,0.17295893609014357,2.3637267769771597e-06,0.001366640446808265
High-straggler,JIT-APFRL,5629,172,0.1729672667138164,0.17295893609014357,8.330623672836435e-06,0.004816532675995787
High-straggler,JIT-APFRL,6740,172,0.17295327924156007,0.17295893609014357,5.6568485835017945e-06,0.0032706310014265646
High-straggler,JIT-APFRL,7851,172,0.17294736552926976,0.17295893609014357,1.1570560873808144e-05,0.006689773385156431
High-straggler,JIT-APFRL,3407,173,0.1729611256390775,0.17295303585749297,8.089781584535993e-06,0.0046774441075447095
High-straggler,JIT-APFRL,4518,173,0.17295466435150536,0.17295303585749297,1.6284940123900693e-06,0.0009415816289757928
High-straggler,JIT-APFRL,5629,173,0.17295528243862385,0.17295303585749297,2.2465811308769457e-06,0.0012989544356585027
High-straggler,JIT-APFRL,6740,173,0.17291874313713423,0.17295303585749297,3.4292720358736206e-05,0.019827764334239363
High-straggler,JIT-APFRL,7851,173,0.17297536372112404,0.17295303585749297,2.2327863631071976e-05,0.012909784162140597
High-straggler,JIT-APFRL,3407,174,0.1729560661789886,0.17295463816057974,1.4280184088555359e-06,0.000825660661109124
High-straggler,JIT-APFRL,4518,174,0.1729757184906477,0.17295463816057974,2.1080330067951847e-05,0.012188357763715948
High-straggler,JIT-APFRL,5629,174,0.17295474118620738,0.17295463816057974,1.030256276401964e-07,5.956800507688164e-05
High-straggler,JIT-APFRL,6740,174,0.17295536730821387,0.17295463816057974,7.291476341320102e-07,0.00042158316301123597
High-straggler,JIT-APFRL,7851,174,0.1729312976388412,0.17295463816057974,2.3340521738524078e-05,0.013495169592881094
High-straggler,JIT-APFRL,3407,175,0.1729460301885426,0.1729536021050123,7.571916469689688e-06,0.004378004492263911
High-straggler,JIT-APFRL,4518,175,0.17296948422793312,0.1729536021050123,1.5882122920835018e-05,0.009182880684492401
High-straggler,JIT-APFRL,5629,175,0.17296395323700647,0.1729536021050123,1.0351131994185137e-05,0.005984918422167488
High-straggler,JIT-APFRL,6740,175,0.17294864737895216,0.1729536021050123,4.9547260601301435e-06,0.002864771823093792
High-straggler,JIT-APFRL,7851,175,0.17293989549262706,0.1729536021050123,1.3706612385228079e-05,0.007925022791318235
High-straggler,JIT-APFRL,3407,176,0.17294136600715243,0.17294439023471303,3.0242275605996127e-06,0.0017486705157046467
High-straggler,JIT-APFRL,4518,176,0.17292329275298368,0.17294439023471303,2.1097481729348555e-05,0.012198997435369785
High-straggler,JIT-APFRL,5629,176,0.17297973088676688,0.17294439023471303,3.5340652053850174e-05,0.020434691177833114
High-straggler,JIT-APFRL,6740,176,0.17293680312550624,0.17294439023471303,7.587109206785847e-06,0.004387022439114061
High-straggler,JIT-APFRL,7851,176,0.1729407584011557,0.17294439023471303,3.6318335573382043e-06,0.002100000787773011
High-straggler,JIT-APFRL,3407,177,0.1729152118437593,0.17293847283029637,2.3260986537071426e-05,0.013450440585246356
High-straggler,JIT-APFRL,4518,177,0.1729480487193217,0.17293847283029637,9.575889025337236e-06,0.005537165252253619
High-straggler,JIT-APFRL,5629,177,0.17294063239585525,0.17293847283029637,2.159565558879084e-06,0.0012487479064292736
High-straggler,JIT-APFRL,6740,177,0.1729341334613153,0.17293847283029637,4.339368981060021e-06,0.0025091981616596217
High-straggler,JIT-APFRL,7851,177,0.17295433773123034,0.17293847283029637,1.5864900933970638e-05,0.009173725588255185
High-straggler,JIT-APFRL,3407,178,0.1729261499705284,0.17293716901518388,1.1019044655474763e-05,0.006371704080866092
High-straggler,JIT-APFRL,4518,178,0.17290684259872702,0.17293716901518388,3.032641645686618e-05,0.017536089337858607
High-straggler,JIT-APFRL,5629,178,0.17294274266133086,0.17293716901518388,5.573646146977973e-06,0.003222931298527621
High-straggler,JIT-APFRL,6740,178,0.1729553633693417,0.17293716901518388,1.819435415781334e-05,0.010520788712700551
High-straggler,JIT-APFRL,7851,178,0.17295474647599138,0.17293716901518388,1.7577460807494116e-05,0.010164073407464428
High-straggler,JIT-APFRL,3407,179,0.1729160668892742,0.17293649138719075,2.0424497916560203e-05,0.011810403780444123
High-straggler,JIT-APFRL,4518,179,0.17294618553689162,0.17293649138719075,9.69414970086735e-06,0.005605612570896293
High-straggler,JIT-APFRL,5629,179,0.17293826138172236,0.17293649138719075,1.769994531608532e-06,0.0010234939528440288
High-straggler,JIT-APFRL,6740,179,0.17293528245410147,0.17293649138719075,1.208933089275055e-06,0.0006990618807966631
High-straggler,JIT-APFRL,7851,179,0.17294666067396403,0.17293649138719075,1.016928677327611e-05,0.005880359137452317
High-straggler,JIT-APFRL,3407,180,0.17292913660367354,0.17291948896898685,9.647634686693607e-06,0.005579263936191665
High-straggler,JIT-APFRL,4518,180,0.1729259829571665,0.17291948896898685,6.493988179645527e-06,0.003755498132897111
High-straggler,JIT-APFRL,5629,180,0.17292583811369283,0.17291948896898685,6.349144705986021e-06,0.0036717345996348286
High-straggler,JIT-APFRL,6740,180,0.17290581577927733,0.17291948896898685,1.3673189709517697e-05,0.007907257759690688
High-straggler,JIT-APFRL,7851,180,0.17291067139112404,0.17291948896898685,8.817577862807457e-06,0.005099238909032916
High-straggler,JIT-APFRL,3407,181,0.172934550901082,0.17293859161489364,4.040713811631624e-06,0.002336502092389906
High-straggler,JIT-APFRL,4518,181,0.17295684090717023,0.17293859161489364,1.824929227658978e-05,0.010552469582514013
High-straggler,JIT-APFRL,5629,181,0.17293720027936538,0.17293859161489364,1.3913355282613171e-06,0.0008045257656310727
High-straggler,JIT-APFRL,6740,181,0.17292324936762649,0.17293859161489364,1.534224726715272e-05,0.008871500064784517
High-straggler,JIT-APFRL,7851,181,0.1729411166192241,0.17293859161489364,2.5250043304558822e-06,0.0014600583402914833
High-straggler,JIT-APFRL,3407,182,0.17295234873635304,0.1729385830151459,1.3765721207148474e-05,0.007959890133911227
High-straggler,JIT-APFRL,4518,182,0.17293416595006972,0.1729385830151459,4.417065076173232e-06,0.002554123550200702
High-straggler,JIT-APFRL,5629,182,0.17293116633651284,0.1729385830151459,7.4166786330487344e-06,0.0042886199850493655
High-straggler,JIT-APFRL,6740,182,0.17294097641527598,0.1729385830151459,2.393400130085155e-06,0.0013839596048242986
High-straggler,JIT-APFRL,7851,182,0.17293425763751796,0.1729385830151459,4.325377627928395e-06,0.0025011062034373094
High-straggler,JIT-APFRL,3407,183,0.17293616196815498,0.17292774240427206,8.419563882922088e-06,0.004868833517318901
High-straggler,JIT-APFRL,4518,183,0.17292759257764742,0.17292774240427206,1.4982662463469687e-07,8.664117310016736e-05
High-straggler,JIT-APFRL,5629,183,0.17293001910518085,0.17292774240427206,2.2767009087987233e-06,0.0013165619796713884
High-straggler,JIT-APFRL,6740,183,0.17293780260536318,0.17292774240427206,1.0060201091122156e-05,0.005817574988982003
High-straggler,JIT-APFRL,7851,183,0.17290713576501382,0.17292774240427206,2.0606639258236026e-05,0.011916329312888175
High-straggler,JIT-APFRL,3407,184,0.17293347428453726,0.17292635564044834,7.118644088921489e-06,0.004116575557587476
High-straggler,JIT-APFRL,4518,184,0.17292707152717976,0.17292635564044834,7.158867314227546e-07,0.00041398358785241473
High-straggler,JIT-APFRL,5629,184,0.17293086663206433,0.17292635564044834,4.510991615996884e-06,0.002608620067941651
High-straggler,JIT-APFRL,6740,184,0.17291939732951278,0.17292635564044834,6.958310935556433e-06,0.004023857965308817
High-straggler,JIT-APFRL,7851,184,0.1729209684289475,0.17292635564044834,5.3872115008402055e-06,0.003115321248104826
High-straggler,JIT-APFRL,3407,185,0.17292186122416625,0.17289784603903882,2.4015185127429506e-05,0.013889811630161713
High-straggler,JIT-APFRL,4518,185,0.17289434781729301,0.17289784603903882,3.4982217458068288e-06,0.0020232882166831396
High-straggler,JIT-APFRL,5629,185,0.17289270651242766,0.17289784603903882,5.139526611158685e-06,0.00297257989552873
High-straggler,JIT-APFRL,6740,185,0.17287573460211855,0.17289784603903882,2.2111436920269067e-05,0.012788728967321257
High-straggler,JIT-APFRL,7851,185,0.17290458003918865,0.17289784603903882,6.7340001498328306e-06,0.0038947854493874678
High-straggler,JIT-APFRL,3407,186,0.17294010984703695,0.172919502088472,2.0607758564938905e-05,0.011917544473610162
High-straggler,JIT-APFRL,4518,186,0.17291924480239146,0.172919502088472,2.5728608055164415e-07,0.00014878951040467783
High-straggler,JIT-APFRL,5629,186,0.17291527915495616,0.172919502088472,4.222933515846128e-06,0.00244213837354535
High-straggler,JIT-APFRL,6740,186,0.1729046605380567,0.172919502088472,1.48415504153121e-05,0.008582924560885339
High-straggler,JIT-APFRL,7851,186,0.1729182160999188,0.172919502088472,1.2859885532012783e-06,0.0007436920287587452
High-straggler,JIT-APFRL,3407,187,0.17290584752116225,0.1729095042335454,3.6567123831432458e-06,0.0021148128319217188
High-straggler,JIT-APFRL,4518,187,0.17291369598694312,0.1729095042335454,4.191753397719822e-06,0.002424246958720155
High-straggler,JIT-APFRL,5629,187,0.17288176920004972,0.1729095042335454,2.7735033495679406e-05,0.01604020184929699
High-straggler,JIT-APFRL,6740,187,0.17294602378453583,0.1729095042335454,3.651955099043258e-05,0.02112061517515333
High-straggler,JIT-APFRL,7851,187,0.17290018467503598,0.1729095042335454,9.319558509413017e-06,0.005389847452702933
High-straggler,JIT-APFRL,3407,188,0.1729134826869439,0.1729148403030632,1.3576161193018521e-06,0.000785135686978859
High-straggler,JIT-APFRL,4518,188,0.1729055843605384,0.1729148403030632,9.255942524794003e-06,0.005352890768988573
High-straggler,JIT-APFRL,5629,188,0.1728942923796853,0.1729148403030632,2.054792337791156e-05,0.011883261923555991
High-straggler,JIT-APFRL,6740,188,0.1729404717630189,0.1729148403030632,2.563145995571059e-05,0.014823169550275163
High-straggler,JIT-APFRL,7851,188,0.1729203703251294,0.1729148403030632,5.530022066213558e-06,0.003198118829200106
High-straggler,JIT-APFRL,3407,189,0.17291532854088554,0.17288912907916282,2.619946172272014e-05,0.015153909249391776
High-straggler,JIT-APFRL,4518,189,0.17292165369835563,0.17288912907916282,3.252461919281413e-05,0.01881241427153103
High-straggler,JIT-APFRL,5629,189,0.17285302740239777,0.17288912907916282,3.61016767650435e-05,0.020881403566162447
High-straggler,JIT-APFRL,6740,189,0.17287852776777285,0.17288912907916282,1.0601311389968338e-05,0.006131855395670475
High-straggler,JIT-APFRL,7851,189,0.1728771079864022,0.17288912907916282,1.20210927606057e-05,0.006953064559138047
High-straggler,JIT-APFRL,3407,190,0.17288150078416312,0.17290248294195537,2.0982157792254208e-05,0.012135255338871028
High-straggler,JIT-APFRL,4518,190,0.17292236653383958,0.17290248294195537,1.988359188420663e-05,0.011499887998069813
High-straggler,JIT-APFRL,5629,190,0.172881744604356,0.17290248294195537,2.0738337599357504e-05,0.011994239322936452
High-straggler,JIT-APFRL,6740,190,0.17290268323541505,0.17290248294195537,2.002934596789796e-07,0.00011584186431042727
High-straggler,JIT-APFRL,7851,190,0.17292411955200315,0.17290248294195537,2.1636610047781613e-05,0.012513764799459346
High-straggler,JIT-APFRL,3407,191,0.1729117158807548,0.17290154284206513,1.0173038689664793e-05,0.005883717705721825
High-straggler,JIT-APFRL,4518,191,0.17290901125514133,0.17290154284206513,7.468413076194835e-06,0.004319460054221014
High-straggler,JIT-APFRL,5629,191,0.1728937973119859,0.17290154284206513,7.745530079233953e-06,0.004479734507811198
High-straggler,JIT-APFRL,6740,191,0.17290884040292212,0.17290154284206513,7.2975608569891826e-06,0.0042206453089056895
High-straggler,JIT-APFRL,7851,191,0.1728843493595216,0.17290154284206513,1.719348254353159e-05,0.009944088560989172
High-straggler,JIT-APFRL,3407,192,0.17287991874046943,0.17288251926787765,2.6005274082196994e-06,0.0015042165160667515
High-straggler,JIT-APFRL,4518,192,0.17285148143787865,0.17288251926787765,3.1037829998997735e-05,0.017953133798857535
High-straggler,JIT-APFRL,5629,192,0.17290319275005475,0.17288251926787765,2.067348217710263e-05,0.01195811020376764
High-straggler,JIT-APFRL,6740,192,0.1728962269142933,0.17288251926787765,1.3707646415644925e-05,0.00792887937640776
High-straggler,JIT-APFRL,7851,192,0.17288177649669206,0.17288251926787765,7.427711855856334e-07,0.0004296392652832215
High-straggler,JIT-APFRL,3407,193,0.1729132910953411,0.17289138157729783,2.1909518043261578e-05,0.012672417701437635
High-straggler,JIT-APFRL,4518,193,0.1728830418749479,0.17289138157729783,8.339702349924316e-06,0.004823665745418158
High-straggler,JIT-APFRL,5629,193,0.17290467678474825,0.17289138157729783,1.3295207450414459e-05,0.00768991914410165
High-straggler,JIT-APFRL,6740,193,0.17287883453134695,0.17289138157729783,1.2547045950883629e-05,0.007257184155980605
High-straggler,JIT-APFRL,7851,193,0.17287706360010485,0.17289138157729783,1.4317977192979114e-05,0.008281486944204738
High-straggler,JIT-APFRL,3407,194,0.1728544697123376,0.17287264612391254,1.8176411574949425e-05,0.010514336410354269
High-straggler,JIT-APFRL,4518,194,0.17285508389423995,0.17287264612391254,1.756222967258525e-05,0.01015905643047594
High-straggler,JIT-APFRL,5629,194,0.17289599031754813,0.17287264612391254,2.3344193635588262e-05,0.01350369428536166
High-straggler,JIT-APFRL,6740,194,0.1728935155162768,0.17287264612391254,2.0869392364258887e-05,0.01207211946608373
High-straggler,JIT-APFRL,7851,194,0.17286417117916023,0.17287264612391254,8.474944752312474e-06,0.004902420910615182
High-straggler,JIT-APFRL,3407,195,0.17290714003128727,0.17289328879538224,1.3851235905026904e-05,0.008011436419269996
High-straggler,JIT-APFRL,4518,195,0.17288409439445382,0.17289328879538224,9.1944009284195e-06,0.005317962884783224
High-straggler,JIT-APFRL,5629,195,0.1729060998174881,0.17289328879538224,1.2811022105874148e-05,0.007409785651677831
High-straggler,JIT-APFRL,6740,195,0.1728953048491902,0.17289328879538224,2.0160538079516677e-06,0.001166068285240181
High-straggler,JIT-APFRL,7851,195,0.17287380488449172,0.17289328879538224,1.9483910890516487e-05,0.011269327471452945
High-straggler,JIT-APFRL,3407,196,0.1728738896859656,0.1728663471209153,7.542565050283612e-06,0.004363235051763888
High-straggler,JIT-APFRL,4518,196,0.172875536116278,0.1728663471209153,9.188995362702235e-06,0.0053156646830020545
High-straggler,JIT-APFRL,5629,196,0.17286010561132548,0.1728663471209153,6.241509589832717e-06,0.003610598415356663
High-straggler,JIT-APFRL,6740,196,0.17285449489862886,0.1728663471209153,1.185222228644589e-05,0.006856292438548252
High-straggler,JIT-APFRL,7851,196,0.17286770929237866,0.1728663471209153,1.3621714633482718e-06,0.0007879911191710842
High-straggler,JIT-APFRL,3407,197,0.1728824576513794,0.1728765679508666,5.889700512823337e-06,0.003406881905763686
High-straggler,JIT-APFRL,4518,197,0.17287041310798118,0.1728765679508666,6.1548428854085735e-06,0.0035602528198950866
High-straggler,JIT-APFRL,5629,197,0.1728969776576046,0.1728765679508666,2.0409706738000466e-05,0.011805941649536406
High-straggler,JIT-APFRL,6740,197,0.17283487334449663,0.1728765679508666,4.169460636996303e-05,0.024118136346744857
High-straggler,JIT-APFRL,7851,197,0.17289811799287108,0.1728765679508666,2.1550042004492287e-05,0.012465565611307742
High-straggler,JIT-APFRL,3407,198,0.1729020783095675,0.17289044393937558,1.1634370191915266e-05,0.00672933097215881
High-straggler,JIT-APFRL,4518,198,0.17288158495316808,0.17289044393937558,8.858986207505026e-06,0.005124046191130985
High-straggler,JIT-APFRL,5629,198,0.1729171815864252,0.17289044393937558,2.6737647049607238e-05,0.015465080915046324
High-straggler,JIT-APFRL,6740,198,0.17288975441651577,0.17289044393937558,6.895228598091663e-07,0.0003988206890433742
High-straggler,JIT-APFRL,7851,198,0.17286162043120132,0.17289044393937558,2.8823508174263823e-05,0.016671545007062884
High-straggler,JIT-APFRL,3407,199,0.17287653279592935,0.1728791170828711,2.5842869417480596e-06,0.0014948520014185747
High-straggler,JIT-APFRL,4518,199,0.1728984130559919,0.1728791170828711,1.9295973120808663e-05,0.01116154076120077
High-straggler,JIT-APFRL,5629,199,0.1728792741968139,0.1728791170828711,1.571139428002688e-07,9.088081050584894e-05
High-straggler,JIT-APFRL,6740,199,0.17288789307003194,0.1728791170828711,8.775987160841714e-06,0.005076372038986565
High-straggler,JIT-APFRL,7851,199,0.1728534722955884,0.1728791170828711,2.5644787282702586e-05,0.01483394160927461
High-straggler,JIT-APFRL,3407,200,0.17288290775103304,0.17288024224395054,2.665507082499907e-06,0.001541822852572489
High-straggler,JIT-APFRL,4518,200,0.17292222482171604,0.17288024224395054,4.1982577765498075e-05,0.024284196516948794
High-straggler,JIT-APFRL,5629,200,0.17287454841914704,0.17288024224395054,5.693824803504333e-06,0.0032935081126678444
High-straggler,JIT-APFRL,6740,200,0.172865484265972,0.17288024224395054,1.4757977978535619e-05,0.008536532449850864
High-straggler,JIT-APFRL,7851,200,0.17285604596188459,0.17288024224395054,2.419628206595803e-05,0.013995978807002575
High-straggler,JIT-APFRL,3407,201,0.172861753898453,0.17284748755125073,1.4266347202279706e-05,0.008253719741254332
High-straggler,JIT-APFRL,4518,201,0.17286644485791736,0.17284748755125073,1.8957306666622653e-05,0.010967649536127421
High-straggler,JIT-APFRL,5629,201,0.17284158655394682,0.17284748755125073,5.90099730390925e-06,0.003413990788937302
High-straggler,JIT-APFRL,6740,201,0.17279637635212472,0.17284748755125073,5.1111199126013807e-05,0.02957011400634846
High-straggler,JIT-APFRL,7851,201,0.1728712760938117,0.17284748755125073,2.3788542560965187e-05,0.013762735517871895
High-straggler,JIT-APFRL,3407,202,0.1728394077700092,0.17286130892347248,2.190115346328847e-05,0.012669783423301707
High-straggler,JIT-APFRL,4518,202,0.17287261117117683,0.17286130892347248,1.1302247704347845e-05,0.006538332825740356
High-straggler,JIT-APFRL,5629,202,0.17287424605890872,0.17286130892347248,1.2937135436236202e-05,0.007484112851397885
High-straggler,JIT-APFRL,6740,202,0.1728648095355953,0.17286130892347248,3.500612122814273e-06,0.00202509870173668
High-straggler,JIT-APFRL,7851,202,0.17285547008167232,0.17286130892347248,5.838841800165362e-06,0.003377760955605328
High-straggler,JIT-APFRL,3407,203,0.1728710113479904,0.17285362802727197,1.7383320718433737e-05,0.010056671020923601
High-straggler,JIT-APFRL,4518,203,0.1728525495137693,0.17285362802727197,1.0785135026725179e-06,0.0006239461184478902
High-straggler,JIT-APFRL,5629,203,0.17286218929513725,0.17285362802727197,8.561267865275779e-06,0.004952900302402114
High-straggler,JIT-APFRL,6740,203,0.17284956861395906,0.17285362802727197,4.059413312912374e-06,0.0023484686779451924
High-straggler,JIT-APFRL,7851,203,0.1728328213655039,0.17285362802727197,2.0806661768069112e-05,0.012037156526900518
High-straggler,JIT-APFRL,3407,204,0.17279203424782608,0.17284019128118872,4.81570333626391e-05,0.027862173147155233
High-straggler,JIT-APFRL,4518,204,0.1728610130205122,0.17284019128118872,2.0821739323495514e-05,0.012046815714072677
High-straggler,JIT-APFRL,5629,204,0.17283889568016247,0.17284019128118872,1.2956010262410445e-06,0.0007495947653363034
High-straggler,JIT-APFRL,6740,204,0.17287398503605583,0.17284019128118872,3.379375486711744e-05,0.019552023529145115
High-straggler,JIT-APFRL,7851,204,0.1728350284213871,0.17284019128118872,5.162859801621789e-06,0.0029870713306620225
High-straggler,JIT-APFRL,3407,205,0.17283570226037864,0.17285249205880995,1.6789798431310343e-05,0.009713367872994226
High-straggler,JIT-APFRL,4518,205,0.17287643566084893,0.17285249205880995,2.3943602038972722e-05,0.01385204329644628
High-straggler,JIT-APFRL,5629,205,0.17285994210740246,0.17285249205880995,7.450048592511083e-06,0.004310061430862297
High-straggler,JIT-APFRL,6740,205,0.17284149961302928,0.17285249205880995,1.0992445780677595e-05,0.006359437257599742
High-straggler,JIT-APFRL,7851,205,0.17284888065239046,0.17285249205880995,3.611406419495866e-06,0.002089299596714608
High-straggler,JIT-APFRL,3407,206,0.1728248236489322,0.17284113054122993,1.6306892297729414e-05,0.009434613304522171
High-straggler,JIT-APFRL,4518,206,0.17288287158503213,0.17284113054122993,4.17410438021959e-05,0.024149948378310852
High-straggler,JIT-APFRL,5629,206,0.1728307962361455,0.17284113054122993,1.0334305084430673e-05,0.005979077463836365
High-straggler,JIT-APFRL,6740,206,0.17285655833271138,0.17284113054122993,1.542779148144824e-05,0.00892599546944531
High-straggler,JIT-APFRL,7851,206,0.17281060290332834,0.17284113054122993,3.052763790159507e-05,0.017662253079461857
High-straggler,JIT-APFRL,3407,207,0.17285569135924067,0.17284842596309322,7.265396147454473e-06,0.004203333705223204
High-straggler,JIT-APFRL,4518,207,0.1728573479310773,0.17284842596309322,8.92196798407685e-06,0.005161729379000465
High-straggler,JIT-APFRL,5629,207,0.1728514240550278,0.17284842596309322,2.99809193457512e-06,0.0017345208195388923
High-straggler,JIT-APFRL,6740,207,0.1728348455729319,0.17284842596309322,1.358039016130519e-05,0.007856820266448298
High-straggler,JIT-APFRL,7851,207,0.17284282089718847,0.17284842596309322,5.605065904745743e-06,0.0032427636372821486
High-straggler,JIT-APFRL,3407,208,0.17286588583543938,0.17285108500098434,1.48008344550421e-05,0.008562766299649097
High-straggler,JIT-APFRL,4518,208,0.17286202236821585,0.17285108500098434,1.0937367231511619e-05,0.006327624285059786
High-straggler,JIT-APFRL,5629,208,0.17284539883817968,0.17285108500098434,5.686162804663386e-06,0.003289630958712816
High-straggler,JIT-APFRL,6740,208,0.17281801998625795,0.17285108500098434,3.3065014726385566e-05,0.01912919130718634
High-straggler,JIT-APFRL,7851,208,0.17286409797682883,0.17285108500098434,1.3012975844495234e-05,0.007528431681190273
High-straggler,JIT-APFRL,3407,209,0.17284707350605755,0.17285228073734912,5.2072312915762975e-06,0.0030125325910444543
High-straggler,JIT-APFRL,4518,209,0.17286519980244208,0.17285228073734912,1.2919065092958926e-05,0.007474049539785699
High-straggler,JIT-APFRL,5629,209,0.1728617578144035,0.17285228073734912,9.47707705437062e-06,0.005482760779287106
High-straggler,JIT-APFRL,6740,209,0.17283517668624707,0.17285228073734912,1.710405110205704e-05,0.00989518392762594
High-straggler,JIT-APFRL,7851,209,0.17285219587759545,0.17285228073734912,8.485975366845366e-08,4.909380038635357e-05
High-straggler,JIT-APFRL,3407,210,0.17282575119464938,0.17283247965993198,6.7284652826016256e-06,0.003893056036597209
High-straggler,JIT-APFRL,4518,210,0.1728529810309642,0.17283247965993198,2.0501371032211058e-05,0.01186198975594743
High-straggler,JIT-APFRL,5629,210,0.17285592008778022,0.17283247965993198,2.3440427848242518e-05,0.013562513188704049
High-straggler,JIT-APFRL,6740,210,0.17282575174800435,0.17283247965993198,6.727911927628671e-06,0.0038927358682040673
High-straggler,JIT-APFRL,7851,210,0.17280199423826184,0.17283247965993198,3.048542167014001e-05,0.017638711039802024
High-straggler,JIT-APFRL,3407,211,0.1728400743826655,0.17282988977239128,1.0184610274216466e-05,0.00589285238081741
High-straggler,JIT-APFRL,4518,211,0.172859781409544,0.17282988977239128,2.9891637152723582e-05,0.017295409487380592
High-straggler,JIT-APFRL,5629,211,0.17283366559462657,0.17282988977239128,3.7758222352912707e-06,0.002184704416732458
High-straggler,JIT-APFRL,6740,211,0.17281471903567,0.17282988977239128,1.5170736721276112e-05,0.008777843196715134
High-straggler,JIT-APFRL,7851,211,0.17280120843945027,0.17282988977239128,2.8681332941010718e-05,0.016595123088247447
High-straggler,JIT-APFRL,3407,212,0.17280117743682796,0.17281577515121768,1.459771438971913e-05,0.00844698024641894
High-straggler,JIT-APFRL,4518,212,0.17281618979293792,0.17281577515121768,4.146417202366415e-07,0.00023993279541397228
High-straggler,JIT-APFRL,5629,212,0.17281701891146764,0.17281577515121768,1.2437602499582034e-06,0.0007197029604906643
High-straggler,JIT-APFRL,6740,212,0.17281089847070694,0.17281577515121768,4.876680510745857e-06,0.002821895458605357
High-straggler,JIT-APFRL,7851,212,0.17283359114414792,0.17281577515121768,1.7815992930242386e-05,0.0103092399491036
High-straggler,JIT-APFRL,3407,213,0.1727910366035228,0.17281341274436895,2.2376140846158687e-05,0.012948150546195266
High-straggler,JIT-APFRL,4518,213,0.17283388591743515,0.17281341274436895,2.047317306619334e-05,0.011846981516693906
High-straggler,JIT-APFRL,5629,213,0.17279952090510625,0.17281341274436895,1.3891839262702987e-05,0.008038634873354555
High-straggler,JIT-APFRL,6740,213,0.1728293546952478,0.17281341274436895,1.5941950878839428e-05,0.009224949976782916
High-straggler,JIT-APFRL,7851,213,0.17281326560053284,0.17281341274436895,1.471438361155819e-07,8.514607389487858e-05
High-straggler,JIT-APFRL,3407,214,0.17281919566879073,0.1728193715192204,1.7585042966228315e-07,0.00010175388795620383
High-straggler,JIT-APFRL,4518,214,0.17276148260398336,0.1728193715192204,5.788891523703099e-05,0.03349677453872281
High-straggler,JIT-APFRL,5629,214,0.1728591896677944,0.1728193715192204,3.9818148574011225e-05,0.0230403271485007
High-straggler,JIT-APFRL,6740,214,0.17282102157679807,0.1728193715192204,1.6500575776845494e-06,0.0009547873963313398
High-straggler,JIT-APFRL,7851,214,0.1728359680787355,0.1728193715192204,1.6596559515108522e-05,0.009603413881911212
High-straggler,JIT-APFRL,3407,215,0.17280013271546746,0.17283325152312054,3.311880765308195e-05,0.019162289293997065
High-straggler,JIT-APFRL,4518,215,0.17285905985132666,0.17283325152312054,2.5808328206117226e-05,0.0149325016908941
High-straggler,JIT-APFRL,5629,215,0.1728118843095796,0.17283325152312054,2.1367213540929297e-05,0.012362906647087482
High-straggler,JIT-APFRL,6740,215,0.17285357294004905,0.17283325152312054,2.0321416928509306e-05,0.01175781671028207
High-straggler,JIT-APFRL,7851,215,0.17284160779917998,0.17283325152312054,8.356276059440226e-06,0.0048348775399405
High-straggler,JIT-APFRL,3407,216,0.1728029368623806,0.1728135380019606,1.060113957998543e-05,0.006134438136360104
High-straggler,JIT-APFRL,4518,216,0.1728334761574306,0.1728135380019606,1.9938155470022867e-05,0.011537380520382995
High-straggler,JIT-APFRL,5629,216,0.1728084204337832,0.1728135380019606,5.1175681773929504e-06,0.002961323653552473
High-straggler,JIT-APFRL,6740,216,0.17279051141871857,0.1728135380019606,2.302658324201956e-05,0.013324525096962208
High-straggler,JIT-APFRL,7851,216,0.17283234513748988,0.1728135380019606,1.8807135529291807e-05,0.010882906366443606
High-straggler,JIT-APFRL,3407,217,0.17276856296078164,0.1728002630367144,3.17000759327557e-05,0.01834492342527307
High-straggler,JIT-APFRL,4518,217,0.17284806335780548,0.1728002630367144,4.7800321091084896e-05,0.027662180746176813
High-straggler,JIT-APFRL,5629,217,0.17280783258172466,0.1728002630367144,7.569545010271961e-06,0.004380517064759144
High-straggler,JIT-APFRL,6740,217,0.17277853939119764,0.1728002630367144,2.1723645516752432e-05,0.012571534982060107
High-straggler,JIT-APFRL,7851,217,0.17279831689206263,0.1728002630367144,1.946144651765458e-06,0.0011262394035545919
High-straggler,JIT-APFRL,3407,218,0.17279765924185525,0.17281346819043636,1.5808948581108595e-05,0.009147984093281148
High-straggler,JIT-APFRL,4518,218,0.17283440807579886,0.17281346819043636,2.093988536250313e-05,0.012117044800829917
High-straggler,JIT-APFRL,5629,218,0.17282259346056456,0.17281346819043636,9.125270128196306e-06,0.005280416060014763
High-straggler,JIT-APFRL,6740,218,0.17282595927551977,0.17281346819043636,1.2491085083415898e-05,0.007228073838348651
High-straggler,JIT-APFRL,7851,218,0.1727867208984433,0.17281346819043636,2.674729199306225e-05,0.015477550605944305
High-straggler,JIT-APFRL,3407,219,0.17281096847524863,0.17279132609078035,1.964238446827693e-05,0.0113676912566533
High-straggler,JIT-APFRL,4518,219,0.1728117298542947,0.17279132609078035,2.040376351433726e-05,0.011808326248747936
High-straggler,JIT-APFRL,5629,219,0.17277210981528515,0.17279132609078035,1.9216275495198554e-05,0.011121088037198575
High-straggler,JIT-APFRL,6740,219,0.1727821118440578,0.17279132609078035,9.214246722538677e-06,0.005332586380926168
High-straggler,JIT-APFRL,7851,219,0.1727797104650155,0.17279132609078035,1.1615625764849202e-05,0.006722343087260431
High-straggler,JIT-APFRL,3407,220,0.17275330921830584,0.17277119412475922,1.7884906453380367e-05,0.0103517872548045
High-straggler,JIT-APFRL,4518,220,0.17282189709765577,0.17277119412475922,5.070297289655468e-05,0.0293468903502176
High-straggler,JIT-APFRL,5629,220,0.17276924490572929,0.17277119412475922,1.9492190299341683e-06,0.0011282083450361664
High-straggler,JIT-APFRL,6740,220,0.17273768291038247,0.17277119412475922,3.351121437675242e-05,0.019396297251122633
High-straggler,JIT-APFRL,7851,220,0.1727738364917227,0.17277119412475922,2.6423669634845215e-06,0.001529402500729636
High-straggler,JIT-APFRL,3407,221,0.1727590385273236,0.17278429585830637,2.525733098276972e-05,0.014617839461221792
High-straggler,JIT-APFRL,4518,221,0.1728179037662021,0.17278429585830637,3.360790789572188e-05,0.01945078846938868
High-straggler,JIT-APFRL,5629,221,0.17276405222874905,0.17278429585830637,2.024362955732606e-05,0.011716128168226043
High-straggler,JIT-APFRL,6740,221,0.17281558127637237,0.17278429585830637,3.12854180659905e-05,0.018106632845641506
High-straggler,JIT-APFRL,7851,221,0.17276490349288476,0.17278429585830637,1.9392365421616597e-05,0.011223453685582349
High-straggler,JIT-APFRL,3407,222,0.17282175186734208,0.17278858854337556,3.3163323966522995e-05,0.01919300588429653
High-straggler,JIT-APFRL,4518,222,0.17282130290521466,0.17278858854337556,3.271436183910348e-05,0.01893317267933531
High-straggler,JIT-APFRL,5629,222,0.1727706045230068,0.17278858854337556,1.79840203687609e-05,0.010408106530858273
High-straggler,JIT-APFRL,6740,222,0.17275047027670387,0.17278858854337556,3.811826667168838e-05,0.02206063895366531
High-straggler,JIT-APFRL,7851,222,0.1727788131446104,0.17278858854337556,9.775398765149435e-06,0.0056574330790921945
High-straggler,JIT-APFRL,3407,223,0.172767228420452,0.17277142872671866,4.2003062666606805e-06,0.002431134764362294
High-straggler,JIT-APFRL,4518,223,0.17279337026171732,0.17277142872671866,2.1941534998654033e-05,0.012699747383208872
High-straggler,JIT-APFRL,5629,223,0.17276909441216615,0.17277142872671866,2.3343145525156483e-06,0.0013510998720789374
High-straggler,JIT-APFRL,6740,223,0.17275501759548295,0.17277142872671866,1.6411131235710696e-05,0.009498752980545769
High-straggler,JIT-APFRL,7851,223,0.1727724329437748,0.17277142872671866,1.0042170561497255e-06,0.0005812402337299337
High-straggler,JIT-APFRL,3407,224,0.17279874714333274,0.17278450824705582,1.4238896276913549e-05,0.008240840814590896
High-straggler,JIT-APFRL,4518,224,0.17277071532605492,0.17278450824705582,1.3792921000899128e-05,0.007982730130630304
High-straggler,JIT-APFRL,5629,224,0.17280314963229731,0.17278450824705582,1.8641385241491282e-05,0.010788805912412535
High-straggler,JIT-APFRL,6740,224,0.172756616390049,0.17278450824705582,2.7891857006828724e-05,0.016142568156022163
High-straggler,JIT-APFRL,7851,224,0.17279331274354512,0.17278450824705582,8.804496489295266e-06,0.005095651559632975
High-straggler,JIT-APFRL,3407,225,0.17275351480508094,0.17277026884075491,1.675403567397149e-05,0.009697290967008883
High-straggler,JIT-APFRL,4518,225,0.17280992604811088,0.17277026884075491,3.965720735596423e-05,0.0229537220854341
High-straggler,JIT-APFRL,5629,225,0.1727776259395009,0.17277026884075491,7.357098745996993e-06,0.004258312958219766
High-straggler,JIT-APFRL,6740,225,0.1727501838952852,0.17277026884075491,2.0084945469706073e-05,0.011625232515102864
High-straggler,JIT-APFRL,7851,225,0.17276009351579671,0.17277026884075491,1.0175324958200394e-05,0.005889511561493923
High-straggler,JIT-APFRL,3407,226,0.17273518080293288,0.17273533862859217,1.578256592915661e-07,9.136848345254691e-05
High-straggler,JIT-APFRL,4518,226,0.1727467502748953,0.17273533862859217,1.1411646303138845e-05,0.006606434093764484
High-straggler,JIT-APFRL,5629,226,0.17272440415153228,0.17273533862859217,1.093447705988182e-05,0.006330191115897046
High-straggler,JIT-APFRL,6740,226,0.17275312680195867,0.17273533862859217,1.77881733665064e-05,0.010297935273542223
High-straggler,JIT-APFRL,7851,226,0.1727172311116417,0.17273533862859217,1.8107516950471858e-05,0.010482809767957114
High-straggler,JIT-APFRL,3407,227,0.1727543668526381,0.1727771535105979,2.278665795979462e-05,0.013188467049491542
High-straggler,JIT-APFRL,4518,227,0.1728250472874832,0.1727771535105979,4.7893776885327144e-05,0.027719971021741258
High-straggler,JIT-APFRL,5629,227,0.17279989694909562,0.1727771535105979,2.2743438497729862e-05,0.013163452479459221
High-straggler,JIT-APFRL,6740,227,0.1727363939284276,0.1727771535105979,4.0759582170285524e-05,0.023590840190445314
High-straggler,JIT-APFRL,7851,227,0.17277006253534505,0.1727771535105979,7.090975252838083e-06,0.004104116261183301
High-straggler,JIT-APFRL,3407,228,0.1727711344832204,0.1727654522535437,5.682229676701178e-06,0.0032889849229591137
High-straggler,JIT-APFRL,4518,228,0.17280263525875303,0.1727654522535437,3.7183005209329156e-05,0.021522245752444106
High-straggler,JIT-APFRL,5629,228,0.17273859789502843,0.1727654522535437,2.6854358515265853e-05,0.015543824396011457
High-straggler,JIT-APFRL,6740,228,0.17274977713035938,0.1727654522535437,1.567512318431663e-05,0.009073065812551715
High-straggler,JIT-APFRL,7851,228,0.17276511650035717,0.1727654522535437,3.357531865311181e-07,0.0001943404668882411
High-straggler,JIT-APFRL,3407,229,0.1727282786389941,0.17274589484173997,1.761620274587372e-05,0.01019775477849282
High-straggler,JIT-APFRL,4518,229,0.17277438647272061,0.17274589484173997,2.849163098064822e-05,0.016493376590367398
High-straggler,JIT-APFRL,5629,229,0.17273076436843524,0.17274589484173997,1.513047330473083e-05,0.00875880339651053
High-straggler,JIT-APFRL,6740,229,0.1727407403392561,0.17274589484173997,5.154502483867285e-06,0.0029838639514933474
High-straggler,JIT-APFRL,7851,229,0.1727553043892937,0.17274589484173997,9.40954755374035e-06,0.005447045536081101
High-straggler,JIT-APFRL,3407,230,0.1727923283434894,0.17275512561208778,3.720273140161989e-05,0.021534950855904907
High-straggler,JIT-APFRL,4518,230,0.17271562524417258,0.17275512561208778,3.950036791519618e-05,0.02286494700243633
High-straggler,JIT-APFRL,5629,230,0.1727552406410485,0.17275512561208778,1.1502896071768909e-07,6.658497703621272e-05
High-straggler,JIT-APFRL,6740,230,0.1727591863573756,0.17275512561208778,4.060745287831624e-06,0.0023505787590637436
High-straggler,JIT-APFRL,7851,230,0.17275324747435286,0.17275512561208778,1.8781377349175177e-06,0.0010871675895364017
High-straggler,JIT-APFRL,3407,231,0.172723789975416,0.17274044992483928,1.6659949423292186e-05,0.009644498107155019
High-straggler,JIT-APFRL,4518,231,0.1727613620326545,0.17274044992483928,2.091210781521302e-05,0.012106086226076198
High-straggler,JIT-APFRL,5629,231,0.17273192854666544,0.17274044992483928,8.521378173836913e-06,0.004933053131183016
High-straggler,JIT-APFRL,6740,231,0.1727264182628197,0.17274044992483928,1.403166201957573e-05,0.008122974106922273
High-straggler,JIT-APFRL,7851,231,0.17275875080664077,0.17274044992483928,1.830088180149181e-05,0.010594439119184108
High-straggler,JIT-APFRL,3407,232,0.17274492459699214,0.1727435368391262,1.3877578659560186e-06,0.0008033631193093026
High-straggler,JIT-APFRL,4518,232,0.17279387205084257,0.1727435368391262,5.0335211716379114e-05,0.029138694643757145
High-straggler,JIT-APFRL,5629,232,0.17273114524149946,0.1727435368391262,1.239159762672637e-05,0.007173407383841228
High-straggler,JIT-APFRL,6740,232,0.17272805763510815,0.1727435368391262,1.5479204018037374e-05,0.008960800676700834
High-straggler,JIT-APFRL,7851,232,0.17271968467118873,0.1727435368391262,2.3852167937460367e-05,0.013807849702460117
High-straggler,JIT-APFRL,3407,233,0.17276181303778285,0.1727262961331411,3.551690464173585e-05,0.02056253473666723
High-straggler,JIT-APFRL,4518,233,0.17272031441803773,0.1727262961331411,5.981715103381413e-06,0.0034631177980975055
High-straggler,JIT-APFRL,5629,233,0.172738881909413,0.1727262961331411,1.2585776271889504e-05,0.007286543250014531
High-straggler,JIT-APFRL,6740,233,0.17270508568268436,0.1727262961331411,2.1210450456748964e-05,0.012279803904553998
High-straggler,JIT-APFRL,7851,233,0.17270538561778756,0.1727262961331411,2.0910515353550485e-05,0.012106156284062395
High-straggler,JIT-APFRL,3407,234,0.1727415862000561,0.17274299219067263,1.4059906165153624e-06,0.0008139204946522165
High-straggler,JIT-APFRL,4518,234,0.17276580186757057,0.17274299219067263,2.2809676897939113e-05,0.013204400716158683
High-straggler,JIT-APFRL,5629,234,0.1727043093046871,0.17274299219067263,3.868288598551928e-05,0.022393317086241826
High-straggler,JIT-APFRL,6740,234,0.17275934087508105,0.17274299219067263,1.634868440841819e-05,0.009464166506026835
High-straggler,JIT-APFRL,7851,234,0.17274392270596822,0.17274299219067263,9.305152955940699e-07,0.0005386703586603229
High-straggler,JIT-APFRL,3407,235,0.1727307234868955,0.17271430282222075,1.6420664674748897e-05,0.009507414502695303
High-straggler,JIT-APFRL,4518,235,0.17276486844998806,0.17271430282222075,5.056562776731277e-05,0.02927703550953812
High-straggler,JIT-APFRL,5629,235,0.17264603263183048,0.17271430282222075,6.827019039026827e-05,0.039527815169158584
High-straggler,JIT-APFRL,6740,235,0.17272095385671965,0.17271430282222075,6.6510344989001435e-06,0.0038508880794581465
High-straggler,JIT-APFRL,7851,235,0.17270893568567014,0.17271430282222075,5.367136550610274e-06,0.0031075229224847723
High-straggler,JIT-APFRL,3407,236,0.17268794226294681,0.17271110347933102,2.316121638420987e-05,0.013410380640050545
High-straggler,JIT-APFRL,4518,236,0.1727386292560017,0.17271110347933102,2.7525776670672686e-05,0.015937467896478815
High-straggler,JIT-APFRL,5629,236,0.17268433629553792,0.17271110347933102,2.6767183793102722e-05,0.015498241429686685
High-straggler,JIT-APFRL,6740,236,0.17274427945899898,0.17271110347933102,3.317597966795427e-05,0.01920894430040195
High-straggler,JIT-APFRL,7851,236,0.1727003301231697,0.17271110347933102,1.0773356161314362e-05,0.0062377901271435336
High-straggler,JIT-APFRL,3407,237,0.17278409557903357,0.17274799549985898,3.610007917459468e-05,0.020897538677734844
High-straggler,JIT-APFRL,4518,237,0.17277288720310718,0.17274799549985898,2.4891703248208774e-05,0.014409257355596405
High-straggler,JIT-APFRL,5629,237,0.17271185134234252,0.17274799549985898,3.614415751646005e-05,0.020923054656509493
High-straggler,JIT-APFRL,6740,237,0.1727374674126625,0.17274799549985898,1.0528087196481906e-05,0.0060944771984289105
High-straggler,JIT-APFRL,7851,237,0.17273367596214922,0.17274799549985898,1.4319537709750474e-05,0.008289264178328579
High-straggler,JIT-APFRL,3407,238,0.17273995667125136,0.17271066111908115,2.929555217021096e-05,0.016962214133389344
High-straggler,JIT-APFRL,4518,238,0.17274004376438123,0.17271066111908115,2.9382645300085608e-05,0.01701264132144498
High-straggler,JIT-APFRL,5629,238,0.17269484798171247,0.17271066111908115,1.58131373686754e-05,0.009155854807233065
High-straggler,JIT-APFRL,6740,238,0.17269471701595407,0.17271066111908115,1.5944103127080167e-05,0.009231684381132078
High-straggler,JIT-APFRL,7851,238,0.17268374016210666,0.17271066111908115,2.6920956974485488e-05,0.01558731626643704
High-straggler,JIT-APFRL,3407,239,0.17270903029299262,0.17270945924955342,4.289565607995538e-07,0.0002483688864891533
High-straggler,JIT-APFRL,4518,239,0.17273138545123473,0.17270945924955342,2.1926201681315982e-05,0.012695426050540817
High-straggler,JIT-APFRL,5629,239,0.17271389945489557,0.17270945924955342,4.440205342154391e-06,0.0025709103377705537
High-straggler,JIT-APFRL,6740,239,0.1727044126121689,0.17270945924955342,5.046637384514829e-06,0.002922038784930003
High-straggler,JIT-APFRL,7851,239,0.17268856843647515,0.17270945924955342,2.0890813078267012e-05,0.012095928716956498
High-straggler,JIT-APFRL,3407,240,0.1727367275550532,0.1727040935279506,3.263402710260155e-05,0.018895919856885168
High-straggler,JIT-APFRL,4518,240,0.17272009418120485,0.1727040935279506,1.600065325424449e-05,0.00926477938500915
High-straggler,JIT-APFRL,5629,240,0.17272341449538972,0.1727040935279506,1.9320967439118153e-05,0.011187324541320862
High-straggler,JIT-APFRL,6740,240,0.17269081907818745,0.1727040935279506,1.3274449763150953e-05,0.007686239215286812
High-straggler,JIT-APFRL,7851,240,0.17264941232991787,0.1727040935279506,5.468119803272997e-05,0.03166178456788015
High-straggler,JIT-APFRL,3407,241,0.1727212493606407,0.17272664294325057,5.393582609869441e-06,0.003122611843756788
High-straggler,JIT-APFRL,4518,241,0.17278054328522385,0.17272664294325057,5.390034197327864e-05,0.031205574921633616
High-straggler,JIT-APFRL,5629,241,0.17273344105600028,0.17272664294325057,6.798112749700769e-06,0.003935763836928326
High-straggler,JIT-APFRL,6740,241,0.17269136784693534,0.17272664294325057,3.5275096315234844e-05,0.020422498645344768
High-straggler,JIT-APFRL,7851,241,0.17270661316745256,0.17272664294325057,2.0029775798013905e-05,0.011596228269540732
High-straggler,JIT-APFRL,3407,242,0.17270148852419143,0.17268702600699407,1.4462517197361136e-05,0.008374987705663183
High-straggler,JIT-APFRL,4518,242,0.17271982976188802,0.17268702600699407,3.280375489395082e-05,0.018996073794578072
High-straggler,JIT-APFRL,5629,242,0.1726790150021557,0.17268702600699407,8.011004838354152e-06,0.004639031097813738
High-straggler,JIT-APFRL,6740,242,0.17267710502631456,0.17268702600699407,9.92098067950642e-06,0.005745064298637355
High-straggler,JIT-APFRL,7851,242,0.17265769172042056,0.17268702600699407,2.9334286573506896e-05,0.016986966103822308
High-straggler,JIT-APFRL,3407,243,0.17274040039408983,0.1726959994630012,4.4400931088622864e-05,0.0257104572350765
High-straggler,JIT-APFRL,4518,243,0.17273404157505431,0.1726959994630012,3.8042112053104926e-05,0.02202836902499016
High-straggler,JIT-APFRL,5629,243,0.17271475063377723,0.1726959994630012,1.8751170776015735e-05,0.010857906861955438
High-straggler,JIT-APFRL,6740,243,0.1725934243629088,0.1726959994630012,0.00010257510009240023,0.05939633831203841
High-straggler,JIT-APFRL,7851,243,0.17269738034917587,0.1726959994630012,1.3808861746567036e-06,0.0007996051900163141
High-straggler,JIT-APFRL,3407,244,0.1727423974927254,0.1727080947444532,3.430274827220803e-05,0.01986169109384476
High-straggler,JIT-APFRL,4518,244,0.1727315095736459,0.1727080947444532,2.341482919271387e-05,0.013557459033613637
High-straggler,JIT-APFRL,5629,244,0.1726764868019133,0.1727080947444532,3.1607942539896294e-05,0.018301367163284878
High-straggler,JIT-APFRL,6740,244,0.1727187239587105,0.1727080947444532,1.0629214257290576e-05,0.006154438952625844
High-straggler,JIT-APFRL,7851,244,0.17267135589527094,0.1727080947444532,3.673884918226067e-05,0.02127222191676722
High-straggler,JIT-APFRL,3407,245,0.1726933217712144,0.17267472909438547,1.859267682893795e-05,0.010767456782153129
High-straggler,JIT-APFRL,4518,245,0.17269569912580257,0.17267472909438547,2.0970031417100188e-05,0.012144238781829964
High-straggler,JIT-APFRL,5629,245,0.17267052614000927,0.17267472909438547,4.202954376197887e-06,0.0024340298075119704
High-straggler,JIT-APFRL,6740,245,0.17265427300511565,0.17267472909438547,2.045608926981579e-05,0.011846602787275444
High-straggler,JIT-APFRL,7851,245,0.17265982542978547,0.17267472909438547,1.4903664599996702e-05,0.008631062969179603
High-straggler,JIT-APFRL,3407,246,0.17269109648823242,0.1726634528008947,2.764368733770839e-05,0.016010155530473177
High-straggler,JIT-APFRL,4518,246,0.1726878651846982,0.1726634528008947,2.4412383803490423e-05,0.014138709383763652
High-straggler,JIT-APFRL,5629,246,0.17265058669244698,0.1726634528008947,1.286610844772329e-05,0.007451552855577217
High-straggler,JIT-APFRL,6740,246,0.17266762768183014,0.1726634528008947,4.174880935431391e-06,0.0024179297168611686
High-straggler,JIT-APFRL,7851,246,0.17262008795726574,0.1726634528008947,4.3364843628962424e-05,0.02511524177555293
High-straggler,JIT-APFRL,3407,247,0.17265870295867,0.1726840162987091,2.5313340039107013e-05,0.014658762624167807
High-straggler,JIT-APFRL,4518,247,0.17273368209328444,0.1726840162987091,4.9665794575326494e-05,0.02876108376435635
High-straggler,JIT-APFRL,5629,247,0.17263960145386611,0.1726840162987091,4.441484484299374e-05,0.0257202987253695
High-straggler,JIT-APFRL,6740,247,0.172688780951278,0.1726840162987091,4.764652568878258e-06,0.002759174051544153
High-straggler,JIT-APFRL,7851,247,0.17269931403644706,0.1726840162987091,1.529773773795151e-05,0.008858803533668951
High-straggler,JIT-APFRL,3407,248,0.1727393483730927,0.17269289054777837,4.645782531434439e-05,0.02690199067661738
High-straggler,JIT-APFRL,4518,248,0.17272470236905013,0.17269289054777837,3.181182127176552e-05,0.018421037004394947
High-straggler,JIT-APFRL,5629,248,0.17265951312963998,0.17269289054777837,3.337741813838613e-05,0.019327615649094545
High-straggler,JIT-APFRL,6740,248,0.17268404344462931,0.17269289054777837,8.847103149051128e-06,0.005123026848985094
High-straggler,JIT-APFRL,7851,248,0.17265684542247972,0.17269289054777837,3.60451252986449e-05,0.020872385182916613
High-straggler,JIT-APFRL,3407,249,0.17269971240690837,0.17267053653351644,2.9175873391934504e-05,0.01689684527404667
High-straggler,JIT-APFRL,4518,249,0.1726685564910064,0.17267053653351644,1.9800425100358066e-06,0.001146717065798581
High-straggler,JIT-APFRL,5629,249,0.17268677468186025,0.17267053653351644,1.623814834381121e-05,0.009404122249113
High-straggler,JIT-APFRL,6740,249,0.1726286798390042,0.17267053653351644,4.1856694512232284e-05,0.024240785574965555
High-straggler,JIT-APFRL,7851,249,0.17266895924880282,0.17267053653351644,1.5772847136164003e-06,0.0009134648824759049
High-straggler,JIT-APFRL,3407,250,0.17270097780360746,0.17266872791147256,3.22498921349057e-05,0.018677320743012746
High-straggler,JIT-APFRL,4518,250,0.172648760888643,0.17266872791147256,1.9967022829553427e-05,0.011563774790644512
High-straggler,JIT-APFRL,5629,250,0.172664453764764,0.17266872791147256,4.274146708560522e-06,0.00247534499168366
High-straggler,JIT-APFRL,6740,250,0.17269696640224824,0.17266872791147256,2.8238490775683855e-05,0.01635414305603836
High-straggler,JIT-APFRL,7851,250,0.17263248069810017,0.17266872791147256,3.624721337239234e-05,0.020992344016674706
High-straggler,JIT-APFRL,3407,251,0.17269332647545604,0.17264831560991095,4.501086554509204e-05,0.026070839663904704
High-straggler,JIT-APFRL,4518,251,0.17264749526751824,0.17264831560991095,8.203423927100051e-07,0.0004751522711426401
High-straggler,JIT-APFRL,5629,251,0.17263240693360185,0.17264831560991095,1.5908676309100978e-05,0.009214498417143974
High-straggler,JIT-APFRL,6740,251,0.17265695696685654,0.17264831560991095,8.641356945587875e-06,0.005005178831349
High-straggler,JIT-APFRL,7851,251,0.17261139240612217,0.17264831560991095,3.6923203788785663e-05,0.021386367806918858
High-straggler,JIT-APFRL,3407,252,0.17266952828702317,0.1726460539385304,2.347434849275798e-05,0.013596805694218693
High-straggler,JIT-APFRL,4518,252,0.17267986367861535,0.1726460539385304,3.380974008493354e-05,0.019583268376913664
High-straggler,JIT-APFRL,5629,252,0.17261692268975065,0.1726460539385304,2.9131248779762364e-05,0.016873393926590624
High-straggler,JIT-APFRL,6740,252,0.17264342566369903,0.1726460539385304,2.6282748313843918e-06,0.0015223486268155155
High-straggler,JIT-APFRL,7851,252,0.17262052937356376,0.1726460539385304,2.5524564966655783e-05,0.014784331517790525
High-straggler,JIT-APFRL,3407,253,0.172626264152991,0.17263360793630098,7.343783309965435e-06,0.004253970821646254
High-straggler,JIT-APFRL,4518,253,0.1727007247894724,0.17263360793630098,6.711685317142835e-05,0.03887820800002824
High-straggler,JIT-APFRL,5629,253,0.17258510968906154,0.17263360793630098,4.84982472394313e-05,0.02809316668937741
High-straggler,JIT-APFRL,6740,253,0.1726438083642366,0.17263360793630098,1.0200427935619372e-05,0.005908715028062882
High-straggler,JIT-APFRL,7851,253,0.17261213268574346,0.17263360793630098,2.1475250557512204e-05,0.012439785516987066
High-straggler,JIT-APFRL,3407,254,0.17264813411235183,0.1726610446832566,1.2910570904772767e-05,0.007477408079197576
High-straggler,JIT-APFRL,4518,254,0.17266163220093175,0.1726610446832566,5.875176751490852e-07,0.0003402722810040187
High-straggler,JIT-APFRL,5629,254,0.17263735048338374,0.1726610446832566,2.3694199872859034e-05,0.01372295639489822
High-straggler,JIT-APFRL,6740,254,0.17267202159444833,0.1726610446832566,1.0976911191729055e-05,0.00635749147230401
High-straggler,JIT-APFRL,7851,254,0.1726860850251673,0.1726610446832566,2.504034191069815e-05,0.014502600720755616
High-straggler,JIT-APFRL,3407,255,0.17265305303419637,0.17262237629530608,3.0676738890289545e-05,0.017771009499840666
High-straggler,JIT-APFRL,4518,255,0.1726796880758767,0.17262237629530608,5.731178057061248e-05,0.033200667144431435
High-straggler,JIT-APFRL,5629,255,0.17253331018725113,0.17262237629530608,8.906610805495263e-05,0.051595922826706275
High-straggler,JIT-APFRL,6740,255,0.17262178064479994,0.17262237629530608,5.956505061410766e-07,0.00034505984619403795
High-straggler,JIT-APFRL,7851,255,0.1726240495344063,0.17262237629530608,1.6732391002194369e-06,0.0009693060286442919
High-straggler,JIT-APFRL,3407,256,0.17266120297671472,0.1726258083084064,3.53946683083195e-05,0.020503694467912233
High-straggler,JIT-APFRL,4518,256,0.17261245405378292,0.1726258083084064,1.3354254623482165e-05,0.007735954869288133
High-straggler,JIT-APFRL,5629,256,0.1725693365892506,0.1726258083084064,5.6471719155792854e-05,0.032713369865821414
High-straggler,JIT-APFRL,6740,256,0.1726298515871259,0.1726258083084064,4.043278719501053e-06,0.0023422214552516344
High-straggler,JIT-APFRL,7851,256,0.17265619633515805,0.1726258083084064,3.0388026751648756e-05,0.017603408812058227
High-straggler,JIT-APFRL,3407,257,0.1726555294887899,0.17263670279434062,1.8826694449275427e-05,0.010905383469761568
High-straggler,JIT-APFRL,4518,257,0.17264756745873275,0.17263670279434062,1.0864664392123968e-05,0.006293368800646564
High-straggler,JIT-APFRL,5629,257,0.1726072500062131,0.17263670279434062,2.9452788127520835e-05,0.01706055992195789
High-straggler,JIT-APFRL,6740,257,0.1726617040355139,0.17263670279434062,2.5001241173272515e-05,0.014481996451853055
High-straggler,JIT-APFRL,7851,257,0.17261146298245347,0.17263670279434062,2.5239811887151076e-05,0.014620188800303297
High-straggler,JIT-APFRL,3407,258,0.17268257545870355,0.1726142911373773,6.828432132624518e-05,0.039558903771125316
High-straggler,JIT-APFRL,4518,258,0.17261899715404874,0.1726142911373773,4.70601667143522e-06,0.0027263192638492927
High-straggler,JIT-APFRL,5629,258,0.17257548725970157,0.1726142911373773,3.880387767574156e-05,0.022480107191622387
High-straggler,JIT-APFRL,6740,258,0.17260363911486232,0.1726142911373773,1.0652022514989756e-05,0.006170996876795217
High-straggler,JIT-APFRL,7851,258,0.17259075669957052,0.1726142911373773,2.353443780678255e-05,0.013634118966460525
High-straggler,JIT-APFRL,3407,259,0.1726637636453123,0.1726395726155699,2.419102974240972e-05,0.01401244765374726
High-straggler,JIT-APFRL,4518,259,0.17261504641738812,0.1726395726155699,2.4526198181773484e-05,0.01420659111360748
High-straggler,JIT-APFRL,5629,259,0.17260755481963694,0.1726395726155699,3.201779593295373e-05,0.018546035215373402
High-straggler,JIT-APFRL,6740,259,0.17263496431704678,0.1726395726155699,4.608298523112175e-06,0.002669317615477325
High-straggler,JIT-APFRL,7851,259,0.17267653387846524,0.1726395726155699,3.69612628953464e-05,0.021409496290662716
High-straggler,JIT-APFRL,3407,260,0.17265889168579027,0.172615079539903,4.3812145887278664e-05,0.025381412796644295
High-straggler,JIT-APFRL,4518,260,0.1726497876243299,0.172615079539903,3.470808442690432e-05,0.020107214572108654
High-straggler,JIT-APFRL,5629,260,0.17255762541525524,0.172615079539903,5.7454124647748905e-05,0.033284533889443524
High-straggler,JIT-APFRL,6740,260,0.17259677846464033,0.172615079539903,1.8301075262655564e-05,0.01060224594017868
High-straggler,JIT-APFRL,7851,260,0.17261231450949904,0.172615079539903,2.7650304039450457e-06,0.0016018475392272208
High-straggler,JIT-APFRL,3407,261,0.17260011537833186,0.17259373536525952,6.380013072349033e-06,0.0036965496220630685
High-straggler,JIT-APFRL,4518,261,0.17262940971449417,0.17259373536525952,3.567434923465451e-05,0.020669550467261752
High-straggler,JIT-APFRL,5629,261,0.17256124676619078,0.17259373536525952,3.2488599068736246e-05,0.018823741777174437
High-straggler,JIT-APFRL,6740,261,0.1726284332984348,0.17259373536525952,3.469793317528724e-05,0.020103819586415536
High-straggler,JIT-APFRL,7851,261,0.17254947166884604,0.17259373536525952,4.4263696413471276e-05,0.02564617789851768
High-straggler,JIT-APFRL,3407,262,0.17266450674530004,0.1726105376426268,5.396910267324584e-05,0.03126640088740328
High-straggler,JIT-APFRL,4518,262,0.17268993623054257,0.1726105376426268,7.939858791577992e-05,0.045998691041775744
High-straggler,JIT-APFRL,5629,262,0.17257863389241876,0.1726105376426268,3.1903750208034376e-05,0.018483083735066026
High-straggler,JIT-APFRL,6740,262,0.17254479631623548,0.1726105376426268,6.574132639131092e-05,0.03808650809455324
High-straggler,JIT-APFRL,7851,262,0.17257481502863703,0.1726105376426268,3.572261398976373e-05,0.020695500099607998
High-straggler,JIT-APFRL,3407,263,0.17267522519327158,0.1725671565718847,0.00010806862138687534,0.06262409576289113
High-straggler,JIT-APFRL,4518,263,0.17257556742133007,0.1725671565718847,8.410849445361634e-06,0.004873957253770943
High-straggler,JIT-APFRL,5629,263,0.17253031647549238,0.1725671565718847,3.6840096392321e-05,0.021348266451255375
High-straggler,JIT-APFRL,6740,263,0.17253889721204238,0.1725671565718847,2.8259359842325305e-05,0.01637586224615897
High-straggler,JIT-APFRL,7851,263,0.17251577655728698,0.1725671565718847,5.138001459772945e-05,0.02977392431932814
High-straggler,JIT-APFRL,3407,264,0.1726343041414023,0.17259348773748323,4.081640391906394e-05,0.023648866741221533
High-straggler,JIT-APFRL,4518,264,0.17258876866002115,0.17259348773748323,4.719077462078669e-06,0.0027342152499151315
High-straggler,JIT-APFRL,5629,264,0.17255589651053244,0.17259348773748323,3.7591226950794976e-05,0.021780211665906934
High-straggler,JIT-APFRL,6740,264,0.17255420135074856,0.17259348773748323,3.928638673467155e-05,0.02276238069563008
High-straggler,JIT-APFRL,7851,264,0.17263426802471168,0.17259348773748323,4.0780287228453505e-05,0.02362794087021453
High-straggler,JIT-APFRL,3407,265,0.17258120036574637,0.17257566195500368,5.538410742689237e-06,0.00320926524629718
High-straggler,JIT-APFRL,4518,265,0.17263515044192818,0.17257566195500368,5.948848692449715e-05,0.03447095972316642
High-straggler,JIT-APFRL,5629,265,0.17246368088765104,0.17257566195500368,0.00011198106735263447,0.06488809956402296
High-straggler,JIT-APFRL,6740,265,0.17257639005854963,0.17257566195500368,7.281035459549834e-07,0.0004219039566221248
High-straggler,JIT-APFRL,7851,265,0.1726218880211432,0.17257566195500368,4.622606613952085e-05,0.02678597063795331
High-straggler,JIT-APFRL,3407,266,0.17263698154354218,0.17259632911612272,4.0652427419463066e-05,0.023553471633867794
High-straggler,JIT-APFRL,4518,266,0.17260940511517478,0.17259632911612272,1.307599905206458e-05,0.007576058609721099
High-straggler,JIT-APFRL,5629,266,0.1725465061981113,0.17259632911612272,4.98229180114218e-05,0.02886673098238432
High-straggler,JIT-APFRL,6740,266,0.17261809180356505,0.17259632911612272,2.1762687442333783e-05,0.012609009446366533
High-straggler,JIT-APFRL,7851,266,0.1725706609202204,0.17259632911612272,2.5668195902328605e-05,0.014871808707506784
High-straggler,JIT-APFRL,3407,267,0.17255612458233205,0.17253794037268927,1.818420964277978e-05,0.010539252760002303
High-straggler,JIT-APFRL,4518,267,0.1726086898068777,0.17253794037268927,7.074943418844404e-05,0.041005145903342914
High-straggler,JIT-APFRL,5629,267,0.17249060664151855,0.17253794037268927,4.733373117071782e-05,0.0274338102497775
High-straggler,JIT-APFRL,6740,267,0.1725668485989333,0.17253794037268927,2.8908226244017676e-05,0.016754706925082494
High-straggler,JIT-APFRL,7851,267,0.17246743223378466,0.17253794037268927,7.050813890460694e-05,0.040865295338698475
High-straggler,JIT-APFRL,3407,268,0.17255827424377285,0.17254749445276757,1.0779791005277595e-05,0.006247434098921911
High-straggler,JIT-APFRL,4518,268,0.17259586142220573,0.17254749445276757,4.8366969438162766e-05,0.028031105054036318
High-straggler,JIT-APFRL,5629,268,0.1724760223229292,0.17254749445276757,7.147212983837914e-05,0.04142171409967568
High-straggler,JIT-APFRL,6740,268,0.17256686574945454,0.17254749445276757,1.9371296686970796e-05,0.011226646175539461
High-straggler,JIT-APFRL,7851,268,0.17254044852547543,0.17254749445276757,7.045927292143039e-06,0.0040834712288863526
High-straggler,JIT-APFRL,3407,269,0.17263779034641288,0.17256785615099193,6.993419542095092e-05,0.04052562104020142
High-straggler,JIT-APFRL,4518,269,0.17261919466078143,0.17256785615099193,5.1338509789500275e-05,0.029749752320374512
High-straggler,JIT-APFRL,5629,269,0.17253080366552104,0.17256785615099193,3.7052485470895347e-05,0.0214712555961033
High-straggler,JIT-APFRL,6740,269,0.17253815044695078,0.17256785615099193,2.9705704041149694e-05,0.01721392656993899
High-straggler,JIT-APFRL,7851,269,0.17251334163529347,0.17256785615099193,5.451451569846166e-05,0.03159019119456582
High-straggler,JIT-APFRL,3407,270,0.17262546014188057,0.17253946548844046,8.599465344011348e-05,0.049840570211963954
High-straggler,JIT-APFRL,4518,270,0.17256076633218678,0.17253946548844046,2.1300843746324682e-05,0.012345490746725285
High-straggler,JIT-APFRL,5629,270,0.17250764084083567,0.17253946548844046,3.182464760478898e-05,0.018444851161846864
High-straggler,JIT-APFRL,6740,270,0.17250518891319358,0.17253946548844046,3.427657524687766e-05,0.019865933367675857
High-straggler,JIT-APFRL,7851,270,0.17249827121410566,0.17253946548844046,4.1194274334799275e-05,0.023875276429182603
High-straggler,JIT-APFRL,3407,271,0.17254670751609397,0.17255236114066855,5.653624574580851e-06,0.0032764689727843768
High-straggler,JIT-APFRL,4518,271,0.17258862850169115,0.17255236114066855,3.626736102260719e-05,0.02101817719726317
High-straggler,JIT-APFRL,5629,271,0.17250478533649113,0.17255236114066855,4.757580417741325e-05,0.027571807109975383
High-straggler,JIT-APFRL,6740,271,0.17256575988699463,0.17255236114066855,1.3398746326082067e-05,0.007765032154592837
High-straggler,JIT-APFRL,7851,271,0.17255592446207182,0.17255236114066855,3.5633214032770866e-06,0.002065066730887668
High-straggler,JIT-APFRL,3407,272,0.1726076893759489,0.17256225157652566,4.543779942323134e-05,0.026331250901116793
High-straggler,JIT-APFRL,4518,272,0.17262646953374172,0.17256225157652566,6.421795721606172e-05,0.037214371410530175
High-straggler,JIT-APFRL,5629,272,0.17253135962733293,0.17256225157652566,3.089194919272953e-05,0.017901915923384883
High-straggler,JIT-APFRL,6740,272,0.1725074352588789,0.17256225157652566,5.481631764675532e-05,0.031766111734144876
High-straggler,JIT-APFRL,7851,272,0.17253830408672582,0.17256225157652566,2.3947489799835964e-05,0.01387759465413329
High-straggler,JIT-APFRL,3407,273,0.17255810626861692,0.17258288395154336,2.4777682926441225e-05,0.01435697582466992
High-straggler,JIT-APFRL,4518,273,0.17260763832407827,0.17258288395154336,2.475437253490753e-05,0.014343469044043726
High-straggler,JIT-APFRL,5629,273,0.17253006105192986,0.17258288395154336,5.282289961350273e-05,0.030607264407711474
High-straggler,JIT-APFRL,6740,273,0.17263661199867003,0.17258288395154336,5.372804712666657e-05,0.031131735602327727
High-straggler,JIT-APFRL,7851,273,0.1725820021144218,0.17258288395154336,8.818371215746357e-07,0.0005109644139578939
High-straggler,JIT-APFRL,3407,274,0.17260323472201994,0.17254795244527021,5.528227674972408e-05,0.03203879035728276
High-straggler,JIT-APFRL,4518,274,0.17261070369538312,0.17254795244527021,6.275125011290239e-05,0.03636742669131713
High-straggler,JIT-APFRL,5629,274,0.17251939457728382,0.17254795244527021,2.8557867986389596e-05,0.016550684943913055
High-straggler,JIT-APFRL,6740,274,0.17249517347632828,0.17254795244527021,5.2778968941930016e-05,0.030588000723260254
High-straggler,JIT-APFRL,7851,274,0.17251125575533585,0.17254795244527021,3.669668993436237e-05,0.021267531381458753
High-straggler,JIT-APFRL,3407,275,0.17260816897108508,0.1725644011888477,4.376778223738609e-05,0.025363158296761536
High-straggler,JIT-APFRL,4518,275,0.17253393506605738,0.1725644011888477,3.0466122790312467e-05,0.01765492916292251
High-straggler,JIT-APFRL,5629,275,0.17250140981093673,0.1725644011888477,6.299137791096476e-05,0.036503112737620476
High-straggler,JIT-APFRL,6740,275,0.17261932469358923,0.1725644011888477,5.492350474153862e-05,0.03182783028431947
High-straggler,JIT-APFRL,7851,275,0.17255916740257,0.1725644011888477,5.23378627770299e-06,0.0030329466805701947
High-straggler,JIT-APFRL,3407,276,0.1725471086371388,0.17254843069529996,1.3220581611683713e-06,0.0007661954129869596
High-straggler,JIT-APFRL,4518,276,0.17252820088478124,0.17254843069529996,2.0229810518718194e-05,0.011724134747096968
High-straggler,JIT-APFRL,5629,276,0.17253636066991412,0.17254843069529996,1.2070025385835237e-05,0.006995152223174645
High-straggler,JIT-APFRL,6740,276,0.17253406649098674,0.17254843069529996,1.436420431322194e-05,0.008324737730352019
High-straggler,JIT-APFRL,7851,276,0.17259641679367901,0.17254843069529996,4.7986098379054765e-05,0.027810220113674934
High-straggler,JIT-APFRL,3407,277,0.17258117020101169,0.17254433090802995,3.683929298173294e-05,0.02135062495989458
High-straggler,JIT-APFRL,4518,277,0.1725931409997715,0.17254433090802995,4.881009174154127e-05,0.028288435490562806
High-straggler,JIT-APFRL,5629,277,0.17252594534240034,0.17254433090802995,1.8385565629608358e-05,0.01065556053499566
High-straggler,JIT-APFRL,6740,277,0.17251725440152782,0.17254433090802995,2.707650650213278e-05,0.015692492682686382
High-straggler,JIT-APFRL,7851,277,0.17250414359543845,0.17254433090802995,4.018731259150532e-05,0.023291007232759255
High-straggler,JIT-APFRL,3407,278,0.1725468992028058,0.17254065564132892,6.243561476881876e-06,0.003618603078604708
High-straggler,JIT-APFRL,4518,278,0.17263563107472008,0.17254065564132892,9.497543339115344e-05,0.05504524892300446
High-straggler,JIT-APFRL,5629,278,0.17246785669820602,0.17254065564132892,7.279894312289814e-05,0.042192341771454644
High-straggler,JIT-APFRL,6740,278,0.17249392448306067,0.17254065564132892,4.6731158268253914e-05,0.027084143209352873
High-straggler,JIT-APFRL,7851,278,0.17255896674785215,0.17254065564132892,1.831110652322776e-05,0.010612632979262699
High-straggler,JIT-APFRL,3407,279,0.17255626230598337,0.17252857761812784,2.7684687855522583e-05,0.016046436038439645
High-straggler,JIT-APFRL,4518,279,0.17249473363442883,0.17252857761812784,3.3843983699016755e-05,0.019616450889618137
High-straggler,JIT-APFRL,5629,279,0.17251807232757832,0.17252857761812784,1.0505290549522872e-05,0.006089014756022115
High-straggler,JIT-APFRL,6740,279,0.1725399568595348,0.17252857761812784,1.1379241406955787e-05,0.006595569014741678
High-straggler,JIT-APFRL,7851,279,0.17253386296311385,0.17252857761812784,5.285344986005747e-06,0.0030634605924267514
High-straggler,JIT-APFRL,3407,280,0.1726050133823338,0.17256157129941418,4.344208291962026e-05,0.02517483040545757
High-straggler,JIT-APFRL,4518,280,0.17259433472935523,0.17256157129941418,3.2763429941046196e-05,0.01898651576613073
High-straggler,JIT-APFRL,5629,280,0.1725163127586158,0.17256157129941418,4.525854079839853e-05,0.026227473740297456
High-straggler,JIT-APFRL,6740,280,0.17250745888063004,0.17256157129941418,5.41124187841413e-05,0.031358325249745224
High-straggler,JIT-APFRL,7851,280,0.172584736746136,0.17256157129941418,2.316544672181786e-05,0.013424452818422212
High-straggler,JIT-APFRL,3407,281,0.17257038741772748,0.17253596122776774,3.4426189959746445e-05,0.019953051940458853
High-straggler,JIT-APFRL,4518,281,0.17254595571741072,0.17253596122776774,9.994489642978222e-06,0.005792699430227372
High-straggler,JIT-APFRL,5629,281,0.17243590316688692,0.17253596122776774,0.00010005806088081437,0.0579925832092047
High-straggler,JIT-APFRL,6740,281,0.17255801665036702,0.17253596122776774,2.205542259928195e-05,0.012783087329931294
High-straggler,JIT-APFRL,7851,281,0.17256954318644657,0.17253596122776774,3.358195867883551e-05,0.01946374450860327
High-straggler,JIT-APFRL,3407,282,0.1725923832738095,0.17252902275639484,6.336051741465121e-05,0.03672455590507466
High-straggler,JIT-APFRL,4518,282,0.17254245216728864,0.17252902275639484,1.3429410893800453e-05,0.007783856118377445
High-straggler,JIT-APFRL,5629,282,0.17251195065563416,0.17252902275639484,1.707210076068444e-05,0.00989520515907035
High-straggler,JIT-APFRL,6740,282,0.17251785013748971,0.17252902275639484,1.1172618905125331e-05,0.006475790986714561
High-straggler,JIT-APFRL,7851,282,0.17248047754775217,0.17252902275639484,4.8545208642669646e-05,0.028137415877683283
High-straggler,JIT-APFRL,3407,283,0.1725104706952817,0.1724584951085419,5.197558673980529e-05,0.030138026373877906
High-straggler,JIT-APFRL,4518,283,0.17241994317307993,0.1724584951085419,3.855193546195568e-05,0.02235432672521691
High-straggler,JIT-APFRL,5629,283,0.17243424506413169,0.1724584951085419,2.4250044410201177e-05,0.01406138004099983
High-straggler,JIT-APFRL,6740,283,0.17241509677798542,0.1724584951085419,4.339833055647113e-05,0.02516450727994414
High-straggler,JIT-APFRL,7851,283,0.17251271983223063,0.1724584951085419,5.422472368873943e-05,0.031442187672234695
High-straggler,JIT-APFRL,3407,284,0.17256157120865112,0.17251978418769648,4.178702095464226e-05,0.024221581977623623
High-straggler,JIT-APFRL,4518,284,0.1725475348099607,0.17251978418769648,2.7750622264233193e-05,0.016085472396627467
High-straggler,JIT-APFRL,5629,284,0.17247805626123597,0.17251978418769648,4.172792646051082e-05,0.024187328228461067
High-straggler,JIT-APFRL,6740,284,0.17253005784978473,0.17251978418769648,1.0273662088250424e-05,0.005955063146307313
High-straggler,JIT-APFRL,7851,284,0.17248170080884997,0.17251978418769648,3.8083378846504035e-05,0.022074789292032982
High-straggler,JIT-APFRL,3407,285,0.1725356888836423,0.17250301714842142,3.26717352208683e-05,0.01893980508918147
High-straggler,JIT-APFRL,4518,285,0.17251761098643015,0.17250301714842142,1.4593838008725157e-05,0.008460047974794918
High-straggler,JIT-APFRL,5629,285,0.1724745317824868,0.17250301714842142,2.8485365934610707e-05,0.0165129667906631
High-straggler,JIT-APFRL,6740,285,0.17249205335780723,0.17250301714842142,1.0963790614187952e-05,0.006355709479999829
High-straggler,JIT-APFRL,7851,285,0.17249520073174068,0.17250301714842142,7.816416680739291e-06,0.004531176793281275
High-straggler,JIT-APFRL,3407,286,0.17252511451967067,0.1724936346915416,3.1479828129066245e-05,0.018249849152613334
High-straggler,JIT-APFRL,4518,286,0.17247511734820226,0.1724936346915416,1.851734333935262e-05,0.010735087919311284
High-straggler,JIT-APFRL,5629,286,0.17251117932222254,0.1724936346915416,1.754463068093237e-05,0.010171175714574173
High-straggler,JIT-APFRL,6740,286,0.17243178573361945,0.1724936346915416,6.18489579221615e-05,0.035855791451529034
High-straggler,JIT-APFRL,7851,286,0.17252497653399326,0.1724936346915416,3.134184245165428e-05,0.018169854503733266
High-straggler,JIT-APFRL,3407,287,0.1725459645979973,0.17244823899152328,9.772560647400286e-05,0.05666952996765979
High-straggler,JIT-APFRL,4518,287,0.17248487367353568,0.17244823899152328,3.663468201239861e-05,0.02124387133590816
High-straggler,JIT-APFRL,5629,287,0.17241711873023866,0.17244823899152328,3.1120261284628414e-05,0.018046146175002768
High-straggler,JIT-APFRL,6740,287,0.17236520656650528,0.17244823899152328,8.303242501800367e-05,0.04814918696971161
High-straggler,JIT-APFRL,7851,287,0.17242803138933951,0.17244823899152328,2.020760218376938e-05,0.01171806815885356
High-straggler,JIT-APFRL,3407,288,0.1725226335534878,0.17246918892600788,5.3444627479914963e-05,0.030987927648250025
High-straggler,JIT-APFRL,4518,288,0.17250217223748582,0.17246918892600788,3.298331147794098e-05,0.019124176140290983
High-straggler,JIT-APFRL,5629,288,0.17239511640312583,0.17246918892600788,7.407252288205157e-05,0.042948264175945015
High-straggler,JIT-APFRL,6740,288,0.17245304347577478,0.17246918892600788,1.6145450233095993e-05,0.009361353371947876
High-straggler,JIT-APFRL,7851,288,0.1724729789601653,0.17246918892600788,3.7900341574303997e-06,0.002197513759432351
High-straggler,JIT-APFRL,3407,289,0.17240354120512338,0.17244611304539806,4.257184027467442e-05,0.024687039633921458
High-straggler,JIT-APFRL,4518,289,0.17246408223768656,0.17244611304539806,1.796919228849725e-05,0.01042017820591102
High-straggler,JIT-APFRL,5629,289,0.17246331534513085,0.17244611304539806,1.7202299732788084e-05,0.009975463887817186
High-straggler,JIT-APFRL,6740,289,0.1724261716355573,0.17244611304539806,1.9941409840767976e-05,0.01156384999847356
High-straggler,JIT-APFRL,7851,289,0.17247345480349216,0.17244611304539806,2.7341758094101554e-05,0.015855247538634622
High-straggler,JIT-APFRL,3407,290,0.1725055041010529,0.17246191013579443,4.359396525846493e-05,0.025277445451079354
High-straggler,JIT-APFRL,4518,290,0.17252229343816977,0.17246191013579443,6.038330237534417e-05,0.035012544119335735
High-straggler,JIT-APFRL,5629,290,0.17238997542856022,0.17246191013579443,7.193470723421136e-05,0.041710489682951345
High-straggler,JIT-APFRL,6740,290,0.17247148123667239,0.17246191013579443,9.57110087795865e-06,0.005549689708540559
High-straggler,JIT-APFRL,7851,290,0.17242029647451695,0.17246191013579443,4.1613661277473124e-05,0.024129189595956016
High-straggler,JIT-APFRL,3407,291,0.17254685529731717,0.1724765504656051,7.030483171208135e-05,0.04076196533516676
High-straggler,JIT-APFRL,4518,291,0.17252729111241835,0.1724765504656051,5.074064681326318e-05,0.029418866898884188
High-straggler,JIT-APFRL,5629,291,0.17240287568578233,0.1724765504656051,7.367477982275772e-05,0.042715824049049375
High-straggler,JIT-APFRL,6740,291,0.17240587261082027,0.1724765504656051,7.067785478481747e-05,0.04097823999495624
High-straggler,JIT-APFRL,7851,291,0.17249985762168726,0.1724765504656051,2.330715608217515e-05,0.013513231809922482
High-straggler,JIT-APFRL,3407,292,0.1725490384835155,0.1724419776632648,0.00010706082025069286,0.06208512666199835
High-straggler,JIT-APFRL,4518,292,0.1724793790755129,0.1724419776632648,3.740141224808924e-05,0.021689273548651047
High-straggler,JIT-APFRL,5629,292,0.1723980089746448,0.1724419776632648,4.3968688619999696e-05,0.025497671283879225
High-straggler,JIT-APFRL,6740,292,0.17235149479508624,0.1724419776632648,9.048286817855966e-05,0.05247148600629577
High-straggler,JIT-APFRL,7851,292,0.17243196698756447,0.1724419776632648,1.001067570033376e-05,0.005805242920538789
High-straggler,JIT-APFRL,3407,293,0.17250248484072422,0.1724355906479215,6.689419280273001e-05,0.038793727299206104
High-straggler,JIT-APFRL,4518,293,0.1724705420479486,0.1724355906479215,3.4951400027100066e-05,0.020269249460492026
High-straggler,JIT-APFRL,5629,293,0.17246929196794972,0.1724355906479215,3.3701320028223236e-05,0.019544294714096754
High-straggler,JIT-APFRL,6740,293,0.17226862126572823,0.1724355906479215,0.00016696938219326607,0.09682999986596948
High-straggler,JIT-APFRL,7851,293,0.1724670131172567,0.1724355906479215,3.1422469335212755e-05,0.0182227283921746
High-straggler,JIT-APFRL,3407,294,0.17252726724743545,0.17245313595858475,7.413128885069842e-05,0.04298633854272231
High-straggler,JIT-APFRL,4518,294,0.1724974986678879,0.17245313595858475,4.4362709303163994e-05,0.02572450135891867
High-straggler,JIT-APFRL,5629,294,0.17246108842649144,0.17245313595858475,7.95246790669113e-06,0.004611379121920372
High-straggler,JIT-APFRL,6740,294,0.17241868559028858,0.17245313595858475,3.445036829616277e-05,0.019976655167602258
High-straggler,JIT-APFRL,7851,294,0.17236113986082022,0.17245313595858475,9.199609776452955e-05,0.053345563856039564
High-straggler,JIT-APFRL,3407,295,0.1724938091058948,0.1724389678339466,5.484127194818611e-05,0.03180329402168341
High-straggler,JIT-APFRL,4518,295,0.17246072571330823,0.1724389678339466,2.1757879361622434e-05,0.012617727671957884
High-straggler,JIT-APFRL,5629,295,0.17235368104391843,0.1724389678339466,8.528679002817174e-05,0.049459116520750857
High-straggler,JIT-APFRL,6740,295,0.17245267106948012,0.1724389678339466,1.3703235533513158e-05,0.007946716282081294
High-straggler,JIT-APFRL,7851,295,0.1724339522371314,0.1724389678339466,5.01559681520547e-06,0.0029086214550039144
High-straggler,JIT-APFRL,3407,296,0.17250313896726016,0.172441165786451,6.197318080916614e-05,0.035938739178969
High-straggler,JIT-APFRL,4518,296,0.17244496837362552,0.172441165786451,3.8025871745284157e-06,0.0022051504680950097
High-straggler,JIT-APFRL,5629,296,0.17244744891740096,0.172441165786451,6.283130949968907e-06,0.003643637481406185
High-straggler,JIT-APFRL,6740,296,0.1723397503291424,0.172441165786451,0.00010141545730860124,0.05881162821306421
High-straggler,JIT-APFRL,7851,296,0.1724705223448259,0.172441165786451,2.9356558374910025e-05,0.017024101084577928
High-straggler,JIT-APFRL,3407,297,0.17252813580852777,0.17246037030147715,6.776550705062112e-05,0.039293379071470486
High-straggler,JIT-APFRL,4518,297,0.17250591926411868,0.17246037030147715,4.554896264152841e-05,0.026411263388745186
High-straggler,JIT-APFRL,5629,297,0.17240472646305996,0.17246037030147715,5.5643838417190894e-05,0.03226471004319437
High-straggler,JIT-APFRL,6740,297,0.17245256391044173,0.17246037030147715,7.806391035425353e-06,0.004526483981090287
High-straggler,JIT-APFRL,7851,297,0.1724105060612375,0.17246037030147715,4.986424023964431e-05,0.028913448435995394
High-straggler,JIT-APFRL,3407,298,0.17250691891914885,0.17240253137368297,0.00010438754546587825,0.0605487312942163
High-straggler,JIT-APFRL,4518,298,0.17237970296024088,0.17240253137368297,2.2828413442088635e-05,0.013241344694996377
High-straggler,JIT-APFRL,5629,298,0.17243256730235793,0.17240253137368297,3.0035928674954082e-05,0.017421976600709606
High-straggler,JIT-APFRL,6740,298,0.1723414246650649,0.17240253137368297,6.110670861805834e-05,0.03544420614428762
High-straggler,JIT-APFRL,7851,298,0.17235204302160226,0.17240253137368297,5.048835208071312e-05,0.029285157055658
High-straggler,JIT-APFRL,3407,299,0.17241261348896356,0.17239714992204042,1.546356692314066e-05,0.008969734667964887
High-straggler,JIT-APFRL,4518,299,0.1724005432915463,0.17239714992204042,3.3933695058885327e-06,0.0019683443185824394
High-straggler,JIT-APFRL,5629,299,0.172405843472974,0.17239714992204042,8.693550933580596e-06,0.005042746320059178
High-straggler,JIT-APFRL,6740,299,0.17235133696320887,0.17239714992204042,4.581295883154812e-05,0.02657408133038462
High-straggler,JIT-APFRL,7851,299,0.17241541239350952,0.17239714992204042,1.826247146910487e-05,0.010593256023874714
High-straggler,JIT-APFRL,3407,300,0.17247158831738046,0.17243728921613194,3.429910124852498e-05,0.019890768060923686
High-straggler,JIT-APFRL,4518,300,0.17244905617714618,0.17243728921613194,1.1766961014236799e-05,0.006823907443527575
High-straggler,JIT-APFRL,5629,300,0.17232880302604714,0.17243728921613194,0.00010848619008479998,0.06291341656897888
High-straggler,JIT-APFRL,6740,300,0.17248583548722102,0.17243728921613194,4.8546271089078274e-05,0.028153000612431717
High-straggler,JIT-APFRL,7851,300,0.17245116307286484,0.17243728921613194,1.3873856732904422e-05,0.00804574045206371
High-straggler,JIT-APFRL,3407,301,0.17245102500492357,0.17241630441787253,3.472058705103476e-05,0.020137647172210036
High-straggler,JIT-APFRL,4518,301,0.17243900317917965,0.17241630441787253,2.2698761307116122e-05,0.01316508980038386
High-straggler,JIT-APFRL,5629,301,0.17240631032260706,0.17241630441787253,9.994095265475345e-06,0.005796490824471798
High-straggler,JIT-APFRL,6740,301,0.1723661235657714,0.17241630441787253,5.0180852101122664e-05,0.02910447029389
High-straggler,JIT-APFRL,7851,301,0.17241906001688104,0.17241630441787253,2.7555990085026405e-06,0.0015982241458000984
High-straggler,JIT-APFRL,3407,302,0.1724367793915085,0.17241601111537644,2.0768276132066e-05,0.012045445198339727
High-straggler,JIT-APFRL,4518,302,0.1725152001245603,0.17241601111537644,9.918900918384765e-05,0.05752888524806021
High-straggler,JIT-APFRL,5629,302,0.17235968663895357,0.17241601111537644,5.632447642286986e-05,0.03266777607166596
High-straggler,JIT-APFRL,6740,302,0.17242249582858907,0.17241601111537644,6.48471321262889e-06,0.003761085278959089
High-straggler,JIT-APFRL,7851,302,0.17234589359327085,0.17241601111537644,7.011752210558941e-05,0.040667639653644776
High-straggler,JIT-APFRL,3407,303,0.1724548340102106,0.17241372964639717,4.110436381343785e-05,0.02384053978632599
High-straggler,JIT-APFRL,4518,303,0.17239831130954414,0.17241372964639717,1.541833685303473e-05,0.00894263866610632
High-straggler,JIT-APFRL,5629,303,0.17233979992629295,0.17241372964639717,7.39297201042266e-05,0.042879253442199096
High-straggler,JIT-APFRL,6740,303,0.17244889306396533,0.17241372964639717,3.5163417568151445e-05,0.02039478969584847
High-straggler,JIT-APFRL,7851,303,0.17242680992197273,0.17241372964639717,1.3080275575561018e-05,0.007586562626066566
High-straggler,JIT-APFRL,3407,304,0.17242191437613713,0.17239420629122532,2.770808491181498e-05,0.016072515143001818
High-straggler,JIT-APFRL,4518,304,0.17243352471512097,0.17239420629122532,3.931842389565121e-05,0.022807276846201343
High-straggler,JIT-APFRL,5629,304,0.17229983286779624,0.17239420629122532,9.437342342907828e-05,0.05474280456365998
High-straggler,JIT-APFRL,6740,304,0.1724800848024672,0.17239420629122532,8.587851124189361e-05,0.049815195701425806
High-straggler,JIT-APFRL,7851,304,0.17233567469460498,0.17239420629122532,5.853159662033702e-05,0.03395218312700119
High-straggler,JIT-APFRL,3407,305,0.17247237862723447,0.1724036623229041,6.871630433036291e-05,0.039857798497145866
High-straggler,JIT-APFRL,4518,305,0.17247361228171926,0.1724036623229041,6.994995881515198e-05,0.040573360143671966
High-straggler,JIT-APFRL,5629,305,0.17226897199285257,0.1724036623229041,0.00013469033005153452,0.07812498193876286
High-straggler,JIT-APFRL,6740,305,0.1724293463105357,0.1724036623229041,2.568398763158619e-05,0.014897588186660019
High-straggler,JIT-APFRL,7851,305,0.17237400240217848,0.1724036623229041,2.965992072562207e-05,0.017203764888747204
High-straggler,JIT-APFRL,3407,306,0.1723904562035219,0.172396926411919,6.4702083971135416e-06,0.0037530880229580538
High-straggler,JIT-APFRL,4518,306,0.1724149441023865,0.172396926411919,1.8017690467497793e-05,0.010451282886823036
High-straggler,JIT-APFRL,5629,306,0.1723708240473228,0.172396926411919,2.61023645962144e-05,0.01514085264713267
High-straggler,JIT-APFRL,6740,306,0.17240144910412686,0.172396926411919,4.522692207853396e-06,0.002623418121183343
High-straggler,JIT-APFRL,7851,306,0.17240695860223704,0.172396926411919,1.0032190318032264e-05,0.005819239662116544
High-straggler,JIT-APFRL,3407,307,0.17239596159814233,0.17237299101383644,2.2970584305892494e-05,0.013326092545466498
High-straggler,JIT-APFRL,4518,307,0.17242407064407003,0.17237299101383644,5.107963023359696e-05,0.029633198294677605
High-straggler,JIT-APFRL,5629,307,0.1723437615508671,0.17237299101383644,2.922946296934903e-05,0.016957101456226847
High-straggler,JIT-APFRL,6740,307,0.17232706817108603,0.17237299101383644,4.592284275040104e-05,0.02664155357535961
High-straggler,JIT-APFRL,7851,307,0.17237409310501667,0.17237299101383644,1.102091180232856e-06,0.0006393641914262489
High-straggler,JIT-APFRL,3407,308,0.1724548811880628,0.172386104792254,6.877639580879502e-05,0.039896716670800615
High-straggler,JIT-APFRL,4518,308,0.17242673832076955,0.172386104792254,4.063352851554902e-05,0.023571231895121312
High-straggler,JIT-APFRL,5629,308,0.17236187143184617,0.172386104792254,2.4233360407827087e-05,0.014057606578576158
High-straggler,JIT-APFRL,6740,308,0.172354345313696,0.172386104792254,3.1759478557991105e-05,0.018423456227092724
High-straggler,JIT-APFRL,7851,308,0.17233268770689564,0.172386104792254,5.341708535835932e-05,0.030986885760156443
High-straggler,JIT-APFRL,3407,309,0.17244822378985492,0.17238706966782327,6.11541220316425e-05,0.035474889241682586
High-straggler,JIT-APFRL,4518,309,0.172383651121278,0.17238706966782327,3.418546545286283e-06,0.0019830643631645697
High-straggler,JIT-APFRL,5629,309,0.17241928826879768,0.17238706966782327,3.221860097440965e-05,0.01868968539026299
High-straggler,JIT-APFRL,6740,309,0.17235066479739733,0.17238706966782327,3.6404870425943425e-05,0.02111809806622552
High-straggler,JIT-APFRL,7851,309,0.1723335203617884,0.17238706966782327,5.354930603487795e-05,0.031063412202587688
High-straggler,JIT-APFRL,3407,310,0.17237449452616643,0.17236039059729494,1.410392887149503e-05,0.008182813245328293
High-straggler,JIT-APFRL,4518,310,0.17243423887437032,0.17236039059729494,7.384827707537789e-05,0.042845271363951574
High-straggler,JIT-APFRL,5629,310,0.17227775039771837,0.17236039059729494,8.264019957657243e-05,0.04794616633798079
High-straggler,JIT-APFRL,6740,310,0.1723739328221449,0.17236039059729494,1.3542224849949491e-05,0.007856923973669636
High-straggler,JIT-APFRL,7851,310,0.17234153636607458,0.17236039059729494,1.8854231220361006e-05,0.010938842245033128
High-straggler,JIT-APFRL,3407,311,0.17230161324332383,0.17231850245264355,1.6889209319720377e-05,0.009801158366242103
High-straggler,JIT-APFRL,4518,311,0.1723344932186625,0.17231850245264355,1.5990766018963987e-05,0.009279773089577864
High-straggler,JIT-APFRL,5629,311,0.1722942153414813,0.17231850245264355,2.428711116225779e-05,0.014094314201072145
High-straggler,JIT-APFRL,6740,311,0.17228408637795084,0.17231850245264355,3.44160746927058e-05,0.019972361762001734
High-straggler,JIT-APFRL,7851,311,0.17237810408179927,0.17231850245264355,5.960162915571998e-05,0.03458806123973812
High-straggler,JIT-APFRL,3407,312,0.172427120654262,0.1723464005816982,8.072007256379465e-05,0.04683594916479299
High-straggler,JIT-APFRL,4518,312,0.17245160521978636,0.1723464005816982,0.00010520463808816327,0.0610425501972074
High-straggler,JIT-APFRL,5629,312,0.17228525987890767,0.1723464005816982,6.11407027905353e-05,0.035475474152158154
High-straggler,JIT-APFRL,6740,312,0.17234544254404408,0.1723464005816982,9.580376541251656e-07,0.0005558791195473922
High-straggler,JIT-APFRL,7851,312,0.17222257461149093,0.1723464005816982,0.0001238259702072697,0.07184714609027874
High-straggler,JIT-APFRL,3407,313,0.17230484970390147,0.1723036603637365,1.1893401649643032e-06,0.0006902582118415721
High-straggler,JIT-APFRL,4518,313,0.1722601367632909,0.1723036603637365,4.3523600445599664e-05,0.02525982347311744
High-straggler,JIT-APFRL,5629,313,0.17231500283817353,0.1723036603637365,1.1342474437014971e-05,0.006582840093513265
High-straggler,JIT-APFRL,6740,313,0.17233508802145886,0.1723036603637365,3.1427657722349345e-05,0.018239692445305527
High-straggler,JIT-APFRL,7851,313,0.17230322449185778,0.1723036603637365,4.3587187872895505e-07,0.0002529672775429267
High-straggler,JIT-APFRL,3407,314,0.1723579104199073,0.17234443673465982,1.3473685247483713e-05,0.007817882319130321
High-straggler,JIT-APFRL,4518,314,0.17241947753325032,0.17234443673465982,7.504079859049773e-05,0.04354117835902645
High-straggler,JIT-APFRL,5629,314,0.17228711043871417,0.17234443673465982,5.7326295945653305e-05,0.03326263210567825
High-straggler,JIT-APFRL,6740,314,0.17232224784073358,0.17234443673465982,2.21888939262449e-05,0.012874737558489778
High-straggler,JIT-APFRL,7851,314,0.1723354374406938,0.17234443673465982,8.999293966027722e-06,0.005221691013956526
High-straggler,JIT-APFRL,3407,315,0.1723337830365295,0.17227711305479634,5.666998173314841e-05,0.032894666463979656
High-straggler,JIT-APFRL,4518,315,0.1723218722378776,0.17227711305479634,4.475918308124993e-05,0.0259809224148151
High-straggler,JIT-APFRL,5629,315,0.17217741176994822,0.17227711305479634,9.97012848481249e-05,0.057872623403210165
High-straggler,JIT-APFRL,6740,315,0.17227580748996013,0.17227711305479634,1.3055648362125805e-06,0.0007578283691097832
High-straggler,JIT-APFRL,7851,315,0.1722766907396662,0.17227711305479634,4.2231513014412414e-07,0.00024513710652313865
High-straggler,JIT-APFRL,3407,316,0.17238005289136496,0.17232340812652563,5.6644764839325346e-05,0.03287119576797997
High-straggler,JIT-APFRL,4518,316,0.17239571233845322,0.17232340812652563,7.230421192758185e-05,0.04195843891068686
High-straggler,JIT-APFRL,5629,316,0.17224325712096977,0.17232340812652563,8.015100555586185e-05,0.04651196632381614
High-straggler,JIT-APFRL,6740,316,0.17236323844811982,0.17232340812652563,3.9830321594186424e-05,0.023113703487654833
High-straggler,JIT-APFRL,7851,316,0.17223477983372043,0.17232340812652563,8.862829280520401e-05,0.05143137184248941
High-straggler,JIT-APFRL,3407,317,0.17236371771684622,0.1723051141339565,5.860358288972689e-05,0.03401151682832017
High-straggler,JIT-APFRL,4518,317,0.1723736543582343,0.1723051141339565,6.85402242777966e-05,0.03977840392161015
High-straggler,JIT-APFRL,5629,317,0.1723006627062778,0.1723051141339565,4.45142767868667e-06,0.0025834565045039595
High-straggler,JIT-APFRL,6740,317,0.17223133646916844,0.1723051141339565,7.377766478805503e-05,0.042818035412865045
High-straggler,JIT-APFRL,7851,317,0.17225619941925568,0.1723051141339565,4.891471470080955e-05,0.028388428832577427
High-straggler,JIT-APFRL,3407,318,0.17235360695340454,0.17228319424819172,7.04127052128245e-05,0.04087032720753234
High-straggler,JIT-APFRL,4518,318,0.17239524027800224,0.17228319424819172,0.0001120460298105197,0.06503596029750054
High-straggler,JIT-APFRL,5629,318,0.17220965414689016,0.17228319424819172,7.35401013015613e-05,0.04268559195368714
High-straggler,JIT-APFRL,6740,318,0.17229381157908555,0.17228319424819172,1.0617330893830657e-05,0.006162720014661033
High-straggler,JIT-APFRL,7851,318,0.17216365828357622,0.17228319424819172,0.00011953596461550253,0.06938341556594234
High-straggler,JIT-APFRL,3407,319,0.172316801532914,0.1722845136279476,3.228790496639933e-05,0.0187410373030543
High-straggler,JIT-APFRL,4518,319,0.17239118799078648,0.1722845136279476,0.0001066743628388711,0.061917557528842586
High-straggler,JIT-APFRL,5629,319,0.17217959096730523,0.1722845136279476,0.00010492266064238143,0.060900807874678935
High-straggler,JIT-APFRL,6740,319,0.1723051902992519,0.1722845136279476,2.0676671304287186e-05,0.012001468308950238
High-straggler,JIT-APFRL,7851,319,0.17222979734948035,0.1722845136279476,5.471627846725946e-05,0.031759255266216514
High-straggler,JIT-APFRL,3407,320,0.1722946565680671,0.17226542538213835,2.923118592876306e-05,0.01696868995268156
High-straggler,JIT-APFRL,4518,320,0.17236527686176217,0.17226542538213835,9.985147962382479e-05,0.05796373787852271
High-straggler,JIT-APFRL,5629,320,0.17224423546773587,0.17226542538213835,2.1189914402475196e-05,0.012300735539629829
High-straggler,JIT-APFRL,6740,320,0.17218696648827062,0.17226542538213835,7.84588938677333e-05,0.04554535171157361
High-straggler,JIT-APFRL,7851,320,0.17223599152485602,0.17226542538213835,2.943385728232384e-05,0.017086340579968603
High-straggler,JIT-APFRL,3407,321,0.17230901791739128,0.17229367027977605,1.5347637615237275e-05,0.008907836016445226
High-straggler,JIT-APFRL,4518,321,0.17237370538203495,0.17229367027977605,8.003510225890187e-05,0.046452723497583094
High-straggler,JIT-APFRL,5629,321,0.17219251474500566,0.17229367027977605,0.0001011555347703863,0.05871111492727891
High-straggler,JIT-APFRL,6740,321,0.17228743501988464,0.17229367027977605,6.235259891407274e-06,0.0036189721196851037
High-straggler,JIT-APFRL,7851,321,0.17230567833456364,0.17229367027977605,1.200805478759892e-05,0.006969527532903474
High-straggler,JIT-APFRL,3407,322,0.17235571613488535,0.17224325791187126,0.00011245822301408914,0.06529034830009353
High-straggler,JIT-APFRL,4518,322,0.1723797270814987,0.17224325791187126,0.00013646916962745115,0.07923048558293991
High-straggler,JIT-APFRL,5629,322,0.17206895156435428,0.17224325791187126,0.0001743063475169726,0.10119777669681383
High-straggler,JIT-APFRL,6740,322,0.17213982220025303,0.17224325791187126,0.00010343571161822163,0.0600521105279748
High-straggler,JIT-APFRL,7851,322,0.17227207257836485,0.17224325791187126,2.881466649359843e-05,0.01672905334172298
High-straggler,JIT-APFRL,3407,323,0.17230182496517366,0.17226486676987615,3.695819529750399e-05,0.021454284898890858
High-straggler,JIT-APFRL,4518,323,0.17239425956206378,0.17226486676987615,0.000129392792187627,0.07511269977091686
High-straggler,JIT-APFRL,5629,323,0.1722010243154867,0.17226486676987615,6.384245438945113e-05,0.03706063551236857
High-straggler,JIT-APFRL,6740,323,0.17212677504422577,0.17226486676987615,0.00013809172565037997,0.0801624430098407
High-straggler,JIT-APFRL,7851,323,0.17230044996243082,0.17226486676987615,3.558319255467235e-05,0.020656093852385437
High-straggler,JIT-APFRL,3407,324,0.17221124693948625,0.17226437463877953,5.31276992932761e-05,0.030840793056997048
High-straggler,JIT-APFRL,4518,324,0.17232438602381997,0.17226437463877953,6.001138504044268e-05,0.03483679383289801
High-straggler,JIT-APFRL,5629,324,0.1722480158925827,0.17226437463877953,1.635874619682065e-05,0.009496302547246486
High-straggler,JIT-APFRL,6740,324,0.17232091887693404,0.17226437463877953,5.654423815451559e-05,0.03282410438785325
High-straggler,JIT-APFRL,7851,324,0.17221730546107467,0.17226437463877953,4.706917770486152e-05,0.02732380261650773
High-straggler,JIT-APFRL,3407,325,0.1723147123383415,0.17222157481611164,9.31375222298636e-05,0.05408005491141892
High-straggler,JIT-APFRL,4518,325,0.17227226758548678,0.17222157481611164,5.0692769375138e-05,0.029434621898716724
High-straggler,JIT-APFRL,5629,325,0.17212127757581328,0.17222157481611164,0.00010029724029836373,0.05823732619182898
High-straggler,JIT-APFRL,6740,325,0.17218928469989322,0.17222157481611164,3.2290116218414155e-05,0.018749170220334878
High-straggler,JIT-APFRL,7851,325,0.1722103318810234,0.17222157481611164,1.1242935088251471e-05,0.006528180397987903
High-straggler,JIT-APFRL,3407,326,0.17231307960076997,0.17223608397435286,7.6995626417109e-05,0.044703539839290686
High-straggler,JIT-APFRL,4518,326,0.17232078654758964,0.17223608397435286,8.470257323678343e-05,0.04917818106535459
High-straggler,JIT-APFRL,5629,326,0.17217672951236943,0.17223608397435286,5.935446198343519e-05,0.034461107460079896
High-straggler,JIT-APFRL,6740,326,0.17216644987438243,0.17223608397435286,6.963409997043368e-05,0.04042944913959068
High-straggler,JIT-APFRL,7851,326,0.17220337433665284,0.17223608397435286,3.270963770002355e-05,0.018991164304974703
High-straggler,JIT-APFRL,3407,327,0.17228509167992298,0.1722593561476548,2.5735532268172934e-05,0.014939990978552897
High-straggler,JIT-APFRL,4518,327,0.17232982116963708,0.1722593561476548,7.04650219822689e-05,0.04090635397584367
High-straggler,JIT-APFRL,5629,327,0.17214930384087096,0.1722593561476548,0.0001100523067838477,0.06388756422003264
High-straggler,JIT-APFRL,6740,327,0.1722894772523145,0.1722593561476548,3.0121104659691644e-05,0.017485903426849494
High-straggler,JIT-APFRL,7851,327,0.17224308679552855,0.1722593561476548,1.626935212625802e-05,0.00944468416119731
High-straggler,JIT-APFRL,3407,328,0.17229739616504078,0.17224787769217137,4.951847286940869e-05,0.02874837909927949
High-straggler,JIT-APFRL,4518,328,0.17230452007954697,0.17224787769217137,5.664238737559946e-05,0.03288422948050863
High-straggler,JIT-APFRL,5629,328,0.17223176490440567,0.17224787769217137,1.6112787765698577e-05,0.009354418749062416
High-straggler,JIT-APFRL,6740,328,0.17222738802034337,0.17224787769217137,2.048967182799455e-05,0.011895456769930235
High-straggler,JIT-APFRL,7851,328,0.17217831929152003,0.17224787769217137,6.955840065134278e-05,0.040382733060811575
High-straggler,JIT-APFRL,3407,329,0.17231309725797445,0.1722031239968059,0.00010997326116854444,0.06386252387069602
High-straggler,JIT-APFRL,4518,329,0.1722288456033561,0.1722031239968059,2.5721606550205278e-05,0.014936782767473122
High-straggler,JIT-APFRL,5629,329,0.1721814584207552,0.1722031239968059,2.1665576050711177e-05,0.01258140708940509
High-straggler,JIT-APFRL,6740,329,0.17218803463888283,0.1722031239968059,1.5089357923075974e-05,0.008762534368050058
High-straggler,JIT-APFRL,7851,329,0.17210418406306102,0.1722031239968059,9.89399337448793e-05,0.05745536518066564
High-straggler,JIT-APFRL,3407,330,0.17220545159538753,0.17219368624435724,1.1765351030285087e-05,0.006832626263421221
High-straggler,JIT-APFRL,4518,330,0.17227857179286726,0.17219368624435724,8.488554851002195e-05,0.049296551088152125
High-straggler,JIT-APFRL,5629,330,0.17210997848138357,0.17219368624435724,8.370776297367266e-05,0.04861256228343027
High-straggler,JIT-APFRL,6740,330,0.17221388843974375,0.17219368624435724,2.020219538650947e-05,0.011732250947831422
High-straggler,JIT-APFRL,7851,330,0.1721605409124042,0.17219368624435724,3.314533195303282e-05,0.019248866015910027
High-straggler,JIT-APFRL,3407,331,0.17224589548473884,0.17220059688336087,4.529860137797437e-05,0.026305716819702504
High-straggler,JIT-APFRL,4518,331,0.17224284736249454,0.17220059688336087,4.225047913367086e-05,0.024535617122331457
High-straggler,JIT-APFRL,5629,331,0.17213110801349296,0.17220059688336087,6.948886986790637e-05,0.040353443092287465
High-straggler,JIT-APFRL,6740,331,0.17217745143323712,0.17220059688336087,2.3145450123746025e-05,0.013440981357006254
High-straggler,JIT-APFRL,7851,331,0.17220568212284085,0.17220059688336087,5.085239479979409e-06,0.002953090507243635
High-straggler,JIT-APFRL,3407,332,0.1722193457711692,0.1721958668266483,2.347894452089938e-05,0.013635022113821072
High-straggler,JIT-APFRL,4518,332,0.17226574442634696,0.1721958668266483,6.987759969864782e-05,0.04058030020487917
High-straggler,JIT-APFRL,5629,332,0.17213842076639788,0.1721958668266483,5.744606025043231e-05,0.033360882179747066
High-straggler,JIT-APFRL,6740,332,0.17215531242417925,0.1721958668266483,4.055440246905628e-05,0.023551321652733336
High-straggler,JIT-APFRL,7851,332,0.17220051074514828,0.1721958668266483,4.643918499969146e-06,0.002696881513796284
High-straggler,JIT-APFRL,3407,333,0.1722449915648301,0.1721641515193583,8.084004547181944e-05,0.04695521382262306
High-straggler,JIT-APFRL,4518,333,0.17223235739339615,0.1721641515193583,6.820587403785772e-05,0.03961676890103837
High-straggler,JIT-APFRL,5629,333,0.17207854837130077,0.1721641515193583,8.560314805752811e-05,0.049721819148803935
High-straggler,JIT-APFRL,6740,333,0.17211966038742182,0.1721641515193583,4.4491131936469364e-05,0.02584227409935961
High-straggler,JIT-APFRL,7851,333,0.1721451998798427,0.1721641515193583,1.895163951559642e-05,0.011007889475449527
High-straggler,JIT-APFRL,3407,334,0.17223059612003982,0.17218704974600957,4.354637403025663e-05,0.025290156312272733
High-straggler,JIT-APFRL,4518,334,0.17224064420706162,0.17218704974600957,5.359446105204779e-05,0.031125721203252014
High-straggler,JIT-APFRL,5629,334,0.172120312616171,0.17218704974600957,6.673712983856772e-05,0.03875850706369069
High-straggler,JIT-APFRL,6740,334,0.17216220813177413,0.17218704974600957,2.484161423543796e-05,0.014427109513799927
High-straggler,JIT-APFRL,7851,334,0.1721814876550013,0.17218704974600957,5.562091008270986e-06,0.00323026093801801
High-straggler,JIT-APFRL,3407,335,0.17221266808716465,0.17216491445100882,4.7753636155833945e-05,0.027737147436867983
High-straggler,JIT-APFRL,4518,335,0.17222561063911387,0.17216491445100882,6.069618810505828e-05,0.035254679095681814
High-straggler,JIT-APFRL,5629,335,0.1720966533045613,0.17216491445100882,6.826114644750692e-05,0.03964869768336642
High-straggler,JIT-APFRL,6740,335,0.17219627975519564,0.17216491445100882,3.136530418682004e-05,0.01821817429343035
High-straggler,JIT-APFRL,7851,335,0.17209336046900844,0.17216491445100882,7.155398200037189e-05,0.04156130314271045
High-straggler,JIT-APFRL,3407,336,0.17218288159464207,0.1721738884820172,8.993112624866573e-06,0.00522327322926546
High-straggler,JIT-APFRL,4518,336,0.17225515085796,0.1721738884820172,8.126237594280328e-05,0.04719785134625148
High-straggler,JIT-APFRL,5629,336,0.17217793678203114,0.1721738884820172,4.048300013936856e-06,0.0023512856970525375
High-straggler,JIT-APFRL,6740,336,0.1721284662362273,0.1721738884820172,4.542224578990561e-05,0.026381611166695445
High-straggler,JIT-APFRL,7851,336,0.17212500693922544,0.1721738884820172,4.8881542791756605e-05,0.028390799105906275
High-straggler,JIT-APFRL,3407,337,0.17220885109534595,0.17208541168863004,0.0001234394067159139,0.07173147654100058
High-straggler,JIT-APFRL,4518,337,0.1721228027021277,0.17208541168863004,3.739101349767293e-05,0.02172817156943433
High-straggler,JIT-APFRL,5629,337,0.171922914108897,0.17208541168863004,0.00016249757973302303,0.09442844581564232
High-straggler,JIT-APFRL,6740,337,0.1721267556447306,0.17208541168863004,4.1343956100559076e-05,0.024025253329065743
High-straggler,JIT-APFRL,7851,337,0.17204573489204888,0.17208541168863004,3.967679658115064e-05,0.023056455623874452
High-straggler,JIT-APFRL,3407,338,0.17217530657116834,0.17213274044956708,4.256612160125073e-05,0.024728660852130054
High-straggler,JIT-APFRL,4518,338,0.1722119011267695,0.17213274044956708,7.916067720242781e-05,0.045988158322280925
High-straggler,JIT-APFRL,5629,338,0.17211343464303958,0.17213274044956708,1.9305806527508684e-05,0.011215650478280199
High-straggler,JIT-APFRL,6740,338,0.17208659201561838,0.17213274044956708,4.614843394870616e-05,0.026809794480804842
High-straggler,JIT-APFRL,7851,338,0.17207646789123957,0.17213274044956708,5.6272558327519207e-05,0.032691374215358185
High-straggler,JIT-APFRL,3407,339,0.1721845778533385,0.17213854143713248,4.60364162060134e-05,0.026743816824326104
High-straggler,JIT-APFRL,4518,339,0.17228365770572662,0.17213854143713248,0.0001451162685941476,0.08430202056007673
High-straggler,JIT-APFRL,5629,339,0.17212684003636558,0.17213854143713248,1.1701400766894743e-05,0.006797664642213938
High-straggler,JIT-APFRL,6740,339,0.17206002602492626,0.17213854143713248,7.851541220621483e-05,0.045611756408944486
High-straggler,JIT-APFRL,7851,339,0.1720376055653053,0.17213854143713248,0.00010093587182716246,0.058636416333308905
High-straggler,JIT-APFRL,3407,340,0.17211271389370633,0.1721073577634959,5.356130210437682e-06,0.003112086711480339
High-straggler,JIT-APFRL,4518,340,0.17216432910232632,0.1721073577634959,5.6971338830424934e-05,0.03310220990593152
High-straggler,JIT-APFRL,5629,340,0.17203626584586545,0.1721073577634959,7.10919176304392e-05,0.0413067277043038
High-straggler,JIT-APFRL,6740,340,0.17212892375173833,0.1721073577634959,2.1565988242433498e-05,0.012530544029424209
High-straggler,JIT-APFRL,7851,340,0.17209455622384318,0.1721073577634959,1.280153965271813e-05,0.007438112942451637
High-straggler,JIT-APFRL,3407,341,0.17218728376547981,0.17213177432319982,5.5509442279999544e-05,0.032248225232241745
High-straggler,JIT-APFRL,4518,341,0.17218990607981197,0.17213177432319982,5.8131756612150864e-05,0.03377165943982017
High-straggler,JIT-APFRL,5629,341,0.1720675952041832,0.17213177432319982,6.417911901662743e-05,0.03728487623448462
High-straggler,JIT-APFRL,6740,341,0.1721129423115409,0.17213177432319982,1.8832011658920234e-05,0.01094046217379987
High-straggler,JIT-APFRL,7851,341,0.17210114425498335,0.17213177432319982,3.063006821646397e-05,0.017794546263696805
High-straggler,JIT-APFRL,3407,342,0.17212661953534222,0.17212751069749768,8.911621554585913e-07,0.0005177337148764952
High-straggler,JIT-APFRL,4518,342,0.1721830010771702,0.17212751069749768,5.549037967250703e-05,0.03223794932468847
High-straggler,JIT-APFRL,5629,342,0.17212333706167562,0.17212751069749768,4.173635822057875e-06,0.0024247348986489174
High-straggler,JIT-APFRL,6740,342,0.17214405335535593,0.17212751069749768,1.6542657858248377e-05,0.009610699528049858
High-straggler,JIT-APFRL,7851,342,0.17206054245794447,0.17212751069749768,6.696823955321118e-05,0.03890618023919679
High-straggler,JIT-APFRL,3407,343,0.17210165080084242,0.1720539414977834,4.770930305900145e-05,0.02772927062505923
High-straggler,JIT-APFRL,4518,343,0.17210121305697695,0.1720539414977834,4.72715591935402e-05,0.027474848167979463
High-straggler,JIT-APFRL,5629,343,0.17200220200089097,0.1720539414977834,5.173949689243895e-05,0.030071671966378936
High-straggler,JIT-APFRL,6740,343,0.17204706222243712,0.1720539414977834,6.879275346288738e-06,0.0039983247616430595
High-straggler,JIT-APFRL,7851,343,0.17201757940776954,0.1720539414977834,3.6362090013869475e-05,0.02113412206504896
High-straggler,JIT-APFRL,3407,344,0.17207020030898082,0.17199909196939547,7.110833958534624e-05,0.04134227615457345
High-straggler,JIT-APFRL,4518,344,0.17201339611363337,0.17199909196939547,1.4304144237892169e-05,0.008316406833378729
High-straggler,JIT-APFRL,5629,344,0.1719413019312615,0.17199909196939547,5.779003813397021e-05,0.03359903675785279
High-straggler,JIT-APFRL,6740,344,0.17200902641242877,0.17199909196939547,9.934443033293716e-06,0.005775869465090777
High-straggler,JIT-APFRL,7851,344,0.1719615350806728,0.17199909196939547,3.755688872267293e-05,0.02183551569525471
High-straggler,JIT-APFRL,3407,345,0.17209434198816437,0.17204112551189044,5.321647627393178e-05,0.03093241579046388
High-straggler,JIT-APFRL,4518,345,0.17211968423716703,0.17204112551189044,7.855872527659513e-05,0.045662759437809904
High-straggler,JIT-APFRL,5629,345,0.17194816953394743,0.17204112551189044,9.295597794301003e-05,0.05403125425181288
High-straggler,JIT-APFRL,6740,345,0.17201518882313627,0.17204112551189044,2.593668875416899e-05,0.015075865539124484
High-straggler,JIT-APFRL,7851,345,0.17202824297703714,0.17204112551189044,1.2882534853292382e-05,0.007488055437304158
High-straggler,JIT-APFRL,3407,346,0.17208686999625258,0.17207704791520403,9.822081048549425e-06,0.005707955341835908
High-straggler,JIT-APFRL,4518,346,0.1721319209763448,0.17207704791520403,5.487306114076995e-05,0.031888657903877016
High-straggler,JIT-APFRL,5629,346,0.17205931823734014,0.17207704791520403,1.7729677863898008e-05,0.01030333683585438
High-straggler,JIT-APFRL,6740,346,0.17205787101630882,0.17207704791520403,1.9176898895217898e-05,0.011144367669921832
High-straggler,JIT-APFRL,7851,346,0.1720492593497739,0.17207704791520403,2.778856543014796e-05,0.016148908739904454
High-straggler,JIT-APFRL,3407,347,0.17209638495417995,0.1720421336755722,5.425127860775314e-05,0.03153371644998154
High-straggler,JIT-APFRL,4518,347,0.1721017991708409,0.1720421336755722,5.966549526870146e-05,0.03468074592774782
High-straggler,JIT-APFRL,5629,347,0.1720639018471491,0.1720421336755722,2.1768171576896922e-05,0.012652814233254145
High-straggler,JIT-APFRL,6740,347,0.17197002163019504,0.1720421336755722,7.211204537715954e-05,0.04191534006032764
High-straggler,JIT-APFRL,7851,347,0.17197856077549595,0.1720421336755722,6.35729000762475e-05,0.03695193655068813
High-straggler,JIT-APFRL,3407,348,0.17205727551668334,0.17204669716123452,1.0578355448820354e-05,0.006148537358381712
High-straggler,JIT-APFRL,4518,348,0.17219294927633455,0.17204669716123452,0.00014625211510002623,0.08500722043095384
High-straggler,JIT-APFRL,5629,348,0.17199152103927137,0.17204669716123452,5.5176121963151914e-05,0.03207043370989174
High-straggler,JIT-APFRL,6740,348,0.1720077081253235,0.17204669716123452,3.8989035911013437e-05,0.02266189154126838
High-straggler,JIT-APFRL,7851,348,0.1719840318485598,0.17204669716123452,6.266531267473674e-05,0.036423432538207685
High-straggler,JIT-APFRL,3407,349,0.17204199703302123,0.17201086419801112,3.1132835010105886e-05,0.018099342245189335
High-straggler,JIT-APFRL,4518,349,0.17215993481008635,0.17201086419801112,0.00014907061207522498,0.08666348650142333
High-straggler,JIT-APFRL,5629,349,0.17197106359598474,0.17201086419801112,3.9800602026379694e-05,0.023138423385027033
High-straggler,JIT-APFRL,6740,349,0.1720102619841864,0.17201086419801112,6.022138247241404e-07,0.000350102202864872
High-straggler,JIT-APFRL,7851,349,0.17187106356677692,0.17201086419801112,0.00013980063123419928,0.08127430315870462
High-straggler,JIT-APFRL,3407,350,0.17204285313410775,0.17200649004894367,3.636308516408171e-05,0.021140530891441803
High-straggler,JIT-APFRL,4518,350,0.17216598956950363,0.17200649004894367,0.00015949952055996364,0.09272878047484068
High-straggler,JIT-APFRL,5629,350,0.17191531133143084,0.17200649004894367,9.117871751282425e-05,0.0530088820990881
High-straggler,JIT-APFRL,6740,350,0.17191380843803605,0.17200649004894367,9.26816109076134e-05,0.05388262435983739
High-straggler,JIT-APFRL,7851,350,0.17199448777163998,0.17200649004894367,1.2002277303690967e-05,0.006977804907405397
High-straggler,JIT-APFRL,3407,351,0.1719674653051371,0.17196791874558376,4.53440446662734e-07,0.0002636773474787306
High-straggler,JIT-APFRL,4518,351,0.17209403002894202,0.17196791874558376,0.0001261112833582656,0.07333419179471475
High-straggler,JIT-APFRL,5629,351,0.17188003166745786,0.17196791874558376,8.788707812590335e-05,0.051106670806388615
High-straggler,JIT-APFRL,6740,351,0.17198997310597697,0.17196791874558376,2.205436039320885e-05,0.0128246946023909
High-straggler,JIT-APFRL,7851,351,0.17190809362040474,0.17196791874558376,5.982512517901939e-05,0.03478853824330286
High-straggler,JIT-APFRL,3407,352,0.17206760171605545,0.17201381970572752,5.378201032793517e-05,0.031266098514609285
High-straggler,JIT-APFRL,4518,352,0.17215408627617576,0.17201381970572752,0.0001402665704482442,0.08154377984757569
High-straggler,JIT-APFRL,5629,352,0.17197132066305662,0.17201381970572752,4.249904267089599e-05,0.024706760621676323
High-straggler,JIT-APFRL,6740,352,0.17198987337703572,0.17201381970572752,2.3946328691792917e-05,0.013921165597484596
High-straggler,JIT-APFRL,7851,352,0.17188621649631397,0.17201381970572752,0.00012760320941354597,0.07418195214305633
High-straggler,JIT-APFRL,3407,353,0.17190370640296235,0.17194128493729838,3.75785343360302e-05,0.02185544579926451
High-straggler,JIT-APFRL,4518,353,0.17202704791525525,0.17194128493729838,8.576297795687138e-05,0.049879223589696015
High-straggler,JIT-APFRL,5629,353,0.17193507293866866,0.17194128493729838,6.211998629712667e-06,0.0036128604203335976
High-straggler,JIT-APFRL,6740,353,0.17192992886111974,0.17194128493729838,1.1356076178636876e-05,0.006604624469788092
High-straggler,JIT-APFRL,7851,353,0.17191066856848564,0.17194128493729838,3.0616368812741435e-05,0.0178062929004551
High-straggler,JIT-APFRL,3407,354,0.17194642557504003,0.17192269739947807,2.37281755619545e-05,0.013801653836793824
High-straggler,JIT-APFRL,4518,354,0.17205096720116125,0.17192269739947807,0.00012826980168317847,0.07460899789463626
High-straggler,JIT-APFRL,5629,354,0.17178291916544977,0.17192269739947807,0.0001397782340283038,0.08130295542275975
High-straggler,JIT-APFRL,6740,354,0.17186303245632575,0.17192269739947807,5.966494315232107e-05,0.034704517818077346
High-straggler,JIT-APFRL,7851,354,0.17197014259941354,0.17192269739947807,4.7445199935464144e-05,0.02759682150939087
High-straggler,JIT-APFRL,3407,355,0.17190115158001706,0.17191882828062305,1.767670060598414e-05,0.010282003886817137
High-straggler,JIT-APFRL,4518,355,0.1720597162958582,0.17191882828062305,0.00014088801523515215,0.08195031146046476
High-straggler,JIT-APFRL,5629,355,0.1718602042994191,0.17191882828062305,5.8623981203959064e-05,0.0340998026744733
High-straggler,JIT-APFRL,6740,355,0.17188108843726335,0.17191882828062305,3.773984335969649e-05,0.02195212923281082
High-straggler,JIT-APFRL,7851,355,0.17189198079055745,0.17191882828062305,2.6847490065595725e-05,0.015616375666411927
High-straggler,JIT-APFRL,3407,356,0.17198307210403463,0.1718988595912591,8.421251277551667e-05,0.04898957036466506
High-straggler,JIT-APFRL,4518,356,0.17193291960411347,0.1718988595912591,3.406001285435889e-05,0.019813984185437148
High-straggler,JIT-APFRL,5629,356,0.17187185084501017,0.1718988595912591,2.7008746248946558e-05,0.01571199850491616
High-straggler,JIT-APFRL,6740,356,0.17187883600950377,0.1718988595912591,2.0023581755346243e-05,0.011648466896731187
High-straggler,JIT-APFRL,7851,356,0.1718276193936335,0.1718988595912591,7.124019762561051e-05,0.041443089148471
High-straggler,JIT-APFRL,3407,357,0.17191198533558572,0.17190380565955668,8.179676029035354e-06,0.004758286762559884
High-straggler,JIT-APFRL,4518,357,0.17199665026875924,0.17190380565955668,9.28446092025581e-05,0.05400962988942216
High-straggler,JIT-APFRL,5629,357,0.17184947471165862,0.17190380565955668,5.4330947898056925e-05,0.03160543635994628
High-straggler,JIT-APFRL,6740,357,0.17189954812736663,0.17190380565955668,4.25753219004954e-06,0.002476694552348237
High-straggler,JIT-APFRL,7851,357,0.1718613698544132,0.17190380565955668,4.243580514348699e-05,0.02468578573968752
High-straggler,JIT-APFRL,3407,358,0.17184732816432244,0.17186950898238665,2.218081806421024e-05,0.012905615542593627
High-straggler,JIT-APFRL,4518,358,0.1720053757635977,0.17186950898238665,0.00013586678121105256,0.07905228915559205
High-straggler,JIT-APFRL,5629,358,0.17185238087589153,0.17186950898238665,1.712810649512342e-05,0.009965762162547822
High-straggler,JIT-APFRL,6740,358,0.17182780577341808,0.17186950898238665,4.170320896856872e-05,0.024264460412720734
High-straggler,JIT-APFRL,7851,358,0.1718146543347036,0.17186950898238665,5.485464768303916e-05,0.03191645103766528
High-straggler,JIT-APFRL,3407,359,0.17179958514205063,0.17183116781290161,3.158267085098809e-05,0.01838005948104647
High-straggler,JIT-APFRL,4518,359,0.17193695078910354,0.17183116781290161,0.00010578297620192356,0.06156215868654595
High-straggler,JIT-APFRL,5629,359,0.17192886785410907,0.17183116781290161,9.770004120746023e-05,0.05685816051360422
High-straggler,JIT-APFRL,6740,359,0.17176463071560996,0.17183116781290161,6.653709729165236e-05,0.038722368088716756
High-straggler,JIT-APFRL,7851,359,0.17172580456363482,0.17183116781290161,0.00010536324926679885,0.06131789163041925
High-straggler,JIT-APFRL,3407,360,0.1718561127016863,0.1718212097388159,3.490296287039785e-05,0.020313535752340222
High-straggler,JIT-APFRL,4518,360,0.17195343472653893,0.1718212097388159,0.0001322249877230286,0.0769549858972724
High-straggler,JIT-APFRL,5629,360,0.17179743935895092,0.1718212097388159,2.3770379864979096e-05,0.013834368819258267
High-straggler,JIT-APFRL,6740,360,0.17176501029615407,0.1718212097388159,5.6199442661830634e-05,0.032708093923479516
High-straggler,JIT-APFRL,7851,360,0.1717340516107492,0.1718212097388159,8.715812806669998e-05,0.0507260589069233
High-straggler,JIT-APFRL,3407,361,0.17192828780954666,0.17182587969080182,0.00010240811874484557,0.059599938571027536
High-straggler,JIT-APFRL,4518,361,0.17186741768405328,0.17182587969080182,4.153799325146146e-05,0.024174468552821307
High-straggler,JIT-APFRL,5629,361,0.17182926025771025,0.17182587969080182,3.380566908434135e-06,0.001967437567913178
High-straggler,JIT-APFRL,6740,361,0.17173969439916084,0.17182587969080182,8.618529164097777e-05,0.050158504525666885
High-straggler,JIT-APFRL,7851,361,0.17176473830353808,0.17182587969080182,6.114138726373564e-05,0.03558334016607898
High-straggler,JIT-APFRL,3407,362,0.17180436971300297,0.17177411703962903,3.0252673373948324e-05,0.017611892813262957
High-straggler,JIT-APFRL,4518,362,0.1719530438802015,0.17177411703962903,0.00017892684057246866,0.10416402870008028
High-straggler,JIT-APFRL,5629,362,0.17170069130085694,0.17177411703962903,7.342573877208713e-05,0.042745519544802844
High-straggler,JIT-APFRL,6740,362,0.17169321149428657,0.17177411703962903,8.090554534245786e-05,0.047099962867975395
High-straggler,JIT-APFRL,7851,362,0.17171926880979704,0.17177411703962903,5.484822983198301e-05,0.03193043910062963
High-straggler,JIT-APFRL,3407,363,0.17186314147472348,0.17180518755128227,5.795392344121186e-05,0.03373234782210121
High-straggler,JIT-APFRL,4518,363,0.1718940977887872,0.17180518755128227,8.891023750492999e-05,0.051750612872728946
High-straggler,JIT-APFRL,5629,363,0.17176259116401518,0.17180518755128227,4.259638726708537e-05,0.024793423222084453
High-straggler,JIT-APFRL,6740,363,0.1718020668434837,0.17180518755128227,3.1207077985651033e-06,0.0018164223345314302
High-straggler,JIT-APFRL,7851,363,0.17170404048540183,0.17180518755128227,0.00010114706588043587,0.05887311513818196
High-straggler,JIT-APFRL,3407,364,0.17175419607132497,0.17179903849098027,4.484241965529989e-05,0.026101670911071014
High-straggler,JIT-APFRL,4518,364,0.17191311780892635,0.17179903849098027,0.00011407931794607529,0.06640276857664988
High-straggler,JIT-APFRL,5629,364,0.17181634516512814,0.17179903849098027,1.7306674147871126e-05,0.01007378987675752
High-straggler,JIT-APFRL,6740,364,0.17173200019275336,0.17179903849098027,6.703829822690688e-05,0.03902134657780783
High-straggler,JIT-APFRL,7851,364,0.17177953321676867,0.17179903849098027,1.9505274211600865e-05,0.011353540964447786
High-straggler,JIT-APFRL,3407,365,0.17170518231200949,0.1717132457750414,8.063463031920959e-06,0.004695888774058097
High-straggler,JIT-APFRL,4518,365,0.17181630423109567,0.1717132457750414,0.00010305845605426689,0.06001776717288427
High-straggler,JIT-APFRL,5629,365,0.17159986865591612,0.1717132457750414,0.0001133771191252908,0.06602700834962041
High-straggler,JIT-APFRL,6740,365,0.17176263995667945,0.1717132457750414,4.93941816380461e-05,0.0287655046150351
High-straggler,JIT-APFRL,7851,365,0.17168223371950642,0.1717132457750414,3.10120555349902e-05,0.018060374664176208
High-straggler,JIT-APFRL,3407,366,0.17174518127713728,0.17170974461935556,3.5436657781717784e-05,0.02063753449769168
High-straggler,JIT-APFRL,4518,366,0.17181619203461254,0.17170974461935556,0.00010644741525697721,0.061992646656687286
High-straggler,JIT-APFRL,5629,366,0.1716453483637152,0.17170974461935556,6.439625564036433e-05,0.0375029709485139
High-straggler,JIT-APFRL,6740,366,0.1716527143540715,0.17170974461935556,5.703026528405819e-05,0.03321317925810344
High-straggler,JIT-APFRL,7851,366,0.17168928706724135,0.17170974461935556,2.045755211421696e-05,0.011914030947729295
High-straggler,JIT-APFRL,3407,367,0.17166285655448277,0.17167834345286304,1.5486898380268066e-05,0.009020880600773174
High-straggler,JIT-APFRL,4518,367,0.17185195462722785,0.17167834345286304,0.00017361117436481832,0.10112584433952555
High-straggler,JIT-APFRL,5629,367,0.17154958469639392,0.17167834345286304,0.00012875875646911616,0.07499999934730782
High-straggler,JIT-APFRL,6740,367,0.1716453248133359,0.17167834345286304,3.301863952714923e-05,0.01923285072715943
High-straggler,JIT-APFRL,7851,367,0.1716819965728749,0.17167834345286304,3.6531200118539164e-06,0.0021278863357957188
High-straggler,JIT-APFRL,3407,368,0.17164667050857257,0.17167917569024926,3.25051816766897e-05,0.01893367762630507
High-straggler,JIT-APFRL,4518,368,0.17183857598046845,0.17167917569024926,0.000159400290219186,0.09284777235113399
High-straggler,JIT-APFRL,5629,368,0.17158964546636643,0.17167917569024926,8.953022388283327e-05,0.052149728423887265
High-straggler,JIT-APFRL,6740,368,0.17173216623111512,0.17167917569024926,5.299054086585486e-05,0.03086602708383375
High-straggler,JIT-APFRL,7851,368,0.17158882026472377,0.17167917569024926,9.035542552549014e-05,0.052630393384759236
High-straggler,JIT-APFRL,3407,369,0.17160483369575336,0.17163420318093273,2.9369485179370214e-05,0.01711167391758716
High-straggler,JIT-APFRL,4518,369,0.1718534444292352,0.17163420318093273,0.00021924124830247083,0.1277375046693647
High-straggler,JIT-APFRL,5629,369,0.17151317792232687,0.17163420318093273,0.00012102525860585578,0.07051348528607308
High-straggler,JIT-APFRL,6740,369,0.17159025234390582,0.17163420318093273,4.395083702690705e-05,0.02560727186793597
High-straggler,JIT-APFRL,7851,369,0.1716093075134424,0.17163420318093273,2.489566749033778e-05,0.014505073597768479
High-straggler,JIT-APFRL,3407,370,0.17153145576130457,0.17163840612446998,0.00010695036316540896,0.06231144041727463
High-straggler,JIT-APFRL,4518,370,0.17183628293856074,0.17163840612446998,0.00019787681409075275,0.11528702611422237
High-straggler,JIT-APFRL,5629,370,0.17163724805635258,0.17163840612446998,1.1580681174017116e-06,0.0006747138612799139
High-straggler,JIT-APFRL,6740,370,0.17159451023797404,0.17163840612446998,4.389588649594822e-05,0.025574629529078408
High-straggler,JIT-APFRL,7851,370,0.17159253362815807,0.17163840612446998,4.587249631191059e-05,0.026726242306540905
High-straggler,JIT-APFRL,3407,371,0.17165519340327412,0.17158751888289442,6.767452037970134e-05,0.03944023482610531
High-straggler,JIT-APFRL,4518,371,0.1717013068087422,0.17158751888289442,0.0001137879258477914,0.06631480342428038
High-straggler,JIT-APFRL,5629,371,0.1714828273017408,0.17158751888289442,0.00010469158115361532,0.06101351767028321
High-straggler,JIT-APFRL,6740,371,0.1716101275344632,0.17158751888289442,2.260865156877845e-05,0.013176163229103203
High-straggler,JIT-APFRL,7851,371,0.17148813936625168,0.17158751888289442,9.937951664273914e-05,0.0579176838092542
High-straggler,JIT-APFRL,3407,372,0.17156594821705928,0.17157010698429115,4.158767231865479e-06,0.0024239462835132773
High-straggler,JIT-APFRL,4518,372,0.17176856998763265,0.17157010698429115,0.00019846300334150357,0.11567458156313601
High-straggler,JIT-APFRL,5629,372,0.17150307250643007,0.17157010698429115,6.703447786107763e-05,0.03907118730608198
High-straggler,JIT-APFRL,6740,372,0.17156185267937468,0.17157010698429115,8.254304916466282e-06,0.004811039091572077
High-straggler,JIT-APFRL,7851,372,0.1714510915309591,0.17157010698429115,0.00011901545333203867,0.06936840888193632
High-straggler,JIT-APFRL,3407,373,0.17158106765055856,0.17160210789108582,2.104024052726472e-05,0.012261061816687447
High-straggler,JIT-APFRL,4518,373,0.1717042061921316,0.17160210789108582,0.00010209830104576656,0.059497113584739504
High-straggler,JIT-APFRL,5629,373,0.1716062729682018,0.17160210789108582,4.1650771159806865e-06,0.002427171301779242
High-straggler,JIT-APFRL,6740,373,0.1715053927356529,0.17160210789108582,9.671515543291376e-05,0.0563601208758449
High-straggler,JIT-APFRL,7851,373,0.17161359990888422,0.17160210789108582,1.1492017798403475e-05,0.006696897805997434
High-straggler,JIT-APFRL,3407,374,0.17155081539537195,0.17155780315457558,6.987759203630484e-06,0.004073122338442648
High-straggler,JIT-APFRL,4518,374,0.1717715113052632,0.17155780315457558,0.00021370815068760818,0.12456918120772079
High-straggler,JIT-APFRL,5629,374,0.17148364848762027,0.17155780315457558,7.415466695531725e-05,0.043224304340446135
High-straggler,JIT-APFRL,6740,374,0.17146216551449012,0.17155780315457558,9.563764008546638e-05,0.05574659871302721
High-straggler,JIT-APFRL,7851,374,0.1715208750701324,0.17155780315457558,3.6928084443194065e-05,0.021525155815804792
High-straggler,JIT-APFRL,3407,375,0.171493672936276,0.17148454917634712,9.123759928869601e-06,0.005320455966844646
High-straggler,JIT-APFRL,4518,375,0.17170539471522422,0.17148454917634712,0.0002208455388771069,0.1287845114547312
High-straggler,JIT-APFRL,5629,375,0.17143052754506344,0.17148454917634712,5.402163128367943e-05,0.0315023315763136
High-straggler,JIT-APFRL,6740,375,0.17144565050443072,0.17148454917634712,3.889867191639307e-05,0.02268348495723157
High-straggler,JIT-APFRL,7851,375,0.17134750018074135,0.17148454917634712,0.00013704899560576522,0.07991915088794974
High-straggler,JIT-APFRL,3407,376,0.17154661161812035,0.17149648423764732,5.012738047302512e-05,0.02922939248338307
High-straggler,JIT-APFRL,4518,376,0.171663807503245,0.17149648423764732,0.00016732326559767974,0.09756658647638243
High-straggler,JIT-APFRL,5629,376,0.17143186160812585,0.17149648423764732,6.46226295214769e-05,0.0376816060158572
High-straggler,JIT-APFRL,6740,376,0.17141368579251304,0.17149648423764732,8.279844513428558e-05,0.048279966497476144
High-straggler,JIT-APFRL,7851,376,0.17142645466623227,0.17149648423764732,7.00295714150534e-05,0.0408344064464969
High-straggler,JIT-APFRL,3407,377,0.17129647260320072,0.17140151656003794,0.00010504395683721968,0.061285313540633254
High-straggler,JIT-APFRL,4518,377,0.1716095663282558,0.17140151656003794,0.00020804976821786614,0.12138152123350156
High-straggler,JIT-APFRL,5629,377,0.17126153788250773,0.17140151656003794,0.00013997867753021143,0.08166711726916381
High-straggler,JIT-APFRL,6740,377,0.1714701446046452,0.17140151656003794,6.862804460727734e-05,0.04003934503300532
High-straggler,JIT-APFRL,7851,377,0.17136986138158009,0.17140151656003794,3.165517845785115e-05,0.01846843545679077
High-straggler,JIT-APFRL,3407,378,0.17141469984750798,0.1714239267622698,9.226914761822913e-06,0.005382512777588376
High-straggler,JIT-APFRL,4518,378,0.1716456791351591,0.1714239267622698,0.0002217523728892945,0.12935905569169467
High-straggler,JIT-APFRL,5629,378,0.17137061341026455,0.1714239267622698,5.331335200525755e-05,0.03110029796435147
High-straggler,JIT-APFRL,6740,378,0.17137677964581166,0.1714239267622698,4.7147116458146066e-05,0.027503229769978113
High-straggler,JIT-APFRL,7851,378,0.17131186177260582,0.1714239267622698,0.0001120649896639847,0.06537301517972814
High-straggler,JIT-APFRL,3407,379,0.1714043524804383,0.17140690679168005,2.554311241742546e-06,0.001490203218500954
High-straggler,JIT-APFRL,4518,379,0.1715948406389346,0.17140690679168005,0.00018793384725454554,0.10964193378913929
High-straggler,JIT-APFRL,5629,379,0.17130437381274757,0.17140690679168005,0.00010253297893247915,0.059818464058214955
High-straggler,JIT-APFRL,6740,379,0.17142522547960354,0.17140690679168005,1.8318687923485344e-05,0.010687251912053358
High-straggler,JIT-APFRL,7851,379,0.17130574154667638,0.17140690679168005,0.00010116524500367041,0.05902051842439577
High-straggler,JIT-APFRL,3407,380,0.17119892617351076,0.17131768733925062,0.00011876116573986129,0.06932218592507926
High-straggler,JIT-APFRL,4518,380,0.1716338660578072,0.17131768733925062,0.00031617871855657564,0.18455696166996757
High-straggler,JIT-APFRL,5629,380,0.17124305829740738,0.17131768733925062,7.462904184324382e-05,0.0435617845432738
High-straggler,JIT-APFRL,6740,380,0.17132003916080046,0.17131768733925062,2.3518215498397055e-06,0.0013727838534164471
High-straggler,JIT-APFRL,7851,380,0.17119254700672726,0.17131768733925062,0.00012514033252336576,0.07304577505506335
High-straggler,JIT-APFRL,3407,381,0.1712321222972482,0.17130052111423658,6.839881698836314e-05,0.039929135383510866
High-straggler,JIT-APFRL,4518,381,0.1716167332397705,0.17130052111423658,0.00031621212553392675,0.18459495830900116
High-straggler,JIT-APFRL,5629,381,0.1712851266930051,0.17130052111423658,1.539442123146828e-05,0.00898679182721346
High-straggler,JIT-APFRL,6740,381,0.1713330041820899,0.17130052111423658,3.248306785333388e-05,0.01896262057000494
High-straggler,JIT-APFRL,7851,381,0.17103561915906923,0.17130052111423658,0.00026490195516734594,0.15464165166823318
High-straggler,JIT-APFRL,3407,382,0.171128355926175,0.17122291044381516,9.455451764014966e-05,0.05522305244961751
High-straggler,JIT-APFRL,4518,382,0.1713974253914268,0.17122291044381516,0.00017451494761164255,0.10192266161070053
High-straggler,JIT-APFRL,5629,382,0.17113918870487171,0.17122291044381516,8.372173894344304e-05,0.04889634145712957
High-straggler,JIT-APFRL,6740,382,0.17122288116865875,0.17122291044381516,2.9275156410157877e-08,1.7097686480317238e-05
High-straggler,JIT-APFRL,7851,382,0.17122670102794363,0.17122291044381516,3.7905841284713304e-06,0.002213829982591709
High-straggler,JIT-APFRL,3407,383,0.17114587566406397,0.17126081604609827,0.0001149403820343009,0.06711423236670927
High-straggler,JIT-APFRL,4518,383,0.1715560846888906,0.17126081604609827,0.00029526864279233456,0.17240875619374435
High-straggler,JIT-APFRL,5629,383,0.17134033287558817,0.17126081604609827,7.951682948989514e-05,0.046430252597004784
High-straggler,JIT-APFRL,6740,383,0.17114805959433202,0.17126081604609827,0.00011275645176625493,0.06583902516025865
High-straggler,JIT-APFRL,7851,383,0.17111372740761654,0.17126081604609827,0.00014708863848172937,0.08588575126381362
High-straggler,JIT-APFRL,3407,384,0.17122611462768778,0.1712118113072842,1.430332040358584e-05,0.008354166861721243
High-straggler,JIT-APFRL,4518,384,0.17134568755296686,0.1712118113072842,0.00013387624568267364,0.07819334697791255
High-straggler,JIT-APFRL,5629,384,0.1711485429274213,0.1712118113072842,6.326837986289635e-05,0.03695327990505559
High-straggler,JIT-APFRL,6740,384,0.17121178341191193,0.1712118113072842,2.789537226211003e-08,1.629290178587301e-05
High-straggler,JIT-APFRL,7851,384,0.1711269280164331,0.1712118113072842,8.488329085110102e-05,0.049577941032792325
High-straggler,JIT-APFRL,3407,385,0.17117718372582186,0.17119529770567046,1.811397984860519e-05,0.010580886327700345
High-straggler,JIT-APFRL,4518,385,0.17137207515528557,0.17119529770567046,0.000176777449615112,0.10326069231120981
High-straggler,JIT-APFRL,5629,385,0.1711675650926521,0.17119529770567046,2.773261301836083e-05,0.01619940114595931
High-straggler,JIT-APFRL,6740,385,0.17116619776054515,0.17119529770567046,2.9099945125315996e-05,0.01699809837963331
High-straggler,JIT-APFRL,7851,385,0.17109346679404758,0.17119529770567046,0.00010183091162288549,0.05948230645794926
High-straggler,JIT-APFRL,3407,386,0.17116931113245507,0.17115714340655605,1.2167725899014936e-05,0.0071090961538850155
High-straggler,JIT-APFRL,4518,386,0.17140445378229263,0.17115714340655605,0.0002473103757365813,0.14449316622978195
High-straggler,JIT-APFRL,5629,386,0.17108798945297832,0.17115714340655605,6.915395357773302e-05,0.04040377877391247
High-straggler,JIT-APFRL,6740,386,0.1711322688810384,0.17115714340655605,2.487452551763747e-05,0.014533150660590348
High-straggler,JIT-APFRL,7851,386,0.17099169378401596,0.17115714340655605,0.000165449622540087,0.09666533294908307
High-straggler,JIT-APFRL,3407,387,0.17101889243314786,0.17109986863281823,8.097619967037395e-05,0.04732686256127382
High-straggler,JIT-APFRL,4518,387,0.1713387158172288,0.17109986863281823,0.00023884718441055663,0.1395951886574061
High-straggler,JIT-APFRL,5629,387,0.17111009266508956,0.17109986863281823,1.0224032271327621e-05,0.005975476400433995
High-straggler,JIT-APFRL,6740,387,0.17111952583959994,0.17109986863281823,1.9657206781709124e-05,0.01148873283117105
High-straggler,JIT-APFRL,7851,387,0.17091211640902498,0.17109986863281823,0.00018775222379324719,0.10973253532775355
High-straggler,JIT-APFRL,3407,388,0.17107646568714535,0.17103935228790043,3.7113399244920187e-05,0.021698748708103965
High-straggler,JIT-APFRL,4518,388,0.1712977772463828,0.17103935228790043,0.00025842495848235614,0.1510909361065427
High-straggler,JIT-APFRL,5629,388,0.17101105020876556,0.17103935228790043,2.8302079134873148e-05,0.0165471154773984
High-straggler,JIT-APFRL,6740,388,0.17096485201729328,0.17103935228790043,7.450027060715292e-05,0.04355738583583445
High-straggler,JIT-APFRL,7851,388,0.17084661627991518,0.17103935228790043,0.00019273600798525026,0.11268518350141384
High-straggler,JIT-APFRL,3407,389,0.1710292940509909,0.1710294682518667,1.7420087580766186e-07,0.00010185430475122846
High-straggler,JIT-APFRL,4518,389,0.17133972951189008,0.1710294682518667,0.00031026126002337007,0.1814080714830169
High-straggler,JIT-APFRL,5629,389,0.17097550697782196,0.1710294682518667,5.3961274044750374e-05,0.03155086348352803
High-straggler,JIT-APFRL,6740,389,0.17098517196462942,0.1710294682518667,4.4296287237288734e-05,0.025899798257020695
High-straggler,JIT-APFRL,7851,389,0.17081763875400124,0.1710294682518667,0.00021182949786546779,0.1238555554376845
High-straggler,JIT-APFRL,3407,390,0.17096323010583453,0.1709651355856155,1.9054797809614499e-06,0.0011145429004776406
High-straggler,JIT-APFRL,4518,390,0.17117313622863084,0.1709651355856155,0.00020800064301534915,0.1216626081702998
High-straggler,JIT-APFRL,5629,390,0.17099312070636746,0.1709651355856155,2.7985120751972126e-05,0.016368905073021633
High-straggler,JIT-APFRL,6740,390,0.1708891357595784,0.1709651355856155,7.59998260370931e-05,0.04445340611509304
High-straggler,JIT-APFRL,7851,390,0.17080705512766622,0.1709651355856155,0.00015808045794926673,0.09246356422775075
High-straggler,JIT-APFRL,3407,391,0.17092984193010424,0.17095057087471296,2.072894460872221e-05,0.012125694873469673
High-straggler,JIT-APFRL,4518,391,0.1712358462878432,0.17095057087471296,0.000285275413130226,0.1668759640114334
High-straggler,JIT-APFRL,5629,391,0.1709272814289396,0.17095057087471296,2.328944577337233e-05,0.013623496929086482
High-straggler,JIT-APFRL,6740,391,0.17090926101028275,0.17095057087471296,4.130986443021123e-05,0.024164800514463677
High-straggler,JIT-APFRL,7851,391,0.17075062371639502,0.17095057087471296,0.00019994715831794796,0.11696197169442982
High-straggler,JIT-APFRL,3407,392,0.17093445377150293,0.1708862781216039,4.817564989903489e-05,0.028191643254558304
High-straggler,JIT-APFRL,4518,392,0.1711882782702885,0.1708862781216039,0.0003020001486846169,0.17672580385284734
High-straggler,JIT-APFRL,5629,392,0.17085263062581535,0.1708862781216039,3.3647495788546866e-05,0.019689992759162948
High-straggler,JIT-APFRL,6740,392,0.17071258776039627,0.1708862781216039,0.0001736903612076235,0.10164090593864078
High-straggler,JIT-APFRL,7851,392,0.17074344018001636,0.1708862781216039,0.00014283794158753693,0.0835865484096344
High-straggler,JIT-APFRL,3407,393,0.17081320139794604,0.17088047682263008,6.727542468404346e-05,0.03936987181623666
High-straggler,JIT-APFRL,4518,393,0.17117577999774916,0.17088047682263008,0.00029530317511908266,0.1728127054710881
High-straggler,JIT-APFRL,5629,393,0.1707800789607378,0.17088047682263008,0.00010039786189228184,0.058753266469693
High-straggler,JIT-APFRL,6740,393,0.17077667770288157,0.17088047682263008,0.00010379911974850442,0.06074369739513629
High-straggler,JIT-APFRL,7851,393,0.17085664605383574,0.17088047682263008,2.383076879433621e-05,0.013945869790070863
High-straggler,JIT-APFRL,3407,394,0.17082680078791446,0.17083479120923764,7.99042132318406e-06,0.004677279883462046
High-straggler,JIT-APFRL,4518,394,0.17117226180662976,0.17083479120923764,0.0003374705973921144,0.19754207852121994
High-straggler,JIT-APFRL,5629,394,0.17081958497130467,0.17083479120923764,1.5206237932968714e-05,0.008901136487089557
High-straggler,JIT-APFRL,6740,394,0.17060646575812105,0.17083479120923764,0.00022832545111658997,0.13365278202432315
High-straggler,JIT-APFRL,7851,394,0.1707488427222182,0.17083479120923764,8.594848701942714e-05,0.05031088012637768
High-straggler,JIT-APFRL,3407,395,0.17077889465771973,0.17072343406491403,5.546059280570059e-05,0.03248563567706403
High-straggler,JIT-APFRL,4518,395,0.17103908174181773,0.17072343406491403,0.000315647676903702,0.18488831286259363
High-straggler,JIT-APFRL,5629,395,0.1707348612908169,0.17072343406491403,1.1427225902888027e-05,0.006693413804307066
High-straggler,JIT-APFRL,6740,395,0.1705395139478887,0.17072343406491403,0.00018392011702533795,0.10772986030459425
High-straggler,JIT-APFRL,7851,395,0.17052481868632705,0.17072343406491403,0.00019861537858698042,0.11633750203938673
High-straggler,JIT-APFRL,3407,396,0.17045383345665735,0.17067702084028152,0.00022318738362417379,0.1307659241562642
High-straggler,JIT-APFRL,4518,396,0.17103502738880683,0.17067702084028152,0.00035800654852530256,0.20975673629804145
High-straggler,JIT-APFRL,5629,396,0.17066345837353586,0.17067702084028152,1.3562466745664636e-05,0.007946275766294461
High-straggler,JIT-APFRL,6740,396,0.1707007453965638,0.17067702084028152,2.372455628227299e-05,0.013900263881729153
High-straggler,JIT-APFRL,7851,396,0.17053203958584373,0.17067702084028152,0.00014498125443779264,0.08494480025724446
High-straggler,JIT-APFRL,3407,397,0.17061190950936866,0.17056987534099005,4.203416837861296e-05,0.024643371694199525
High-straggler,JIT-APFRL,4518,397,0.17093252312687301,0.17056987534099005,0.00036264778588296354,0.21260951569436645
High-straggler,JIT-APFRL,5629,397,0.17057141358315203,0.17056987534099005,1.5382421619802855e-06,0.000901825224943825
High-straggler,JIT-APFRL,6740,397,0.17048805396339256,0.17056987534099005,8.182137759749075e-05,0.04796941865257262
High-straggler,JIT-APFRL,7851,397,0.17024547652216399,0.17056987534099005,0.000324398818826066,0.19018529396093717
High-straggler,JIT-APFRL,3407,398,0.1705730341986807,0.170583123393754,1.008919507330952e-05,0.005914532969372832
High-straggler,JIT-APFRL,4518,398,0.17091091696026145,0.170583123393754,0.00032779356650744496,0.19216060767676582
High-straggler,JIT-APFRL,5629,398,0.17032747129209744,0.170583123393754,0.00025565210165656715,0.14986951614577365
High-straggler,JIT-APFRL,6740,398,0.17064926737979863,0.170583123393754,6.614398604462557e-05,0.03877522273522133
High-straggler,JIT-APFRL,7851,398,0.17045492713793173,0.170583123393754,0.00012819625582227712,0.07515178129688947
High-straggler,JIT-APFRL,3407,399,0.17063124301878954,0.1706424317043384,1.1188685548862987e-05,0.006556801515961125
High-straggler,JIT-APFRL,4518,399,0.17093997185704274,0.1706424317043384,0.0002975401527043342,0.1743646933137144
High-straggler,JIT-APFRL,5629,399,0.17058987591158858,0.1706424317043384,5.255579274981992e-05,0.03079878329493106
High-straggler,JIT-APFRL,6740,399,0.17065252682225562,0.1706424317043384,1.0095117917219287e-05,0.00591594822951801
High-straggler,JIT-APFRL,7851,399,0.17039854091201542,0.1706424317043384,0.0002438907923229816,0.1429250567324053
High-straggler,JIT-APFRL,3407,400,0.17053358880741937,0.1705330680909758,5.207164435749867e-07,0.00030534631752311843
High-straggler,JIT-APFRL,4518,400,0.17076770997507948,0.1705330680909758,0.0002346418841036868,0.13759318748579033
High-straggler,JIT-APFRL,5629,400,0.1705068230291809,0.1705330680909758,2.624506179488284e-05,0.015390013261757336
High-straggler,JIT-APFRL,6740,400,0.17046787848479575,0.1705330680909758,6.518960618004388e-05,0.03822695909350942
High-straggler,JIT-APFRL,7851,400,0.17038934015840362,0.1705330680909758,0.00014372793257216854,0.08428156144794904
