scenario,method,seed,round,mean_entropy
High-straggler,Async-FedDRL,3407,1,1.383652424812317
High-straggler,Async-FedDRL,3407,2,1.3836483597755431
High-straggler,Async-FedDRL,3407,3,1.383637821674347
High-straggler,Async-FedDRL,3407,4,1.3837602496147157
High-straggler,Async-FedDRL,3407,5,1.3833523273468018
High-straggler,Async-FedDRL,3407,6,1.3835529863834382
High-straggler,Async-FedDRL,3407,7,1.3834493041038514
High-straggler,Async-FedDRL,3407,8,1.3834902584552764
High-straggler,Async-FedDRL,3407,9,1.3832973837852478
High-straggler,Async-FedDRL,3407,10,1.3829126477241516
High-straggler,Async-FedDRL,3407,11,1.3830318331718445
High-straggler,Async-FedDRL,3407,12,1.383171761035919
High-straggler,Async-FedDRL,3407,13,1.3830084323883056
High-straggler,Async-FedDRL,3407,14,1.3824400663375855
High-straggler,Async-FedDRL,3407,15,1.3828015327453613
High-straggler,Async-FedDRL,3407,16,1.382625550031662
High-straggler,Async-FedDRL,3407,17,1.382471078634262
High-straggler,Async-FedDRL,3407,18,1.3822202384471893
High-straggler,Async-FedDRL,3407,19,1.3817898035049438
High-straggler,Async-FedDRL,3407,20,1.3816666960716248
High-straggler,Async-FedDRL,3407,21,1.3819571435451508
High-straggler,Async-FedDRL,3407,22,1.3813192248344421
High-straggler,Async-FedDRL,3407,23,1.3812394917011261
High-straggler,Async-FedDRL,3407,24,1.3807914018630982
High-straggler,Async-FedDRL,3407,25,1.3808097779750823
High-straggler,Async-FedDRL,3407,26,1.3804904222488403
High-straggler,Async-FedDRL,3407,27,1.379945123195648
High-straggler,Async-FedDRL,3407,28,1.3797866225242614
High-straggler,Async-FedDRL,3407,29,1.3796499431133271
High-straggler,Async-FedDRL,3407,30,1.3791239082813262
High-straggler,Async-FedDRL,3407,31,1.379172044992447
High-straggler,Async-FedDRL,3407,32,1.3783330380916596
High-straggler,Async-FedDRL,3407,33,1.3778914749622344
High-straggler,Async-FedDRL,3407,34,1.3781592130661011
High-straggler,Async-FedDRL,3407,35,1.376870733499527
High-straggler,Async-FedDRL,3407,36,1.376449751853943
High-straggler,Async-FedDRL,3407,37,1.3756860673427582
High-straggler,Async-FedDRL,3407,38,1.376073855161667
High-straggler,Async-FedDRL,3407,39,1.3743973255157471
High-straggler,Async-FedDRL,3407,40,1.3738866329193116
High-straggler,Async-FedDRL,3407,41,1.3735188245773315
High-straggler,Async-FedDRL,3407,42,1.3739394307136537
High-straggler,Async-FedDRL,3407,43,1.3731025755405426
High-straggler,Async-FedDRL,3407,44,1.371486210823059
High-straggler,Async-FedDRL,3407,45,1.3708901584148407
High-straggler,Async-FedDRL,3407,46,1.3710394740104674
High-straggler,Async-FedDRL,3407,47,1.3707608878612518
High-straggler,Async-FedDRL,3407,48,1.3697486340999603
High-straggler,Async-FedDRL,3407,49,1.3693661093711853
High-straggler,Async-FedDRL,3407,50,1.3686205565929412
High-straggler,Async-FedDRL,3407,51,1.3672145545482635
High-straggler,Async-FedDRL,3407,52,1.3670364618301392
High-straggler,Async-FedDRL,3407,53,1.367272299528122
High-straggler,Async-FedDRL,3407,54,1.3655668079853058
High-straggler,Async-FedDRL,3407,55,1.3644809961318969
High-straggler,Async-FedDRL,3407,56,1.3627357065677643
High-straggler,Async-FedDRL,3407,57,1.3634533762931824
High-straggler,Async-FedDRL,3407,58,1.3600404679775238
High-straggler,Async-FedDRL,3407,59,1.3609991252422333
High-straggler,Async-FedDRL,3407,60,1.3589540660381316
High-straggler,Async-FedDRL,3407,61,1.3600500881671906
High-straggler,Async-FedDRL,3407,62,1.357785803079605
High-straggler,Async-FedDRL,3407,63,1.3562768220901489
High-straggler,Async-FedDRL,3407,64,1.3558125019073486
High-straggler,Async-FedDRL,3407,65,1.3531992316246033
High-straggler,Async-FedDRL,3407,66,1.3525644361972808
High-straggler,Async-FedDRL,3407,67,1.352127307653427
High-straggler,Async-FedDRL,3407,68,1.349215829372406
High-straggler,Async-FedDRL,3407,69,1.3481592416763306
High-straggler,Async-FedDRL,3407,70,1.3475964844226838
High-straggler,Async-FedDRL,3407,71,1.3439594864845277
High-straggler,Async-FedDRL,3407,72,1.3431054413318635
High-straggler,Async-FedDRL,3407,73,1.345372486114502
High-straggler,Async-FedDRL,3407,74,1.340254545211792
High-straggler,Async-FedDRL,3407,75,1.3409084916114806
High-straggler,Async-FedDRL,3407,76,1.3383007943630219
High-straggler,Async-FedDRL,3407,77,1.335712993144989
High-straggler,Async-FedDRL,3407,78,1.3389598071575164
High-straggler,Async-FedDRL,3407,79,1.3347193002700806
High-straggler,Async-FedDRL,3407,80,1.3314717531204223
High-straggler,Async-FedDRL,3407,81,1.332314932346344
High-straggler,Async-FedDRL,3407,82,1.331012636423111
High-straggler,Async-FedDRL,3407,83,1.327410989999771
High-straggler,Async-FedDRL,3407,84,1.3263281166553498
High-straggler,Async-FedDRL,3407,85,1.3263213336467743
High-straggler,Async-FedDRL,3407,86,1.3274980068206788
High-straggler,Async-FedDRL,3407,87,1.3237416982650756
High-straggler,Async-FedDRL,3407,88,1.3203535735607148
High-straggler,Async-FedDRL,3407,89,1.3187355518341064
High-straggler,Async-FedDRL,3407,90,1.3193084120750427
High-straggler,Async-FedDRL,3407,91,1.315612608194351
High-straggler,Async-FedDRL,3407,92,1.3132941663265227
High-straggler,Async-FedDRL,3407,93,1.3137539744377136
High-straggler,Async-FedDRL,3407,94,1.3092868983745576
High-straggler,Async-FedDRL,3407,95,1.3066763639450074
High-straggler,Async-FedDRL,3407,96,1.3065481543540955
High-straggler,Async-FedDRL,3407,97,1.3087185502052308
High-straggler,Async-FedDRL,3407,98,1.3021134614944458
High-straggler,Async-FedDRL,3407,99,1.301521074771881
High-straggler,Async-FedDRL,3407,100,1.3009096801280975
High-straggler,Async-FedDRL,3407,101,1.2959676384925842
High-straggler,Async-FedDRL,3407,102,1.296636712551117
High-straggler,Async-FedDRL,3407,103,1.2987674355506897
High-straggler,Async-FedDRL,3407,104,1.2964849174022675
High-straggler,Async-FedDRL,3407,105,1.2910182416439056
High-straggler,Async-FedDRL,3407,106,1.2954264283180237
High-straggler,Async-FedDRL,3407,107,1.2882341861724853
High-straggler,Async-FedDRL,3407,108,1.2860736072063446
High-straggler,Async-FedDRL,3407,109,1.2897614598274232
High-straggler,Async-FedDRL,3407,110,1.285121315717697
High-straggler,Async-FedDRL,3407,111,1.2783747613430023
High-straggler,Async-FedDRL,3407,112,1.2773512840270995
High-straggler,Async-FedDRL,3407,113,1.2780615508556366
High-straggler,Async-FedDRL,3407,114,1.2767113387584685
High-straggler,Async-FedDRL,3407,115,1.2732731997966766
High-straggler,Async-FedDRL,3407,116,1.2680422842502594
High-straggler,Async-FedDRL,3407,117,1.2764694273471833
High-straggler,Async-FedDRL,3407,118,1.2763213872909547
High-straggler,Async-FedDRL,3407,119,1.26401247382164
High-straggler,Async-FedDRL,3407,120,1.2661532580852508
High-straggler,Async-FedDRL,3407,121,1.260536140203476
High-straggler,Async-FedDRL,3407,122,1.2671342015266418
High-straggler,Async-FedDRL,3407,123,1.2631947338581084
High-straggler,Async-FedDRL,3407,124,1.2580793499946594
High-straggler,Async-FedDRL,3407,125,1.2617813706398011
High-straggler,Async-FedDRL,3407,126,1.2571785569190979
High-straggler,Async-FedDRL,3407,127,1.2538628220558166
High-straggler,Async-FedDRL,3407,128,1.256096762418747
High-straggler,Async-FedDRL,3407,129,1.2560101807117463
High-straggler,Async-FedDRL,3407,130,1.25373232960701
High-straggler,Async-FedDRL,3407,131,1.254171746969223
High-straggler,Async-FedDRL,3407,132,1.2516593158245086
High-straggler,Async-FedDRL,3407,133,1.2465291678905488
High-straggler,Async-FedDRL,3407,134,1.2429645538330079
High-straggler,Async-FedDRL,3407,135,1.2494586944580077
High-straggler,Async-FedDRL,3407,136,1.2459694862365722
High-straggler,Async-FedDRL,3407,137,1.2469806313514709
High-straggler,Async-FedDRL,3407,138,1.242844009399414
High-straggler,Async-FedDRL,3407,139,1.237299120426178
High-straggler,Async-FedDRL,3407,140,1.2321164727210998
High-straggler,Async-FedDRL,3407,141,1.2450979411602021
High-straggler,Async-FedDRL,3407,142,1.2335965156555175
High-straggler,Async-FedDRL,3407,143,1.2311326801776885
High-straggler,Async-FedDRL,3407,144,1.2377950608730317
High-straggler,Async-FedDRL,3407,145,1.2269181787967682
High-straggler,Async-FedDRL,3407,146,1.2279461562633514
High-straggler,Async-FedDRL,3407,147,1.2229270040988922
High-straggler,Async-FedDRL,3407,148,1.2261022865772246
High-straggler,Async-FedDRL,3407,149,1.2251814961433412
High-straggler,Async-FedDRL,3407,150,1.2172989130020142
High-straggler,Async-FedDRL,3407,151,1.2156901061534882
High-straggler,Async-FedDRL,3407,152,1.2163553535938263
High-straggler,Async-FedDRL,3407,153,1.2136793792247773
High-straggler,Async-FedDRL,3407,154,1.2138320684432984
High-straggler,Async-FedDRL,3407,155,1.212817370891571
High-straggler,Async-FedDRL,3407,156,1.2100063800811767
High-straggler,Async-FedDRL,3407,157,1.2027665615081786
High-straggler,Async-FedDRL,3407,158,1.2145158052444458
High-straggler,Async-FedDRL,3407,159,1.210162889957428
High-straggler,Async-FedDRL,3407,160,1.1974840819835664
High-straggler,Async-FedDRL,3407,161,1.205024129152298
High-straggler,Async-FedDRL,3407,162,1.205245453119278
High-straggler,Async-FedDRL,3407,163,1.207531100511551
High-straggler,Async-FedDRL,3407,164,1.200417196750641
High-straggler,Async-FedDRL,3407,165,1.2066031217575073
High-straggler,Async-FedDRL,3407,166,1.202831220626831
High-straggler,Async-FedDRL,3407,167,1.1902662515640259
High-straggler,Async-FedDRL,3407,168,1.1966927826404572
High-straggler,Async-FedDRL,3407,169,1.1990785717964172
High-straggler,Async-FedDRL,3407,170,1.2024153172969818
High-straggler,Async-FedDRL,3407,171,1.1902261793613433
High-straggler,Async-FedDRL,3407,172,1.1937604665756225
High-straggler,Async-FedDRL,3407,173,1.1836281299591065
High-straggler,Async-FedDRL,3407,174,1.1909723162651062
High-straggler,Async-FedDRL,3407,175,1.1911638975143433
High-straggler,Async-FedDRL,3407,176,1.1879635393619536
High-straggler,Async-FedDRL,3407,177,1.1817299783229829
High-straggler,Async-FedDRL,3407,178,1.1880118191242217
High-straggler,Async-FedDRL,3407,179,1.1761016488075255
High-straggler,Async-FedDRL,3407,180,1.186243087053299
High-straggler,Async-FedDRL,3407,181,1.1885966181755065
High-straggler,Async-FedDRL,3407,182,1.1791641116142273
High-straggler,Async-FedDRL,3407,183,1.1750738024711609
High-straggler,Async-FedDRL,3407,184,1.1924389958381654
High-straggler,Async-FedDRL,3407,185,1.1865626990795135
High-straggler,Async-FedDRL,3407,186,1.1812640249729156
High-straggler,Async-FedDRL,3407,187,1.1837024688720703
High-straggler,Async-FedDRL,3407,188,1.1765897154808045
High-straggler,Async-FedDRL,3407,189,1.1836834311485291
High-straggler,Async-FedDRL,3407,190,1.1856641948223114
High-straggler,Async-FedDRL,3407,191,1.188638198375702
High-straggler,Async-FedDRL,3407,192,1.1769836366176605
High-straggler,Async-FedDRL,3407,193,1.1822637438774108
High-straggler,Async-FedDRL,3407,194,1.178067648410797
High-straggler,Async-FedDRL,3407,195,1.178607714176178
High-straggler,Async-FedDRL,3407,196,1.18207545876503
High-straggler,Async-FedDRL,3407,197,1.1694676637649537
High-straggler,Async-FedDRL,3407,198,1.1780986428260802
High-straggler,Async-FedDRL,3407,199,1.1808148622512817
High-straggler,Async-FedDRL,3407,200,1.181248414516449
High-straggler,Async-FedDRL,3407,201,1.1676566898822784
High-straggler,Async-FedDRL,3407,202,1.167736530303955
High-straggler,Async-FedDRL,3407,203,1.173318099975586
High-straggler,Async-FedDRL,3407,204,1.1855627000331879
High-straggler,Async-FedDRL,3407,205,1.1689659476280212
High-straggler,Async-FedDRL,3407,206,1.1659979403018952
High-straggler,Async-FedDRL,3407,207,1.175474965572357
High-straggler,Async-FedDRL,3407,208,1.172634130716324
High-straggler,Async-FedDRL,3407,209,1.1610546588897706
High-straggler,Async-FedDRL,3407,210,1.1664679229259491
High-straggler,Async-FedDRL,3407,211,1.1653366386890411
High-straggler,Async-FedDRL,3407,212,1.1594750225543975
High-straggler,Async-FedDRL,3407,213,1.159922468662262
High-straggler,Async-FedDRL,3407,214,1.1573740005493165
High-straggler,Async-FedDRL,3407,215,1.160034465789795
High-straggler,Async-FedDRL,3407,216,1.1644146978855132
High-straggler,Async-FedDRL,3407,217,1.1510855317115785
High-straggler,Async-FedDRL,3407,218,1.1613693952560424
High-straggler,Async-FedDRL,3407,219,1.1576121211051942
High-straggler,Async-FedDRL,3407,220,1.1538059294223786
High-straggler,Async-FedDRL,3407,221,1.1488159000873566
High-straggler,Async-FedDRL,3407,222,1.1615055739879607
High-straggler,Async-FedDRL,3407,223,1.1500678658485413
High-straggler,Async-FedDRL,3407,224,1.1426440536975861
High-straggler,Async-FedDRL,3407,225,1.1473278284072876
High-straggler,Async-FedDRL,3407,226,1.1528398156166078
High-straggler,Async-FedDRL,3407,227,1.1510534822940826
High-straggler,Async-FedDRL,3407,228,1.149751991033554
High-straggler,Async-FedDRL,3407,229,1.151857078075409
High-straggler,Async-FedDRL,3407,230,1.1554071664810182
High-straggler,Async-FedDRL,3407,231,1.1335225462913514
High-straggler,Async-FedDRL,3407,232,1.1497824013233184
High-straggler,Async-FedDRL,3407,233,1.1364027619361878
High-straggler,Async-FedDRL,3407,234,1.148121416568756
High-straggler,Async-FedDRL,3407,235,1.137464839220047
High-straggler,Async-FedDRL,3407,236,1.1431546270847321
High-straggler,Async-FedDRL,3407,237,1.1420152962207795
High-straggler,Async-FedDRL,3407,238,1.1398056268692016
High-straggler,Async-FedDRL,3407,239,1.1344927251338959
High-straggler,Async-FedDRL,3407,240,1.1246382415294647
High-straggler,Async-FedDRL,3407,241,1.1331033766269685
High-straggler,Async-FedDRL,3407,242,1.1234112858772278
High-straggler,Async-FedDRL,3407,243,1.1327384471893311
High-straggler,Async-FedDRL,3407,244,1.1306750297546386
High-straggler,Async-FedDRL,3407,245,1.139760571718216
High-straggler,Async-FedDRL,3407,246,1.1222846746444701
High-straggler,Async-FedDRL,3407,247,1.121497255563736
High-straggler,Async-FedDRL,3407,248,1.126975405216217
High-straggler,Async-FedDRL,3407,249,1.1252935111522675
High-straggler,Async-FedDRL,3407,250,1.1383341729640961
High-straggler,Async-FedDRL,3407,251,1.1012555360794067
High-straggler,Async-FedDRL,3407,252,1.1299033880233764
High-straggler,Async-FedDRL,3407,253,1.1269675076007843
High-straggler,Async-FedDRL,3407,254,1.1150188982486724
High-straggler,Async-FedDRL,3407,255,1.1167045652866363
High-straggler,Async-FedDRL,3407,256,1.1083901524543762
High-straggler,Async-FedDRL,3407,257,1.1315058946609498
High-straggler,Async-FedDRL,3407,258,1.1240792572498322
High-straggler,Async-FedDRL,3407,259,1.1185058414936067
High-straggler,Async-FedDRL,3407,260,1.1116332948207854
High-straggler,Async-FedDRL,3407,261,1.1215371191501617
High-straggler,Async-FedDRL,3407,262,1.1107672452926636
High-straggler,Async-FedDRL,3407,263,1.1036715447902679
High-straggler,Async-FedDRL,3407,264,1.1119613587856292
High-straggler,Async-FedDRL,3407,265,1.0998660564422607
High-straggler,Async-FedDRL,3407,266,1.1233997821807862
High-straggler,Async-FedDRL,3407,267,1.1103738129138947
High-straggler,Async-FedDRL,3407,268,1.1021686971187592
High-straggler,Async-FedDRL,3407,269,1.1083290517330169
High-straggler,Async-FedDRL,3407,270,1.099046242237091
High-straggler,Async-FedDRL,3407,271,1.1131767630577087
High-straggler,Async-FedDRL,3407,272,1.1024287402629853
High-straggler,Async-FedDRL,3407,273,1.0908905625343324
High-straggler,Async-FedDRL,3407,274,1.1152365326881408
High-straggler,Async-FedDRL,3407,275,1.1095463991165162
High-straggler,Async-FedDRL,3407,276,1.0989712476730347
High-straggler,Async-FedDRL,3407,277,1.10356947183609
High-straggler,Async-FedDRL,3407,278,1.091233915090561
High-straggler,Async-FedDRL,3407,279,1.095951747894287
High-straggler,Async-FedDRL,3407,280,1.0993154227733613
High-straggler,Async-FedDRL,3407,281,1.0912824034690858
High-straggler,Async-FedDRL,3407,282,1.0885988175868988
High-straggler,Async-FedDRL,3407,283,1.091611498594284
High-straggler,Async-FedDRL,3407,284,1.1068934798240662
High-straggler,Async-FedDRL,3407,285,1.0905181825160981
High-straggler,Async-FedDRL,3407,286,1.0830835461616517
High-straggler,Async-FedDRL,3407,287,1.094020038843155
High-straggler,Async-FedDRL,3407,288,1.0775340735912322
High-straggler,Async-FedDRL,3407,289,1.0840315043926239
High-straggler,Async-FedDRL,3407,290,1.072223961353302
High-straggler,Async-FedDRL,3407,291,1.0814226746559144
High-straggler,Async-FedDRL,3407,292,1.0827138245105743
High-straggler,Async-FedDRL,3407,293,1.091539067029953
High-straggler,Async-FedDRL,3407,294,1.0807721734046936
High-straggler,Async-FedDRL,3407,295,1.0618018627166748
High-straggler,Async-FedDRL,3407,296,1.086081176996231
High-straggler,Async-FedDRL,3407,297,1.0788600206375123
High-straggler,Async-FedDRL,3407,298,1.0605998575687408
High-straggler,Async-FedDRL,3407,299,1.0835275948047638
High-straggler,Async-FedDRL,3407,300,1.088045173883438
High-straggler,Async-FedDRL,3407,301,1.069979178905487
High-straggler,Async-FedDRL,3407,302,1.07275270819664
High-straggler,Async-FedDRL,3407,303,1.0769357204437255
High-straggler,Async-FedDRL,3407,304,1.0658220529556275
High-straggler,Async-FedDRL,3407,305,1.0786584556102752
High-straggler,Async-FedDRL,3407,306,1.0571199655532837
High-straggler,Async-FedDRL,3407,307,1.0600473940372468
High-straggler,Async-FedDRL,3407,308,1.067282783985138
High-straggler,Async-FedDRL,3407,309,1.059150069952011
High-straggler,Async-FedDRL,3407,310,1.0655606806278228
High-straggler,Async-FedDRL,3407,311,1.0582895517349242
High-straggler,Async-FedDRL,3407,312,1.0450750768184662
High-straggler,Async-FedDRL,3407,313,1.0698322772979736
High-straggler,Async-FedDRL,3407,314,1.0763995945453644
High-straggler,Async-FedDRL,3407,315,1.0508537709712982
High-straggler,Async-FedDRL,3407,316,1.0434137493371964
High-straggler,Async-FedDRL,3407,317,1.0487747281789779
High-straggler,Async-FedDRL,3407,318,1.048123973608017
High-straggler,Async-FedDRL,3407,319,1.0537804663181305
High-straggler,Async-FedDRL,3407,320,1.0470075577497482
High-straggler,Async-FedDRL,3407,321,1.055583930015564
High-straggler,Async-FedDRL,3407,322,1.0507096737623214
High-straggler,Async-FedDRL,3407,323,1.0382423192262649
High-straggler,Async-FedDRL,3407,324,1.0498853117227553
High-straggler,Async-FedDRL,3407,325,1.050278201699257
High-straggler,Async-FedDRL,3407,326,1.0509946256875993
High-straggler,Async-FedDRL,3407,327,1.026988372206688
High-straggler,Async-FedDRL,3407,328,1.0441488921642303
High-straggler,Async-FedDRL,3407,329,1.0473705589771272
High-straggler,Async-FedDRL,3407,330,1.0354377388954163
High-straggler,Async-FedDRL,3407,331,1.0564435034990312
High-straggler,Async-FedDRL,3407,332,1.0510609775781632
High-straggler,Async-FedDRL,3407,333,1.023134469985962
High-straggler,Async-FedDRL,3407,334,1.036420002579689
High-straggler,Async-FedDRL,3407,335,1.0491135209798812
High-straggler,Async-FedDRL,3407,336,1.0426413983106613
High-straggler,Async-FedDRL,3407,337,1.0442374765872955
High-straggler,Async-FedDRL,3407,338,1.062476721405983
High-straggler,Async-FedDRL,3407,339,1.0499867767095565
High-straggler,Async-FedDRL,3407,340,1.0503292500972747
High-straggler,Async-FedDRL,3407,341,1.0348346054553985
High-straggler,Async-FedDRL,3407,342,1.0603697270154953
High-straggler,Async-FedDRL,3407,343,1.050161388516426
High-straggler,Async-FedDRL,3407,344,1.0404624611139297
High-straggler,Async-FedDRL,3407,345,1.0519953608512878
High-straggler,Async-FedDRL,3407,346,1.058119535446167
High-straggler,Async-FedDRL,3407,347,1.0442411303520203
High-straggler,Async-FedDRL,3407,348,1.0474207550287247
High-straggler,Async-FedDRL,3407,349,1.038450437784195
High-straggler,Async-FedDRL,3407,350,1.0555583357810974
High-straggler,Async-FedDRL,3407,351,1.0614766061306
High-straggler,Async-FedDRL,3407,352,1.046093797683716
High-straggler,Async-FedDRL,3407,353,1.0351437002420425
High-straggler,Async-FedDRL,3407,354,1.0458935350179672
High-straggler,Async-FedDRL,3407,355,1.0458427786827087
High-straggler,Async-FedDRL,3407,356,1.0305351793766022
High-straggler,Async-FedDRL,3407,357,1.0561469584703445
High-straggler,Async-FedDRL,3407,358,1.055825099349022
High-straggler,Async-FedDRL,3407,359,1.0316466808319091
High-straggler,Async-FedDRL,3407,360,1.042385569214821
High-straggler,Async-FedDRL,3407,361,1.03766311109066
High-straggler,Async-FedDRL,3407,362,1.0268843561410903
High-straggler,Async-FedDRL,3407,363,1.0596118092536926
High-straggler,Async-FedDRL,3407,364,1.0439038962125777
High-straggler,Async-FedDRL,3407,365,1.0394842952489853
High-straggler,Async-FedDRL,3407,366,1.0351992219686508
High-straggler,Async-FedDRL,3407,367,1.0509877234697342
High-straggler,Async-FedDRL,3407,368,1.040503403544426
High-straggler,Async-FedDRL,3407,369,1.0401031851768494
High-straggler,Async-FedDRL,3407,370,1.0548386365175246
High-straggler,Async-FedDRL,3407,371,1.024771696329117
High-straggler,Async-FedDRL,3407,372,1.0250504106283187
High-straggler,Async-FedDRL,3407,373,1.0138217628002166
High-straggler,Async-FedDRL,3407,374,1.0517892807722091
High-straggler,Async-FedDRL,3407,375,1.046671262383461
High-straggler,Async-FedDRL,3407,376,1.0376836150884627
High-straggler,Async-FedDRL,3407,377,1.0354110598564148
High-straggler,Async-FedDRL,3407,378,1.0328949600458146
High-straggler,Async-FedDRL,3407,379,1.0231962233781815
High-straggler,Async-FedDRL,3407,380,1.044381135702133
High-straggler,Async-FedDRL,3407,381,1.0355109959840774
High-straggler,Async-FedDRL,3407,382,1.0500065356492996
High-straggler,Async-FedDRL,3407,383,1.0355205833911896
High-straggler,Async-FedDRL,3407,384,1.0273993492126465
High-straggler,Async-FedDRL,3407,385,1.0273367255926131
High-straggler,Async-FedDRL,3407,386,1.0224353134632111
High-straggler,Async-FedDRL,3407,387,1.0360426306724548
High-straggler,Async-FedDRL,3407,388,1.0333126127719878
High-straggler,Async-FedDRL,3407,389,1.0357217341661453
High-straggler,Async-FedDRL,3407,390,1.0264295369386673
High-straggler,Async-FedDRL,3407,391,1.03030264377594
High-straggler,Async-FedDRL,3407,392,1.0197284817695618
High-straggler,Async-FedDRL,3407,393,1.0462563544511796
High-straggler,Async-FedDRL,3407,394,1.0106550246477126
High-straggler,Async-FedDRL,3407,395,1.0374143809080123
High-straggler,Async-FedDRL,3407,396,1.0332412600517273
High-straggler,Async-FedDRL,3407,397,1.0177871137857437
High-straggler,Async-FedDRL,3407,398,1.0253828078508378
High-straggler,Async-FedDRL,3407,399,1.0185266733169556
High-straggler,Async-FedDRL,3407,400,1.020038902759552
High-straggler,Async-FedDRL,4518,1,1.3831234931945802
High-straggler,Async-FedDRL,4518,2,1.3829249501228333
High-straggler,Async-FedDRL,4518,3,1.3829752683639527
High-straggler,Async-FedDRL,4518,4,1.3833081066608428
High-straggler,Async-FedDRL,4518,5,1.3835045397281647
High-straggler,Async-FedDRL,4518,6,1.3830597162246705
High-straggler,Async-FedDRL,4518,7,1.3834193706512452
High-straggler,Async-FedDRL,4518,8,1.3835929095745088
High-straggler,Async-FedDRL,4518,9,1.3833388149738313
High-straggler,Async-FedDRL,4518,10,1.3836122930049897
High-straggler,Async-FedDRL,4518,11,1.3836448192596436
High-straggler,Async-FedDRL,4518,12,1.383382397890091
High-straggler,Async-FedDRL,4518,13,1.3834868252277375
High-straggler,Async-FedDRL,4518,14,1.3836330592632293
High-straggler,Async-FedDRL,4518,15,1.3836373329162597
High-straggler,Async-FedDRL,4518,16,1.3836949706077575
High-straggler,Async-FedDRL,4518,17,1.383603185415268
High-straggler,Async-FedDRL,4518,18,1.383527046442032
High-straggler,Async-FedDRL,4518,19,1.383567476272583
High-straggler,Async-FedDRL,4518,20,1.3833693444728852
High-straggler,Async-FedDRL,4518,21,1.3832728147506714
High-straggler,Async-FedDRL,4518,22,1.3837571442127228
High-straggler,Async-FedDRL,4518,23,1.3834334194660187
High-straggler,Async-FedDRL,4518,24,1.3831826984882354
High-straggler,Async-FedDRL,4518,25,1.3829952716827392
High-straggler,Async-FedDRL,4518,26,1.3834190309047698
High-straggler,Async-FedDRL,4518,27,1.383156430721283
High-straggler,Async-FedDRL,4518,28,1.3829655468463897
High-straggler,Async-FedDRL,4518,29,1.3826475262641906
High-straggler,Async-FedDRL,4518,30,1.382921028137207
High-straggler,Async-FedDRL,4518,31,1.3826320707798003
High-straggler,Async-FedDRL,4518,32,1.3823323547840118
High-straggler,Async-FedDRL,4518,33,1.382481336593628
High-straggler,Async-FedDRL,4518,34,1.381844401359558
High-straggler,Async-FedDRL,4518,35,1.3817811131477356
High-straggler,Async-FedDRL,4518,36,1.382000207901001
High-straggler,Async-FedDRL,4518,37,1.3812022805213928
High-straggler,Async-FedDRL,4518,38,1.3812987089157105
High-straggler,Async-FedDRL,4518,39,1.381003701686859
High-straggler,Async-FedDRL,4518,40,1.3804761707782744
High-straggler,Async-FedDRL,4518,41,1.3804144203662871
High-straggler,Async-FedDRL,4518,42,1.3796630084514618
High-straggler,Async-FedDRL,4518,43,1.3802703619003296
High-straggler,Async-FedDRL,4518,44,1.3796069979667664
High-straggler,Async-FedDRL,4518,45,1.3797261118888855
High-straggler,Async-FedDRL,4518,46,1.3794530570507049
High-straggler,Async-FedDRL,4518,47,1.3775030493736267
High-straggler,Async-FedDRL,4518,48,1.3776594877243042
High-straggler,Async-FedDRL,4518,49,1.3767001271247863
High-straggler,Async-FedDRL,4518,50,1.3768419027328491
High-straggler,Async-FedDRL,4518,51,1.3771859169006349
High-straggler,Async-FedDRL,4518,52,1.3766242563724518
High-straggler,Async-FedDRL,4518,53,1.3754706382751465
High-straggler,Async-FedDRL,4518,54,1.374927967786789
High-straggler,Async-FedDRL,4518,55,1.374806433916092
High-straggler,Async-FedDRL,4518,56,1.37348974943161
High-straggler,Async-FedDRL,4518,57,1.3733626365661622
High-straggler,Async-FedDRL,4518,58,1.372247314453125
High-straggler,Async-FedDRL,4518,59,1.3723484039306642
High-straggler,Async-FedDRL,4518,60,1.3712858319282533
High-straggler,Async-FedDRL,4518,61,1.3700170397758484
High-straggler,Async-FedDRL,4518,62,1.369842517375946
High-straggler,Async-FedDRL,4518,63,1.3704893708229064
High-straggler,Async-FedDRL,4518,64,1.369048500061035
High-straggler,Async-FedDRL,4518,65,1.3689846754074098
High-straggler,Async-FedDRL,4518,66,1.3668766140937805
High-straggler,Async-FedDRL,4518,67,1.3647248148918152
High-straggler,Async-FedDRL,4518,68,1.3663856446743012
High-straggler,Async-FedDRL,4518,69,1.3643513083457948
High-straggler,Async-FedDRL,4518,70,1.3641727268695831
High-straggler,Async-FedDRL,4518,71,1.3623135924339294
High-straggler,Async-FedDRL,4518,72,1.3613240480422975
High-straggler,Async-FedDRL,4518,73,1.3600367248058318
High-straggler,Async-FedDRL,4518,74,1.3609710097312928
High-straggler,Async-FedDRL,4518,75,1.359597671031952
High-straggler,Async-FedDRL,4518,76,1.3557519555091857
High-straggler,Async-FedDRL,4518,77,1.3522116601467133
High-straggler,Async-FedDRL,4518,78,1.3540850043296815
High-straggler,Async-FedDRL,4518,79,1.3520735502243042
High-straggler,Async-FedDRL,4518,80,1.3489401817321778
High-straggler,Async-FedDRL,4518,81,1.349179995059967
High-straggler,Async-FedDRL,4518,82,1.3476642072200775
High-straggler,Async-FedDRL,4518,83,1.3445628225803374
High-straggler,Async-FedDRL,4518,84,1.3441058814525604
High-straggler,Async-FedDRL,4518,85,1.3454598248004914
High-straggler,Async-FedDRL,4518,86,1.3402049958705902
High-straggler,Async-FedDRL,4518,87,1.3369223713874816
High-straggler,Async-FedDRL,4518,88,1.3366762399673462
High-straggler,Async-FedDRL,4518,89,1.3355064153671266
High-straggler,Async-FedDRL,4518,90,1.3319095253944397
High-straggler,Async-FedDRL,4518,91,1.3266134917736054
High-straggler,Async-FedDRL,4518,92,1.3303656041622163
High-straggler,Async-FedDRL,4518,93,1.329425972700119
High-straggler,Async-FedDRL,4518,94,1.323554265499115
High-straggler,Async-FedDRL,4518,95,1.3209887087345122
High-straggler,Async-FedDRL,4518,96,1.3229602813720702
High-straggler,Async-FedDRL,4518,97,1.3210990607738495
High-straggler,Async-FedDRL,4518,98,1.3187036156654357
High-straggler,Async-FedDRL,4518,99,1.3183962404727936
High-straggler,Async-FedDRL,4518,100,1.3108316481113433
High-straggler,Async-FedDRL,4518,101,1.3149342775344848
High-straggler,Async-FedDRL,4518,102,1.313651156425476
High-straggler,Async-FedDRL,4518,103,1.3104804694652556
High-straggler,Async-FedDRL,4518,104,1.303552544116974
High-straggler,Async-FedDRL,4518,105,1.2983214795589446
High-straggler,Async-FedDRL,4518,106,1.3053475856781005
High-straggler,Async-FedDRL,4518,107,1.29925035238266
High-straggler,Async-FedDRL,4518,108,1.2965561628341675
High-straggler,Async-FedDRL,4518,109,1.2923002302646638
High-straggler,Async-FedDRL,4518,110,1.2967854976654052
High-straggler,Async-FedDRL,4518,111,1.2845534920692443
High-straggler,Async-FedDRL,4518,112,1.2887487769126893
High-straggler,Async-FedDRL,4518,113,1.2833735287189483
High-straggler,Async-FedDRL,4518,114,1.2703288793563843
High-straggler,Async-FedDRL,4518,115,1.2838263869285584
High-straggler,Async-FedDRL,4518,116,1.2874296367168427
High-straggler,Async-FedDRL,4518,117,1.272514921426773
High-straggler,Async-FedDRL,4518,118,1.268080049753189
High-straggler,Async-FedDRL,4518,119,1.2604703903198242
High-straggler,Async-FedDRL,4518,120,1.265695720911026
High-straggler,Async-FedDRL,4518,121,1.2605549216270446
High-straggler,Async-FedDRL,4518,122,1.2520444452762605
High-straggler,Async-FedDRL,4518,123,1.2521511256694793
High-straggler,Async-FedDRL,4518,124,1.2499585092067718
High-straggler,Async-FedDRL,4518,125,1.2465482652187347
High-straggler,Async-FedDRL,4518,126,1.2495694637298584
High-straggler,Async-FedDRL,4518,127,1.233123815059662
High-straggler,Async-FedDRL,4518,128,1.2418981730937957
High-straggler,Async-FedDRL,4518,129,1.2266829192638398
High-straggler,Async-FedDRL,4518,130,1.2340240955352784
High-straggler,Async-FedDRL,4518,131,1.2328937649726868
High-straggler,Async-FedDRL,4518,132,1.238861632347107
High-straggler,Async-FedDRL,4518,133,1.2334205567836762
High-straggler,Async-FedDRL,4518,134,1.20847846865654
High-straggler,Async-FedDRL,4518,135,1.2118462145328521
High-straggler,Async-FedDRL,4518,136,1.2175891816616058
High-straggler,Async-FedDRL,4518,137,1.2037148416042327
High-straggler,Async-FedDRL,4518,138,1.2149286150932312
High-straggler,Async-FedDRL,4518,139,1.1977879464626313
High-straggler,Async-FedDRL,4518,140,1.1876906096935271
High-straggler,Async-FedDRL,4518,141,1.1880210638046265
High-straggler,Async-FedDRL,4518,142,1.2048151195049286
High-straggler,Async-FedDRL,4518,143,1.1945321559906006
High-straggler,Async-FedDRL,4518,144,1.172016727924347
High-straggler,Async-FedDRL,4518,145,1.1898526787757873
High-straggler,Async-FedDRL,4518,146,1.1890284538269043
High-straggler,Async-FedDRL,4518,147,1.1695035517215728
High-straggler,Async-FedDRL,4518,148,1.1746259033679962
High-straggler,Async-FedDRL,4518,149,1.1636182367801666
High-straggler,Async-FedDRL,4518,150,1.18444482088089
High-straggler,Async-FedDRL,4518,151,1.1653682172298432
High-straggler,Async-FedDRL,4518,152,1.1637340366840363
High-straggler,Async-FedDRL,4518,153,1.168663078546524
High-straggler,Async-FedDRL,4518,154,1.176191073656082
High-straggler,Async-FedDRL,4518,155,1.1617863416671752
High-straggler,Async-FedDRL,4518,156,1.162449836730957
High-straggler,Async-FedDRL,4518,157,1.1613446593284606
High-straggler,Async-FedDRL,4518,158,1.1379781544208527
High-straggler,Async-FedDRL,4518,159,1.146958476305008
High-straggler,Async-FedDRL,4518,160,1.1531854927539826
High-straggler,Async-FedDRL,4518,161,1.1495284616947175
High-straggler,Async-FedDRL,4518,162,1.1323429763317108
High-straggler,Async-FedDRL,4518,163,1.1443919003009797
High-straggler,Async-FedDRL,4518,164,1.1317087292671204
High-straggler,Async-FedDRL,4518,165,1.1178501546382904
High-straggler,Async-FedDRL,4518,166,1.1253985464572906
High-straggler,Async-FedDRL,4518,167,1.1338322579860687
High-straggler,Async-FedDRL,4518,168,1.1311519742012024
High-straggler,Async-FedDRL,4518,169,1.1186006903648376
High-straggler,Async-FedDRL,4518,170,1.1213314950466156
High-straggler,Async-FedDRL,4518,171,1.1143549919128417
High-straggler,Async-FedDRL,4518,172,1.1081857919692992
High-straggler,Async-FedDRL,4518,173,1.1025499641895293
High-straggler,Async-FedDRL,4518,174,1.1152140974998475
High-straggler,Async-FedDRL,4518,175,1.101997148990631
High-straggler,Async-FedDRL,4518,176,1.099936980009079
High-straggler,Async-FedDRL,4518,177,1.097159469127655
High-straggler,Async-FedDRL,4518,178,1.0901175260543823
High-straggler,Async-FedDRL,4518,179,1.1016345143318176
High-straggler,Async-FedDRL,4518,180,1.0949427008628845
High-straggler,Async-FedDRL,4518,181,1.0952788054943086
High-straggler,Async-FedDRL,4518,182,1.082851815223694
High-straggler,Async-FedDRL,4518,183,1.0935909271240234
High-straggler,Async-FedDRL,4518,184,1.095335990190506
High-straggler,Async-FedDRL,4518,185,1.0855590879917145
High-straggler,Async-FedDRL,4518,186,1.092714649438858
High-straggler,Async-FedDRL,4518,187,1.0907389402389527
High-straggler,Async-FedDRL,4518,188,1.0782657206058501
High-straggler,Async-FedDRL,4518,189,1.0816826403141022
High-straggler,Async-FedDRL,4518,190,1.085957258939743
High-straggler,Async-FedDRL,4518,191,1.0597322046756745
High-straggler,Async-FedDRL,4518,192,1.0792541921138763
High-straggler,Async-FedDRL,4518,193,1.0579206228256226
High-straggler,Async-FedDRL,4518,194,1.0843063354492188
High-straggler,Async-FedDRL,4518,195,1.059223511815071
High-straggler,Async-FedDRL,4518,196,1.0674955070018768
High-straggler,Async-FedDRL,4518,197,1.0808446198701858
High-straggler,Async-FedDRL,4518,198,1.045919531583786
High-straggler,Async-FedDRL,4518,199,1.0849756181240082
High-straggler,Async-FedDRL,4518,200,1.0666411638259887
High-straggler,Async-FedDRL,4518,201,1.0398044168949128
High-straggler,Async-FedDRL,4518,202,1.0392405956983566
High-straggler,Async-FedDRL,4518,203,1.0528355717658997
High-straggler,Async-FedDRL,4518,204,1.0656347870826721
High-straggler,Async-FedDRL,4518,205,1.0358860075473786
High-straggler,Async-FedDRL,4518,206,1.0350313574075698
High-straggler,Async-FedDRL,4518,207,1.0312537163496018
High-straggler,Async-FedDRL,4518,208,1.0403717428445816
High-straggler,Async-FedDRL,4518,209,1.04433074593544
High-straggler,Async-FedDRL,4518,210,1.0454846024513245
High-straggler,Async-FedDRL,4518,211,1.0396349042654038
High-straggler,Async-FedDRL,4518,212,1.0415198981761933
High-straggler,Async-FedDRL,4518,213,1.0301338225603103
High-straggler,Async-FedDRL,4518,214,1.0390041172504425
High-straggler,Async-FedDRL,4518,215,1.0289453327655793
High-straggler,Async-FedDRL,4518,216,1.009388455748558
High-straggler,Async-FedDRL,4518,217,1.0199053913354874
High-straggler,Async-FedDRL,4518,218,1.0432307571172714
High-straggler,Async-FedDRL,4518,219,1.0245790153741836
High-straggler,Async-FedDRL,4518,220,1.0276794523000716
High-straggler,Async-FedDRL,4518,221,1.0333222329616547
High-straggler,Async-FedDRL,4518,222,1.0264727592468261
High-straggler,Async-FedDRL,4518,223,1.0301937371492387
High-straggler,Async-FedDRL,4518,224,1.0346540212631226
High-straggler,Async-FedDRL,4518,225,1.0107196748256684
High-straggler,Async-FedDRL,4518,226,1.0130641281604766
High-straggler,Async-FedDRL,4518,227,1.0381903380155564
High-straggler,Async-FedDRL,4518,228,1.0018825829029083
High-straggler,Async-FedDRL,4518,229,1.0231963247060776
High-straggler,Async-FedDRL,4518,230,1.0366426050662993
High-straggler,Async-FedDRL,4518,231,1.0028383284807205
High-straggler,Async-FedDRL,4518,232,1.0250955134630204
High-straggler,Async-FedDRL,4518,233,1.0087813854217529
High-straggler,Async-FedDRL,4518,234,1.0316683262586595
High-straggler,Async-FedDRL,4518,235,1.0098207622766495
High-straggler,Async-FedDRL,4518,236,1.0076597571372985
High-straggler,Async-FedDRL,4518,237,1.0135094821453094
High-straggler,Async-FedDRL,4518,238,0.9992426216602326
High-straggler,Async-FedDRL,4518,239,1.0008469939231872
High-straggler,Async-FedDRL,4518,240,1.0219040751457213
High-straggler,Async-FedDRL,4518,241,1.0077541053295136
High-straggler,Async-FedDRL,4518,242,1.0235136419534683
High-straggler,Async-FedDRL,4518,243,0.9951182663440704
High-straggler,Async-FedDRL,4518,244,1.0025457262992858
High-straggler,Async-FedDRL,4518,245,1.015387126803398
High-straggler,Async-FedDRL,4518,246,0.9881227225065231
High-straggler,Async-FedDRL,4518,247,1.0142110586166382
High-straggler,Async-FedDRL,4518,248,1.0166461229324342
High-straggler,Async-FedDRL,4518,249,1.0000664293766022
High-straggler,Async-FedDRL,4518,250,1.0291059345006943
High-straggler,Async-FedDRL,4518,251,0.9980456233024597
High-straggler,Async-FedDRL,4518,252,0.9876787960529327
High-straggler,Async-FedDRL,4518,253,1.0068747967481613
High-straggler,Async-FedDRL,4518,254,0.9949243038892746
High-straggler,Async-FedDRL,4518,255,0.9943726658821106
High-straggler,Async-FedDRL,4518,256,0.9915035963058472
High-straggler,Async-FedDRL,4518,257,0.9895696192979813
High-straggler,Async-FedDRL,4518,258,1.0159125804901123
High-straggler,Async-FedDRL,4518,259,0.9827918738126755
High-straggler,Async-FedDRL,4518,260,1.0070984035730361
High-straggler,Async-FedDRL,4518,261,0.9904756188392639
High-straggler,Async-FedDRL,4518,262,0.9899192422628402
High-straggler,Async-FedDRL,4518,263,0.9814833790063858
High-straggler,Async-FedDRL,4518,264,0.9896216243505478
High-straggler,Async-FedDRL,4518,265,0.9852422863245011
High-straggler,Async-FedDRL,4518,266,0.9933689147233963
High-straggler,Async-FedDRL,4518,267,0.9845670014619827
High-straggler,Async-FedDRL,4518,268,0.9771804004907608
High-straggler,Async-FedDRL,4518,269,1.0027730733156204
High-straggler,Async-FedDRL,4518,270,0.9850581586360931
High-straggler,Async-FedDRL,4518,271,0.9983162850141525
High-straggler,Async-FedDRL,4518,272,0.9854233026504516
High-straggler,Async-FedDRL,4518,273,0.9758711695671082
High-straggler,Async-FedDRL,4518,274,1.0126382917165757
High-straggler,Async-FedDRL,4518,275,0.972708460688591
High-straggler,Async-FedDRL,4518,276,0.9819617718458176
High-straggler,Async-FedDRL,4518,277,0.9991520553827286
High-straggler,Async-FedDRL,4518,278,0.9897329986095429
High-straggler,Async-FedDRL,4518,279,0.9800700783729553
High-straggler,Async-FedDRL,4518,280,0.981510242819786
High-straggler,Async-FedDRL,4518,281,0.9852944642305375
High-straggler,Async-FedDRL,4518,282,0.9874136090278626
High-straggler,Async-FedDRL,4518,283,0.9983576953411102
High-straggler,Async-FedDRL,4518,284,0.9682822018861771
High-straggler,Async-FedDRL,4518,285,0.9999947637319565
High-straggler,Async-FedDRL,4518,286,0.9957378804683685
High-straggler,Async-FedDRL,4518,287,0.9981472432613373
High-straggler,Async-FedDRL,4518,288,0.9780129313468933
High-straggler,Async-FedDRL,4518,289,0.992987585067749
High-straggler,Async-FedDRL,4518,290,0.9915126025676727
High-straggler,Async-FedDRL,4518,291,0.9751260131597519
High-straggler,Async-FedDRL,4518,292,1.000863528251648
High-straggler,Async-FedDRL,4518,293,1.0091857105493545
High-straggler,Async-FedDRL,4518,294,0.982763233780861
High-straggler,Async-FedDRL,4518,295,0.9955997496843338
High-straggler,Async-FedDRL,4518,296,0.9811145097017289
High-straggler,Async-FedDRL,4518,297,0.9821687459945678
High-straggler,Async-FedDRL,4518,298,1.0003106117248535
High-straggler,Async-FedDRL,4518,299,0.9871205687522888
High-straggler,Async-FedDRL,4518,300,0.9623461127281189
High-straggler,Async-FedDRL,4518,301,0.9916104733943939
High-straggler,Async-FedDRL,4518,302,0.9822744578123093
High-straggler,Async-FedDRL,4518,303,0.9815080255270004
High-straggler,Async-FedDRL,4518,304,0.9821175277233124
High-straggler,Async-FedDRL,4518,305,0.955650320649147
High-straggler,Async-FedDRL,4518,306,0.9833530634641647
High-straggler,Async-FedDRL,4518,307,0.9686614006757737
High-straggler,Async-FedDRL,4518,308,0.9700035750865936
High-straggler,Async-FedDRL,4518,309,0.972148647904396
High-straggler,Async-FedDRL,4518,310,0.9652770191431046
High-straggler,Async-FedDRL,4518,311,0.9772501319646836
High-straggler,Async-FedDRL,4518,312,0.9831966996192932
High-straggler,Async-FedDRL,4518,313,0.9831003308296203
High-straggler,Async-FedDRL,4518,314,0.9615678578615189
High-straggler,Async-FedDRL,4518,315,0.9615638554096222
High-straggler,Async-FedDRL,4518,316,0.9803336828947067
High-straggler,Async-FedDRL,4518,317,0.9851590931415558
High-straggler,Async-FedDRL,4518,318,0.9719832688570023
High-straggler,Async-FedDRL,4518,319,0.95689956843853
High-straggler,Async-FedDRL,4518,320,0.9617111921310425
High-straggler,Async-FedDRL,4518,321,0.9691711843013764
High-straggler,Async-FedDRL,4518,322,0.9808759570121766
High-straggler,Async-FedDRL,4518,323,0.9646356195211411
High-straggler,Async-FedDRL,4518,324,0.9309528559446335
High-straggler,Async-FedDRL,4518,325,0.9760810375213623
High-straggler,Async-FedDRL,4518,326,0.9758559733629226
High-straggler,Async-FedDRL,4518,327,0.9652028918266297
High-straggler,Async-FedDRL,4518,328,0.9787597775459289
High-straggler,Async-FedDRL,4518,329,0.9643435001373291
High-straggler,Async-FedDRL,4518,330,0.9557589411735534
High-straggler,Async-FedDRL,4518,331,0.9688049882650376
High-straggler,Async-FedDRL,4518,332,0.9701202809810638
High-straggler,Async-FedDRL,4518,333,0.971564969420433
High-straggler,Async-FedDRL,4518,334,0.9753949016332626
High-straggler,Async-FedDRL,4518,335,0.9617403000593185
High-straggler,Async-FedDRL,4518,336,0.9599905878305435
High-straggler,Async-FedDRL,4518,337,0.9721781700849533
High-straggler,Async-FedDRL,4518,338,0.9813567727804184
High-straggler,Async-FedDRL,4518,339,0.9682826936244965
High-straggler,Async-FedDRL,4518,340,0.9802042722702027
High-straggler,Async-FedDRL,4518,341,0.9599636673927308
High-straggler,Async-FedDRL,4518,342,0.9522334545850754
High-straggler,Async-FedDRL,4518,343,0.9924127370119095
High-straggler,Async-FedDRL,4518,344,1.0014545530080796
High-straggler,Async-FedDRL,4518,345,0.9707035690546035
High-straggler,Async-FedDRL,4518,346,0.9674620658159256
High-straggler,Async-FedDRL,4518,347,0.9644215434789658
High-straggler,Async-FedDRL,4518,348,0.9679018527269363
High-straggler,Async-FedDRL,4518,349,0.9877657234668732
High-straggler,Async-FedDRL,4518,350,0.9875325947999954
High-straggler,Async-FedDRL,4518,351,0.9529894053936004
High-straggler,Async-FedDRL,4518,352,0.9525353133678436
High-straggler,Async-FedDRL,4518,353,0.9654330402612686
High-straggler,Async-FedDRL,4518,354,0.9644226849079132
High-straggler,Async-FedDRL,4518,355,0.9674474954605102
High-straggler,Async-FedDRL,4518,356,0.9637848705053329
High-straggler,Async-FedDRL,4518,357,0.9366930156946183
High-straggler,Async-FedDRL,4518,358,0.9596127450466156
High-straggler,Async-FedDRL,4518,359,0.9542577385902404
High-straggler,Async-FedDRL,4518,360,0.9674591988325119
High-straggler,Async-FedDRL,4518,361,0.9391672313213348
High-straggler,Async-FedDRL,4518,362,0.9445745497941971
High-straggler,Async-FedDRL,4518,363,0.956584244966507
High-straggler,Async-FedDRL,4518,364,0.961298480629921
High-straggler,Async-FedDRL,4518,365,0.9486955106258392
High-straggler,Async-FedDRL,4518,366,0.9300501555204391
High-straggler,Async-FedDRL,4518,367,0.959193080663681
High-straggler,Async-FedDRL,4518,368,0.9656588941812515
High-straggler,Async-FedDRL,4518,369,0.97031829059124
High-straggler,Async-FedDRL,4518,370,0.9548380732536316
High-straggler,Async-FedDRL,4518,371,0.9421660631895066
High-straggler,Async-FedDRL,4518,372,0.9489180445671082
High-straggler,Async-FedDRL,4518,373,0.9501554220914841
High-straggler,Async-FedDRL,4518,374,0.9581269711256027
High-straggler,Async-FedDRL,4518,375,0.9472093462944031
High-straggler,Async-FedDRL,4518,376,0.9660181313753128
High-straggler,Async-FedDRL,4518,377,0.9576507270336151
High-straggler,Async-FedDRL,4518,378,0.9482446819543838
High-straggler,Async-FedDRL,4518,379,0.9581439882516861
High-straggler,Async-FedDRL,4518,380,0.9490088880062103
High-straggler,Async-FedDRL,4518,381,0.9590762287378312
High-straggler,Async-FedDRL,4518,382,0.9584472507238389
High-straggler,Async-FedDRL,4518,383,0.9332482725381851
High-straggler,Async-FedDRL,4518,384,0.9725156843662262
High-straggler,Async-FedDRL,4518,385,0.9768391400575638
High-straggler,Async-FedDRL,4518,386,0.9627652555704117
High-straggler,Async-FedDRL,4518,387,0.9604137867689133
High-straggler,Async-FedDRL,4518,388,0.9607375383377075
High-straggler,Async-FedDRL,4518,389,0.9749580711126328
High-straggler,Async-FedDRL,4518,390,0.9802734225988388
High-straggler,Async-FedDRL,4518,391,0.9645521104335785
High-straggler,Async-FedDRL,4518,392,0.9706319123506546
High-straggler,Async-FedDRL,4518,393,0.9649644762277603
High-straggler,Async-FedDRL,4518,394,0.9539429992437363
High-straggler,Async-FedDRL,4518,395,0.9701796531677246
High-straggler,Async-FedDRL,4518,396,0.9662246942520142
High-straggler,Async-FedDRL,4518,397,0.9682565689086914
High-straggler,Async-FedDRL,4518,398,0.9487925440073013
High-straggler,Async-FedDRL,4518,399,0.9566799193620682
High-straggler,Async-FedDRL,4518,400,0.9615283727645874
High-straggler,Async-FedDRL,5629,1,1.383974266052246
High-straggler,Async-FedDRL,5629,2,1.3839783847332001
High-straggler,Async-FedDRL,5629,3,1.383944833278656
High-straggler,Async-FedDRL,5629,4,1.3835174143314362
High-straggler,Async-FedDRL,5629,5,1.3833831310272218
High-straggler,Async-FedDRL,5629,6,1.3828528225421906
High-straggler,Async-FedDRL,5629,7,1.3828917562961578
High-straggler,Async-FedDRL,5629,8,1.3828030109405518
High-straggler,Async-FedDRL,5629,9,1.3825798988342286
High-straggler,Async-FedDRL,5629,10,1.382375991344452
High-straggler,Async-FedDRL,5629,11,1.3820826649665832
High-straggler,Async-FedDRL,5629,12,1.3821081459522246
High-straggler,Async-FedDRL,5629,13,1.3814294338226318
High-straggler,Async-FedDRL,5629,14,1.3813938319683075
High-straggler,Async-FedDRL,5629,15,1.3810124039649962
High-straggler,Async-FedDRL,5629,16,1.3806050539016723
High-straggler,Async-FedDRL,5629,17,1.3802885949611663
High-straggler,Async-FedDRL,5629,18,1.3800470769405364
High-straggler,Async-FedDRL,5629,19,1.3796864688396453
High-straggler,Async-FedDRL,5629,20,1.3794672608375549
High-straggler,Async-FedDRL,5629,21,1.3790131092071534
High-straggler,Async-FedDRL,5629,22,1.3784251272678376
High-straggler,Async-FedDRL,5629,23,1.3784581482410432
High-straggler,Async-FedDRL,5629,24,1.3779308557510377
High-straggler,Async-FedDRL,5629,25,1.3774945616722107
High-straggler,Async-FedDRL,5629,26,1.3769425451755524
High-straggler,Async-FedDRL,5629,27,1.3767460823059081
High-straggler,Async-FedDRL,5629,28,1.376944786310196
High-straggler,Async-FedDRL,5629,29,1.3757528245449067
High-straggler,Async-FedDRL,5629,30,1.3757945835590362
High-straggler,Async-FedDRL,5629,31,1.375182968378067
High-straggler,Async-FedDRL,5629,32,1.3743971347808839
High-straggler,Async-FedDRL,5629,33,1.3742975890636444
High-straggler,Async-FedDRL,5629,34,1.373575794696808
High-straggler,Async-FedDRL,5629,35,1.3724795818328857
High-straggler,Async-FedDRL,5629,36,1.3731343805789948
High-straggler,Async-FedDRL,5629,37,1.371742856502533
High-straggler,Async-FedDRL,5629,38,1.3709932327270509
High-straggler,Async-FedDRL,5629,39,1.3705073714256286
High-straggler,Async-FedDRL,5629,40,1.3707385063171387
High-straggler,Async-FedDRL,5629,41,1.3690224289894104
High-straggler,Async-FedDRL,5629,42,1.3685430705547332
High-straggler,Async-FedDRL,5629,43,1.3681448996067047
High-straggler,Async-FedDRL,5629,44,1.3673758924007415
High-straggler,Async-FedDRL,5629,45,1.3668301105499268
High-straggler,Async-FedDRL,5629,46,1.365129816532135
High-straggler,Async-FedDRL,5629,47,1.3643382132053374
High-straggler,Async-FedDRL,5629,48,1.3634381771087647
High-straggler,Async-FedDRL,5629,49,1.362684142589569
High-straggler,Async-FedDRL,5629,50,1.3619292080402374
High-straggler,Async-FedDRL,5629,51,1.3610064923763274
High-straggler,Async-FedDRL,5629,52,1.3592395603656768
High-straggler,Async-FedDRL,5629,53,1.3593433678150177
High-straggler,Async-FedDRL,5629,54,1.357442170381546
High-straggler,Async-FedDRL,5629,55,1.3574398338794709
High-straggler,Async-FedDRL,5629,56,1.3551408648490906
High-straggler,Async-FedDRL,5629,57,1.3546139895915985
High-straggler,Async-FedDRL,5629,58,1.3521017611026764
High-straggler,Async-FedDRL,5629,59,1.3502974927425384
High-straggler,Async-FedDRL,5629,60,1.348389446735382
High-straggler,Async-FedDRL,5629,61,1.3516532123088836
High-straggler,Async-FedDRL,5629,62,1.3484970688819886
High-straggler,Async-FedDRL,5629,63,1.346450436115265
High-straggler,Async-FedDRL,5629,64,1.3423212051391602
High-straggler,Async-FedDRL,5629,65,1.3430580794811249
High-straggler,Async-FedDRL,5629,66,1.3439033567905425
High-straggler,Async-FedDRL,5629,67,1.3414296925067901
High-straggler,Async-FedDRL,5629,68,1.3363370537757873
High-straggler,Async-FedDRL,5629,69,1.3357429146766662
High-straggler,Async-FedDRL,5629,70,1.3332301139831544
High-straggler,Async-FedDRL,5629,71,1.3321335315704346
High-straggler,Async-FedDRL,5629,72,1.3264543175697328
High-straggler,Async-FedDRL,5629,73,1.3269375801086425
High-straggler,Async-FedDRL,5629,74,1.3226868569850923
High-straggler,Async-FedDRL,5629,75,1.3248741447925567
High-straggler,Async-FedDRL,5629,76,1.3183174073696136
High-straggler,Async-FedDRL,5629,77,1.3201500475406647
High-straggler,Async-FedDRL,5629,78,1.3179789066314698
High-straggler,Async-FedDRL,5629,79,1.3152471840381623
High-straggler,Async-FedDRL,5629,80,1.307025808095932
High-straggler,Async-FedDRL,5629,81,1.3084258794784547
High-straggler,Async-FedDRL,5629,82,1.3048918485641479
High-straggler,Async-FedDRL,5629,83,1.308865213394165
High-straggler,Async-FedDRL,5629,84,1.2996867835521697
High-straggler,Async-FedDRL,5629,85,1.2975388407707213
High-straggler,Async-FedDRL,5629,86,1.296256673336029
High-straggler,Async-FedDRL,5629,87,1.292165857553482
High-straggler,Async-FedDRL,5629,88,1.294463711977005
High-straggler,Async-FedDRL,5629,89,1.2852671086788177
High-straggler,Async-FedDRL,5629,90,1.2879479944705963
High-straggler,Async-FedDRL,5629,91,1.2852672159671783
High-straggler,Async-FedDRL,5629,92,1.2850511491298675
High-straggler,Async-FedDRL,5629,93,1.2755493342876434
High-straggler,Async-FedDRL,5629,94,1.2739182770252229
High-straggler,Async-FedDRL,5629,95,1.2762980222702027
High-straggler,Async-FedDRL,5629,96,1.2672004222869873
High-straggler,Async-FedDRL,5629,97,1.2665347337722779
High-straggler,Async-FedDRL,5629,98,1.2591706752777099
High-straggler,Async-FedDRL,5629,99,1.263574057817459
High-straggler,Async-FedDRL,5629,100,1.2607633352279664
High-straggler,Async-FedDRL,5629,101,1.254294466972351
High-straggler,Async-FedDRL,5629,102,1.2413930237293243
High-straggler,Async-FedDRL,5629,103,1.2527912855148315
High-straggler,Async-FedDRL,5629,104,1.246814250946045
High-straggler,Async-FedDRL,5629,105,1.238254326581955
High-straggler,Async-FedDRL,5629,106,1.2388550817966462
High-straggler,Async-FedDRL,5629,107,1.233109223842621
High-straggler,Async-FedDRL,5629,108,1.2345619916915893
High-straggler,Async-FedDRL,5629,109,1.2273022174835204
High-straggler,Async-FedDRL,5629,110,1.2242187559604645
High-straggler,Async-FedDRL,5629,111,1.2114930987358092
High-straggler,Async-FedDRL,5629,112,1.2160748422145844
High-straggler,Async-FedDRL,5629,113,1.2117007613182067
High-straggler,Async-FedDRL,5629,114,1.2083249270915986
High-straggler,Async-FedDRL,5629,115,1.2035697817802429
High-straggler,Async-FedDRL,5629,116,1.2040864765644073
High-straggler,Async-FedDRL,5629,117,1.2005781710147858
High-straggler,Async-FedDRL,5629,118,1.20237797498703
High-straggler,Async-FedDRL,5629,119,1.1978705167770385
High-straggler,Async-FedDRL,5629,120,1.1898904144763947
High-straggler,Async-FedDRL,5629,121,1.1813174605369567
High-straggler,Async-FedDRL,5629,122,1.1833142161369323
High-straggler,Async-FedDRL,5629,123,1.1847977221012116
High-straggler,Async-FedDRL,5629,124,1.171728539466858
High-straggler,Async-FedDRL,5629,125,1.1800542533397675
High-straggler,Async-FedDRL,5629,126,1.159678965806961
High-straggler,Async-FedDRL,5629,127,1.1600200057029724
High-straggler,Async-FedDRL,5629,128,1.1701428174972535
High-straggler,Async-FedDRL,5629,129,1.162549877166748
High-straggler,Async-FedDRL,5629,130,1.1620200455188752
High-straggler,Async-FedDRL,5629,131,1.1497577250003814
High-straggler,Async-FedDRL,5629,132,1.1441020250320435
High-straggler,Async-FedDRL,5629,133,1.1456154525279998
High-straggler,Async-FedDRL,5629,134,1.1421278238296508
High-straggler,Async-FedDRL,5629,135,1.1359478116035462
High-straggler,Async-FedDRL,5629,136,1.1425836205482482
High-straggler,Async-FedDRL,5629,137,1.1459578335285188
High-straggler,Async-FedDRL,5629,138,1.1318234860897065
High-straggler,Async-FedDRL,5629,139,1.1218534588813782
High-straggler,Async-FedDRL,5629,140,1.134916740655899
High-straggler,Async-FedDRL,5629,141,1.1308578193187713
High-straggler,Async-FedDRL,5629,142,1.1181939244270325
High-straggler,Async-FedDRL,5629,143,1.118830156326294
High-straggler,Async-FedDRL,5629,144,1.1160542786121368
High-straggler,Async-FedDRL,5629,145,1.1205376267433167
High-straggler,Async-FedDRL,5629,146,1.1214829862117768
High-straggler,Async-FedDRL,5629,147,1.1059915900230408
High-straggler,Async-FedDRL,5629,148,1.115431970357895
High-straggler,Async-FedDRL,5629,149,1.1087928533554077
High-straggler,Async-FedDRL,5629,150,1.1044932901859283
High-straggler,Async-FedDRL,5629,151,1.1171707689762116
High-straggler,Async-FedDRL,5629,152,1.091080802679062
High-straggler,Async-FedDRL,5629,153,1.0885322749614716
High-straggler,Async-FedDRL,5629,154,1.0987290382385253
High-straggler,Async-FedDRL,5629,155,1.1004594027996064
High-straggler,Async-FedDRL,5629,156,1.0931880354881287
High-straggler,Async-FedDRL,5629,157,1.0855310022830964
High-straggler,Async-FedDRL,5629,158,1.0801960408687592
High-straggler,Async-FedDRL,5629,159,1.0668326377868653
High-straggler,Async-FedDRL,5629,160,1.0661984443664552
High-straggler,Async-FedDRL,5629,161,1.0846631705760956
High-straggler,Async-FedDRL,5629,162,1.0637442111968993
High-straggler,Async-FedDRL,5629,163,1.0569858014583589
High-straggler,Async-FedDRL,5629,164,1.0460323572158814
High-straggler,Async-FedDRL,5629,165,1.0649123042821884
High-straggler,Async-FedDRL,5629,166,1.0695945382118226
High-straggler,Async-FedDRL,5629,167,1.0551461815834045
High-straggler,Async-FedDRL,5629,168,1.0497749537229537
High-straggler,Async-FedDRL,5629,169,1.0423679113388062
High-straggler,Async-FedDRL,5629,170,1.038143014907837
High-straggler,Async-FedDRL,5629,171,1.055461922287941
High-straggler,Async-FedDRL,5629,172,1.0263125270605087
High-straggler,Async-FedDRL,5629,173,1.0262549430131913
High-straggler,Async-FedDRL,5629,174,1.0242733806371689
High-straggler,Async-FedDRL,5629,175,1.0334593653678894
High-straggler,Async-FedDRL,5629,176,1.0146647065877914
High-straggler,Async-FedDRL,5629,177,1.0277736485004425
High-straggler,Async-FedDRL,5629,178,1.0241802036762238
High-straggler,Async-FedDRL,5629,179,1.022283783555031
High-straggler,Async-FedDRL,5629,180,1.0085864812135696
High-straggler,Async-FedDRL,5629,181,1.0269535601139068
High-straggler,Async-FedDRL,5629,182,1.030760684609413
High-straggler,Async-FedDRL,5629,183,1.0186121225357057
High-straggler,Async-FedDRL,5629,184,1.0024365574121474
High-straggler,Async-FedDRL,5629,185,1.0064567416906356
High-straggler,Async-FedDRL,5629,186,1.020272535085678
High-straggler,Async-FedDRL,5629,187,1.024391496181488
High-straggler,Async-FedDRL,5629,188,0.9881966710090637
High-straggler,Async-FedDRL,5629,189,1.003929242491722
High-straggler,Async-FedDRL,5629,190,1.0024668246507644
High-straggler,Async-FedDRL,5629,191,1.0026613384485246
High-straggler,Async-FedDRL,5629,192,1.0172277957201004
High-straggler,Async-FedDRL,5629,193,0.9874606013298035
High-straggler,Async-FedDRL,5629,194,1.0165044724941255
High-straggler,Async-FedDRL,5629,195,0.9996663749217987
High-straggler,Async-FedDRL,5629,196,0.9944684535264969
High-straggler,Async-FedDRL,5629,197,0.9847925812005996
High-straggler,Async-FedDRL,5629,198,0.9827463746070861
High-straggler,Async-FedDRL,5629,199,1.005535787343979
High-straggler,Async-FedDRL,5629,200,0.9906517118215561
High-straggler,Async-FedDRL,5629,201,0.9791472911834717
High-straggler,Async-FedDRL,5629,202,0.9874629020690918
High-straggler,Async-FedDRL,5629,203,0.9837296426296234
High-straggler,Async-FedDRL,5629,204,0.9850455403327942
High-straggler,Async-FedDRL,5629,205,0.9920022904872894
High-straggler,Async-FedDRL,5629,206,0.9764230012893677
High-straggler,Async-FedDRL,5629,207,0.9735277086496353
High-straggler,Async-FedDRL,5629,208,0.9721361607313156
High-straggler,Async-FedDRL,5629,209,0.9643294781446456
High-straggler,Async-FedDRL,5629,210,0.966869780421257
High-straggler,Async-FedDRL,5629,211,0.9789023399353027
High-straggler,Async-FedDRL,5629,212,0.975559052824974
High-straggler,Async-FedDRL,5629,213,0.9734645873308182
High-straggler,Async-FedDRL,5629,214,0.9336292773485184
High-straggler,Async-FedDRL,5629,215,0.9789529323577881
High-straggler,Async-FedDRL,5629,216,0.9566378474235535
High-straggler,Async-FedDRL,5629,217,0.9337398409843445
High-straggler,Async-FedDRL,5629,218,0.9575698018074036
High-straggler,Async-FedDRL,5629,219,0.9252854436635971
High-straggler,Async-FedDRL,5629,220,0.9628773212432862
High-straggler,Async-FedDRL,5629,221,0.9647716879844666
High-straggler,Async-FedDRL,5629,222,0.9348282277584076
High-straggler,Async-FedDRL,5629,223,0.930220952630043
High-straggler,Async-FedDRL,5629,224,0.9536867022514344
High-straggler,Async-FedDRL,5629,225,0.9627288609743119
High-straggler,Async-FedDRL,5629,226,0.9334038555622101
High-straggler,Async-FedDRL,5629,227,0.9681383073329926
High-straggler,Async-FedDRL,5629,228,0.9417593717575073
High-straggler,Async-FedDRL,5629,229,0.9306113511323929
High-straggler,Async-FedDRL,5629,230,0.9483248770236969
High-straggler,Async-FedDRL,5629,231,0.9464272201061249
High-straggler,Async-FedDRL,5629,232,0.9660905361175537
High-straggler,Async-FedDRL,5629,233,0.9450859189033508
High-straggler,Async-FedDRL,5629,234,0.9261328309774399
High-straggler,Async-FedDRL,5629,235,0.9296971261501312
High-straggler,Async-FedDRL,5629,236,0.9493519544601441
High-straggler,Async-FedDRL,5629,237,0.9764010787010193
High-straggler,Async-FedDRL,5629,238,0.9219726681709289
High-straggler,Async-FedDRL,5629,239,0.9330131739377976
High-straggler,Async-FedDRL,5629,240,0.9400056779384613
High-straggler,Async-FedDRL,5629,241,0.9274321615695953
High-straggler,Async-FedDRL,5629,242,0.9377290427684783
High-straggler,Async-FedDRL,5629,243,0.9150838643312454
High-straggler,Async-FedDRL,5629,244,0.9293599188327789
High-straggler,Async-FedDRL,5629,245,0.9289965957403183
High-straggler,Async-FedDRL,5629,246,0.940040546655655
High-straggler,Async-FedDRL,5629,247,0.9077241808176041
High-straggler,Async-FedDRL,5629,248,0.9136689752340317
High-straggler,Async-FedDRL,5629,249,0.9348641365766526
High-straggler,Async-FedDRL,5629,250,0.9311956822872162
High-straggler,Async-FedDRL,5629,251,0.9108881235122681
High-straggler,Async-FedDRL,5629,252,0.9313048422336578
High-straggler,Async-FedDRL,5629,253,0.9190025180578232
High-straggler,Async-FedDRL,5629,254,0.9382147699594497
High-straggler,Async-FedDRL,5629,255,0.9127369195222854
High-straggler,Async-FedDRL,5629,256,0.9380268543958664
High-straggler,Async-FedDRL,5629,257,0.9201075434684753
High-straggler,Async-FedDRL,5629,258,0.926975104212761
High-straggler,Async-FedDRL,5629,259,0.9256436765193939
High-straggler,Async-FedDRL,5629,260,0.9278860658407211
High-straggler,Async-FedDRL,5629,261,0.9110201925039292
High-straggler,Async-FedDRL,5629,262,0.925472491979599
High-straggler,Async-FedDRL,5629,263,0.9341822236776351
High-straggler,Async-FedDRL,5629,264,0.9234419196844101
High-straggler,Async-FedDRL,5629,265,0.9220234006643295
High-straggler,Async-FedDRL,5629,266,0.9303240180015564
High-straggler,Async-FedDRL,5629,267,0.9205293208360672
High-straggler,Async-FedDRL,5629,268,0.9321255177259445
High-straggler,Async-FedDRL,5629,269,0.9296076714992523
High-straggler,Async-FedDRL,5629,270,0.9164424926042557
High-straggler,Async-FedDRL,5629,271,0.9080770075321197
High-straggler,Async-FedDRL,5629,272,0.9158223390579223
High-straggler,Async-FedDRL,5629,273,0.92928087413311
High-straggler,Async-FedDRL,5629,274,0.9243416339159012
High-straggler,Async-FedDRL,5629,275,0.9286418825387954
High-straggler,Async-FedDRL,5629,276,0.9185144513845444
High-straggler,Async-FedDRL,5629,277,0.9141477763652801
High-straggler,Async-FedDRL,5629,278,0.9017726182937622
High-straggler,Async-FedDRL,5629,279,0.9273593157529831
High-straggler,Async-FedDRL,5629,280,0.9169030725955963
High-straggler,Async-FedDRL,5629,281,0.9279140949249267
High-straggler,Async-FedDRL,5629,282,0.8978816539049148
High-straggler,Async-FedDRL,5629,283,0.9289941787719727
High-straggler,Async-FedDRL,5629,284,0.9142566442489624
High-straggler,Async-FedDRL,5629,285,0.9182340413331985
High-straggler,Async-FedDRL,5629,286,0.9154796212911606
High-straggler,Async-FedDRL,5629,287,0.9292235642671585
High-straggler,Async-FedDRL,5629,288,0.9501656353473663
High-straggler,Async-FedDRL,5629,289,0.9189344614744186
High-straggler,Async-FedDRL,5629,290,0.934305801987648
High-straggler,Async-FedDRL,5629,291,0.9302053600549698
High-straggler,Async-FedDRL,5629,292,0.9398748844861984
High-straggler,Async-FedDRL,5629,293,0.9429123431444169
High-straggler,Async-FedDRL,5629,294,0.9555380314588546
High-straggler,Async-FedDRL,5629,295,0.9142813354730606
High-straggler,Async-FedDRL,5629,296,0.9220052719116211
High-straggler,Async-FedDRL,5629,297,0.9437870442867279
High-straggler,Async-FedDRL,5629,298,0.9263534724712372
High-straggler,Async-FedDRL,5629,299,0.923959755897522
High-straggler,Async-FedDRL,5629,300,0.9300493925809861
High-straggler,Async-FedDRL,5629,301,0.9386401325464249
High-straggler,Async-FedDRL,5629,302,0.9521102637052536
High-straggler,Async-FedDRL,5629,303,0.930867213010788
High-straggler,Async-FedDRL,5629,304,0.9142378598451615
High-straggler,Async-FedDRL,5629,305,0.9219501048326493
High-straggler,Async-FedDRL,5629,306,0.9265470027923584
High-straggler,Async-FedDRL,5629,307,0.940754446387291
High-straggler,Async-FedDRL,5629,308,0.9089867472648621
High-straggler,Async-FedDRL,5629,309,0.9462529450654984
High-straggler,Async-FedDRL,5629,310,0.9244472503662109
High-straggler,Async-FedDRL,5629,311,0.9281595408916473
High-straggler,Async-FedDRL,5629,312,0.9384083360433578
High-straggler,Async-FedDRL,5629,313,0.9246331542730332
High-straggler,Async-FedDRL,5629,314,0.9325672894716263
High-straggler,Async-FedDRL,5629,315,0.9320490658283234
High-straggler,Async-FedDRL,5629,316,0.9333867877721786
High-straggler,Async-FedDRL,5629,317,0.9254101485013961
High-straggler,Async-FedDRL,5629,318,0.9122767984867096
High-straggler,Async-FedDRL,5629,319,0.9166891396045684
High-straggler,Async-FedDRL,5629,320,0.9234423071146012
High-straggler,Async-FedDRL,5629,321,0.9255811214447022
High-straggler,Async-FedDRL,5629,322,0.9061866492033005
High-straggler,Async-FedDRL,5629,323,0.91360984146595
High-straggler,Async-FedDRL,5629,324,0.9421522706747055
High-straggler,Async-FedDRL,5629,325,0.9292004585266114
High-straggler,Async-FedDRL,5629,326,0.9114120393991471
High-straggler,Async-FedDRL,5629,327,0.9235416948795319
High-straggler,Async-FedDRL,5629,328,0.9281399220228195
High-straggler,Async-FedDRL,5629,329,0.9011091619729996
High-straggler,Async-FedDRL,5629,330,0.9057305425405502
High-straggler,Async-FedDRL,5629,331,0.9185962200164794
High-straggler,Async-FedDRL,5629,332,0.8831203877925873
High-straggler,Async-FedDRL,5629,333,0.887457424402237
High-straggler,Async-FedDRL,5629,334,0.9412439644336701
High-straggler,Async-FedDRL,5629,335,0.9216250598430633
High-straggler,Async-FedDRL,5629,336,0.9016105979681015
High-straggler,Async-FedDRL,5629,337,0.9020149379968643
High-straggler,Async-FedDRL,5629,338,0.9326689332723618
High-straggler,Async-FedDRL,5629,339,0.925189557671547
High-straggler,Async-FedDRL,5629,340,0.9187458902597427
High-straggler,Async-FedDRL,5629,341,0.9055410027503967
High-straggler,Async-FedDRL,5629,342,0.9258211851119995
High-straggler,Async-FedDRL,5629,343,0.9294920206069947
High-straggler,Async-FedDRL,5629,344,0.9393171489238739
High-straggler,Async-FedDRL,5629,345,0.9296898663043975
High-straggler,Async-FedDRL,5629,346,0.9335929065942764
High-straggler,Async-FedDRL,5629,347,0.9191977977752686
High-straggler,Async-FedDRL,5629,348,0.9430498510599137
High-straggler,Async-FedDRL,5629,349,0.9328887343406678
High-straggler,Async-FedDRL,5629,350,0.9091390609741211
High-straggler,Async-FedDRL,5629,351,0.9372041136026382
High-straggler,Async-FedDRL,5629,352,0.9153461188077927
High-straggler,Async-FedDRL,5629,353,0.9327735900878906
High-straggler,Async-FedDRL,5629,354,0.9528410792350769
High-straggler,Async-FedDRL,5629,355,0.9085952460765838
High-straggler,Async-FedDRL,5629,356,0.928018918633461
High-straggler,Async-FedDRL,5629,357,0.9160850822925568
High-straggler,Async-FedDRL,5629,358,0.94782395362854
High-straggler,Async-FedDRL,5629,359,0.9590881019830704
High-straggler,Async-FedDRL,5629,360,0.9283721536397934
High-straggler,Async-FedDRL,5629,361,0.9206327229738236
High-straggler,Async-FedDRL,5629,362,0.9525231540203094
High-straggler,Async-FedDRL,5629,363,0.9286346226930619
High-straggler,Async-FedDRL,5629,364,0.9199127197265625
High-straggler,Async-FedDRL,5629,365,0.949556702375412
High-straggler,Async-FedDRL,5629,366,0.9490738779306411
High-straggler,Async-FedDRL,5629,367,0.9479910403490066
High-straggler,Async-FedDRL,5629,368,0.9204486936330796
High-straggler,Async-FedDRL,5629,369,0.9481711834669113
High-straggler,Async-FedDRL,5629,370,0.9537510603666306
High-straggler,Async-FedDRL,5629,371,0.9406946539878845
High-straggler,Async-FedDRL,5629,372,0.9509841561317444
High-straggler,Async-FedDRL,5629,373,0.9425963073968887
High-straggler,Async-FedDRL,5629,374,0.9296362340450287
High-straggler,Async-FedDRL,5629,375,0.9445499241352081
High-straggler,Async-FedDRL,5629,376,0.9389152318239212
High-straggler,Async-FedDRL,5629,377,0.9702334702014923
High-straggler,Async-FedDRL,5629,378,0.9477933764457702
High-straggler,Async-FedDRL,5629,379,0.9375359207391739
High-straggler,Async-FedDRL,5629,380,0.9583259761333466
High-straggler,Async-FedDRL,5629,381,0.9336066365242004
High-straggler,Async-FedDRL,5629,382,0.9456491202116013
High-straggler,Async-FedDRL,5629,383,0.9393907159566879
High-straggler,Async-FedDRL,5629,384,0.9588127046823501
High-straggler,Async-FedDRL,5629,385,0.9281835585832596
High-straggler,Async-FedDRL,5629,386,0.941984447836876
High-straggler,Async-FedDRL,5629,387,0.945262947678566
High-straggler,Async-FedDRL,5629,388,0.958218514919281
High-straggler,Async-FedDRL,5629,389,0.9614775568246842
High-straggler,Async-FedDRL,5629,390,0.9394230246543884
High-straggler,Async-FedDRL,5629,391,0.9453543484210968
High-straggler,Async-FedDRL,5629,392,0.9639620542526245
High-straggler,Async-FedDRL,5629,393,0.9524361878633499
High-straggler,Async-FedDRL,5629,394,0.9462093412876129
High-straggler,Async-FedDRL,5629,395,0.9543115645647049
High-straggler,Async-FedDRL,5629,396,0.9621783912181854
High-straggler,Async-FedDRL,5629,397,0.9782617777585983
High-straggler,Async-FedDRL,5629,398,0.9434979349374771
High-straggler,Async-FedDRL,5629,399,0.9396769553422928
High-straggler,Async-FedDRL,5629,400,0.9564468145370484
High-straggler,Async-FedDRL,6740,1,1.3825024127960206
High-straggler,Async-FedDRL,6740,2,1.3824182868003845
High-straggler,Async-FedDRL,6740,3,1.3825946152210236
High-straggler,Async-FedDRL,6740,4,1.3821680188179015
High-straggler,Async-FedDRL,6740,5,1.382012277841568
High-straggler,Async-FedDRL,6740,6,1.3818627417087554
High-straggler,Async-FedDRL,6740,7,1.3817115068435668
High-straggler,Async-FedDRL,6740,8,1.3812254130840302
High-straggler,Async-FedDRL,6740,9,1.3813358664512634
High-straggler,Async-FedDRL,6740,10,1.3807696640491485
High-straggler,Async-FedDRL,6740,11,1.3805484235286714
High-straggler,Async-FedDRL,6740,12,1.3803413450717925
High-straggler,Async-FedDRL,6740,13,1.3801206529140473
High-straggler,Async-FedDRL,6740,14,1.3798283338546753
High-straggler,Async-FedDRL,6740,15,1.3794627368450165
High-straggler,Async-FedDRL,6740,16,1.3789904534816741
High-straggler,Async-FedDRL,6740,17,1.3784429848194122
High-straggler,Async-FedDRL,6740,18,1.378485870361328
High-straggler,Async-FedDRL,6740,19,1.3780743896961212
High-straggler,Async-FedDRL,6740,20,1.3776185989379883
High-straggler,Async-FedDRL,6740,21,1.377061676979065
High-straggler,Async-FedDRL,6740,22,1.3769586741924287
High-straggler,Async-FedDRL,6740,23,1.3756355166435241
High-straggler,Async-FedDRL,6740,24,1.3760554850101472
High-straggler,Async-FedDRL,6740,25,1.3755261898040771
High-straggler,Async-FedDRL,6740,26,1.3751359224319457
High-straggler,Async-FedDRL,6740,27,1.3752873361110687
High-straggler,Async-FedDRL,6740,28,1.3741365730762483
High-straggler,Async-FedDRL,6740,29,1.3742644667625428
High-straggler,Async-FedDRL,6740,30,1.371598720550537
High-straggler,Async-FedDRL,6740,31,1.3724070847034455
High-straggler,Async-FedDRL,6740,32,1.3728321015834808
High-straggler,Async-FedDRL,6740,33,1.3708378791809082
High-straggler,Async-FedDRL,6740,34,1.3702903866767884
High-straggler,Async-FedDRL,6740,35,1.3708772599697112
High-straggler,Async-FedDRL,6740,36,1.36995609998703
High-straggler,Async-FedDRL,6740,37,1.3690268695354462
High-straggler,Async-FedDRL,6740,38,1.3678398966789245
High-straggler,Async-FedDRL,6740,39,1.3676980137825012
High-straggler,Async-FedDRL,6740,40,1.3668755173683167
High-straggler,Async-FedDRL,6740,41,1.3658108115196228
High-straggler,Async-FedDRL,6740,42,1.363751882314682
High-straggler,Async-FedDRL,6740,43,1.3645338416099548
High-straggler,Async-FedDRL,6740,44,1.3647821247577667
High-straggler,Async-FedDRL,6740,45,1.3622343301773072
High-straggler,Async-FedDRL,6740,46,1.361256206035614
High-straggler,Async-FedDRL,6740,47,1.3596341729164123
High-straggler,Async-FedDRL,6740,48,1.3596433341503142
High-straggler,Async-FedDRL,6740,49,1.3573343813419343
High-straggler,Async-FedDRL,6740,50,1.3566278994083405
High-straggler,Async-FedDRL,6740,51,1.3539614021778106
High-straggler,Async-FedDRL,6740,52,1.3535801649093628
High-straggler,Async-FedDRL,6740,53,1.351183044910431
High-straggler,Async-FedDRL,6740,54,1.3518908619880676
High-straggler,Async-FedDRL,6740,55,1.349659538269043
High-straggler,Async-FedDRL,6740,56,1.349725991487503
High-straggler,Async-FedDRL,6740,57,1.3477503836154938
High-straggler,Async-FedDRL,6740,58,1.3446970283985138
High-straggler,Async-FedDRL,6740,59,1.3447730541229248
High-straggler,Async-FedDRL,6740,60,1.3432242214679717
High-straggler,Async-FedDRL,6740,61,1.340485292673111
High-straggler,Async-FedDRL,6740,62,1.3401805937290192
High-straggler,Async-FedDRL,6740,63,1.3389997839927674
High-straggler,Async-FedDRL,6740,64,1.3379026889801025
High-straggler,Async-FedDRL,6740,65,1.3347019791603087
High-straggler,Async-FedDRL,6740,66,1.3325879156589509
High-straggler,Async-FedDRL,6740,67,1.333159053325653
High-straggler,Async-FedDRL,6740,68,1.3306862592697144
High-straggler,Async-FedDRL,6740,69,1.3297376096248628
High-straggler,Async-FedDRL,6740,70,1.3229238450527192
High-straggler,Async-FedDRL,6740,71,1.3222989857196807
High-straggler,Async-FedDRL,6740,72,1.3232596039772033
High-straggler,Async-FedDRL,6740,73,1.318853384256363
High-straggler,Async-FedDRL,6740,74,1.3160635471343993
High-straggler,Async-FedDRL,6740,75,1.31397642493248
High-straggler,Async-FedDRL,6740,76,1.3101729333400727
High-straggler,Async-FedDRL,6740,77,1.3101083040237427
High-straggler,Async-FedDRL,6740,78,1.3064476072788238
High-straggler,Async-FedDRL,6740,79,1.2999543070793151
High-straggler,Async-FedDRL,6740,80,1.299468034505844
High-straggler,Async-FedDRL,6740,81,1.2981355488300323
High-straggler,Async-FedDRL,6740,82,1.2989280462265014
High-straggler,Async-FedDRL,6740,83,1.2957517385482789
High-straggler,Async-FedDRL,6740,84,1.2904277920722962
High-straggler,Async-FedDRL,6740,85,1.2905129551887513
High-straggler,Async-FedDRL,6740,86,1.2897511839866638
High-straggler,Async-FedDRL,6740,87,1.2856729686260224
High-straggler,Async-FedDRL,6740,88,1.2792964994907379
High-straggler,Async-FedDRL,6740,89,1.277853149175644
High-straggler,Async-FedDRL,6740,90,1.2734371662139892
High-straggler,Async-FedDRL,6740,91,1.2723898887634277
High-straggler,Async-FedDRL,6740,92,1.2639392733573913
High-straggler,Async-FedDRL,6740,93,1.268946534395218
High-straggler,Async-FedDRL,6740,94,1.2640578210353852
High-straggler,Async-FedDRL,6740,95,1.255498892068863
High-straggler,Async-FedDRL,6740,96,1.2606750071048736
High-straggler,Async-FedDRL,6740,97,1.2528284549713136
High-straggler,Async-FedDRL,6740,98,1.2501717865467072
High-straggler,Async-FedDRL,6740,99,1.2477075278759002
High-straggler,Async-FedDRL,6740,100,1.2482237696647644
High-straggler,Async-FedDRL,6740,101,1.2427554547786712
High-straggler,Async-FedDRL,6740,102,1.2325995981693267
High-straggler,Async-FedDRL,6740,103,1.2388103187084198
High-straggler,Async-FedDRL,6740,104,1.2309774100780486
High-straggler,Async-FedDRL,6740,105,1.225328952074051
High-straggler,Async-FedDRL,6740,106,1.2275579750537873
High-straggler,Async-FedDRL,6740,107,1.2223495841026306
High-straggler,Async-FedDRL,6740,108,1.2217166423797607
High-straggler,Async-FedDRL,6740,109,1.226003897190094
High-straggler,Async-FedDRL,6740,110,1.217966866493225
High-straggler,Async-FedDRL,6740,111,1.2032322883605957
High-straggler,Async-FedDRL,6740,112,1.2032447755336761
High-straggler,Async-FedDRL,6740,113,1.2133577764034271
High-straggler,Async-FedDRL,6740,114,1.2092277824878692
High-straggler,Async-FedDRL,6740,115,1.1908631563186645
High-straggler,Async-FedDRL,6740,116,1.2005610406398772
High-straggler,Async-FedDRL,6740,117,1.19052414894104
High-straggler,Async-FedDRL,6740,118,1.1967351913452149
High-straggler,Async-FedDRL,6740,119,1.1885253667831421
High-straggler,Async-FedDRL,6740,120,1.1785186052322387
High-straggler,Async-FedDRL,6740,121,1.19298854470253
High-straggler,Async-FedDRL,6740,122,1.1755682945251464
High-straggler,Async-FedDRL,6740,123,1.1813483715057373
High-straggler,Async-FedDRL,6740,124,1.1866813957691194
High-straggler,Async-FedDRL,6740,125,1.175044596195221
High-straggler,Async-FedDRL,6740,126,1.1769863486289978
High-straggler,Async-FedDRL,6740,127,1.1621906816959382
High-straggler,Async-FedDRL,6740,128,1.160153329372406
High-straggler,Async-FedDRL,6740,129,1.1500065922737122
High-straggler,Async-FedDRL,6740,130,1.1638329029083252
High-straggler,Async-FedDRL,6740,131,1.1441705584526063
High-straggler,Async-FedDRL,6740,132,1.1426661670207978
High-straggler,Async-FedDRL,6740,133,1.1403153836727142
High-straggler,Async-FedDRL,6740,134,1.1501239597797395
High-straggler,Async-FedDRL,6740,135,1.128478354215622
High-straggler,Async-FedDRL,6740,136,1.1381022155284881
High-straggler,Async-FedDRL,6740,137,1.1367949664592742
High-straggler,Async-FedDRL,6740,138,1.133763724565506
High-straggler,Async-FedDRL,6740,139,1.1302901089191437
High-straggler,Async-FedDRL,6740,140,1.1193664729595185
High-straggler,Async-FedDRL,6740,141,1.118367213010788
High-straggler,Async-FedDRL,6740,142,1.1218859374523162
High-straggler,Async-FedDRL,6740,143,1.1146137773990632
High-straggler,Async-FedDRL,6740,144,1.1207870066165924
High-straggler,Async-FedDRL,6740,145,1.1116854071617126
High-straggler,Async-FedDRL,6740,146,1.097240674495697
High-straggler,Async-FedDRL,6740,147,1.0830324411392211
High-straggler,Async-FedDRL,6740,148,1.107435756921768
High-straggler,Async-FedDRL,6740,149,1.1035454094409942
High-straggler,Async-FedDRL,6740,150,1.0956224381923676
High-straggler,Async-FedDRL,6740,151,1.1030141472816468
High-straggler,Async-FedDRL,6740,152,1.1052221000194549
High-straggler,Async-FedDRL,6740,153,1.0865607380867004
High-straggler,Async-FedDRL,6740,154,1.1015045166015625
High-straggler,Async-FedDRL,6740,155,1.0879384934902192
High-straggler,Async-FedDRL,6740,156,1.0952884435653687
High-straggler,Async-FedDRL,6740,157,1.0995525896549225
High-straggler,Async-FedDRL,6740,158,1.098557436466217
High-straggler,Async-FedDRL,6740,159,1.0938647389411926
High-straggler,Async-FedDRL,6740,160,1.085330718755722
High-straggler,Async-FedDRL,6740,161,1.081728708744049
High-straggler,Async-FedDRL,6740,162,1.0825117826461792
High-straggler,Async-FedDRL,6740,163,1.083800232410431
High-straggler,Async-FedDRL,6740,164,1.0836055099964141
High-straggler,Async-FedDRL,6740,165,1.0760295331478118
High-straggler,Async-FedDRL,6740,166,1.066475772857666
High-straggler,Async-FedDRL,6740,167,1.07352157831192
High-straggler,Async-FedDRL,6740,168,1.079564815759659
High-straggler,Async-FedDRL,6740,169,1.0668777465820312
High-straggler,Async-FedDRL,6740,170,1.0516371995210647
High-straggler,Async-FedDRL,6740,171,1.0565277338027954
High-straggler,Async-FedDRL,6740,172,1.0490275770425797
High-straggler,Async-FedDRL,6740,173,1.0577742427587509
High-straggler,Async-FedDRL,6740,174,1.0608666658401489
High-straggler,Async-FedDRL,6740,175,1.0572236478328705
High-straggler,Async-FedDRL,6740,176,1.0482737183570863
High-straggler,Async-FedDRL,6740,177,1.0445311188697814
High-straggler,Async-FedDRL,6740,178,1.041530856490135
High-straggler,Async-FedDRL,6740,179,1.0377458900213241
High-straggler,Async-FedDRL,6740,180,1.041724482178688
High-straggler,Async-FedDRL,6740,181,1.0400544822216033
High-straggler,Async-FedDRL,6740,182,1.0371178030967712
High-straggler,Async-FedDRL,6740,183,1.0439184755086899
High-straggler,Async-FedDRL,6740,184,1.0098000854253768
High-straggler,Async-FedDRL,6740,185,1.0212318688631057
High-straggler,Async-FedDRL,6740,186,1.048760324716568
High-straggler,Async-FedDRL,6740,187,1.024986708164215
High-straggler,Async-FedDRL,6740,188,1.035414183139801
High-straggler,Async-FedDRL,6740,189,1.0107341259717941
High-straggler,Async-FedDRL,6740,190,1.0359067052602768
High-straggler,Async-FedDRL,6740,191,1.0168704122304917
High-straggler,Async-FedDRL,6740,192,1.0350360244512558
High-straggler,Async-FedDRL,6740,193,1.0357262581586837
High-straggler,Async-FedDRL,6740,194,1.0158465594053268
High-straggler,Async-FedDRL,6740,195,0.9904700100421906
High-straggler,Async-FedDRL,6740,196,1.0069409132003784
High-straggler,Async-FedDRL,6740,197,1.022878310084343
High-straggler,Async-FedDRL,6740,198,1.0115130186080932
High-straggler,Async-FedDRL,6740,199,0.9957561820745469
High-straggler,Async-FedDRL,6740,200,1.024507012963295
High-straggler,Async-FedDRL,6740,201,1.0132641822099686
High-straggler,Async-FedDRL,6740,202,0.9959056943655014
High-straggler,Async-FedDRL,6740,203,1.0117492079734802
High-straggler,Async-FedDRL,6740,204,1.015255469083786
High-straggler,Async-FedDRL,6740,205,1.0079419642686844
High-straggler,Async-FedDRL,6740,206,1.007332980632782
High-straggler,Async-FedDRL,6740,207,1.0039791107177733
High-straggler,Async-FedDRL,6740,208,1.0061284959316255
High-straggler,Async-FedDRL,6740,209,0.9993796557188034
High-straggler,Async-FedDRL,6740,210,0.9952659636735917
High-straggler,Async-FedDRL,6740,211,1.0042069792747497
High-straggler,Async-FedDRL,6740,212,0.987601974606514
High-straggler,Async-FedDRL,6740,213,1.0031939297914505
High-straggler,Async-FedDRL,6740,214,0.991205233335495
High-straggler,Async-FedDRL,6740,215,0.9987120121717453
High-straggler,Async-FedDRL,6740,216,0.9744609773159028
High-straggler,Async-FedDRL,6740,217,1.0107660621404648
High-straggler,Async-FedDRL,6740,218,0.9989282041788101
High-straggler,Async-FedDRL,6740,219,0.9999642759561539
High-straggler,Async-FedDRL,6740,220,0.9790820091962814
High-straggler,Async-FedDRL,6740,221,0.9941813051700592
High-straggler,Async-FedDRL,6740,222,0.9931674778461457
High-straggler,Async-FedDRL,6740,223,0.9911155074834823
High-straggler,Async-FedDRL,6740,224,0.9755487531423569
High-straggler,Async-FedDRL,6740,225,0.9854888796806336
High-straggler,Async-FedDRL,6740,226,1.0040973216295241
High-straggler,Async-FedDRL,6740,227,0.9823572844266891
High-straggler,Async-FedDRL,6740,228,0.972181698679924
High-straggler,Async-FedDRL,6740,229,0.988158431649208
High-straggler,Async-FedDRL,6740,230,1.0034065127372742
High-straggler,Async-FedDRL,6740,231,0.9703642368316651
High-straggler,Async-FedDRL,6740,232,0.9749477177858352
High-straggler,Async-FedDRL,6740,233,0.9783009678125382
High-straggler,Async-FedDRL,6740,234,1.0011975556612014
High-straggler,Async-FedDRL,6740,235,0.9732409000396729
High-straggler,Async-FedDRL,6740,236,0.9752415090799331
High-straggler,Async-FedDRL,6740,237,0.9846244633197785
High-straggler,Async-FedDRL,6740,238,0.9720240563154221
High-straggler,Async-FedDRL,6740,239,0.958332148194313
High-straggler,Async-FedDRL,6740,240,1.0026129007339477
High-straggler,Async-FedDRL,6740,241,0.9607059210538864
High-straggler,Async-FedDRL,6740,242,0.9704986035823822
High-straggler,Async-FedDRL,6740,243,0.9858509272336959
High-straggler,Async-FedDRL,6740,244,0.9886686086654664
High-straggler,Async-FedDRL,6740,245,0.9759605050086975
High-straggler,Async-FedDRL,6740,246,0.9552068263292313
High-straggler,Async-FedDRL,6740,247,0.9598225086927414
High-straggler,Async-FedDRL,6740,248,0.9774516105651856
High-straggler,Async-FedDRL,6740,249,0.9641215026378631
High-straggler,Async-FedDRL,6740,250,0.9749554723501206
High-straggler,Async-FedDRL,6740,251,0.982665479183197
High-straggler,Async-FedDRL,6740,252,0.9425183534622192
High-straggler,Async-FedDRL,6740,253,0.9780092120170594
High-straggler,Async-FedDRL,6740,254,0.9561963438987732
High-straggler,Async-FedDRL,6740,255,0.9840210139751434
High-straggler,Async-FedDRL,6740,256,0.9622934490442276
High-straggler,Async-FedDRL,6740,257,0.9342627495527267
High-straggler,Async-FedDRL,6740,258,0.9500130921602249
High-straggler,Async-FedDRL,6740,259,0.9653778523206711
High-straggler,Async-FedDRL,6740,260,0.9720117926597596
High-straggler,Async-FedDRL,6740,261,0.9611526757478714
High-straggler,Async-FedDRL,6740,262,0.9749237954616546
High-straggler,Async-FedDRL,6740,263,0.9532252877950669
High-straggler,Async-FedDRL,6740,264,0.9667113721370697
High-straggler,Async-FedDRL,6740,265,0.9635208457708359
High-straggler,Async-FedDRL,6740,266,0.9575524657964707
High-straggler,Async-FedDRL,6740,267,0.9589894264936447
High-straggler,Async-FedDRL,6740,268,0.9597788840532303
High-straggler,Async-FedDRL,6740,269,0.9559318512678147
High-straggler,Async-FedDRL,6740,270,0.9834946513175964
High-straggler,Async-FedDRL,6740,271,0.9645605981349945
High-straggler,Async-FedDRL,6740,272,0.9562451809644699
High-straggler,Async-FedDRL,6740,273,0.9694729596376419
High-straggler,Async-FedDRL,6740,274,0.964168193936348
High-straggler,Async-FedDRL,6740,275,0.9657286912202835
High-straggler,Async-FedDRL,6740,276,0.9566867887973786
High-straggler,Async-FedDRL,6740,277,0.948425367474556
High-straggler,Async-FedDRL,6740,278,0.9815118134021759
High-straggler,Async-FedDRL,6740,279,0.9805318295955658
High-straggler,Async-FedDRL,6740,280,0.9492869675159454
High-straggler,Async-FedDRL,6740,281,0.9650587946176529
High-straggler,Async-FedDRL,6740,282,0.9591435015201568
High-straggler,Async-FedDRL,6740,283,0.9760019361972809
High-straggler,Async-FedDRL,6740,284,0.9522028595209122
High-straggler,Async-FedDRL,6740,285,0.9439345687627793
High-straggler,Async-FedDRL,6740,286,0.9604817390441894
High-straggler,Async-FedDRL,6740,287,0.98593929708004
High-straggler,Async-FedDRL,6740,288,0.9628160774707795
High-straggler,Async-FedDRL,6740,289,0.9552512407302857
High-straggler,Async-FedDRL,6740,290,0.9530124187469482
High-straggler,Async-FedDRL,6740,291,0.9640259355306625
High-straggler,Async-FedDRL,6740,292,0.9718555301427841
High-straggler,Async-FedDRL,6740,293,0.9529332935810089
High-straggler,Async-FedDRL,6740,294,0.9532184213399887
High-straggler,Async-FedDRL,6740,295,0.9697228610515595
High-straggler,Async-FedDRL,6740,296,0.9641156703233719
High-straggler,Async-FedDRL,6740,297,0.9631153315305709
High-straggler,Async-FedDRL,6740,298,0.9426667422056199
High-straggler,Async-FedDRL,6740,299,0.9585609525442124
High-straggler,Async-FedDRL,6740,300,0.9624698132276535
High-straggler,Async-FedDRL,6740,301,0.9387888312339783
High-straggler,Async-FedDRL,6740,302,0.951417937874794
High-straggler,Async-FedDRL,6740,303,0.9495634436607361
High-straggler,Async-FedDRL,6740,304,0.9651262432336807
High-straggler,Async-FedDRL,6740,305,0.9661208420991898
High-straggler,Async-FedDRL,6740,306,0.9359955132007599
High-straggler,Async-FedDRL,6740,307,0.9667338997125625
High-straggler,Async-FedDRL,6740,308,0.9386232078075409
High-straggler,Async-FedDRL,6740,309,0.9539418429136276
High-straggler,Async-FedDRL,6740,310,0.9507777482271195
High-straggler,Async-FedDRL,6740,311,0.9504129350185394
High-straggler,Async-FedDRL,6740,312,0.9680284887552262
High-straggler,Async-FedDRL,6740,313,0.9474412351846695
High-straggler,Async-FedDRL,6740,314,0.9472310096025467
High-straggler,Async-FedDRL,6740,315,0.9617585211992263
High-straggler,Async-FedDRL,6740,316,0.9586972028017045
High-straggler,Async-FedDRL,6740,317,0.9621078610420227
High-straggler,Async-FedDRL,6740,318,0.9495432317256928
High-straggler,Async-FedDRL,6740,319,0.9597821980714798
High-straggler,Async-FedDRL,6740,320,0.9597641229629517
High-straggler,Async-FedDRL,6740,321,0.9353503078222275
High-straggler,Async-FedDRL,6740,322,0.9618740946054458
High-straggler,Async-FedDRL,6740,323,0.9714313000440598
High-straggler,Async-FedDRL,6740,324,0.9454025447368621
High-straggler,Async-FedDRL,6740,325,0.9571507602930069
High-straggler,Async-FedDRL,6740,326,0.956488099694252
High-straggler,Async-FedDRL,6740,327,0.9469431728124619
High-straggler,Async-FedDRL,6740,328,0.9666576236486435
High-straggler,Async-FedDRL,6740,329,0.9571358770132065
High-straggler,Async-FedDRL,6740,330,0.9560059428215026
High-straggler,Async-FedDRL,6740,331,0.961317053437233
High-straggler,Async-FedDRL,6740,332,0.9395511269569397
High-straggler,Async-FedDRL,6740,333,0.9535415560007096
High-straggler,Async-FedDRL,6740,334,0.9674834638834
High-straggler,Async-FedDRL,6740,335,0.9354298919439316
High-straggler,Async-FedDRL,6740,336,0.9508967101573944
High-straggler,Async-FedDRL,6740,337,0.9574399679899216
High-straggler,Async-FedDRL,6740,338,0.948423171043396
High-straggler,Async-FedDRL,6740,339,0.9665463954210282
High-straggler,Async-FedDRL,6740,340,0.9751594662666321
High-straggler,Async-FedDRL,6740,341,0.9284975528717041
High-straggler,Async-FedDRL,6740,342,0.9623761624097824
High-straggler,Async-FedDRL,6740,343,0.9454326093196869
High-straggler,Async-FedDRL,6740,344,0.9557675153017045
High-straggler,Async-FedDRL,6740,345,0.9517102479934693
High-straggler,Async-FedDRL,6740,346,0.964743110537529
High-straggler,Async-FedDRL,6740,347,0.9444784969091415
High-straggler,Async-FedDRL,6740,348,0.9366861850023269
High-straggler,Async-FedDRL,6740,349,0.9732218533754349
High-straggler,Async-FedDRL,6740,350,0.954402956366539
High-straggler,Async-FedDRL,6740,351,0.9540318131446839
High-straggler,Async-FedDRL,6740,352,0.9356689631938935
High-straggler,Async-FedDRL,6740,353,0.9567834854125976
High-straggler,Async-FedDRL,6740,354,0.9726448446512223
High-straggler,Async-FedDRL,6740,355,0.9696345806121827
High-straggler,Async-FedDRL,6740,356,0.9565496355295181
High-straggler,Async-FedDRL,6740,357,0.937682056427002
High-straggler,Async-FedDRL,6740,358,0.9681513845920563
High-straggler,Async-FedDRL,6740,359,0.9737179189920425
High-straggler,Async-FedDRL,6740,360,0.9372054308652877
High-straggler,Async-FedDRL,6740,361,0.9441047072410583
High-straggler,Async-FedDRL,6740,362,0.9556964278221131
High-straggler,Async-FedDRL,6740,363,0.940958121418953
High-straggler,Async-FedDRL,6740,364,0.9600212216377259
High-straggler,Async-FedDRL,6740,365,0.9769935488700867
High-straggler,Async-FedDRL,6740,366,0.9524078756570816
High-straggler,Async-FedDRL,6740,367,0.9551191747188568
High-straggler,Async-FedDRL,6740,368,0.9512710273265839
High-straggler,Async-FedDRL,6740,369,0.9720185071229934
High-straggler,Async-FedDRL,6740,370,0.9561032831668854
High-straggler,Async-FedDRL,6740,371,0.9436925530433655
High-straggler,Async-FedDRL,6740,372,0.9769467771053314
High-straggler,Async-FedDRL,6740,373,0.9539403766393661
High-straggler,Async-FedDRL,6740,374,0.9575945973396301
High-straggler,Async-FedDRL,6740,375,0.9457788705825806
High-straggler,Async-FedDRL,6740,376,0.9622604995965958
High-straggler,Async-FedDRL,6740,377,0.9890640079975128
High-straggler,Async-FedDRL,6740,378,0.9600715488195419
High-straggler,Async-FedDRL,6740,379,0.9446714013814926
High-straggler,Async-FedDRL,6740,380,0.9650008618831635
High-straggler,Async-FedDRL,6740,381,0.9345226585865021
High-straggler,Async-FedDRL,6740,382,0.9603407204151153
High-straggler,Async-FedDRL,6740,383,0.9602791428565979
High-straggler,Async-FedDRL,6740,384,0.945676201581955
High-straggler,Async-FedDRL,6740,385,0.9578360229730606
High-straggler,Async-FedDRL,6740,386,0.9679137468338013
High-straggler,Async-FedDRL,6740,387,0.9496494412422181
High-straggler,Async-FedDRL,6740,388,0.9400634139776229
High-straggler,Async-FedDRL,6740,389,0.9693441450595855
High-straggler,Async-FedDRL,6740,390,0.9486903429031373
High-straggler,Async-FedDRL,6740,391,0.945719450712204
High-straggler,Async-FedDRL,6740,392,0.9724864214658737
High-straggler,Async-FedDRL,6740,393,0.9567434698343277
High-straggler,Async-FedDRL,6740,394,0.9377182483673095
High-straggler,Async-FedDRL,6740,395,0.9703063786029815
High-straggler,Async-FedDRL,6740,396,0.9670263946056366
High-straggler,Async-FedDRL,6740,397,0.9640058040618896
High-straggler,Async-FedDRL,6740,398,0.9738803029060363
High-straggler,Async-FedDRL,6740,399,0.9635397732257843
High-straggler,Async-FedDRL,6740,400,0.9747085809707642
High-straggler,Async-FedDRL,7851,1,1.3797749698162078
High-straggler,Async-FedDRL,7851,2,1.3798289358615876
High-straggler,Async-FedDRL,7851,3,1.3798297226428986
High-straggler,Async-FedDRL,7851,4,1.3796520829200745
High-straggler,Async-FedDRL,7851,5,1.3794790029525756
High-straggler,Async-FedDRL,7851,6,1.379679763317108
High-straggler,Async-FedDRL,7851,7,1.379285341501236
High-straggler,Async-FedDRL,7851,8,1.3792778432369233
High-straggler,Async-FedDRL,7851,9,1.3793125331401825
High-straggler,Async-FedDRL,7851,10,1.3793501436710358
High-straggler,Async-FedDRL,7851,11,1.3792606353759767
High-straggler,Async-FedDRL,7851,12,1.3788210809230805
High-straggler,Async-FedDRL,7851,13,1.3788122296333314
High-straggler,Async-FedDRL,7851,14,1.3788874626159668
High-straggler,Async-FedDRL,7851,15,1.378417783975601
High-straggler,Async-FedDRL,7851,16,1.37822305560112
High-straggler,Async-FedDRL,7851,17,1.3785729825496673
High-straggler,Async-FedDRL,7851,18,1.3781708419322967
High-straggler,Async-FedDRL,7851,19,1.3775649845600129
High-straggler,Async-FedDRL,7851,20,1.377354496717453
High-straggler,Async-FedDRL,7851,21,1.3775936305522918
High-straggler,Async-FedDRL,7851,22,1.3775088012218475
High-straggler,Async-FedDRL,7851,23,1.3765638411045074
High-straggler,Async-FedDRL,7851,24,1.3760655701160431
High-straggler,Async-FedDRL,7851,25,1.3765554130077362
High-straggler,Async-FedDRL,7851,26,1.375648558139801
High-straggler,Async-FedDRL,7851,27,1.375565952062607
High-straggler,Async-FedDRL,7851,28,1.3756278157234192
High-straggler,Async-FedDRL,7851,29,1.3747092306613922
High-straggler,Async-FedDRL,7851,30,1.374252152442932
High-straggler,Async-FedDRL,7851,31,1.3733894646167755
High-straggler,Async-FedDRL,7851,32,1.3732979834079742
High-straggler,Async-FedDRL,7851,33,1.372879022359848
High-straggler,Async-FedDRL,7851,34,1.3728946089744567
High-straggler,Async-FedDRL,7851,35,1.371347850561142
High-straggler,Async-FedDRL,7851,36,1.3701399743556977
High-straggler,Async-FedDRL,7851,37,1.370621484518051
High-straggler,Async-FedDRL,7851,38,1.3702824056148528
High-straggler,Async-FedDRL,7851,39,1.3692396461963654
High-straggler,Async-FedDRL,7851,40,1.3675690591335297
High-straggler,Async-FedDRL,7851,41,1.3675100088119507
High-straggler,Async-FedDRL,7851,42,1.3678645849227906
High-straggler,Async-FedDRL,7851,43,1.3653907895088195
High-straggler,Async-FedDRL,7851,44,1.3649775624275207
High-straggler,Async-FedDRL,7851,45,1.365877389907837
High-straggler,Async-FedDRL,7851,46,1.3629994332790374
High-straggler,Async-FedDRL,7851,47,1.3635356724262238
High-straggler,Async-FedDRL,7851,48,1.3626336634159089
High-straggler,Async-FedDRL,7851,49,1.361807656288147
High-straggler,Async-FedDRL,7851,50,1.3597565948963166
High-straggler,Async-FedDRL,7851,51,1.3580924272537231
High-straggler,Async-FedDRL,7851,52,1.3578786969184875
High-straggler,Async-FedDRL,7851,53,1.3568084418773652
High-straggler,Async-FedDRL,7851,54,1.3550826549530028
High-straggler,Async-FedDRL,7851,55,1.354682159423828
High-straggler,Async-FedDRL,7851,56,1.3539153933525085
High-straggler,Async-FedDRL,7851,57,1.3515641152858735
High-straggler,Async-FedDRL,7851,58,1.351554560661316
High-straggler,Async-FedDRL,7851,59,1.350014978647232
High-straggler,Async-FedDRL,7851,60,1.3459713459014893
High-straggler,Async-FedDRL,7851,61,1.3456141173839569
High-straggler,Async-FedDRL,7851,62,1.3455046355724334
High-straggler,Async-FedDRL,7851,63,1.3438097774982452
High-straggler,Async-FedDRL,7851,64,1.3432436406612396
High-straggler,Async-FedDRL,7851,65,1.3413877606391906
High-straggler,Async-FedDRL,7851,66,1.336955326795578
High-straggler,Async-FedDRL,7851,67,1.3391399741172791
High-straggler,Async-FedDRL,7851,68,1.3332900285720826
High-straggler,Async-FedDRL,7851,69,1.3316973268985748
High-straggler,Async-FedDRL,7851,70,1.3332711935043335
High-straggler,Async-FedDRL,7851,71,1.3308821141719818
High-straggler,Async-FedDRL,7851,72,1.3304724156856538
High-straggler,Async-FedDRL,7851,73,1.3259722232818603
High-straggler,Async-FedDRL,7851,74,1.3229770600795745
High-straggler,Async-FedDRL,7851,75,1.322907954454422
High-straggler,Async-FedDRL,7851,76,1.323004174232483
High-straggler,Async-FedDRL,7851,77,1.316932600736618
High-straggler,Async-FedDRL,7851,78,1.3169097185134888
High-straggler,Async-FedDRL,7851,79,1.314716351032257
High-straggler,Async-FedDRL,7851,80,1.3105494141578675
High-straggler,Async-FedDRL,7851,81,1.3101533591747283
High-straggler,Async-FedDRL,7851,82,1.3131016731262206
High-straggler,Async-FedDRL,7851,83,1.3117142856121062
High-straggler,Async-FedDRL,7851,84,1.3015997886657715
High-straggler,Async-FedDRL,7851,85,1.2985853612422944
High-straggler,Async-FedDRL,7851,86,1.3021021366119385
High-straggler,Async-FedDRL,7851,87,1.299882745742798
High-straggler,Async-FedDRL,7851,88,1.2936059653759002
High-straggler,Async-FedDRL,7851,89,1.2987719655036927
High-straggler,Async-FedDRL,7851,90,1.2930065929889678
High-straggler,Async-FedDRL,7851,91,1.2886141121387482
High-straggler,Async-FedDRL,7851,92,1.2870442926883698
High-straggler,Async-FedDRL,7851,93,1.2927175521850587
High-straggler,Async-FedDRL,7851,94,1.2779276549816132
High-straggler,Async-FedDRL,7851,95,1.2812159597873687
High-straggler,Async-FedDRL,7851,96,1.276237577199936
High-straggler,Async-FedDRL,7851,97,1.2761014759540559
High-straggler,Async-FedDRL,7851,98,1.274575310945511
High-straggler,Async-FedDRL,7851,99,1.263269203901291
High-straggler,Async-FedDRL,7851,100,1.267316073179245
High-straggler,Async-FedDRL,7851,101,1.2588395178318024
High-straggler,Async-FedDRL,7851,102,1.2581474661827088
High-straggler,Async-FedDRL,7851,103,1.2530223190784455
High-straggler,Async-FedDRL,7851,104,1.247460776567459
High-straggler,Async-FedDRL,7851,105,1.2506256401538849
High-straggler,Async-FedDRL,7851,106,1.2439105033874511
High-straggler,Async-FedDRL,7851,107,1.2424622178077698
High-straggler,Async-FedDRL,7851,108,1.2353401064872742
High-straggler,Async-FedDRL,7851,109,1.2349268257617951
High-straggler,Async-FedDRL,7851,110,1.2408784210681916
High-straggler,Async-FedDRL,7851,111,1.228913927078247
High-straggler,Async-FedDRL,7851,112,1.2171546161174773
High-straggler,Async-FedDRL,7851,113,1.2290165662765502
High-straggler,Async-FedDRL,7851,114,1.2264020144939423
High-straggler,Async-FedDRL,7851,115,1.2234927833080291
High-straggler,Async-FedDRL,7851,116,1.2053851664066315
High-straggler,Async-FedDRL,7851,117,1.2122506201267242
High-straggler,Async-FedDRL,7851,118,1.2069194436073303
High-straggler,Async-FedDRL,7851,119,1.2099050462245942
High-straggler,Async-FedDRL,7851,120,1.209670215845108
High-straggler,Async-FedDRL,7851,121,1.206402325630188
High-straggler,Async-FedDRL,7851,122,1.1938679337501525
High-straggler,Async-FedDRL,7851,123,1.1996252298355103
High-straggler,Async-FedDRL,7851,124,1.1916056334972382
High-straggler,Async-FedDRL,7851,125,1.1917002081871033
High-straggler,Async-FedDRL,7851,126,1.1820123136043548
High-straggler,Async-FedDRL,7851,127,1.1824441611766816
High-straggler,Async-FedDRL,7851,128,1.1831957817077636
High-straggler,Async-FedDRL,7851,129,1.1858784317970277
High-straggler,Async-FedDRL,7851,130,1.176284557580948
High-straggler,Async-FedDRL,7851,131,1.1749629616737365
High-straggler,Async-FedDRL,7851,132,1.16334268450737
High-straggler,Async-FedDRL,7851,133,1.1735455572605134
High-straggler,Async-FedDRL,7851,134,1.1641629755496978
High-straggler,Async-FedDRL,7851,135,1.1608588516712188
High-straggler,Async-FedDRL,7851,136,1.1642816245555878
High-straggler,Async-FedDRL,7851,137,1.15849609375
High-straggler,Async-FedDRL,7851,138,1.1593375980854035
High-straggler,Async-FedDRL,7851,139,1.1414227783679962
High-straggler,Async-FedDRL,7851,140,1.1535831093788147
High-straggler,Async-FedDRL,7851,141,1.1541795670986175
High-straggler,Async-FedDRL,7851,142,1.1415857017040252
High-straggler,Async-FedDRL,7851,143,1.1308308243751526
High-straggler,Async-FedDRL,7851,144,1.14219189286232
High-straggler,Async-FedDRL,7851,145,1.1470472455024718
High-straggler,Async-FedDRL,7851,146,1.1330620229244233
High-straggler,Async-FedDRL,7851,147,1.1304842412471772
High-straggler,Async-FedDRL,7851,148,1.1301017582416535
High-straggler,Async-FedDRL,7851,149,1.1281878352165222
High-straggler,Async-FedDRL,7851,150,1.127692347764969
High-straggler,Async-FedDRL,7851,151,1.1190410017967225
High-straggler,Async-FedDRL,7851,152,1.1261804461479188
High-straggler,Async-FedDRL,7851,153,1.1346523225307465
High-straggler,Async-FedDRL,7851,154,1.113031554222107
High-straggler,Async-FedDRL,7851,155,1.111083632707596
High-straggler,Async-FedDRL,7851,156,1.1135166525840758
High-straggler,Async-FedDRL,7851,157,1.106144368648529
High-straggler,Async-FedDRL,7851,158,1.1179374396800994
High-straggler,Async-FedDRL,7851,159,1.097924941778183
High-straggler,Async-FedDRL,7851,160,1.1181303679943084
High-straggler,Async-FedDRL,7851,161,1.1039832770824431
High-straggler,Async-FedDRL,7851,162,1.1004971086978912
High-straggler,Async-FedDRL,7851,163,1.1084175884723664
High-straggler,Async-FedDRL,7851,164,1.1066971182823182
High-straggler,Async-FedDRL,7851,165,1.0886544704437255
High-straggler,Async-FedDRL,7851,166,1.099104928970337
High-straggler,Async-FedDRL,7851,167,1.1001682817935943
High-straggler,Async-FedDRL,7851,168,1.1056105554103852
High-straggler,Async-FedDRL,7851,169,1.0976145565509796
High-straggler,Async-FedDRL,7851,170,1.091306209564209
High-straggler,Async-FedDRL,7851,171,1.0750938594341277
High-straggler,Async-FedDRL,7851,172,1.0883073389530182
High-straggler,Async-FedDRL,7851,173,1.0914457976818084
High-straggler,Async-FedDRL,7851,174,1.093340027332306
High-straggler,Async-FedDRL,7851,175,1.0773615479469298
High-straggler,Async-FedDRL,7851,176,1.0874122560024262
High-straggler,Async-FedDRL,7851,177,1.076112824678421
High-straggler,Async-FedDRL,7851,178,1.0819883227348328
High-straggler,Async-FedDRL,7851,179,1.082065349817276
High-straggler,Async-FedDRL,7851,180,1.0701042115688324
High-straggler,Async-FedDRL,7851,181,1.0784601867198944
High-straggler,Async-FedDRL,7851,182,1.091707718372345
High-straggler,Async-FedDRL,7851,183,1.084853756427765
High-straggler,Async-FedDRL,7851,184,1.0726514875888824
High-straggler,Async-FedDRL,7851,185,1.0805909633636475
High-straggler,Async-FedDRL,7851,186,1.0750750660896302
High-straggler,Async-FedDRL,7851,187,1.07366401553154
High-straggler,Async-FedDRL,7851,188,1.0752823054790497
High-straggler,Async-FedDRL,7851,189,1.0674050509929658
High-straggler,Async-FedDRL,7851,190,1.0706719279289245
High-straggler,Async-FedDRL,7851,191,1.0665759563446044
High-straggler,Async-FedDRL,7851,192,1.0635928511619568
High-straggler,Async-FedDRL,7851,193,1.0746137857437135
High-straggler,Async-FedDRL,7851,194,1.0708397924900055
High-straggler,Async-FedDRL,7851,195,1.0641513884067535
High-straggler,Async-FedDRL,7851,196,1.0504319787025451
High-straggler,Async-FedDRL,7851,197,1.0611127257347106
High-straggler,Async-FedDRL,7851,198,1.0746384143829346
High-straggler,Async-FedDRL,7851,199,1.0699866175651551
High-straggler,Async-FedDRL,7851,200,1.0646136224269866
High-straggler,Async-FedDRL,7851,201,1.0734219551086426
High-straggler,Async-FedDRL,7851,202,1.074166828393936
High-straggler,Async-FedDRL,7851,203,1.0687187671661378
High-straggler,Async-FedDRL,7851,204,1.0689270615577697
High-straggler,Async-FedDRL,7851,205,1.077192986011505
High-straggler,Async-FedDRL,7851,206,1.0629126310348511
High-straggler,Async-FedDRL,7851,207,1.0632610082626344
High-straggler,Async-FedDRL,7851,208,1.077859491109848
High-straggler,Async-FedDRL,7851,209,1.0661794304847718
High-straggler,Async-FedDRL,7851,210,1.0669859051704407
High-straggler,Async-FedDRL,7851,211,1.0651292562484742
High-straggler,Async-FedDRL,7851,212,1.0398406386375427
High-straggler,Async-FedDRL,7851,213,1.0785725891590119
High-straggler,Async-FedDRL,7851,214,1.0594367027282714
High-straggler,Async-FedDRL,7851,215,1.0730694591999055
High-straggler,Async-FedDRL,7851,216,1.0669742286205293
High-straggler,Async-FedDRL,7851,217,1.0675702393054962
High-straggler,Async-FedDRL,7851,218,1.0684127449989318
High-straggler,Async-FedDRL,7851,219,1.0632003903388978
High-straggler,Async-FedDRL,7851,220,1.0391516923904418
High-straggler,Async-FedDRL,7851,221,1.0458368837833405
High-straggler,Async-FedDRL,7851,222,1.05901660323143
High-straggler,Async-FedDRL,7851,223,1.0745648980140685
High-straggler,Async-FedDRL,7851,224,1.0398658335208892
High-straggler,Async-FedDRL,7851,225,1.0423435389995575
High-straggler,Async-FedDRL,7851,226,1.060729318857193
High-straggler,Async-FedDRL,7851,227,1.0456901699304582
High-straggler,Async-FedDRL,7851,228,1.0526501476764678
High-straggler,Async-FedDRL,7851,229,1.0253660380840302
High-straggler,Async-FedDRL,7851,230,1.0414007306098938
High-straggler,Async-FedDRL,7851,231,1.056841751933098
High-straggler,Async-FedDRL,7851,232,1.055417987704277
High-straggler,Async-FedDRL,7851,233,1.0296652793884278
High-straggler,Async-FedDRL,7851,234,1.045734131336212
High-straggler,Async-FedDRL,7851,235,1.047239962220192
High-straggler,Async-FedDRL,7851,236,1.0353087484836578
High-straggler,Async-FedDRL,7851,237,1.04855318069458
High-straggler,Async-FedDRL,7851,238,1.0424957484006883
High-straggler,Async-FedDRL,7851,239,1.036963653564453
High-straggler,Async-FedDRL,7851,240,1.02329178750515
High-straggler,Async-FedDRL,7851,241,1.035085791349411
High-straggler,Async-FedDRL,7851,242,1.0289750933647155
High-straggler,Async-FedDRL,7851,243,1.0388633370399476
High-straggler,Async-FedDRL,7851,244,1.020318403840065
High-straggler,Async-FedDRL,7851,245,1.0375663459300994
High-straggler,Async-FedDRL,7851,246,1.0193023473024367
High-straggler,Async-FedDRL,7851,247,1.011273407936096
High-straggler,Async-FedDRL,7851,248,1.024783331155777
High-straggler,Async-FedDRL,7851,249,1.0237827807664872
High-straggler,Async-FedDRL,7851,250,1.0151173770427704
High-straggler,Async-FedDRL,7851,251,1.0156907707452774
High-straggler,Async-FedDRL,7851,252,1.0171680063009263
High-straggler,Async-FedDRL,7851,253,1.0244395971298217
High-straggler,Async-FedDRL,7851,254,1.0145748287439347
High-straggler,Async-FedDRL,7851,255,1.0115609019994736
High-straggler,Async-FedDRL,7851,256,0.9866259127855301
High-straggler,Async-FedDRL,7851,257,1.0270318955183029
High-straggler,Async-FedDRL,7851,258,1.0187346309423446
High-straggler,Async-FedDRL,7851,259,0.992799112200737
High-straggler,Async-FedDRL,7851,260,1.0122870802879333
High-straggler,Async-FedDRL,7851,261,1.020430138707161
High-straggler,Async-FedDRL,7851,262,0.9991032212972641
High-straggler,Async-FedDRL,7851,263,0.9964252471923828
High-straggler,Async-FedDRL,7851,264,0.9987053155899048
High-straggler,Async-FedDRL,7851,265,1.002873921394348
High-straggler,Async-FedDRL,7851,266,1.0048304826021195
High-straggler,Async-FedDRL,7851,267,1.014421683549881
High-straggler,Async-FedDRL,7851,268,1.0138681828975677
High-straggler,Async-FedDRL,7851,269,1.016226625442505
High-straggler,Async-FedDRL,7851,270,1.0031983256340027
High-straggler,Async-FedDRL,7851,271,1.0078044027090072
High-straggler,Async-FedDRL,7851,272,0.9921497076749801
High-straggler,Async-FedDRL,7851,273,1.0067927449941636
High-straggler,Async-FedDRL,7851,274,0.9936126232147217
High-straggler,Async-FedDRL,7851,275,0.9984473437070847
High-straggler,Async-FedDRL,7851,276,0.9927285015583038
High-straggler,Async-FedDRL,7851,277,0.9807801723480225
High-straggler,Async-FedDRL,7851,278,1.0045118540525437
High-straggler,Async-FedDRL,7851,279,0.9972867459058762
High-straggler,Async-FedDRL,7851,280,0.9878169268369674
High-straggler,Async-FedDRL,7851,281,0.9752789497375488
High-straggler,Async-FedDRL,7851,282,1.00405915081501
High-straggler,Async-FedDRL,7851,283,1.0070191025733948
High-straggler,Async-FedDRL,7851,284,0.9966403633356095
High-straggler,Async-FedDRL,7851,285,0.9996176898479462
High-straggler,Async-FedDRL,7851,286,0.976884064078331
High-straggler,Async-FedDRL,7851,287,0.9896688461303711
High-straggler,Async-FedDRL,7851,288,1.007035318017006
High-straggler,Async-FedDRL,7851,289,0.9815266042947769
High-straggler,Async-FedDRL,7851,290,0.988313952088356
High-straggler,Async-FedDRL,7851,291,0.999832370877266
High-straggler,Async-FedDRL,7851,292,0.9882587939500809
High-straggler,Async-FedDRL,7851,293,0.975837442278862
High-straggler,Async-FedDRL,7851,294,0.9982242614030838
High-straggler,Async-FedDRL,7851,295,0.9830424875020981
High-straggler,Async-FedDRL,7851,296,0.9840443789958954
High-straggler,Async-FedDRL,7851,297,0.9950817912817002
High-straggler,Async-FedDRL,7851,298,0.9716729581356048
High-straggler,Async-FedDRL,7851,299,0.969905748963356
High-straggler,Async-FedDRL,7851,300,0.9943759083747864
High-straggler,Async-FedDRL,7851,301,0.9870335608720779
High-straggler,Async-FedDRL,7851,302,0.9790060251951218
High-straggler,Async-FedDRL,7851,303,0.9909753561019897
High-straggler,Async-FedDRL,7851,304,0.9743302434682846
High-straggler,Async-FedDRL,7851,305,0.9762334704399109
High-straggler,Async-FedDRL,7851,306,0.997755017876625
High-straggler,Async-FedDRL,7851,307,0.9805695474147796
High-straggler,Async-FedDRL,7851,308,0.980681374669075
High-straggler,Async-FedDRL,7851,309,0.9891347825527191
High-straggler,Async-FedDRL,7851,310,0.9865372657775879
High-straggler,Async-FedDRL,7851,311,0.9880331188440323
High-straggler,Async-FedDRL,7851,312,0.9734174966812134
High-straggler,Async-FedDRL,7851,313,0.9866437196731568
High-straggler,Async-FedDRL,7851,314,0.9936401158571243
High-straggler,Async-FedDRL,7851,315,0.9852836459875107
High-straggler,Async-FedDRL,7851,316,0.9944628953933716
High-straggler,Async-FedDRL,7851,317,0.9884095638990402
High-straggler,Async-FedDRL,7851,318,0.9905717700719834
High-straggler,Async-FedDRL,7851,319,0.9874260902404786
High-straggler,Async-FedDRL,7851,320,0.9769192665815354
High-straggler,Async-FedDRL,7851,321,0.9804053783416748
High-straggler,Async-FedDRL,7851,322,0.9755164355039596
High-straggler,Async-FedDRL,7851,323,0.97546988427639
High-straggler,Async-FedDRL,7851,324,0.984332075715065
High-straggler,Async-FedDRL,7851,325,0.9766960889101028
High-straggler,Async-FedDRL,7851,326,0.978768116235733
High-straggler,Async-FedDRL,7851,327,0.9696388959884643
High-straggler,Async-FedDRL,7851,328,0.9627280980348587
High-straggler,Async-FedDRL,7851,329,0.9814886271953582
High-straggler,Async-FedDRL,7851,330,0.9793499410152435
High-straggler,Async-FedDRL,7851,331,0.9618558824062348
High-straggler,Async-FedDRL,7851,332,0.9712889105081558
High-straggler,Async-FedDRL,7851,333,0.9720447480678558
High-straggler,Async-FedDRL,7851,334,0.9766180664300919
High-straggler,Async-FedDRL,7851,335,0.9823463261127472
High-straggler,Async-FedDRL,7851,336,0.9547327876091003
High-straggler,Async-FedDRL,7851,337,0.9764046221971512
High-straggler,Async-FedDRL,7851,338,0.9751021027565002
High-straggler,Async-FedDRL,7851,339,0.9910511374473572
High-straggler,Async-FedDRL,7851,340,0.9809309214353561
High-straggler,Async-FedDRL,7851,341,0.9698010504245758
High-straggler,Async-FedDRL,7851,342,0.9637673109769821
High-straggler,Async-FedDRL,7851,343,0.9637049794197082
High-straggler,Async-FedDRL,7851,344,0.9697448402643204
High-straggler,Async-FedDRL,7851,345,0.9874594062566757
High-straggler,Async-FedDRL,7851,346,0.9701386511325836
High-straggler,Async-FedDRL,7851,347,0.9540974378585816
High-straggler,Async-FedDRL,7851,348,0.9623197048902512
High-straggler,Async-FedDRL,7851,349,0.982434806227684
High-straggler,Async-FedDRL,7851,350,0.9547779649496079
High-straggler,Async-FedDRL,7851,351,0.9651186734437942
High-straggler,Async-FedDRL,7851,352,0.9838241994380951
High-straggler,Async-FedDRL,7851,353,0.9523801535367966
High-straggler,Async-FedDRL,7851,354,0.9690375834703445
High-straggler,Async-FedDRL,7851,355,0.9735000312328339
High-straggler,Async-FedDRL,7851,356,0.975074690580368
High-straggler,Async-FedDRL,7851,357,0.9665409237146377
High-straggler,Async-FedDRL,7851,358,0.9838606178760528
High-straggler,Async-FedDRL,7851,359,0.9809916526079178
High-straggler,Async-FedDRL,7851,360,0.9659619569778443
High-straggler,Async-FedDRL,7851,361,0.9703479796648026
High-straggler,Async-FedDRL,7851,362,0.9720906019210815
High-straggler,Async-FedDRL,7851,363,0.9726269155740738
High-straggler,Async-FedDRL,7851,364,0.9706216186285019
High-straggler,Async-FedDRL,7851,365,0.9752861112356186
High-straggler,Async-FedDRL,7851,366,0.9786664873361588
High-straggler,Async-FedDRL,7851,367,0.9776916533708573
High-straggler,Async-FedDRL,7851,368,0.992817971110344
High-straggler,Async-FedDRL,7851,369,0.971205198764801
High-straggler,Async-FedDRL,7851,370,0.9767797261476516
High-straggler,Async-FedDRL,7851,371,0.9643059134483337
High-straggler,Async-FedDRL,7851,372,0.9777625352144241
High-straggler,Async-FedDRL,7851,373,0.9680249005556106
High-straggler,Async-FedDRL,7851,374,0.9742054641246796
High-straggler,Async-FedDRL,7851,375,0.9795433580875397
High-straggler,Async-FedDRL,7851,376,0.9595452576875687
High-straggler,Async-FedDRL,7851,377,0.9776813954114913
High-straggler,Async-FedDRL,7851,378,0.9757565408945084
High-straggler,Async-FedDRL,7851,379,0.9708542495965957
High-straggler,Async-FedDRL,7851,380,0.9684264093637467
High-straggler,Async-FedDRL,7851,381,0.9764445334672928
High-straggler,Async-FedDRL,7851,382,0.9621252059936524
High-straggler,Async-FedDRL,7851,383,0.9716576397418976
High-straggler,Async-FedDRL,7851,384,0.9584375232458114
High-straggler,Async-FedDRL,7851,385,0.9773264735937118
High-straggler,Async-FedDRL,7851,386,0.9700741857290268
High-straggler,Async-FedDRL,7851,387,0.9625690460205079
High-straggler,Async-FedDRL,7851,388,0.950891736149788
High-straggler,Async-FedDRL,7851,389,0.9537390351295472
High-straggler,Async-FedDRL,7851,390,0.9688675731420517
High-straggler,Async-FedDRL,7851,391,0.948687008023262
High-straggler,Async-FedDRL,7851,392,0.9681897819042206
High-straggler,Async-FedDRL,7851,393,0.9526637256145477
High-straggler,Async-FedDRL,7851,394,0.935069465637207
High-straggler,Async-FedDRL,7851,395,0.9604405790567399
High-straggler,Async-FedDRL,7851,396,0.9566891103982925
High-straggler,Async-FedDRL,7851,397,0.9541228443384171
High-straggler,Async-FedDRL,7851,398,0.9562606453895569
High-straggler,Async-FedDRL,7851,399,0.9746563702821731
High-straggler,Async-FedDRL,7851,400,0.967390114068985
High-straggler,JIT-APFRL,3407,1,1.3804856956005096
High-straggler,JIT-APFRL,3407,2,1.3804672181606292
High-straggler,JIT-APFRL,3407,3,1.3804014801979065
High-straggler,JIT-APFRL,3407,4,1.3805396378040313
High-straggler,JIT-APFRL,3407,5,1.380276733636856
High-straggler,JIT-APFRL,3407,6,1.3804722905158997
High-straggler,JIT-APFRL,3407,7,1.380349600315094
High-straggler,JIT-APFRL,3407,8,1.3805087983608246
High-straggler,JIT-APFRL,3407,9,1.380431354045868
High-straggler,JIT-APFRL,3407,10,1.3801839530467988
High-straggler,JIT-APFRL,3407,11,1.3802479386329651
High-straggler,JIT-APFRL,3407,12,1.380537176132202
High-straggler,JIT-APFRL,3407,13,1.3803110420703888
High-straggler,JIT-APFRL,3407,14,1.3799952387809753
High-straggler,JIT-APFRL,3407,15,1.380301260948181
High-straggler,JIT-APFRL,3407,16,1.3800052642822265
High-straggler,JIT-APFRL,3407,17,1.3800188720226287
High-straggler,JIT-APFRL,3407,18,1.3800836026668548
High-straggler,JIT-APFRL,3407,19,1.3799285352230073
High-straggler,JIT-APFRL,3407,20,1.3798471748828889
High-straggler,JIT-APFRL,3407,21,1.379913902282715
High-straggler,JIT-APFRL,3407,22,1.3797921299934388
High-straggler,JIT-APFRL,3407,23,1.379417324066162
High-straggler,JIT-APFRL,3407,24,1.3793638229370118
High-straggler,JIT-APFRL,3407,25,1.379561722278595
High-straggler,JIT-APFRL,3407,26,1.3793650150299073
High-straggler,JIT-APFRL,3407,27,1.37902575135231
High-straggler,JIT-APFRL,3407,28,1.3789507031440735
High-straggler,JIT-APFRL,3407,29,1.3789771914482116
High-straggler,JIT-APFRL,3407,30,1.3786024510860444
High-straggler,JIT-APFRL,3407,31,1.3787868857383727
High-straggler,JIT-APFRL,3407,32,1.378399658203125
High-straggler,JIT-APFRL,3407,33,1.377961426973343
High-straggler,JIT-APFRL,3407,34,1.3784011721611023
High-straggler,JIT-APFRL,3407,35,1.3780460894107818
High-straggler,JIT-APFRL,3407,36,1.3776384174823761
High-straggler,JIT-APFRL,3407,37,1.37737894654274
High-straggler,JIT-APFRL,3407,38,1.377173376083374
High-straggler,JIT-APFRL,3407,39,1.3765734076499938
High-straggler,JIT-APFRL,3407,40,1.376733845472336
High-straggler,JIT-APFRL,3407,41,1.3760476589202881
High-straggler,JIT-APFRL,3407,42,1.3764151513576508
High-straggler,JIT-APFRL,3407,43,1.376009500026703
High-straggler,JIT-APFRL,3407,44,1.3755680441856384
High-straggler,JIT-APFRL,3407,45,1.3751956641674041
High-straggler,JIT-APFRL,3407,46,1.3749626517295837
High-straggler,JIT-APFRL,3407,47,1.3747261464595795
High-straggler,JIT-APFRL,3407,48,1.3748275458812713
High-straggler,JIT-APFRL,3407,49,1.3743245422840118
High-straggler,JIT-APFRL,3407,50,1.3742354333400726
High-straggler,JIT-APFRL,3407,51,1.3732549548149109
High-straggler,JIT-APFRL,3407,52,1.3729973316192627
High-straggler,JIT-APFRL,3407,53,1.373290377855301
High-straggler,JIT-APFRL,3407,54,1.3726760685443877
High-straggler,JIT-APFRL,3407,55,1.3718461275100708
High-straggler,JIT-APFRL,3407,56,1.3710478127002717
High-straggler,JIT-APFRL,3407,57,1.371404242515564
High-straggler,JIT-APFRL,3407,58,1.3701693952083587
High-straggler,JIT-APFRL,3407,59,1.3704011201858521
High-straggler,JIT-APFRL,3407,60,1.3696371853351592
High-straggler,JIT-APFRL,3407,61,1.3701396822929381
High-straggler,JIT-APFRL,3407,62,1.3685695052146911
High-straggler,JIT-APFRL,3407,63,1.3684440851211548
High-straggler,JIT-APFRL,3407,64,1.3682767391204833
High-straggler,JIT-APFRL,3407,65,1.3665019690990448
High-straggler,JIT-APFRL,3407,66,1.3661165833473206
High-straggler,JIT-APFRL,3407,67,1.366571444272995
High-straggler,JIT-APFRL,3407,68,1.3649263024330138
High-straggler,JIT-APFRL,3407,69,1.3643411159515382
High-straggler,JIT-APFRL,3407,70,1.3639169931411743
High-straggler,JIT-APFRL,3407,71,1.361961579322815
High-straggler,JIT-APFRL,3407,72,1.3627125561237334
High-straggler,JIT-APFRL,3407,73,1.363206970691681
High-straggler,JIT-APFRL,3407,74,1.3605619072914124
High-straggler,JIT-APFRL,3407,75,1.3608424067497253
High-straggler,JIT-APFRL,3407,76,1.3598034799098968
High-straggler,JIT-APFRL,3407,77,1.3581550002098084
High-straggler,JIT-APFRL,3407,78,1.3594740629196167
High-straggler,JIT-APFRL,3407,79,1.3578885614871978
High-straggler,JIT-APFRL,3407,80,1.3558504104614257
High-straggler,JIT-APFRL,3407,81,1.355950528383255
High-straggler,JIT-APFRL,3407,82,1.3549678802490235
High-straggler,JIT-APFRL,3407,83,1.3539596855640412
High-straggler,JIT-APFRL,3407,84,1.3528120279312135
High-straggler,JIT-APFRL,3407,85,1.353926432132721
High-straggler,JIT-APFRL,3407,86,1.3523636996746062
High-straggler,JIT-APFRL,3407,87,1.3507389664649962
High-straggler,JIT-APFRL,3407,88,1.3493813872337341
High-straggler,JIT-APFRL,3407,89,1.349245423078537
High-straggler,JIT-APFRL,3407,90,1.347965157032013
High-straggler,JIT-APFRL,3407,91,1.3462498664855957
High-straggler,JIT-APFRL,3407,92,1.3459957897663117
High-straggler,JIT-APFRL,3407,93,1.345730221271515
High-straggler,JIT-APFRL,3407,94,1.3443514347076415
High-straggler,JIT-APFRL,3407,95,1.3417600989341736
High-straggler,JIT-APFRL,3407,96,1.3409262299537659
High-straggler,JIT-APFRL,3407,97,1.343385899066925
High-straggler,JIT-APFRL,3407,98,1.3384962737560273
High-straggler,JIT-APFRL,3407,99,1.3360556662082672
High-straggler,JIT-APFRL,3407,100,1.3373201668262482
High-straggler,JIT-APFRL,3407,101,1.3347046852111817
High-straggler,JIT-APFRL,3407,102,1.3355066657066346
High-straggler,JIT-APFRL,3407,103,1.3336006700992584
High-straggler,JIT-APFRL,3407,104,1.3339641869068146
High-straggler,JIT-APFRL,3407,105,1.330942040681839
High-straggler,JIT-APFRL,3407,106,1.3327195823192597
High-straggler,JIT-APFRL,3407,107,1.3277158319950104
High-straggler,JIT-APFRL,3407,108,1.3279513716697693
High-straggler,JIT-APFRL,3407,109,1.3301346838474273
High-straggler,JIT-APFRL,3407,110,1.3251511573791503
High-straggler,JIT-APFRL,3407,111,1.3237607657909394
High-straggler,JIT-APFRL,3407,112,1.3221792042255402
High-straggler,JIT-APFRL,3407,113,1.3208547234535217
High-straggler,JIT-APFRL,3407,114,1.3215234935283662
High-straggler,JIT-APFRL,3407,115,1.3196576237678528
High-straggler,JIT-APFRL,3407,116,1.3168121039867402
High-straggler,JIT-APFRL,3407,117,1.3193115711212158
High-straggler,JIT-APFRL,3407,118,1.3212006747722627
High-straggler,JIT-APFRL,3407,119,1.312965875864029
High-straggler,JIT-APFRL,3407,120,1.3122609615325929
High-straggler,JIT-APFRL,3407,121,1.30885511636734
High-straggler,JIT-APFRL,3407,122,1.3130434811115266
High-straggler,JIT-APFRL,3407,123,1.3079789757728577
High-straggler,JIT-APFRL,3407,124,1.3046024560928344
High-straggler,JIT-APFRL,3407,125,1.3073807299137115
High-straggler,JIT-APFRL,3407,126,1.3045783519744873
High-straggler,JIT-APFRL,3407,127,1.302280980348587
High-straggler,JIT-APFRL,3407,128,1.3023991703987121
High-straggler,JIT-APFRL,3407,129,1.304582941532135
High-straggler,JIT-APFRL,3407,130,1.2985202074050903
High-straggler,JIT-APFRL,3407,131,1.298430895805359
High-straggler,JIT-APFRL,3407,132,1.2994196176528932
High-straggler,JIT-APFRL,3407,133,1.295652151107788
High-straggler,JIT-APFRL,3407,134,1.2939284563064575
High-straggler,JIT-APFRL,3407,135,1.2931578874588012
High-straggler,JIT-APFRL,3407,136,1.2919698894023894
High-straggler,JIT-APFRL,3407,137,1.2963416814804076
High-straggler,JIT-APFRL,3407,138,1.2878515362739562
High-straggler,JIT-APFRL,3407,139,1.281988549232483
High-straggler,JIT-APFRL,3407,140,1.286851066350937
High-straggler,JIT-APFRL,3407,141,1.2881256282329558
High-straggler,JIT-APFRL,3407,142,1.2821277916431426
High-straggler,JIT-APFRL,3407,143,1.2831092417240142
High-straggler,JIT-APFRL,3407,144,1.2832185208797455
High-straggler,JIT-APFRL,3407,145,1.2767904579639435
High-straggler,JIT-APFRL,3407,146,1.2772027194499969
High-straggler,JIT-APFRL,3407,147,1.274645161628723
High-straggler,JIT-APFRL,3407,148,1.2758805274963378
High-straggler,JIT-APFRL,3407,149,1.2733001351356505
High-straggler,JIT-APFRL,3407,150,1.2710616052150727
High-straggler,JIT-APFRL,3407,151,1.2691543579101563
High-straggler,JIT-APFRL,3407,152,1.2727659344673157
High-straggler,JIT-APFRL,3407,153,1.2636448442935944
High-straggler,JIT-APFRL,3407,154,1.265729010105133
High-straggler,JIT-APFRL,3407,155,1.2665452837944031
High-straggler,JIT-APFRL,3407,156,1.2637229084968566
High-straggler,JIT-APFRL,3407,157,1.2579255163669587
High-straggler,JIT-APFRL,3407,158,1.2660543620586395
High-straggler,JIT-APFRL,3407,159,1.2635557949543
High-straggler,JIT-APFRL,3407,160,1.2524508237838745
High-straggler,JIT-APFRL,3407,161,1.2560500979423523
High-straggler,JIT-APFRL,3407,162,1.2591904759407044
High-straggler,JIT-APFRL,3407,163,1.2592980682849884
High-straggler,JIT-APFRL,3407,164,1.2545119643211364
High-straggler,JIT-APFRL,3407,165,1.2589213788509368
High-straggler,JIT-APFRL,3407,166,1.2551829278469087
High-straggler,JIT-APFRL,3407,167,1.2505367994308472
High-straggler,JIT-APFRL,3407,168,1.2511849641799926
High-straggler,JIT-APFRL,3407,169,1.2527930021286011
High-straggler,JIT-APFRL,3407,170,1.249397772550583
High-straggler,JIT-APFRL,3407,171,1.251735234260559
High-straggler,JIT-APFRL,3407,172,1.2503095090389251
High-straggler,JIT-APFRL,3407,173,1.2397142887115478
High-straggler,JIT-APFRL,3407,174,1.2410013258457184
High-straggler,JIT-APFRL,3407,175,1.2490372061729431
High-straggler,JIT-APFRL,3407,176,1.2403664410114288
High-straggler,JIT-APFRL,3407,177,1.2349893987178802
High-straggler,JIT-APFRL,3407,178,1.2423354864120484
High-straggler,JIT-APFRL,3407,179,1.2342147409915925
High-straggler,JIT-APFRL,3407,180,1.2389315903186797
High-straggler,JIT-APFRL,3407,181,1.2365228354930877
High-straggler,JIT-APFRL,3407,182,1.2343532681465148
High-straggler,JIT-APFRL,3407,183,1.2249877750873566
High-straggler,JIT-APFRL,3407,184,1.240009993314743
High-straggler,JIT-APFRL,3407,185,1.236466658115387
High-straggler,JIT-APFRL,3407,186,1.2336479246616363
High-straggler,JIT-APFRL,3407,187,1.2336176455020904
High-straggler,JIT-APFRL,3407,188,1.2249088406562805
High-straggler,JIT-APFRL,3407,189,1.234972506761551
High-straggler,JIT-APFRL,3407,190,1.2345578134059907
High-straggler,JIT-APFRL,3407,191,1.2287229239940642
High-straggler,JIT-APFRL,3407,192,1.2294035255908966
High-straggler,JIT-APFRL,3407,193,1.2317318558692931
High-straggler,JIT-APFRL,3407,194,1.2258022665977477
High-straggler,JIT-APFRL,3407,195,1.2287670612335204
High-straggler,JIT-APFRL,3407,196,1.2208094358444215
High-straggler,JIT-APFRL,3407,197,1.222563338279724
High-straggler,JIT-APFRL,3407,198,1.2258945763111115
High-straggler,JIT-APFRL,3407,199,1.2277187645435332
High-straggler,JIT-APFRL,3407,200,1.2206676602363586
High-straggler,JIT-APFRL,3407,201,1.2162925064563752
High-straggler,JIT-APFRL,3407,202,1.218030869960785
High-straggler,JIT-APFRL,3407,203,1.2176955044269562
High-straggler,JIT-APFRL,3407,204,1.2215969502925872
High-straggler,JIT-APFRL,3407,205,1.2172345757484435
High-straggler,JIT-APFRL,3407,206,1.212517786026001
High-straggler,JIT-APFRL,3407,207,1.2156800866127013
High-straggler,JIT-APFRL,3407,208,1.2080161154270173
High-straggler,JIT-APFRL,3407,209,1.2118948936462401
High-straggler,JIT-APFRL,3407,210,1.211907833814621
High-straggler,JIT-APFRL,3407,211,1.2088434040546416
High-straggler,JIT-APFRL,3407,212,1.2038597524166108
High-straggler,JIT-APFRL,3407,213,1.205715435743332
High-straggler,JIT-APFRL,3407,214,1.2004576206207276
High-straggler,JIT-APFRL,3407,215,1.2001063227653503
High-straggler,JIT-APFRL,3407,216,1.2040291249752044
High-straggler,JIT-APFRL,3407,217,1.1974841058254242
High-straggler,JIT-APFRL,3407,218,1.2051866590976714
High-straggler,JIT-APFRL,3407,219,1.200942713022232
High-straggler,JIT-APFRL,3407,220,1.1953913629055024
High-straggler,JIT-APFRL,3407,221,1.1938321828842162
High-straggler,JIT-APFRL,3407,222,1.2023901045322418
High-straggler,JIT-APFRL,3407,223,1.1937320351600647
High-straggler,JIT-APFRL,3407,224,1.195247346162796
High-straggler,JIT-APFRL,3407,225,1.1881224036216735
High-straggler,JIT-APFRL,3407,226,1.1932713270187378
High-straggler,JIT-APFRL,3407,227,1.196229302883148
High-straggler,JIT-APFRL,3407,228,1.1912348389625549
High-straggler,JIT-APFRL,3407,229,1.1855114102363586
High-straggler,JIT-APFRL,3407,230,1.1956903517246247
High-straggler,JIT-APFRL,3407,231,1.1782624065876006
High-straggler,JIT-APFRL,3407,232,1.1908387422561646
High-straggler,JIT-APFRL,3407,233,1.1841168224811554
High-straggler,JIT-APFRL,3407,234,1.1875333607196807
High-straggler,JIT-APFRL,3407,235,1.187264269590378
High-straggler,JIT-APFRL,3407,236,1.1850213408470154
High-straggler,JIT-APFRL,3407,237,1.1841224789619447
High-straggler,JIT-APFRL,3407,238,1.186030089855194
High-straggler,JIT-APFRL,3407,239,1.1777206778526306
High-straggler,JIT-APFRL,3407,240,1.171849250793457
High-straggler,JIT-APFRL,3407,241,1.1777551651000977
High-straggler,JIT-APFRL,3407,242,1.1722427964210511
High-straggler,JIT-APFRL,3407,243,1.176101142168045
High-straggler,JIT-APFRL,3407,244,1.1751541554927827
High-straggler,JIT-APFRL,3407,245,1.1774887919425965
High-straggler,JIT-APFRL,3407,246,1.169575607776642
High-straggler,JIT-APFRL,3407,247,1.1693006336688996
High-straggler,JIT-APFRL,3407,248,1.17167848944664
High-straggler,JIT-APFRL,3407,249,1.1711458325386048
High-straggler,JIT-APFRL,3407,250,1.1757726967334747
High-straggler,JIT-APFRL,3407,251,1.1599775433540345
High-straggler,JIT-APFRL,3407,252,1.1750021874904633
High-straggler,JIT-APFRL,3407,253,1.1714541792869568
High-straggler,JIT-APFRL,3407,254,1.1632758736610413
High-straggler,JIT-APFRL,3407,255,1.158046931028366
High-straggler,JIT-APFRL,3407,256,1.157707893848419
High-straggler,JIT-APFRL,3407,257,1.1687931060791015
High-straggler,JIT-APFRL,3407,258,1.1667462110519409
High-straggler,JIT-APFRL,3407,259,1.1679715752601623
High-straggler,JIT-APFRL,3407,260,1.1566390097141266
High-straggler,JIT-APFRL,3407,261,1.1634952902793885
High-straggler,JIT-APFRL,3407,262,1.1519981384277345
High-straggler,JIT-APFRL,3407,263,1.1551238298416138
High-straggler,JIT-APFRL,3407,264,1.1522224605083466
High-straggler,JIT-APFRL,3407,265,1.1471548616886138
High-straggler,JIT-APFRL,3407,266,1.1545052468776702
High-straggler,JIT-APFRL,3407,267,1.1529925286769866
High-straggler,JIT-APFRL,3407,268,1.14876708984375
High-straggler,JIT-APFRL,3407,269,1.1454596877098084
High-straggler,JIT-APFRL,3407,270,1.1449262142181396
High-straggler,JIT-APFRL,3407,271,1.1458704888820648
High-straggler,JIT-APFRL,3407,272,1.1399682998657226
High-straggler,JIT-APFRL,3407,273,1.1386659801006318
High-straggler,JIT-APFRL,3407,274,1.149724578857422
High-straggler,JIT-APFRL,3407,275,1.14345685839653
High-straggler,JIT-APFRL,3407,276,1.1337741494178772
High-straggler,JIT-APFRL,3407,277,1.1432203352451324
High-straggler,JIT-APFRL,3407,278,1.1330056846141816
High-straggler,JIT-APFRL,3407,279,1.134759658575058
High-straggler,JIT-APFRL,3407,280,1.1372100174427033
High-straggler,JIT-APFRL,3407,281,1.131308799982071
High-straggler,JIT-APFRL,3407,282,1.1270190536975861
High-straggler,JIT-APFRL,3407,283,1.1321950435638428
High-straggler,JIT-APFRL,3407,284,1.1407433927059174
High-straggler,JIT-APFRL,3407,285,1.1328358769416809
High-straggler,JIT-APFRL,3407,286,1.1264590919017792
High-straggler,JIT-APFRL,3407,287,1.1362343072891234
High-straggler,JIT-APFRL,3407,288,1.1323791205883027
High-straggler,JIT-APFRL,3407,289,1.1280707180500031
High-straggler,JIT-APFRL,3407,290,1.111551535129547
High-straggler,JIT-APFRL,3407,291,1.1231172561645508
High-straggler,JIT-APFRL,3407,292,1.1212553143501283
High-straggler,JIT-APFRL,3407,293,1.1307273745536803
High-straggler,JIT-APFRL,3407,294,1.1245589137077332
High-straggler,JIT-APFRL,3407,295,1.1084201395511628
High-straggler,JIT-APFRL,3407,296,1.128823721408844
High-straggler,JIT-APFRL,3407,297,1.122146451473236
High-straggler,JIT-APFRL,3407,298,1.1092432737350464
High-straggler,JIT-APFRL,3407,299,1.1162075102329254
High-straggler,JIT-APFRL,3407,300,1.126767110824585
High-straggler,JIT-APFRL,3407,301,1.1199528217315673
High-straggler,JIT-APFRL,3407,302,1.1098196864128114
High-straggler,JIT-APFRL,3407,303,1.1221551775932312
High-straggler,JIT-APFRL,3407,304,1.10401092171669
High-straggler,JIT-APFRL,3407,305,1.1240460395812988
High-straggler,JIT-APFRL,3407,306,1.1080959737300873
High-straggler,JIT-APFRL,3407,307,1.1024628043174745
High-straggler,JIT-APFRL,3407,308,1.1048727571964263
High-straggler,JIT-APFRL,3407,309,1.1054207861423493
High-straggler,JIT-APFRL,3407,310,1.1063765227794646
High-straggler,JIT-APFRL,3407,311,1.0952946901321412
High-straggler,JIT-APFRL,3407,312,1.0919947624206543
High-straggler,JIT-APFRL,3407,313,1.1156128168106079
High-straggler,JIT-APFRL,3407,314,1.1256965756416322
High-straggler,JIT-APFRL,3407,315,1.088905894756317
High-straggler,JIT-APFRL,3407,316,1.0889443635940552
High-straggler,JIT-APFRL,3407,317,1.0955485701560974
High-straggler,JIT-APFRL,3407,318,1.09042067527771
High-straggler,JIT-APFRL,3407,319,1.0878092885017394
High-straggler,JIT-APFRL,3407,320,1.094818502664566
High-straggler,JIT-APFRL,3407,321,1.107951807975769
High-straggler,JIT-APFRL,3407,322,1.1003326892852783
High-straggler,JIT-APFRL,3407,323,1.0743890643119811
High-straggler,JIT-APFRL,3407,324,1.0981488287448884
High-straggler,JIT-APFRL,3407,325,1.0888704478740692
High-straggler,JIT-APFRL,3407,326,1.0891183733940124
High-straggler,JIT-APFRL,3407,327,1.0770420789718629
High-straggler,JIT-APFRL,3407,328,1.097632932662964
High-straggler,JIT-APFRL,3407,329,1.0870172083377838
High-straggler,JIT-APFRL,3407,330,1.07264501452446
High-straggler,JIT-APFRL,3407,331,1.1015095472335816
High-straggler,JIT-APFRL,3407,332,1.0911957561969756
High-straggler,JIT-APFRL,3407,333,1.0767201602458953
High-straggler,JIT-APFRL,3407,334,1.080754816532135
High-straggler,JIT-APFRL,3407,335,1.094784927368164
High-straggler,JIT-APFRL,3407,336,1.089612466096878
High-straggler,JIT-APFRL,3407,337,1.083573341369629
High-straggler,JIT-APFRL,3407,338,1.1032770872116089
High-straggler,JIT-APFRL,3407,339,1.0914617657661438
High-straggler,JIT-APFRL,3407,340,1.0897130429744721
High-straggler,JIT-APFRL,3407,341,1.0752065539360047
High-straggler,JIT-APFRL,3407,342,1.09852294921875
High-straggler,JIT-APFRL,3407,343,1.092505556344986
High-straggler,JIT-APFRL,3407,344,1.0866510212421416
High-straggler,JIT-APFRL,3407,345,1.093966430425644
High-straggler,JIT-APFRL,3407,346,1.0887501001358033
High-straggler,JIT-APFRL,3407,347,1.0874456465244293
High-straggler,JIT-APFRL,3407,348,1.0874586820602417
High-straggler,JIT-APFRL,3407,349,1.0817189872264863
High-straggler,JIT-APFRL,3407,350,1.090837025642395
High-straggler,JIT-APFRL,3407,351,1.1024449229240418
High-straggler,JIT-APFRL,3407,352,1.0884152114391328
High-straggler,JIT-APFRL,3407,353,1.0811483144760132
High-straggler,JIT-APFRL,3407,354,1.0866269052028656
High-straggler,JIT-APFRL,3407,355,1.0830451905727387
High-straggler,JIT-APFRL,3407,356,1.0800206303596496
High-straggler,JIT-APFRL,3407,357,1.1091100096702575
High-straggler,JIT-APFRL,3407,358,1.0973605573177339
High-straggler,JIT-APFRL,3407,359,1.0828870773315429
High-straggler,JIT-APFRL,3407,360,1.092584991455078
High-straggler,JIT-APFRL,3407,361,1.0885145604610442
High-straggler,JIT-APFRL,3407,362,1.0748711705207825
High-straggler,JIT-APFRL,3407,363,1.1045588612556458
High-straggler,JIT-APFRL,3407,364,1.0967242062091827
High-straggler,JIT-APFRL,3407,365,1.0880307614803315
High-straggler,JIT-APFRL,3407,366,1.0828013837337493
High-straggler,JIT-APFRL,3407,367,1.0938517153263092
High-straggler,JIT-APFRL,3407,368,1.0859757483005523
High-straggler,JIT-APFRL,3407,369,1.095558488368988
High-straggler,JIT-APFRL,3407,370,1.1021964848041534
High-straggler,JIT-APFRL,3407,371,1.0772326052188874
High-straggler,JIT-APFRL,3407,372,1.079490339756012
High-straggler,JIT-APFRL,3407,373,1.0710024952888488
High-straggler,JIT-APFRL,3407,374,1.080483227968216
High-straggler,JIT-APFRL,3407,375,1.0866726338863373
High-straggler,JIT-APFRL,3407,376,1.0903346419334412
High-straggler,JIT-APFRL,3407,377,1.0835351169109344
High-straggler,JIT-APFRL,3407,378,1.0709874033927917
High-straggler,JIT-APFRL,3407,379,1.065358692407608
High-straggler,JIT-APFRL,3407,380,1.0950827658176423
High-straggler,JIT-APFRL,3407,381,1.0767058193683625
High-straggler,JIT-APFRL,3407,382,1.103722369670868
High-straggler,JIT-APFRL,3407,383,1.086166924238205
High-straggler,JIT-APFRL,3407,384,1.0656647622585296
High-straggler,JIT-APFRL,3407,385,1.0765714704990388
High-straggler,JIT-APFRL,3407,386,1.0722009658813476
High-straggler,JIT-APFRL,3407,387,1.0765978932380675
High-straggler,JIT-APFRL,3407,388,1.0846175849437714
High-straggler,JIT-APFRL,3407,389,1.077894961833954
High-straggler,JIT-APFRL,3407,390,1.0769131422042846
High-straggler,JIT-APFRL,3407,391,1.0836532294750214
High-straggler,JIT-APFRL,3407,392,1.0616777300834657
High-straggler,JIT-APFRL,3407,393,1.0874343156814574
High-straggler,JIT-APFRL,3407,394,1.0575319588184358
High-straggler,JIT-APFRL,3407,395,1.07396457195282
High-straggler,JIT-APFRL,3407,396,1.0830211281776427
High-straggler,JIT-APFRL,3407,397,1.0669896602630615
High-straggler,JIT-APFRL,3407,398,1.0694851219654082
High-straggler,JIT-APFRL,3407,399,1.0609527409076691
High-straggler,JIT-APFRL,3407,400,1.0669206023216247
High-straggler,JIT-APFRL,4518,1,1.3802923202514648
High-straggler,JIT-APFRL,4518,2,1.3801439821720123
High-straggler,JIT-APFRL,4518,3,1.3801162183284759
High-straggler,JIT-APFRL,4518,4,1.3802060604095459
High-straggler,JIT-APFRL,4518,5,1.3804722070693969
High-straggler,JIT-APFRL,4518,6,1.3802815139293672
High-straggler,JIT-APFRL,4518,7,1.3804160833358765
High-straggler,JIT-APFRL,4518,8,1.380438470840454
High-straggler,JIT-APFRL,4518,9,1.3805322647094727
High-straggler,JIT-APFRL,4518,10,1.3807283282279967
High-straggler,JIT-APFRL,4518,11,1.380678516626358
High-straggler,JIT-APFRL,4518,12,1.3803867101669312
High-straggler,JIT-APFRL,4518,13,1.3804874956607818
High-straggler,JIT-APFRL,4518,14,1.3807932257652282
High-straggler,JIT-APFRL,4518,15,1.3808473587036132
High-straggler,JIT-APFRL,4518,16,1.3807934641838073
High-straggler,JIT-APFRL,4518,17,1.3805962383747101
High-straggler,JIT-APFRL,4518,18,1.3805900514125824
High-straggler,JIT-APFRL,4518,19,1.3807166516780853
High-straggler,JIT-APFRL,4518,20,1.3804528534412384
High-straggler,JIT-APFRL,4518,21,1.3805743336677552
High-straggler,JIT-APFRL,4518,22,1.3810853064060211
High-straggler,JIT-APFRL,4518,23,1.3807979345321655
High-straggler,JIT-APFRL,4518,24,1.3806012868881226
High-straggler,JIT-APFRL,4518,25,1.3805146634578704
High-straggler,JIT-APFRL,4518,26,1.3807211756706237
High-straggler,JIT-APFRL,4518,27,1.3805172085762023
High-straggler,JIT-APFRL,4518,28,1.3805691599845886
High-straggler,JIT-APFRL,4518,29,1.3805329740047454
High-straggler,JIT-APFRL,4518,30,1.3807034492492676
High-straggler,JIT-APFRL,4518,31,1.3804367542266847
High-straggler,JIT-APFRL,4518,32,1.380597847700119
High-straggler,JIT-APFRL,4518,33,1.3805947959423066
High-straggler,JIT-APFRL,4518,34,1.3801974594593047
High-straggler,JIT-APFRL,4518,35,1.3802979826927184
High-straggler,JIT-APFRL,4518,36,1.3803214013576508
High-straggler,JIT-APFRL,4518,37,1.3802050471305847
High-straggler,JIT-APFRL,4518,38,1.380357962846756
High-straggler,JIT-APFRL,4518,39,1.3803264439105987
High-straggler,JIT-APFRL,4518,40,1.3799867272377013
High-straggler,JIT-APFRL,4518,41,1.380022305250168
High-straggler,JIT-APFRL,4518,42,1.3798341691493987
High-straggler,JIT-APFRL,4518,43,1.3801952421665191
High-straggler,JIT-APFRL,4518,44,1.380095648765564
High-straggler,JIT-APFRL,4518,45,1.3799847483634948
High-straggler,JIT-APFRL,4518,46,1.3798094511032104
High-straggler,JIT-APFRL,4518,47,1.37936070561409
High-straggler,JIT-APFRL,4518,48,1.3791970372200013
High-straggler,JIT-APFRL,4518,49,1.3789515674114228
High-straggler,JIT-APFRL,4518,50,1.3792471945285798
High-straggler,JIT-APFRL,4518,51,1.3795199871063233
High-straggler,JIT-APFRL,4518,52,1.3790241956710816
High-straggler,JIT-APFRL,4518,53,1.3789617478847505
High-straggler,JIT-APFRL,4518,54,1.3785746693611145
High-straggler,JIT-APFRL,4518,55,1.3788402378559113
High-straggler,JIT-APFRL,4518,56,1.3781428456306457
High-straggler,JIT-APFRL,4518,57,1.3782867312431335
High-straggler,JIT-APFRL,4518,58,1.377215576171875
High-straggler,JIT-APFRL,4518,59,1.3777085423469544
High-straggler,JIT-APFRL,4518,60,1.3774498283863068
High-straggler,JIT-APFRL,4518,61,1.3772033631801606
High-straggler,JIT-APFRL,4518,62,1.3768589794635773
High-straggler,JIT-APFRL,4518,63,1.3775238156318665
High-straggler,JIT-APFRL,4518,64,1.3771076202392578
High-straggler,JIT-APFRL,4518,65,1.3766473293304444
High-straggler,JIT-APFRL,4518,66,1.3759134769439698
High-straggler,JIT-APFRL,4518,67,1.3757833659648895
High-straggler,JIT-APFRL,4518,68,1.3757653295993806
High-straggler,JIT-APFRL,4518,69,1.375298899412155
High-straggler,JIT-APFRL,4518,70,1.3750328958034514
High-straggler,JIT-APFRL,4518,71,1.3740357279777526
High-straggler,JIT-APFRL,4518,72,1.3743194401264192
High-straggler,JIT-APFRL,4518,73,1.3728791177272797
High-straggler,JIT-APFRL,4518,74,1.3737340152263642
High-straggler,JIT-APFRL,4518,75,1.3734087705612184
High-straggler,JIT-APFRL,4518,76,1.371933376789093
High-straggler,JIT-APFRL,4518,77,1.3702788472175598
High-straggler,JIT-APFRL,4518,78,1.371787852048874
High-straggler,JIT-APFRL,4518,79,1.3709406197071075
High-straggler,JIT-APFRL,4518,80,1.3693596720695496
High-straggler,JIT-APFRL,4518,81,1.3695694744586944
High-straggler,JIT-APFRL,4518,82,1.36925208568573
High-straggler,JIT-APFRL,4518,83,1.3685805678367615
High-straggler,JIT-APFRL,4518,84,1.3680281937122345
High-straggler,JIT-APFRL,4518,85,1.3681908071041107
High-straggler,JIT-APFRL,4518,86,1.3663355112075806
High-straggler,JIT-APFRL,4518,87,1.3651394367218017
High-straggler,JIT-APFRL,4518,88,1.3654899835586547
High-straggler,JIT-APFRL,4518,89,1.3646057426929474
High-straggler,JIT-APFRL,4518,90,1.3635948419570922
High-straggler,JIT-APFRL,4518,91,1.361093932390213
High-straggler,JIT-APFRL,4518,92,1.3633005380630494
High-straggler,JIT-APFRL,4518,93,1.362874048948288
High-straggler,JIT-APFRL,4518,94,1.3592791378498077
High-straggler,JIT-APFRL,4518,95,1.3589295208454133
High-straggler,JIT-APFRL,4518,96,1.360485601425171
High-straggler,JIT-APFRL,4518,97,1.3587604105472564
High-straggler,JIT-APFRL,4518,98,1.357231479883194
High-straggler,JIT-APFRL,4518,99,1.357712411880493
High-straggler,JIT-APFRL,4518,100,1.3543156564235688
High-straggler,JIT-APFRL,4518,101,1.3536953926086426
High-straggler,JIT-APFRL,4518,102,1.3547482252120973
High-straggler,JIT-APFRL,4518,103,1.35348100066185
High-straggler,JIT-APFRL,4518,104,1.3494591116905212
High-straggler,JIT-APFRL,4518,105,1.3476466417312623
High-straggler,JIT-APFRL,4518,106,1.351317548751831
High-straggler,JIT-APFRL,4518,107,1.3446679294109345
High-straggler,JIT-APFRL,4518,108,1.3456729888916015
High-straggler,JIT-APFRL,4518,109,1.3445445239543914
High-straggler,JIT-APFRL,4518,110,1.3433631241321564
High-straggler,JIT-APFRL,4518,111,1.3374244689941406
High-straggler,JIT-APFRL,4518,112,1.339397704601288
High-straggler,JIT-APFRL,4518,113,1.3390899777412415
High-straggler,JIT-APFRL,4518,114,1.3325867533683777
High-straggler,JIT-APFRL,4518,115,1.3357627391815186
High-straggler,JIT-APFRL,4518,116,1.3366159737110137
High-straggler,JIT-APFRL,4518,117,1.332028591632843
High-straggler,JIT-APFRL,4518,118,1.3280721485614777
High-straggler,JIT-APFRL,4518,119,1.3258559465408326
High-straggler,JIT-APFRL,4518,120,1.3254246532917022
High-straggler,JIT-APFRL,4518,121,1.324260061979294
High-straggler,JIT-APFRL,4518,122,1.3239842474460601
High-straggler,JIT-APFRL,4518,123,1.317823940515518
High-straggler,JIT-APFRL,4518,124,1.3171855926513671
High-straggler,JIT-APFRL,4518,125,1.3153978347778321
High-straggler,JIT-APFRL,4518,126,1.3147540748119355
High-straggler,JIT-APFRL,4518,127,1.3082009196281432
High-straggler,JIT-APFRL,4518,128,1.3079244673252106
High-straggler,JIT-APFRL,4518,129,1.3038844227790833
High-straggler,JIT-APFRL,4518,130,1.3072081744670867
High-straggler,JIT-APFRL,4518,131,1.301984530687332
High-straggler,JIT-APFRL,4518,132,1.3014058887958526
High-straggler,JIT-APFRL,4518,133,1.3045763492584228
High-straggler,JIT-APFRL,4518,134,1.2896418929100038
High-straggler,JIT-APFRL,4518,135,1.289990371465683
High-straggler,JIT-APFRL,4518,136,1.2907988786697389
High-straggler,JIT-APFRL,4518,137,1.2817497491836547
High-straggler,JIT-APFRL,4518,138,1.2881146013736724
High-straggler,JIT-APFRL,4518,139,1.2784226000308991
High-straggler,JIT-APFRL,4518,140,1.2758794903755188
High-straggler,JIT-APFRL,4518,141,1.269162917137146
High-straggler,JIT-APFRL,4518,142,1.2773784697055817
High-straggler,JIT-APFRL,4518,143,1.2711673498153686
High-straggler,JIT-APFRL,4518,144,1.2587163507938386
High-straggler,JIT-APFRL,4518,145,1.2647297143936158
High-straggler,JIT-APFRL,4518,146,1.2726264595985413
High-straggler,JIT-APFRL,4518,147,1.258957290649414
High-straggler,JIT-APFRL,4518,148,1.2507746040821075
High-straggler,JIT-APFRL,4518,149,1.247724437713623
High-straggler,JIT-APFRL,4518,150,1.2626321852207183
High-straggler,JIT-APFRL,4518,151,1.2479122579097748
High-straggler,JIT-APFRL,4518,152,1.2475625872612
High-straggler,JIT-APFRL,4518,153,1.2495037376880647
High-straggler,JIT-APFRL,4518,154,1.2400833189487457
High-straggler,JIT-APFRL,4518,155,1.2409716308116914
High-straggler,JIT-APFRL,4518,156,1.242249321937561
High-straggler,JIT-APFRL,4518,157,1.238902497291565
High-straggler,JIT-APFRL,4518,158,1.2289360761642456
High-straggler,JIT-APFRL,4518,159,1.232159274816513
High-straggler,JIT-APFRL,4518,160,1.218982172012329
High-straggler,JIT-APFRL,4518,161,1.2214276790618896
High-straggler,JIT-APFRL,4518,162,1.2157776832580567
High-straggler,JIT-APFRL,4518,163,1.2162461876869202
High-straggler,JIT-APFRL,4518,164,1.2062550842761994
High-straggler,JIT-APFRL,4518,165,1.1987620353698731
High-straggler,JIT-APFRL,4518,166,1.2011707365512847
High-straggler,JIT-APFRL,4518,167,1.210552304983139
High-straggler,JIT-APFRL,4518,168,1.2061573028564454
High-straggler,JIT-APFRL,4518,169,1.1874604642391204
High-straggler,JIT-APFRL,4518,170,1.1963143289089202
High-straggler,JIT-APFRL,4518,171,1.1886705994606017
High-straggler,JIT-APFRL,4518,172,1.1745276987552642
High-straggler,JIT-APFRL,4518,173,1.1799955904483794
High-straggler,JIT-APFRL,4518,174,1.177595889568329
High-straggler,JIT-APFRL,4518,175,1.1767419457435608
High-straggler,JIT-APFRL,4518,176,1.1756997942924499
High-straggler,JIT-APFRL,4518,177,1.169722592830658
High-straggler,JIT-APFRL,4518,178,1.158722561597824
High-straggler,JIT-APFRL,4518,179,1.1723409831523894
High-straggler,JIT-APFRL,4518,180,1.1692428767681122
High-straggler,JIT-APFRL,4518,181,1.1591909289360047
High-straggler,JIT-APFRL,4518,182,1.1538106560707093
High-straggler,JIT-APFRL,4518,183,1.1646714806556702
High-straggler,JIT-APFRL,4518,184,1.160603666305542
High-straggler,JIT-APFRL,4518,185,1.1474742710590362
High-straggler,JIT-APFRL,4518,186,1.1517133235931396
High-straggler,JIT-APFRL,4518,187,1.1570549726486206
High-straggler,JIT-APFRL,4518,188,1.1390671670436858
High-straggler,JIT-APFRL,4518,189,1.1468463480472564
High-straggler,JIT-APFRL,4518,190,1.1458829462528228
High-straggler,JIT-APFRL,4518,191,1.1270810961723328
High-straggler,JIT-APFRL,4518,192,1.1314598321914673
High-straggler,JIT-APFRL,4518,193,1.1154455304145814
High-straggler,JIT-APFRL,4518,194,1.1296649515628814
High-straggler,JIT-APFRL,4518,195,1.1183570861816405
High-straggler,JIT-APFRL,4518,196,1.1249621093273163
High-straggler,JIT-APFRL,4518,197,1.1290134489536285
High-straggler,JIT-APFRL,4518,198,1.105392837524414
High-straggler,JIT-APFRL,4518,199,1.1420111238956452
High-straggler,JIT-APFRL,4518,200,1.1231495082378387
High-straggler,JIT-APFRL,4518,201,1.0947688102722168
High-straggler,JIT-APFRL,4518,202,1.100717979669571
High-straggler,JIT-APFRL,4518,203,1.1109836518764495
High-straggler,JIT-APFRL,4518,204,1.1084662079811096
High-straggler,JIT-APFRL,4518,205,1.0922202348709107
High-straggler,JIT-APFRL,4518,206,1.0901271760463715
High-straggler,JIT-APFRL,4518,207,1.07292799949646
High-straggler,JIT-APFRL,4518,208,1.0983187317848206
High-straggler,JIT-APFRL,4518,209,1.0887074053287507
High-straggler,JIT-APFRL,4518,210,1.0978633224964143
High-straggler,JIT-APFRL,4518,211,1.0950540840625762
High-straggler,JIT-APFRL,4518,212,1.0898626923561097
High-straggler,JIT-APFRL,4518,213,1.067923367023468
High-straggler,JIT-APFRL,4518,214,1.091033399105072
High-straggler,JIT-APFRL,4518,215,1.067594200372696
High-straggler,JIT-APFRL,4518,216,1.0492898285388947
High-straggler,JIT-APFRL,4518,217,1.0640531599521637
High-straggler,JIT-APFRL,4518,218,1.0941675543785094
High-straggler,JIT-APFRL,4518,219,1.0584742188453675
High-straggler,JIT-APFRL,4518,220,1.0702228903770448
High-straggler,JIT-APFRL,4518,221,1.0784346222877503
High-straggler,JIT-APFRL,4518,222,1.0537745743989944
High-straggler,JIT-APFRL,4518,223,1.0557207018136978
High-straggler,JIT-APFRL,4518,224,1.0663740009069442
High-straggler,JIT-APFRL,4518,225,1.0402637422084808
High-straggler,JIT-APFRL,4518,226,1.0552586644887925
High-straggler,JIT-APFRL,4518,227,1.061363610625267
High-straggler,JIT-APFRL,4518,228,1.0329519152641295
High-straggler,JIT-APFRL,4518,229,1.0452123075723647
High-straggler,JIT-APFRL,4518,230,1.0699412167072295
High-straggler,JIT-APFRL,4518,231,1.0345661848783494
High-straggler,JIT-APFRL,4518,232,1.054643839597702
High-straggler,JIT-APFRL,4518,233,1.0360130280256272
High-straggler,JIT-APFRL,4518,234,1.0587815344333649
High-straggler,JIT-APFRL,4518,235,1.0369358837604523
High-straggler,JIT-APFRL,4518,236,1.0208133846521377
High-straggler,JIT-APFRL,4518,237,1.0368271797895432
High-straggler,JIT-APFRL,4518,238,1.026935523748398
High-straggler,JIT-APFRL,4518,239,1.01946981549263
High-straggler,JIT-APFRL,4518,240,1.050166416168213
High-straggler,JIT-APFRL,4518,241,1.031443828344345
High-straggler,JIT-APFRL,4518,242,1.0393351674079896
High-straggler,JIT-APFRL,4518,243,1.016821339726448
High-straggler,JIT-APFRL,4518,244,1.0265034586191177
High-straggler,JIT-APFRL,4518,245,1.0325095355510712
High-straggler,JIT-APFRL,4518,246,1.0280798256397248
High-straggler,JIT-APFRL,4518,247,1.036786761879921
High-straggler,JIT-APFRL,4518,248,1.0440618693828583
High-straggler,JIT-APFRL,4518,249,1.013005781173706
High-straggler,JIT-APFRL,4518,250,1.057024598121643
High-straggler,JIT-APFRL,4518,251,1.020186397433281
High-straggler,JIT-APFRL,4518,252,1.007061743736267
High-straggler,JIT-APFRL,4518,253,1.0263479322195053
High-straggler,JIT-APFRL,4518,254,1.0267435252666473
High-straggler,JIT-APFRL,4518,255,1.0160240083932877
High-straggler,JIT-APFRL,4518,256,1.0247650861740112
High-straggler,JIT-APFRL,4518,257,1.0208090245723724
High-straggler,JIT-APFRL,4518,258,1.0305378675460815
High-straggler,JIT-APFRL,4518,259,1.005256548523903
High-straggler,JIT-APFRL,4518,260,1.029296174645424
High-straggler,JIT-APFRL,4518,261,1.0179834008216857
High-straggler,JIT-APFRL,4518,262,1.0050177186727525
High-straggler,JIT-APFRL,4518,263,1.0049550384283066
High-straggler,JIT-APFRL,4518,264,1.0208629012107848
High-straggler,JIT-APFRL,4518,265,1.005561539530754
High-straggler,JIT-APFRL,4518,266,1.0155964642763138
High-straggler,JIT-APFRL,4518,267,0.9970099836587906
High-straggler,JIT-APFRL,4518,268,1.0105216085910798
High-straggler,JIT-APFRL,4518,269,1.0237872660160066
High-straggler,JIT-APFRL,4518,270,1.0105861186981202
High-straggler,JIT-APFRL,4518,271,1.0281065195798873
High-straggler,JIT-APFRL,4518,272,1.004462081193924
High-straggler,JIT-APFRL,4518,273,0.9941816926002502
High-straggler,JIT-APFRL,4518,274,1.0298528671264648
High-straggler,JIT-APFRL,4518,275,1.001349574327469
High-straggler,JIT-APFRL,4518,276,0.9938656449317932
High-straggler,JIT-APFRL,4518,277,1.0169075638055802
High-straggler,JIT-APFRL,4518,278,1.0001431912183762
High-straggler,JIT-APFRL,4518,279,1.0094632178544998
High-straggler,JIT-APFRL,4518,280,1.0003579199314117
High-straggler,JIT-APFRL,4518,281,1.0027813971042634
High-straggler,JIT-APFRL,4518,282,1.0096995949745178
High-straggler,JIT-APFRL,4518,283,1.0110221415758134
High-straggler,JIT-APFRL,4518,284,0.992349910736084
High-straggler,JIT-APFRL,4518,285,1.009833750128746
High-straggler,JIT-APFRL,4518,286,1.015065923333168
High-straggler,JIT-APFRL,4518,287,1.0055545032024384
High-straggler,JIT-APFRL,4518,288,1.0044043481349945
High-straggler,JIT-APFRL,4518,289,1.0050043940544129
High-straggler,JIT-APFRL,4518,290,0.999992910027504
High-straggler,JIT-APFRL,4518,291,0.9937451750040054
High-straggler,JIT-APFRL,4518,292,1.0235332787036895
High-straggler,JIT-APFRL,4518,293,1.020692202448845
High-straggler,JIT-APFRL,4518,294,0.9973265558481217
High-straggler,JIT-APFRL,4518,295,1.0113524436950683
High-straggler,JIT-APFRL,4518,296,0.9896872699260711
High-straggler,JIT-APFRL,4518,297,1.0040361672639846
High-straggler,JIT-APFRL,4518,298,1.0168247401714325
High-straggler,JIT-APFRL,4518,299,1.0048282444477081
High-straggler,JIT-APFRL,4518,300,0.9788559228181839
High-straggler,JIT-APFRL,4518,301,1.003399458527565
High-straggler,JIT-APFRL,4518,302,0.9977727085351944
High-straggler,JIT-APFRL,4518,303,0.9958635956048966
High-straggler,JIT-APFRL,4518,304,0.9987428486347198
High-straggler,JIT-APFRL,4518,305,0.9689292520284652
High-straggler,JIT-APFRL,4518,306,0.9950700670480728
High-straggler,JIT-APFRL,4518,307,0.9881800979375839
High-straggler,JIT-APFRL,4518,308,0.9854942619800567
High-straggler,JIT-APFRL,4518,309,0.989414268732071
High-straggler,JIT-APFRL,4518,310,0.9709072262048721
High-straggler,JIT-APFRL,4518,311,0.9908048838376999
High-straggler,JIT-APFRL,4518,312,0.9936117768287659
High-straggler,JIT-APFRL,4518,313,0.99704809486866
High-straggler,JIT-APFRL,4518,314,0.9749868124723434
High-straggler,JIT-APFRL,4518,315,0.9698155581951141
High-straggler,JIT-APFRL,4518,316,0.9798878371715546
High-straggler,JIT-APFRL,4518,317,0.9929374873638153
High-straggler,JIT-APFRL,4518,318,0.982560858130455
High-straggler,JIT-APFRL,4518,319,0.9627275377511978
High-straggler,JIT-APFRL,4518,320,0.9668563067913055
High-straggler,JIT-APFRL,4518,321,0.9784246116876603
High-straggler,JIT-APFRL,4518,322,0.9921671360731125
High-straggler,JIT-APFRL,4518,323,0.9658011317253112
High-straggler,JIT-APFRL,4518,324,0.9389319717884064
High-straggler,JIT-APFRL,4518,325,0.9778002023696899
High-straggler,JIT-APFRL,4518,326,0.9781216889619827
High-straggler,JIT-APFRL,4518,327,0.9667827785015106
High-straggler,JIT-APFRL,4518,328,0.9830813616514206
High-straggler,JIT-APFRL,4518,329,0.9734554558992385
High-straggler,JIT-APFRL,4518,330,0.9591319978237152
High-straggler,JIT-APFRL,4518,331,0.9751197457313537
High-straggler,JIT-APFRL,4518,332,0.9727535158395767
High-straggler,JIT-APFRL,4518,333,0.9732282340526581
High-straggler,JIT-APFRL,4518,334,0.9818471997976304
High-straggler,JIT-APFRL,4518,335,0.959017214179039
High-straggler,JIT-APFRL,4518,336,0.9691049605607986
High-straggler,JIT-APFRL,4518,337,0.9755140125751496
High-straggler,JIT-APFRL,4518,338,0.98148013651371
High-straggler,JIT-APFRL,4518,339,0.9685531079769134
High-straggler,JIT-APFRL,4518,340,0.9842335850000381
High-straggler,JIT-APFRL,4518,341,0.9642018139362335
High-straggler,JIT-APFRL,4518,342,0.9570423871278763
High-straggler,JIT-APFRL,4518,343,0.9974690318107605
High-straggler,JIT-APFRL,4518,344,1.0023141115903855
High-straggler,JIT-APFRL,4518,345,0.9816879242658615
High-straggler,JIT-APFRL,4518,346,0.9588920444250106
High-straggler,JIT-APFRL,4518,347,0.9660663515329361
High-straggler,JIT-APFRL,4518,348,0.9707318514585495
High-straggler,JIT-APFRL,4518,349,0.9864068239927292
High-straggler,JIT-APFRL,4518,350,0.9861251145601273
High-straggler,JIT-APFRL,4518,351,0.9570181787014007
High-straggler,JIT-APFRL,4518,352,0.9618542402982712
High-straggler,JIT-APFRL,4518,353,0.9712892174720764
High-straggler,JIT-APFRL,4518,354,0.9704137504100799
High-straggler,JIT-APFRL,4518,355,0.9716005623340607
High-straggler,JIT-APFRL,4518,356,0.9679035514593124
High-straggler,JIT-APFRL,4518,357,0.9452042996883392
High-straggler,JIT-APFRL,4518,358,0.9582715421915055
High-straggler,JIT-APFRL,4518,359,0.9607958942651749
High-straggler,JIT-APFRL,4518,360,0.9733557999134064
High-straggler,JIT-APFRL,4518,361,0.9474226117134095
High-straggler,JIT-APFRL,4518,362,0.9500209987163544
High-straggler,JIT-APFRL,4518,363,0.9693074464797974
High-straggler,JIT-APFRL,4518,364,0.9676338344812393
High-straggler,JIT-APFRL,4518,365,0.9487233251333237
High-straggler,JIT-APFRL,4518,366,0.9365012079477311
High-straggler,JIT-APFRL,4518,367,0.9676440775394439
High-straggler,JIT-APFRL,4518,368,0.9752255827188492
High-straggler,JIT-APFRL,4518,369,0.9778171300888061
High-straggler,JIT-APFRL,4518,370,0.9612601041793823
High-straggler,JIT-APFRL,4518,371,0.9541467517614365
High-straggler,JIT-APFRL,4518,372,0.9579661011695861
High-straggler,JIT-APFRL,4518,373,0.9526250541210175
High-straggler,JIT-APFRL,4518,374,0.965199676156044
High-straggler,JIT-APFRL,4518,375,0.9491605967283249
High-straggler,JIT-APFRL,4518,376,0.9766628324985505
High-straggler,JIT-APFRL,4518,377,0.9636569648981095
High-straggler,JIT-APFRL,4518,378,0.9517171114683152
High-straggler,JIT-APFRL,4518,379,0.9649124830961228
High-straggler,JIT-APFRL,4518,380,0.9415989339351654
High-straggler,JIT-APFRL,4518,381,0.9671719670295715
High-straggler,JIT-APFRL,4518,382,0.9565637826919555
High-straggler,JIT-APFRL,4518,383,0.9346081286668777
High-straggler,JIT-APFRL,4518,384,0.9710876286029816
High-straggler,JIT-APFRL,4518,385,0.9812929898500442
High-straggler,JIT-APFRL,4518,386,0.9624193191528321
High-straggler,JIT-APFRL,4518,387,0.9612235784530639
High-straggler,JIT-APFRL,4518,388,0.9649849206209182
High-straggler,JIT-APFRL,4518,389,0.9757451266050339
High-straggler,JIT-APFRL,4518,390,0.9815610617399215
High-straggler,JIT-APFRL,4518,391,0.9742938220500946
High-straggler,JIT-APFRL,4518,392,0.9753974676132202
High-straggler,JIT-APFRL,4518,393,0.9703738868236542
High-straggler,JIT-APFRL,4518,394,0.9530235677957535
High-straggler,JIT-APFRL,4518,395,0.9746631890535354
High-straggler,JIT-APFRL,4518,396,0.9695386856794357
High-straggler,JIT-APFRL,4518,397,0.9682631701231003
High-straggler,JIT-APFRL,4518,398,0.9435057699680328
High-straggler,JIT-APFRL,4518,399,0.9596306145191192
High-straggler,JIT-APFRL,4518,400,0.9686183750629425
High-straggler,JIT-APFRL,5629,1,1.3813339710235595
High-straggler,JIT-APFRL,5629,2,1.381311196088791
High-straggler,JIT-APFRL,5629,3,1.3814463317394257
High-straggler,JIT-APFRL,5629,4,1.3812090098857879
High-straggler,JIT-APFRL,5629,5,1.3810038030147553
High-straggler,JIT-APFRL,5629,6,1.380767834186554
High-straggler,JIT-APFRL,5629,7,1.3807400643825531
High-straggler,JIT-APFRL,5629,8,1.380767184495926
High-straggler,JIT-APFRL,5629,9,1.3807155311107635
High-straggler,JIT-APFRL,5629,10,1.3804971158504487
High-straggler,JIT-APFRL,5629,11,1.3803880870342256
High-straggler,JIT-APFRL,5629,12,1.3802558422088622
High-straggler,JIT-APFRL,5629,13,1.3799212276935577
High-straggler,JIT-APFRL,5629,14,1.3799217641353607
High-straggler,JIT-APFRL,5629,15,1.3797091722488404
High-straggler,JIT-APFRL,5629,16,1.3796847403049468
High-straggler,JIT-APFRL,5629,17,1.3794878900051117
High-straggler,JIT-APFRL,5629,18,1.3792587101459504
High-straggler,JIT-APFRL,5629,19,1.379127663373947
High-straggler,JIT-APFRL,5629,20,1.3788471043109893
High-straggler,JIT-APFRL,5629,21,1.3787582576274873
High-straggler,JIT-APFRL,5629,22,1.3783949971199037
High-straggler,JIT-APFRL,5629,23,1.3783081829547883
High-straggler,JIT-APFRL,5629,24,1.3783103704452515
High-straggler,JIT-APFRL,5629,25,1.3783236920833588
High-straggler,JIT-APFRL,5629,26,1.3777295112609864
High-straggler,JIT-APFRL,5629,27,1.3776185929775238
High-straggler,JIT-APFRL,5629,28,1.377686184644699
High-straggler,JIT-APFRL,5629,29,1.3771146595478059
High-straggler,JIT-APFRL,5629,30,1.3771791100502013
High-straggler,JIT-APFRL,5629,31,1.3769570529460906
High-straggler,JIT-APFRL,5629,32,1.3765664756298066
High-straggler,JIT-APFRL,5629,33,1.3766250312328339
High-straggler,JIT-APFRL,5629,34,1.3762760698795318
High-straggler,JIT-APFRL,5629,35,1.3754849195480348
High-straggler,JIT-APFRL,5629,36,1.3760819733142853
High-straggler,JIT-APFRL,5629,37,1.375330001115799
High-straggler,JIT-APFRL,5629,38,1.3751254022121429
High-straggler,JIT-APFRL,5629,39,1.3749534070491791
High-straggler,JIT-APFRL,5629,40,1.374976772069931
High-straggler,JIT-APFRL,5629,41,1.3742353975772859
High-straggler,JIT-APFRL,5629,42,1.3741578042507172
High-straggler,JIT-APFRL,5629,43,1.373965561389923
High-straggler,JIT-APFRL,5629,44,1.3737856209278108
High-straggler,JIT-APFRL,5629,45,1.3731899559497833
High-straggler,JIT-APFRL,5629,46,1.3724843740463257
High-straggler,JIT-APFRL,5629,47,1.372320932149887
High-straggler,JIT-APFRL,5629,48,1.371834295988083
High-straggler,JIT-APFRL,5629,49,1.3716880917549132
High-straggler,JIT-APFRL,5629,50,1.3714627623558044
High-straggler,JIT-APFRL,5629,51,1.371102374792099
High-straggler,JIT-APFRL,5629,52,1.370063054561615
High-straggler,JIT-APFRL,5629,53,1.3701394975185395
High-straggler,JIT-APFRL,5629,54,1.3695891916751861
High-straggler,JIT-APFRL,5629,55,1.3688034176826478
High-straggler,JIT-APFRL,5629,56,1.3684342443943023
High-straggler,JIT-APFRL,5629,57,1.368297040462494
High-straggler,JIT-APFRL,5629,58,1.367162936925888
High-straggler,JIT-APFRL,5629,59,1.3664628326892854
High-straggler,JIT-APFRL,5629,60,1.365452378988266
High-straggler,JIT-APFRL,5629,61,1.3670439720153809
High-straggler,JIT-APFRL,5629,62,1.3659409761428833
High-straggler,JIT-APFRL,5629,63,1.3646730780601501
High-straggler,JIT-APFRL,5629,64,1.3631372928619385
High-straggler,JIT-APFRL,5629,65,1.3627906739711761
High-straggler,JIT-APFRL,5629,66,1.3635141789913177
High-straggler,JIT-APFRL,5629,67,1.3626956343650818
High-straggler,JIT-APFRL,5629,68,1.3599797546863557
High-straggler,JIT-APFRL,5629,69,1.3608041167259217
High-straggler,JIT-APFRL,5629,70,1.358702254295349
High-straggler,JIT-APFRL,5629,71,1.3585889875888824
High-straggler,JIT-APFRL,5629,72,1.3562799751758576
High-straggler,JIT-APFRL,5629,73,1.3553571462631226
High-straggler,JIT-APFRL,5629,74,1.3554327607154846
High-straggler,JIT-APFRL,5629,75,1.3554797410964965
High-straggler,JIT-APFRL,5629,76,1.3523073494434357
High-straggler,JIT-APFRL,5629,77,1.3527869760990143
High-straggler,JIT-APFRL,5629,78,1.351931059360504
High-straggler,JIT-APFRL,5629,79,1.351500189304352
High-straggler,JIT-APFRL,5629,80,1.347985714673996
High-straggler,JIT-APFRL,5629,81,1.349279022216797
High-straggler,JIT-APFRL,5629,82,1.3473321735858916
High-straggler,JIT-APFRL,5629,83,1.3480801463127137
High-straggler,JIT-APFRL,5629,84,1.3457566738128661
High-straggler,JIT-APFRL,5629,85,1.3434616863727569
High-straggler,JIT-APFRL,5629,86,1.3421926379203797
High-straggler,JIT-APFRL,5629,87,1.3397257149219512
High-straggler,JIT-APFRL,5629,88,1.3408026814460754
High-straggler,JIT-APFRL,5629,89,1.337650293111801
High-straggler,JIT-APFRL,5629,90,1.3390813171863556
High-straggler,JIT-APFRL,5629,91,1.3357984721660614
High-straggler,JIT-APFRL,5629,92,1.3358213007450104
High-straggler,JIT-APFRL,5629,93,1.3317322134971619
High-straggler,JIT-APFRL,5629,94,1.3315688729286195
High-straggler,JIT-APFRL,5629,95,1.3320392072200775
High-straggler,JIT-APFRL,5629,96,1.3274761617183686
High-straggler,JIT-APFRL,5629,97,1.3256478369235993
High-straggler,JIT-APFRL,5629,98,1.3198757827281953
High-straggler,JIT-APFRL,5629,99,1.3244732439517974
High-straggler,JIT-APFRL,5629,100,1.3232807993888855
High-straggler,JIT-APFRL,5629,101,1.3188575506210327
High-straggler,JIT-APFRL,5629,102,1.3129739999771117
High-straggler,JIT-APFRL,5629,103,1.3183434545993804
High-straggler,JIT-APFRL,5629,104,1.3124148547649384
High-straggler,JIT-APFRL,5629,105,1.311813908815384
High-straggler,JIT-APFRL,5629,106,1.31135174036026
High-straggler,JIT-APFRL,5629,107,1.3050448060035706
High-straggler,JIT-APFRL,5629,108,1.3064846396446228
High-straggler,JIT-APFRL,5629,109,1.3073651671409607
High-straggler,JIT-APFRL,5629,110,1.301509392261505
High-straggler,JIT-APFRL,5629,111,1.2943758964538574
High-straggler,JIT-APFRL,5629,112,1.2926407277584075
High-straggler,JIT-APFRL,5629,113,1.2938192486763
High-straggler,JIT-APFRL,5629,114,1.2930688261985779
High-straggler,JIT-APFRL,5629,115,1.288803106546402
High-straggler,JIT-APFRL,5629,116,1.287017560005188
High-straggler,JIT-APFRL,5629,117,1.2881931006908416
High-straggler,JIT-APFRL,5629,118,1.2880861461162567
High-straggler,JIT-APFRL,5629,119,1.2838775038719177
High-straggler,JIT-APFRL,5629,120,1.279072380065918
High-straggler,JIT-APFRL,5629,121,1.2787122845649719
High-straggler,JIT-APFRL,5629,122,1.2743183612823485
High-straggler,JIT-APFRL,5629,123,1.2719133913516998
High-straggler,JIT-APFRL,5629,124,1.2656116485595703
High-straggler,JIT-APFRL,5629,125,1.2665569543838502
High-straggler,JIT-APFRL,5629,126,1.2579641342163086
High-straggler,JIT-APFRL,5629,127,1.2604744017124176
High-straggler,JIT-APFRL,5629,128,1.2608422935009003
High-straggler,JIT-APFRL,5629,129,1.251314204931259
High-straggler,JIT-APFRL,5629,130,1.253121703863144
High-straggler,JIT-APFRL,5629,131,1.2437714457511901
High-straggler,JIT-APFRL,5629,132,1.2478396117687225
High-straggler,JIT-APFRL,5629,133,1.2443408370018005
High-straggler,JIT-APFRL,5629,134,1.242708647251129
High-straggler,JIT-APFRL,5629,135,1.237341845035553
High-straggler,JIT-APFRL,5629,136,1.2420161604881286
High-straggler,JIT-APFRL,5629,137,1.2350532412528992
High-straggler,JIT-APFRL,5629,138,1.2284647405147553
High-straggler,JIT-APFRL,5629,139,1.2198243260383606
High-straggler,JIT-APFRL,5629,140,1.230537325143814
High-straggler,JIT-APFRL,5629,141,1.2214598536491394
High-straggler,JIT-APFRL,5629,142,1.213869321346283
High-straggler,JIT-APFRL,5629,143,1.218216109275818
High-straggler,JIT-APFRL,5629,144,1.2124244034290315
High-straggler,JIT-APFRL,5629,145,1.215133512020111
High-straggler,JIT-APFRL,5629,146,1.217089432477951
High-straggler,JIT-APFRL,5629,147,1.20051349401474
High-straggler,JIT-APFRL,5629,148,1.208500075340271
High-straggler,JIT-APFRL,5629,149,1.2076792776584626
High-straggler,JIT-APFRL,5629,150,1.1964063465595245
High-straggler,JIT-APFRL,5629,151,1.2089022636413573
High-straggler,JIT-APFRL,5629,152,1.196166169643402
High-straggler,JIT-APFRL,5629,153,1.1959375262260437
High-straggler,JIT-APFRL,5629,154,1.1896739304065704
High-straggler,JIT-APFRL,5629,155,1.1939137041568757
High-straggler,JIT-APFRL,5629,156,1.1940137207508088
High-straggler,JIT-APFRL,5629,157,1.1811517000198364
High-straggler,JIT-APFRL,5629,158,1.1801175594329834
High-straggler,JIT-APFRL,5629,159,1.1685522735118865
High-straggler,JIT-APFRL,5629,160,1.1638632237911224
High-straggler,JIT-APFRL,5629,161,1.1733705937862395
High-straggler,JIT-APFRL,5629,162,1.1674510419368744
High-straggler,JIT-APFRL,5629,163,1.1552375614643098
High-straggler,JIT-APFRL,5629,164,1.1491990029811858
High-straggler,JIT-APFRL,5629,165,1.1644117951393127
High-straggler,JIT-APFRL,5629,166,1.1628052294254303
High-straggler,JIT-APFRL,5629,167,1.1556960046291351
High-straggler,JIT-APFRL,5629,168,1.1539709150791169
High-straggler,JIT-APFRL,5629,169,1.1450438141822814
High-straggler,JIT-APFRL,5629,170,1.1437653839588164
High-straggler,JIT-APFRL,5629,171,1.1542713403701783
High-straggler,JIT-APFRL,5629,172,1.1276415705680847
High-straggler,JIT-APFRL,5629,173,1.1351887464523316
High-straggler,JIT-APFRL,5629,174,1.1245574355125427
High-straggler,JIT-APFRL,5629,175,1.1366851210594178
High-straggler,JIT-APFRL,5629,176,1.1188407838344574
High-straggler,JIT-APFRL,5629,177,1.1168344795703888
High-straggler,JIT-APFRL,5629,178,1.1222128510475158
High-straggler,JIT-APFRL,5629,179,1.1168693244457244
High-straggler,JIT-APFRL,5629,180,1.1081066608428956
High-straggler,JIT-APFRL,5629,181,1.121693229675293
High-straggler,JIT-APFRL,5629,182,1.1209884762763977
High-straggler,JIT-APFRL,5629,183,1.1117917001247406
High-straggler,JIT-APFRL,5629,184,1.0990209400653839
High-straggler,JIT-APFRL,5629,185,1.1041395664215088
High-straggler,JIT-APFRL,5629,186,1.1118275284767152
High-straggler,JIT-APFRL,5629,187,1.099875283241272
High-straggler,JIT-APFRL,5629,188,1.0931830704212189
High-straggler,JIT-APFRL,5629,189,1.0955502450466157
High-straggler,JIT-APFRL,5629,190,1.0961369812488555
High-straggler,JIT-APFRL,5629,191,1.0960246086120606
High-straggler,JIT-APFRL,5629,192,1.1051562070846557
High-straggler,JIT-APFRL,5629,193,1.0886397659778595
High-straggler,JIT-APFRL,5629,194,1.107576024532318
High-straggler,JIT-APFRL,5629,195,1.092176365852356
High-straggler,JIT-APFRL,5629,196,1.086898112297058
High-straggler,JIT-APFRL,5629,197,1.0676937520503997
High-straggler,JIT-APFRL,5629,198,1.0872896790504456
High-straggler,JIT-APFRL,5629,199,1.0947474122047425
High-straggler,JIT-APFRL,5629,200,1.088477796316147
High-straggler,JIT-APFRL,5629,201,1.0721448719501496
High-straggler,JIT-APFRL,5629,202,1.077052241563797
High-straggler,JIT-APFRL,5629,203,1.0742405951023102
High-straggler,JIT-APFRL,5629,204,1.0752554476261138
High-straggler,JIT-APFRL,5629,205,1.0849966645240783
High-straggler,JIT-APFRL,5629,206,1.0743159830570221
High-straggler,JIT-APFRL,5629,207,1.072010025382042
High-straggler,JIT-APFRL,5629,208,1.0608462929725646
High-straggler,JIT-APFRL,5629,209,1.053773283958435
High-straggler,JIT-APFRL,5629,210,1.0623580008745193
High-straggler,JIT-APFRL,5629,211,1.0607034623622895
High-straggler,JIT-APFRL,5629,212,1.0704143285751342
High-straggler,JIT-APFRL,5629,213,1.0640768468379975
High-straggler,JIT-APFRL,5629,214,1.0214475780725478
High-straggler,JIT-APFRL,5629,215,1.0545674830675125
High-straggler,JIT-APFRL,5629,216,1.0430361092090608
High-straggler,JIT-APFRL,5629,217,1.029262411594391
High-straggler,JIT-APFRL,5629,218,1.0394190073013305
High-straggler,JIT-APFRL,5629,219,1.0292635083198547
High-straggler,JIT-APFRL,5629,220,1.032077607512474
High-straggler,JIT-APFRL,5629,221,1.0380926460027695
High-straggler,JIT-APFRL,5629,222,1.023055189847946
High-straggler,JIT-APFRL,5629,223,1.013167181611061
High-straggler,JIT-APFRL,5629,224,1.030283460021019
High-straggler,JIT-APFRL,5629,225,1.0384553134441377
High-straggler,JIT-APFRL,5629,226,1.0213807106018067
High-straggler,JIT-APFRL,5629,227,1.0421011179685593
High-straggler,JIT-APFRL,5629,228,1.0134771823883058
High-straggler,JIT-APFRL,5629,229,1.008245012164116
High-straggler,JIT-APFRL,5629,230,1.0234921336174012
High-straggler,JIT-APFRL,5629,231,1.0166384309530259
High-straggler,JIT-APFRL,5629,232,1.0409064620733262
High-straggler,JIT-APFRL,5629,233,1.010150420665741
High-straggler,JIT-APFRL,5629,234,0.9922574639320374
High-straggler,JIT-APFRL,5629,235,1.0129351884126663
High-straggler,JIT-APFRL,5629,236,1.0160876125097276
High-straggler,JIT-APFRL,5629,237,1.0343238919973374
High-straggler,JIT-APFRL,5629,238,0.99653739631176
High-straggler,JIT-APFRL,5629,239,1.0005597829818726
High-straggler,JIT-APFRL,5629,240,1.006221804022789
High-straggler,JIT-APFRL,5629,241,1.0051533877849579
High-straggler,JIT-APFRL,5629,242,0.9850230664014816
High-straggler,JIT-APFRL,5629,243,0.9857900023460389
High-straggler,JIT-APFRL,5629,244,1.0040303677320481
High-straggler,JIT-APFRL,5629,245,0.9884375751018524
High-straggler,JIT-APFRL,5629,246,1.0030746072530747
High-straggler,JIT-APFRL,5629,247,0.9787873357534409
High-straggler,JIT-APFRL,5629,248,0.9800705403089524
High-straggler,JIT-APFRL,5629,249,0.9926598489284515
High-straggler,JIT-APFRL,5629,250,0.9948394864797592
High-straggler,JIT-APFRL,5629,251,0.9801203966140747
High-straggler,JIT-APFRL,5629,252,0.990984845161438
High-straggler,JIT-APFRL,5629,253,0.986686035990715
High-straggler,JIT-APFRL,5629,254,0.9982337683439255
High-straggler,JIT-APFRL,5629,255,0.9775963932275772
High-straggler,JIT-APFRL,5629,256,1.0022800534963607
High-straggler,JIT-APFRL,5629,257,0.9803934872150422
High-straggler,JIT-APFRL,5629,258,0.9949963510036468
High-straggler,JIT-APFRL,5629,259,0.9977015942335129
High-straggler,JIT-APFRL,5629,260,0.9816606760025024
High-straggler,JIT-APFRL,5629,261,0.9660019129514694
High-straggler,JIT-APFRL,5629,262,0.9783040136098862
High-straggler,JIT-APFRL,5629,263,0.9921665698289871
High-straggler,JIT-APFRL,5629,264,0.9821926802396774
High-straggler,JIT-APFRL,5629,265,0.9748761236667634
High-straggler,JIT-APFRL,5629,266,0.967900750041008
High-straggler,JIT-APFRL,5629,267,0.977144467830658
High-straggler,JIT-APFRL,5629,268,0.9799267560243606
High-straggler,JIT-APFRL,5629,269,0.9647950142621994
High-straggler,JIT-APFRL,5629,270,0.9584163218736649
High-straggler,JIT-APFRL,5629,271,0.966854527592659
High-straggler,JIT-APFRL,5629,272,0.9632885545492172
High-straggler,JIT-APFRL,5629,273,0.9751597225666047
High-straggler,JIT-APFRL,5629,274,0.9610997855663299
High-straggler,JIT-APFRL,5629,275,0.9673502564430236
High-straggler,JIT-APFRL,5629,276,0.9521614164113998
High-straggler,JIT-APFRL,5629,277,0.9563460230827332
High-straggler,JIT-APFRL,5629,278,0.9512890756130219
High-straggler,JIT-APFRL,5629,279,0.9605142444372177
High-straggler,JIT-APFRL,5629,280,0.958140817284584
High-straggler,JIT-APFRL,5629,281,0.9620954066514968
High-straggler,JIT-APFRL,5629,282,0.9357502847909928
High-straggler,JIT-APFRL,5629,283,0.9733468145132065
High-straggler,JIT-APFRL,5629,284,0.9518220245838165
High-straggler,JIT-APFRL,5629,285,0.9447897225618362
High-straggler,JIT-APFRL,5629,286,0.9515228539705276
High-straggler,JIT-APFRL,5629,287,0.9621597826480865
High-straggler,JIT-APFRL,5629,288,0.9878997534513474
High-straggler,JIT-APFRL,5629,289,0.9428095757961273
High-straggler,JIT-APFRL,5629,290,0.9634185075759888
High-straggler,JIT-APFRL,5629,291,0.9642363071441651
High-straggler,JIT-APFRL,5629,292,0.9771607041358947
High-straggler,JIT-APFRL,5629,293,0.9771293878555298
High-straggler,JIT-APFRL,5629,294,0.9857789903879166
High-straggler,JIT-APFRL,5629,295,0.9476991534233093
High-straggler,JIT-APFRL,5629,296,0.9585387200117111
High-straggler,JIT-APFRL,5629,297,0.9639242023229599
High-straggler,JIT-APFRL,5629,298,0.956049132347107
High-straggler,JIT-APFRL,5629,299,0.9495071679353714
High-straggler,JIT-APFRL,5629,300,0.9620516866445541
High-straggler,JIT-APFRL,5629,301,0.9572493076324463
High-straggler,JIT-APFRL,5629,302,0.9766689032316208
High-straggler,JIT-APFRL,5629,303,0.9585996150970459
High-straggler,JIT-APFRL,5629,304,0.9436376601457596
High-straggler,JIT-APFRL,5629,305,0.9493434458971024
High-straggler,JIT-APFRL,5629,306,0.9498042047023774
High-straggler,JIT-APFRL,5629,307,0.9585724502801896
High-straggler,JIT-APFRL,5629,308,0.9417506754398346
High-straggler,JIT-APFRL,5629,309,0.9750586867332458
High-straggler,JIT-APFRL,5629,310,0.9518738985061646
High-straggler,JIT-APFRL,5629,311,0.9662783056497574
High-straggler,JIT-APFRL,5629,312,0.9636301845312119
High-straggler,JIT-APFRL,5629,313,0.9500113099813461
High-straggler,JIT-APFRL,5629,314,0.9666281849145889
High-straggler,JIT-APFRL,5629,315,0.9650048345327378
High-straggler,JIT-APFRL,5629,316,0.9650800555944443
High-straggler,JIT-APFRL,5629,317,0.9495860308408737
High-straggler,JIT-APFRL,5629,318,0.9443441510200501
High-straggler,JIT-APFRL,5629,319,0.9532046407461167
High-straggler,JIT-APFRL,5629,320,0.946848675608635
High-straggler,JIT-APFRL,5629,321,0.9567952126264572
High-straggler,JIT-APFRL,5629,322,0.948095154762268
High-straggler,JIT-APFRL,5629,323,0.941018408536911
High-straggler,JIT-APFRL,5629,324,0.9612913936376571
High-straggler,JIT-APFRL,5629,325,0.9464541435241699
High-straggler,JIT-APFRL,5629,326,0.9324956446886062
High-straggler,JIT-APFRL,5629,327,0.939034640789032
High-straggler,JIT-APFRL,5629,328,0.9524721890687943
High-straggler,JIT-APFRL,5629,329,0.9160984992980957
High-straggler,JIT-APFRL,5629,330,0.9262953847646713
High-straggler,JIT-APFRL,5629,331,0.9310232639312744
High-straggler,JIT-APFRL,5629,332,0.908742219209671
High-straggler,JIT-APFRL,5629,333,0.9191427797079086
High-straggler,JIT-APFRL,5629,334,0.947475379705429
High-straggler,JIT-APFRL,5629,335,0.9435246646404266
High-straggler,JIT-APFRL,5629,336,0.9223514497280121
High-straggler,JIT-APFRL,5629,337,0.9245743811130523
High-straggler,JIT-APFRL,5629,338,0.9424768358469009
High-straggler,JIT-APFRL,5629,339,0.9424856603145599
High-straggler,JIT-APFRL,5629,340,0.9398788392543793
High-straggler,JIT-APFRL,5629,341,0.9230595171451569
High-straggler,JIT-APFRL,5629,342,0.9397501200437546
High-straggler,JIT-APFRL,5629,343,0.938266533613205
High-straggler,JIT-APFRL,5629,344,0.9540400087833405
High-straggler,JIT-APFRL,5629,345,0.9511061131954193
High-straggler,JIT-APFRL,5629,346,0.9551716357469558
High-straggler,JIT-APFRL,5629,347,0.9290782243013382
High-straggler,JIT-APFRL,5629,348,0.9538940727710724
High-straggler,JIT-APFRL,5629,349,0.9481581658124923
High-straggler,JIT-APFRL,5629,350,0.9241855591535568
High-straggler,JIT-APFRL,5629,351,0.9470745921134949
High-straggler,JIT-APFRL,5629,352,0.9302188247442246
High-straggler,JIT-APFRL,5629,353,0.9403087675571442
High-straggler,JIT-APFRL,5629,354,0.9674052476882935
High-straggler,JIT-APFRL,5629,355,0.9214332580566407
High-straggler,JIT-APFRL,5629,356,0.9435802966356277
High-straggler,JIT-APFRL,5629,357,0.9300336956977844
High-straggler,JIT-APFRL,5629,358,0.9578694730997086
High-straggler,JIT-APFRL,5629,359,0.956775575876236
High-straggler,JIT-APFRL,5629,360,0.9258394628763199
High-straggler,JIT-APFRL,5629,361,0.9413330405950546
High-straggler,JIT-APFRL,5629,362,0.9532809883356095
High-straggler,JIT-APFRL,5629,363,0.9361467987298966
High-straggler,JIT-APFRL,5629,364,0.9284723550081253
High-straggler,JIT-APFRL,5629,365,0.9614426642656326
High-straggler,JIT-APFRL,5629,366,0.9406838536262512
High-straggler,JIT-APFRL,5629,367,0.9604245632886886
High-straggler,JIT-APFRL,5629,368,0.9348906815052033
High-straggler,JIT-APFRL,5629,369,0.9420894593000412
High-straggler,JIT-APFRL,5629,370,0.9522546678781509
High-straggler,JIT-APFRL,5629,371,0.9474482417106629
High-straggler,JIT-APFRL,5629,372,0.957992559671402
High-straggler,JIT-APFRL,5629,373,0.9431837797164917
High-straggler,JIT-APFRL,5629,374,0.9333266615867615
High-straggler,JIT-APFRL,5629,375,0.9469731509685516
High-straggler,JIT-APFRL,5629,376,0.9334658682346344
High-straggler,JIT-APFRL,5629,377,0.9678942412137985
High-straggler,JIT-APFRL,5629,378,0.9478752553462982
High-straggler,JIT-APFRL,5629,379,0.9398880451917648
High-straggler,JIT-APFRL,5629,380,0.9491124957799911
High-straggler,JIT-APFRL,5629,381,0.9333789259195328
High-straggler,JIT-APFRL,5629,382,0.9437318116426467
High-straggler,JIT-APFRL,5629,383,0.9332391321659088
High-straggler,JIT-APFRL,5629,384,0.9529298543930054
High-straggler,JIT-APFRL,5629,385,0.9296468824148179
High-straggler,JIT-APFRL,5629,386,0.9386392712593079
High-straggler,JIT-APFRL,5629,387,0.9427990406751633
High-straggler,JIT-APFRL,5629,388,0.9651154071092606
High-straggler,JIT-APFRL,5629,389,0.968154713511467
High-straggler,JIT-APFRL,5629,390,0.9369919955730438
High-straggler,JIT-APFRL,5629,391,0.9463865399360657
High-straggler,JIT-APFRL,5629,392,0.9667210519313812
High-straggler,JIT-APFRL,5629,393,0.9483858287334442
High-straggler,JIT-APFRL,5629,394,0.9438932448625564
High-straggler,JIT-APFRL,5629,395,0.9549430429935455
High-straggler,JIT-APFRL,5629,396,0.953185898065567
High-straggler,JIT-APFRL,5629,397,0.9795633524656295
High-straggler,JIT-APFRL,5629,398,0.9407468676567078
High-straggler,JIT-APFRL,5629,399,0.9452802002429962
High-straggler,JIT-APFRL,5629,400,0.9506201922893525
High-straggler,JIT-APFRL,6740,1,1.3785908102989197
High-straggler,JIT-APFRL,6740,2,1.3786057651042938
High-straggler,JIT-APFRL,6740,3,1.3786341965198516
High-straggler,JIT-APFRL,6740,4,1.3787060797214508
High-straggler,JIT-APFRL,6740,5,1.37826606631279
High-straggler,JIT-APFRL,6740,6,1.3784741580486297
High-straggler,JIT-APFRL,6740,7,1.3785248279571534
High-straggler,JIT-APFRL,6740,8,1.37792209982872
High-straggler,JIT-APFRL,6740,9,1.3783203423023225
High-straggler,JIT-APFRL,6740,10,1.3779007136821746
High-straggler,JIT-APFRL,6740,11,1.3779378533363342
High-straggler,JIT-APFRL,6740,12,1.377362024784088
High-straggler,JIT-APFRL,6740,13,1.377321183681488
High-straggler,JIT-APFRL,6740,14,1.377338355779648
High-straggler,JIT-APFRL,6740,15,1.3771496534347534
High-straggler,JIT-APFRL,6740,16,1.3769840002059937
High-straggler,JIT-APFRL,6740,17,1.3764269948005676
High-straggler,JIT-APFRL,6740,18,1.3764652907848358
High-straggler,JIT-APFRL,6740,19,1.3763962924480437
High-straggler,JIT-APFRL,6740,20,1.3759477198123933
High-straggler,JIT-APFRL,6740,21,1.3760293126106262
High-straggler,JIT-APFRL,6740,22,1.3754782199859619
High-straggler,JIT-APFRL,6740,23,1.3749669909477233
High-straggler,JIT-APFRL,6740,24,1.3751275539398193
High-straggler,JIT-APFRL,6740,25,1.3749031901359559
High-straggler,JIT-APFRL,6740,26,1.3745946526527404
High-straggler,JIT-APFRL,6740,27,1.374988466501236
High-straggler,JIT-APFRL,6740,28,1.3741844952106477
High-straggler,JIT-APFRL,6740,29,1.3743350148200988
High-straggler,JIT-APFRL,6740,30,1.373169481754303
High-straggler,JIT-APFRL,6740,31,1.373493230342865
High-straggler,JIT-APFRL,6740,32,1.3736418247222901
High-straggler,JIT-APFRL,6740,33,1.3729381322860719
High-straggler,JIT-APFRL,6740,34,1.3724380612373352
High-straggler,JIT-APFRL,6740,35,1.3728911340236665
High-straggler,JIT-APFRL,6740,36,1.3721693813800813
High-straggler,JIT-APFRL,6740,37,1.3721036911010742
High-straggler,JIT-APFRL,6740,38,1.3714504480361938
High-straggler,JIT-APFRL,6740,39,1.371270751953125
High-straggler,JIT-APFRL,6740,40,1.3710157990455627
High-straggler,JIT-APFRL,6740,41,1.3699496269226075
High-straggler,JIT-APFRL,6740,42,1.3696985006332398
High-straggler,JIT-APFRL,6740,43,1.3698492884635924
High-straggler,JIT-APFRL,6740,44,1.369734627008438
High-straggler,JIT-APFRL,6740,45,1.368793123960495
High-straggler,JIT-APFRL,6740,46,1.3681731343269348
High-straggler,JIT-APFRL,6740,47,1.3672901093959808
High-straggler,JIT-APFRL,6740,48,1.3678320527076722
High-straggler,JIT-APFRL,6740,49,1.3664106667041778
High-straggler,JIT-APFRL,6740,50,1.3667344987392425
High-straggler,JIT-APFRL,6740,51,1.3645140707492829
High-straggler,JIT-APFRL,6740,52,1.3646258234977722
High-straggler,JIT-APFRL,6740,53,1.3636599957942963
High-straggler,JIT-APFRL,6740,54,1.3646475970745087
High-straggler,JIT-APFRL,6740,55,1.3629647314548492
High-straggler,JIT-APFRL,6740,56,1.363087648153305
High-straggler,JIT-APFRL,6740,57,1.3625844776630402
High-straggler,JIT-APFRL,6740,58,1.3613978564739226
High-straggler,JIT-APFRL,6740,59,1.360977053642273
High-straggler,JIT-APFRL,6740,60,1.3606844305992127
High-straggler,JIT-APFRL,6740,61,1.3601678371429444
High-straggler,JIT-APFRL,6740,62,1.3584808528423309
High-straggler,JIT-APFRL,6740,63,1.358507549762726
High-straggler,JIT-APFRL,6740,64,1.3578611254692077
High-straggler,JIT-APFRL,6740,65,1.3562048554420472
High-straggler,JIT-APFRL,6740,66,1.3555844485759736
High-straggler,JIT-APFRL,6740,67,1.355589497089386
High-straggler,JIT-APFRL,6740,68,1.3546093225479126
High-straggler,JIT-APFRL,6740,69,1.3551294684410096
High-straggler,JIT-APFRL,6740,70,1.3517290115356446
High-straggler,JIT-APFRL,6740,71,1.351165783405304
High-straggler,JIT-APFRL,6740,72,1.350386494398117
High-straggler,JIT-APFRL,6740,73,1.3497607350349425
High-straggler,JIT-APFRL,6740,74,1.3483342230319977
High-straggler,JIT-APFRL,6740,75,1.3466511249542237
High-straggler,JIT-APFRL,6740,76,1.3437598586082458
High-straggler,JIT-APFRL,6740,77,1.3450308620929718
High-straggler,JIT-APFRL,6740,78,1.3425000369548798
High-straggler,JIT-APFRL,6740,79,1.3403620779514314
High-straggler,JIT-APFRL,6740,80,1.3394279062747956
High-straggler,JIT-APFRL,6740,81,1.3389517426490785
High-straggler,JIT-APFRL,6740,82,1.3382919549942016
High-straggler,JIT-APFRL,6740,83,1.3375335395336152
High-straggler,JIT-APFRL,6740,84,1.3329618752002717
High-straggler,JIT-APFRL,6740,85,1.335658860206604
High-straggler,JIT-APFRL,6740,86,1.3350555717945098
High-straggler,JIT-APFRL,6740,87,1.33138068318367
High-straggler,JIT-APFRL,6740,88,1.3294026792049407
High-straggler,JIT-APFRL,6740,89,1.3294849336147307
High-straggler,JIT-APFRL,6740,90,1.3265330731868743
High-straggler,JIT-APFRL,6740,91,1.3236066579818726
High-straggler,JIT-APFRL,6740,92,1.3233335435390472
High-straggler,JIT-APFRL,6740,93,1.3227064967155457
High-straggler,JIT-APFRL,6740,94,1.3195902585983277
High-straggler,JIT-APFRL,6740,95,1.3179466664791106
High-straggler,JIT-APFRL,6740,96,1.3170635044574737
High-straggler,JIT-APFRL,6740,97,1.3143425405025482
High-straggler,JIT-APFRL,6740,98,1.3159136712551116
High-straggler,JIT-APFRL,6740,99,1.3130259335041046
High-straggler,JIT-APFRL,6740,100,1.3109738111495972
High-straggler,JIT-APFRL,6740,101,1.3084228575229644
High-straggler,JIT-APFRL,6740,102,1.3066976070404053
High-straggler,JIT-APFRL,6740,103,1.306009340286255
High-straggler,JIT-APFRL,6740,104,1.3009090423583984
High-straggler,JIT-APFRL,6740,105,1.2959114074707032
High-straggler,JIT-APFRL,6740,106,1.302620929479599
High-straggler,JIT-APFRL,6740,107,1.2979321300983429
High-straggler,JIT-APFRL,6740,108,1.2943273067474366
High-straggler,JIT-APFRL,6740,109,1.295510357618332
High-straggler,JIT-APFRL,6740,110,1.297060638666153
High-straggler,JIT-APFRL,6740,111,1.2860008955001831
High-straggler,JIT-APFRL,6740,112,1.2856847643852234
High-straggler,JIT-APFRL,6740,113,1.2894133985042573
High-straggler,JIT-APFRL,6740,114,1.2826130092144012
High-straggler,JIT-APFRL,6740,115,1.2797545731067657
High-straggler,JIT-APFRL,6740,116,1.2840883016586304
High-straggler,JIT-APFRL,6740,117,1.282892996072769
High-straggler,JIT-APFRL,6740,118,1.2740976810455322
High-straggler,JIT-APFRL,6740,119,1.2738689184188843
High-straggler,JIT-APFRL,6740,120,1.2741179466247559
High-straggler,JIT-APFRL,6740,121,1.272953724861145
High-straggler,JIT-APFRL,6740,122,1.2672920107841492
High-straggler,JIT-APFRL,6740,123,1.2678033709526062
High-straggler,JIT-APFRL,6740,124,1.271401011943817
High-straggler,JIT-APFRL,6740,125,1.264599859714508
High-straggler,JIT-APFRL,6740,126,1.2598341703414917
High-straggler,JIT-APFRL,6740,127,1.257252860069275
High-straggler,JIT-APFRL,6740,128,1.2550226986408233
High-straggler,JIT-APFRL,6740,129,1.2535008013248443
High-straggler,JIT-APFRL,6740,130,1.2536713004112243
High-straggler,JIT-APFRL,6740,131,1.245245897769928
High-straggler,JIT-APFRL,6740,132,1.2456915438175202
High-straggler,JIT-APFRL,6740,133,1.2375865995883941
High-straggler,JIT-APFRL,6740,134,1.24603129029274
High-straggler,JIT-APFRL,6740,135,1.2315414249897003
High-straggler,JIT-APFRL,6740,136,1.2357926964759827
High-straggler,JIT-APFRL,6740,137,1.238854444026947
High-straggler,JIT-APFRL,6740,138,1.2298292875289918
High-straggler,JIT-APFRL,6740,139,1.2290340483188629
High-straggler,JIT-APFRL,6740,140,1.2252831220626832
High-straggler,JIT-APFRL,6740,141,1.2238467156887054
High-straggler,JIT-APFRL,6740,142,1.2277808368206025
High-straggler,JIT-APFRL,6740,143,1.2199848592281342
High-straggler,JIT-APFRL,6740,144,1.2158161044120788
High-straggler,JIT-APFRL,6740,145,1.2137758135795593
High-straggler,JIT-APFRL,6740,146,1.2090945720672608
High-straggler,JIT-APFRL,6740,147,1.1971218824386596
High-straggler,JIT-APFRL,6740,148,1.2122334420681
High-straggler,JIT-APFRL,6740,149,1.2039696276187897
High-straggler,JIT-APFRL,6740,150,1.2025180637836457
High-straggler,JIT-APFRL,6740,151,1.207823532819748
High-straggler,JIT-APFRL,6740,152,1.2021016418933868
High-straggler,JIT-APFRL,6740,153,1.1947279691696167
High-straggler,JIT-APFRL,6740,154,1.200520360469818
High-straggler,JIT-APFRL,6740,155,1.18695325255394
High-straggler,JIT-APFRL,6740,156,1.1973347783088684
High-straggler,JIT-APFRL,6740,157,1.1965099573135376
High-straggler,JIT-APFRL,6740,158,1.1927890360355378
High-straggler,JIT-APFRL,6740,159,1.1909953713417054
High-straggler,JIT-APFRL,6740,160,1.1845706760883332
High-straggler,JIT-APFRL,6740,161,1.184160965681076
High-straggler,JIT-APFRL,6740,162,1.182462501525879
High-straggler,JIT-APFRL,6740,163,1.178053367137909
High-straggler,JIT-APFRL,6740,164,1.1756381273269654
High-straggler,JIT-APFRL,6740,165,1.1701865017414093
High-straggler,JIT-APFRL,6740,166,1.1620795607566834
High-straggler,JIT-APFRL,6740,167,1.164366602897644
High-straggler,JIT-APFRL,6740,168,1.1739932775497437
High-straggler,JIT-APFRL,6740,169,1.1596022427082062
High-straggler,JIT-APFRL,6740,170,1.1507904887199403
High-straggler,JIT-APFRL,6740,171,1.1529208779335023
High-straggler,JIT-APFRL,6740,172,1.1526961147785186
High-straggler,JIT-APFRL,6740,173,1.161381685733795
High-straggler,JIT-APFRL,6740,174,1.1451113760471343
High-straggler,JIT-APFRL,6740,175,1.1548643231391906
High-straggler,JIT-APFRL,6740,176,1.1455987691879272
High-straggler,JIT-APFRL,6740,177,1.1424526214599608
High-straggler,JIT-APFRL,6740,178,1.1476235747337342
High-straggler,JIT-APFRL,6740,179,1.1355130851268769
High-straggler,JIT-APFRL,6740,180,1.136846476793289
High-straggler,JIT-APFRL,6740,181,1.131094652414322
High-straggler,JIT-APFRL,6740,182,1.144266778230667
High-straggler,JIT-APFRL,6740,183,1.1335138380527496
High-straggler,JIT-APFRL,6740,184,1.1119454622268676
High-straggler,JIT-APFRL,6740,185,1.1224316298961639
High-straggler,JIT-APFRL,6740,186,1.1321494638919831
High-straggler,JIT-APFRL,6740,187,1.1163834869861602
High-straggler,JIT-APFRL,6740,188,1.1309499442577362
High-straggler,JIT-APFRL,6740,189,1.1154760062694549
High-straggler,JIT-APFRL,6740,190,1.1263892590999602
High-straggler,JIT-APFRL,6740,191,1.113650494813919
High-straggler,JIT-APFRL,6740,192,1.1208998620510102
High-straggler,JIT-APFRL,6740,193,1.117093175649643
High-straggler,JIT-APFRL,6740,194,1.110727024078369
High-straggler,JIT-APFRL,6740,195,1.09191192984581
High-straggler,JIT-APFRL,6740,196,1.1054154276847838
High-straggler,JIT-APFRL,6740,197,1.1125029981136323
High-straggler,JIT-APFRL,6740,198,1.0919971764087677
High-straggler,JIT-APFRL,6740,199,1.0911839008331299
High-straggler,JIT-APFRL,6740,200,1.1148646771907806
High-straggler,JIT-APFRL,6740,201,1.1021224558353424
High-straggler,JIT-APFRL,6740,202,1.0852681994438171
High-straggler,JIT-APFRL,6740,203,1.1000721335411072
High-straggler,JIT-APFRL,6740,204,1.1031195759773254
High-straggler,JIT-APFRL,6740,205,1.097213351726532
High-straggler,JIT-APFRL,6740,206,1.101290410757065
High-straggler,JIT-APFRL,6740,207,1.0963482081890106
High-straggler,JIT-APFRL,6740,208,1.089270865917206
High-straggler,JIT-APFRL,6740,209,1.0826911568641662
High-straggler,JIT-APFRL,6740,210,1.0806603968143462
High-straggler,JIT-APFRL,6740,211,1.0876007318496703
High-straggler,JIT-APFRL,6740,212,1.0757315516471864
High-straggler,JIT-APFRL,6740,213,1.0828641831874848
High-straggler,JIT-APFRL,6740,214,1.0826031267642975
High-straggler,JIT-APFRL,6740,215,1.0850908696651458
High-straggler,JIT-APFRL,6740,216,1.0656043767929078
High-straggler,JIT-APFRL,6740,217,1.082215005159378
High-straggler,JIT-APFRL,6740,218,1.0732243716716767
High-straggler,JIT-APFRL,6740,219,1.0819274306297302
High-straggler,JIT-APFRL,6740,220,1.0689966440200807
High-straggler,JIT-APFRL,6740,221,1.074723619222641
High-straggler,JIT-APFRL,6740,222,1.071981531381607
High-straggler,JIT-APFRL,6740,223,1.0644377171993256
High-straggler,JIT-APFRL,6740,224,1.056704592704773
High-straggler,JIT-APFRL,6740,225,1.0716649353504182
High-straggler,JIT-APFRL,6740,226,1.0662546634674073
High-straggler,JIT-APFRL,6740,227,1.0614856332540512
High-straggler,JIT-APFRL,6740,228,1.0488310217857362
High-straggler,JIT-APFRL,6740,229,1.0617997765541076
High-straggler,JIT-APFRL,6740,230,1.071877372264862
High-straggler,JIT-APFRL,6740,231,1.0501361191272736
High-straggler,JIT-APFRL,6740,232,1.0542203545570374
High-straggler,JIT-APFRL,6740,233,1.052878499031067
High-straggler,JIT-APFRL,6740,234,1.0752511739730835
High-straggler,JIT-APFRL,6740,235,1.0498471796512603
High-straggler,JIT-APFRL,6740,236,1.0448631376028061
High-straggler,JIT-APFRL,6740,237,1.0526112914085388
High-straggler,JIT-APFRL,6740,238,1.0467534959316254
High-straggler,JIT-APFRL,6740,239,1.0447180032730103
High-straggler,JIT-APFRL,6740,240,1.0629375636577607
High-straggler,JIT-APFRL,6740,241,1.0350311696529388
High-straggler,JIT-APFRL,6740,242,1.0301885306835175
High-straggler,JIT-APFRL,6740,243,1.06714568734169
High-straggler,JIT-APFRL,6740,244,1.0549154937267304
High-straggler,JIT-APFRL,6740,245,1.0519817471504211
High-straggler,JIT-APFRL,6740,246,1.026562014222145
High-straggler,JIT-APFRL,6740,247,1.0315834432840347
High-straggler,JIT-APFRL,6740,248,1.0445831537246704
High-straggler,JIT-APFRL,6740,249,1.0363719075918199
High-straggler,JIT-APFRL,6740,250,1.0509591490030288
High-straggler,JIT-APFRL,6740,251,1.0357080936431884
High-straggler,JIT-APFRL,6740,252,1.0261960446834564
High-straggler,JIT-APFRL,6740,253,1.043146750330925
High-straggler,JIT-APFRL,6740,254,1.0233980685472488
High-straggler,JIT-APFRL,6740,255,1.0454566031694412
High-straggler,JIT-APFRL,6740,256,1.0246723532676696
High-straggler,JIT-APFRL,6740,257,1.0136169373989106
High-straggler,JIT-APFRL,6740,258,1.0247683972120285
High-straggler,JIT-APFRL,6740,259,1.02948177754879
High-straggler,JIT-APFRL,6740,260,1.02542025744915
High-straggler,JIT-APFRL,6740,261,1.025086060166359
High-straggler,JIT-APFRL,6740,262,1.0367411196231842
High-straggler,JIT-APFRL,6740,263,1.0196835786104201
High-straggler,JIT-APFRL,6740,264,1.022641122341156
High-straggler,JIT-APFRL,6740,265,1.0323026031255722
High-straggler,JIT-APFRL,6740,266,1.0076740235090256
High-straggler,JIT-APFRL,6740,267,1.0225091308355332
High-straggler,JIT-APFRL,6740,268,1.0246103286743165
High-straggler,JIT-APFRL,6740,269,1.0133093178272248
High-straggler,JIT-APFRL,6740,270,1.0405094146728515
High-straggler,JIT-APFRL,6740,271,1.0173684358596802
High-straggler,JIT-APFRL,6740,272,1.02141435444355
High-straggler,JIT-APFRL,6740,273,1.030994188785553
High-straggler,JIT-APFRL,6740,274,1.0215742975473403
High-straggler,JIT-APFRL,6740,275,1.0166851609945298
High-straggler,JIT-APFRL,6740,276,1.019912201166153
High-straggler,JIT-APFRL,6740,277,1.0133044481277467
High-straggler,JIT-APFRL,6740,278,1.038299834728241
High-straggler,JIT-APFRL,6740,279,1.0307490170001983
High-straggler,JIT-APFRL,6740,280,1.0173129916191102
High-straggler,JIT-APFRL,6740,281,1.0182300597429275
High-straggler,JIT-APFRL,6740,282,1.0147081643342972
High-straggler,JIT-APFRL,6740,283,1.0362130373716354
High-straggler,JIT-APFRL,6740,284,1.0059727042913438
High-straggler,JIT-APFRL,6740,285,1.0021541178226472
High-straggler,JIT-APFRL,6740,286,1.0133662968873978
High-straggler,JIT-APFRL,6740,287,1.0303006321191788
High-straggler,JIT-APFRL,6740,288,1.0125955641269684
High-straggler,JIT-APFRL,6740,289,1.0118801593780518
High-straggler,JIT-APFRL,6740,290,1.0081397473812104
High-straggler,JIT-APFRL,6740,291,1.0208761632442473
High-straggler,JIT-APFRL,6740,292,1.024540200829506
High-straggler,JIT-APFRL,6740,293,1.0082436561584474
High-straggler,JIT-APFRL,6740,294,1.0043665260076522
High-straggler,JIT-APFRL,6740,295,1.0160639792680741
High-straggler,JIT-APFRL,6740,296,1.0260959953069686
High-straggler,JIT-APFRL,6740,297,1.0214928030967712
High-straggler,JIT-APFRL,6740,298,0.9915584623813629
High-straggler,JIT-APFRL,6740,299,1.0154712855815888
High-straggler,JIT-APFRL,6740,300,1.014401227235794
High-straggler,JIT-APFRL,6740,301,1.0025580018758773
High-straggler,JIT-APFRL,6740,302,1.004852083325386
High-straggler,JIT-APFRL,6740,303,1.0029652923345567
High-straggler,JIT-APFRL,6740,304,1.0208060264587402
High-straggler,JIT-APFRL,6740,305,1.025838389992714
High-straggler,JIT-APFRL,6740,306,0.9989632189273834
High-straggler,JIT-APFRL,6740,307,1.0130428910255431
High-straggler,JIT-APFRL,6740,308,1.0058442771434783
High-straggler,JIT-APFRL,6740,309,1.008817321062088
High-straggler,JIT-APFRL,6740,310,1.019570991396904
High-straggler,JIT-APFRL,6740,311,1.012380787730217
High-straggler,JIT-APFRL,6740,312,1.0098764568567276
High-straggler,JIT-APFRL,6740,313,1.0017878472805024
High-straggler,JIT-APFRL,6740,314,1.0145165979862214
High-straggler,JIT-APFRL,6740,315,1.014595913887024
High-straggler,JIT-APFRL,6740,316,1.0063574999570846
High-straggler,JIT-APFRL,6740,317,1.0079361766576767
High-straggler,JIT-APFRL,6740,318,1.002832144498825
High-straggler,JIT-APFRL,6740,319,1.0081444412469864
High-straggler,JIT-APFRL,6740,320,1.0097939491271972
High-straggler,JIT-APFRL,6740,321,0.9918836712837219
High-straggler,JIT-APFRL,6740,322,1.0126762956380844
High-straggler,JIT-APFRL,6740,323,1.0186015039682388
High-straggler,JIT-APFRL,6740,324,0.9942903578281402
High-straggler,JIT-APFRL,6740,325,0.9989521622657775
High-straggler,JIT-APFRL,6740,326,1.0125994741916657
High-straggler,JIT-APFRL,6740,327,0.9848515093326569
High-straggler,JIT-APFRL,6740,328,1.0120672851800918
High-straggler,JIT-APFRL,6740,329,1.004693403840065
High-straggler,JIT-APFRL,6740,330,0.9954089373350143
High-straggler,JIT-APFRL,6740,331,1.0098863244056702
High-straggler,JIT-APFRL,6740,332,0.9886968076229096
High-straggler,JIT-APFRL,6740,333,0.998061016201973
High-straggler,JIT-APFRL,6740,334,1.0114010542631149
High-straggler,JIT-APFRL,6740,335,0.9756023317575455
High-straggler,JIT-APFRL,6740,336,0.9806754916906357
High-straggler,JIT-APFRL,6740,337,0.9956416428089142
High-straggler,JIT-APFRL,6740,338,0.9852182179689407
High-straggler,JIT-APFRL,6740,339,1.001178392767906
High-straggler,JIT-APFRL,6740,340,1.0017894208431244
High-straggler,JIT-APFRL,6740,341,0.9665538787841796
High-straggler,JIT-APFRL,6740,342,1.002495539188385
High-straggler,JIT-APFRL,6740,343,0.9906611829996109
High-straggler,JIT-APFRL,6740,344,0.9878285020589829
High-straggler,JIT-APFRL,6740,345,0.9845251083374024
High-straggler,JIT-APFRL,6740,346,1.0021011263132096
High-straggler,JIT-APFRL,6740,347,0.9873606204986572
High-straggler,JIT-APFRL,6740,348,0.9738108903169632
High-straggler,JIT-APFRL,6740,349,1.01132889688015
High-straggler,JIT-APFRL,6740,350,0.9913558930158615
High-straggler,JIT-APFRL,6740,351,0.9898668438196182
High-straggler,JIT-APFRL,6740,352,0.9763697654008865
High-straggler,JIT-APFRL,6740,353,0.9864762514829636
High-straggler,JIT-APFRL,6740,354,1.0121391892433167
High-straggler,JIT-APFRL,6740,355,1.010744720697403
High-straggler,JIT-APFRL,6740,356,0.9978046178817749
High-straggler,JIT-APFRL,6740,357,0.9853418827056885
High-straggler,JIT-APFRL,6740,358,1.0086233556270598
High-straggler,JIT-APFRL,6740,359,1.002725049853325
High-straggler,JIT-APFRL,6740,360,0.9835723876953125
High-straggler,JIT-APFRL,6740,361,0.9918706297874451
High-straggler,JIT-APFRL,6740,362,0.9942742645740509
High-straggler,JIT-APFRL,6740,363,0.9811159580945968
High-straggler,JIT-APFRL,6740,364,0.998377650976181
High-straggler,JIT-APFRL,6740,365,1.0180004090070724
High-straggler,JIT-APFRL,6740,366,0.9976224571466445
High-straggler,JIT-APFRL,6740,367,0.9934870719909668
High-straggler,JIT-APFRL,6740,368,0.9950193285942077
High-straggler,JIT-APFRL,6740,369,1.0046661347150803
High-straggler,JIT-APFRL,6740,370,0.9918727457523346
High-straggler,JIT-APFRL,6740,371,0.9878416627645492
High-straggler,JIT-APFRL,6740,372,1.0150422245264052
High-straggler,JIT-APFRL,6740,373,0.9905289471149444
High-straggler,JIT-APFRL,6740,374,0.99463672041893
High-straggler,JIT-APFRL,6740,375,0.9868334770202637
High-straggler,JIT-APFRL,6740,376,0.9982584953308106
High-straggler,JIT-APFRL,6740,377,1.0215591013431549
High-straggler,JIT-APFRL,6740,378,0.9908868193626403
High-straggler,JIT-APFRL,6740,379,0.9830958396196365
High-straggler,JIT-APFRL,6740,380,0.9969124883413315
High-straggler,JIT-APFRL,6740,381,0.974114152789116
High-straggler,JIT-APFRL,6740,382,1.0002738326787948
High-straggler,JIT-APFRL,6740,383,0.9972536832094192
High-straggler,JIT-APFRL,6740,384,0.984910398721695
High-straggler,JIT-APFRL,6740,385,0.9962665140628815
High-straggler,JIT-APFRL,6740,386,1.0013952404260635
High-straggler,JIT-APFRL,6740,387,0.9815583676099777
High-straggler,JIT-APFRL,6740,388,0.9813241273164749
High-straggler,JIT-APFRL,6740,389,1.0023355662822724
High-straggler,JIT-APFRL,6740,390,0.9889097422361374
High-straggler,JIT-APFRL,6740,391,0.9823656797409057
High-straggler,JIT-APFRL,6740,392,1.0064390182495118
High-straggler,JIT-APFRL,6740,393,0.9884940981864929
High-straggler,JIT-APFRL,6740,394,0.975835132598877
High-straggler,JIT-APFRL,6740,395,1.017080509662628
High-straggler,JIT-APFRL,6740,396,1.001551553606987
High-straggler,JIT-APFRL,6740,397,0.9964603036642075
High-straggler,JIT-APFRL,6740,398,1.0122873425483703
High-straggler,JIT-APFRL,6740,399,1.0039698213338852
High-straggler,JIT-APFRL,6740,400,1.0097909271717072
High-straggler,JIT-APFRL,7851,1,1.3758559226989746
High-straggler,JIT-APFRL,7851,2,1.376050627231598
High-straggler,JIT-APFRL,7851,3,1.3756481647491454
High-straggler,JIT-APFRL,7851,4,1.3755996346473693
High-straggler,JIT-APFRL,7851,5,1.375318133831024
High-straggler,JIT-APFRL,7851,6,1.3755756795406342
High-straggler,JIT-APFRL,7851,7,1.3756039798259736
High-straggler,JIT-APFRL,7851,8,1.37543882727623
High-straggler,JIT-APFRL,7851,9,1.3750122964382172
High-straggler,JIT-APFRL,7851,10,1.3754931807518005
High-straggler,JIT-APFRL,7851,11,1.3754433155059815
High-straggler,JIT-APFRL,7851,12,1.3753848135471345
High-straggler,JIT-APFRL,7851,13,1.3748373687267303
High-straggler,JIT-APFRL,7851,14,1.3750714182853698
High-straggler,JIT-APFRL,7851,15,1.3750150322914123
High-straggler,JIT-APFRL,7851,16,1.3749923527240753
High-straggler,JIT-APFRL,7851,17,1.3750725746154786
High-straggler,JIT-APFRL,7851,18,1.3747446715831757
High-straggler,JIT-APFRL,7851,19,1.374774008989334
High-straggler,JIT-APFRL,7851,20,1.3746683418750762
High-straggler,JIT-APFRL,7851,21,1.3746878564357758
High-straggler,JIT-APFRL,7851,22,1.3745465278625488
High-straggler,JIT-APFRL,7851,23,1.3744495391845704
High-straggler,JIT-APFRL,7851,24,1.3744304418563842
High-straggler,JIT-APFRL,7851,25,1.3743189990520477
High-straggler,JIT-APFRL,7851,26,1.3736392557621002
High-straggler,JIT-APFRL,7851,27,1.373498010635376
High-straggler,JIT-APFRL,7851,28,1.3739320278167724
High-straggler,JIT-APFRL,7851,29,1.3736646473407745
High-straggler,JIT-APFRL,7851,30,1.3733519732952117
High-straggler,JIT-APFRL,7851,31,1.3728745579719543
High-straggler,JIT-APFRL,7851,32,1.3728774666786194
High-straggler,JIT-APFRL,7851,33,1.3732355892658235
High-straggler,JIT-APFRL,7851,34,1.3726714551448822
High-straggler,JIT-APFRL,7851,35,1.3720574498176574
High-straggler,JIT-APFRL,7851,36,1.3717098951339721
High-straggler,JIT-APFRL,7851,37,1.3718587398529052
High-straggler,JIT-APFRL,7851,38,1.3716056168079376
High-straggler,JIT-APFRL,7851,39,1.3714236736297607
High-straggler,JIT-APFRL,7851,40,1.3706650614738465
High-straggler,JIT-APFRL,7851,41,1.3702196776866913
High-straggler,JIT-APFRL,7851,42,1.3709011495113372
High-straggler,JIT-APFRL,7851,43,1.3700375616550446
High-straggler,JIT-APFRL,7851,44,1.3699213504791259
High-straggler,JIT-APFRL,7851,45,1.3699882984161378
High-straggler,JIT-APFRL,7851,46,1.3686630964279174
High-straggler,JIT-APFRL,7851,47,1.3690598070621491
High-straggler,JIT-APFRL,7851,48,1.3685793459415436
High-straggler,JIT-APFRL,7851,49,1.368548971414566
High-straggler,JIT-APFRL,7851,50,1.3673622846603393
High-straggler,JIT-APFRL,7851,51,1.367017924785614
High-straggler,JIT-APFRL,7851,52,1.3670425295829773
High-straggler,JIT-APFRL,7851,53,1.3666296541690826
High-straggler,JIT-APFRL,7851,54,1.3658586382865905
High-straggler,JIT-APFRL,7851,55,1.3658432424068452
High-straggler,JIT-APFRL,7851,56,1.3653086721897125
High-straggler,JIT-APFRL,7851,57,1.3650284230709075
High-straggler,JIT-APFRL,7851,58,1.364314651489258
High-straggler,JIT-APFRL,7851,59,1.3634341299533843
High-straggler,JIT-APFRL,7851,60,1.3622599065303802
High-straggler,JIT-APFRL,7851,61,1.3624769508838654
High-straggler,JIT-APFRL,7851,62,1.361841905117035
High-straggler,JIT-APFRL,7851,63,1.3620233178138732
High-straggler,JIT-APFRL,7851,64,1.3597002625465393
High-straggler,JIT-APFRL,7851,65,1.3599899470806123
High-straggler,JIT-APFRL,7851,66,1.3586965799331665
High-straggler,JIT-APFRL,7851,67,1.3587218880653382
High-straggler,JIT-APFRL,7851,68,1.356820547580719
High-straggler,JIT-APFRL,7851,69,1.356834304332733
High-straggler,JIT-APFRL,7851,70,1.3563245058059692
High-straggler,JIT-APFRL,7851,71,1.3557239115238189
High-straggler,JIT-APFRL,7851,72,1.3551284611225127
High-straggler,JIT-APFRL,7851,73,1.3539500832557678
High-straggler,JIT-APFRL,7851,74,1.3527743995189667
High-straggler,JIT-APFRL,7851,75,1.3527225434780121
High-straggler,JIT-APFRL,7851,76,1.3513461232185364
High-straggler,JIT-APFRL,7851,77,1.3492662608623505
High-straggler,JIT-APFRL,7851,78,1.3494702517986297
High-straggler,JIT-APFRL,7851,79,1.3480379343032838
High-straggler,JIT-APFRL,7851,80,1.3450682818889619
High-straggler,JIT-APFRL,7851,81,1.3471190631389618
High-straggler,JIT-APFRL,7851,82,1.3466668128967285
High-straggler,JIT-APFRL,7851,83,1.3455775260925293
High-straggler,JIT-APFRL,7851,84,1.3422699332237245
High-straggler,JIT-APFRL,7851,85,1.3401569843292236
High-straggler,JIT-APFRL,7851,86,1.3425404489040376
High-straggler,JIT-APFRL,7851,87,1.3408015847206116
High-straggler,JIT-APFRL,7851,88,1.3363285899162292
High-straggler,JIT-APFRL,7851,89,1.338755714893341
High-straggler,JIT-APFRL,7851,90,1.3351561963558196
High-straggler,JIT-APFRL,7851,91,1.3344365656375885
High-straggler,JIT-APFRL,7851,92,1.334298849105835
High-straggler,JIT-APFRL,7851,93,1.336873972415924
High-straggler,JIT-APFRL,7851,94,1.3260736525058747
High-straggler,JIT-APFRL,7851,95,1.3300888955593109
High-straggler,JIT-APFRL,7851,96,1.3281692624092103
High-straggler,JIT-APFRL,7851,97,1.3266568720340728
High-straggler,JIT-APFRL,7851,98,1.3233163893222808
High-straggler,JIT-APFRL,7851,99,1.3188006341457368
High-straggler,JIT-APFRL,7851,100,1.3220329940319062
High-straggler,JIT-APFRL,7851,101,1.3157403409481048
High-straggler,JIT-APFRL,7851,102,1.3154971897602081
High-straggler,JIT-APFRL,7851,103,1.3116447508335114
High-straggler,JIT-APFRL,7851,104,1.3111075818538667
High-straggler,JIT-APFRL,7851,105,1.31106396317482
High-straggler,JIT-APFRL,7851,106,1.3041461110115051
High-straggler,JIT-APFRL,7851,107,1.3049026608467102
High-straggler,JIT-APFRL,7851,108,1.3024239778518676
High-straggler,JIT-APFRL,7851,109,1.30081667304039
High-straggler,JIT-APFRL,7851,110,1.3042506396770477
High-straggler,JIT-APFRL,7851,111,1.2954692780971526
High-straggler,JIT-APFRL,7851,112,1.2916591167449951
High-straggler,JIT-APFRL,7851,113,1.294865655899048
High-straggler,JIT-APFRL,7851,114,1.295771324634552
High-straggler,JIT-APFRL,7851,115,1.2924756586551667
High-straggler,JIT-APFRL,7851,116,1.2824656248092652
High-straggler,JIT-APFRL,7851,117,1.2849284410476685
High-straggler,JIT-APFRL,7851,118,1.2798722386360168
High-straggler,JIT-APFRL,7851,119,1.2816766858100892
High-straggler,JIT-APFRL,7851,120,1.2841343820095061
High-straggler,JIT-APFRL,7851,121,1.2781874001026154
High-straggler,JIT-APFRL,7851,122,1.271238738298416
High-straggler,JIT-APFRL,7851,123,1.275053995847702
High-straggler,JIT-APFRL,7851,124,1.267554122209549
High-straggler,JIT-APFRL,7851,125,1.271289622783661
High-straggler,JIT-APFRL,7851,126,1.2631855010986328
High-straggler,JIT-APFRL,7851,127,1.2621918737888336
High-straggler,JIT-APFRL,7851,128,1.260820597410202
High-straggler,JIT-APFRL,7851,129,1.2630099773406982
High-straggler,JIT-APFRL,7851,130,1.2582752227783203
High-straggler,JIT-APFRL,7851,131,1.253376579284668
High-straggler,JIT-APFRL,7851,132,1.2473438322544097
High-straggler,JIT-APFRL,7851,133,1.2565747797489166
High-straggler,JIT-APFRL,7851,134,1.2480481266975403
High-straggler,JIT-APFRL,7851,135,1.2392652094364167
High-straggler,JIT-APFRL,7851,136,1.2461825251579284
High-straggler,JIT-APFRL,7851,137,1.2420159935951234
High-straggler,JIT-APFRL,7851,138,1.2353339731693267
High-straggler,JIT-APFRL,7851,139,1.2281806290149688
High-straggler,JIT-APFRL,7851,140,1.2389066874980927
High-straggler,JIT-APFRL,7851,141,1.2315418243408203
High-straggler,JIT-APFRL,7851,142,1.2310833275318145
High-straggler,JIT-APFRL,7851,143,1.2250792264938355
High-straggler,JIT-APFRL,7851,144,1.226979398727417
High-straggler,JIT-APFRL,7851,145,1.2263989686965941
High-straggler,JIT-APFRL,7851,146,1.2219746112823486
High-straggler,JIT-APFRL,7851,147,1.2208318650722503
High-straggler,JIT-APFRL,7851,148,1.2110746085643769
High-straggler,JIT-APFRL,7851,149,1.2160844445228576
High-straggler,JIT-APFRL,7851,150,1.2117211937904357
High-straggler,JIT-APFRL,7851,151,1.204953098297119
High-straggler,JIT-APFRL,7851,152,1.2093254923820496
High-straggler,JIT-APFRL,7851,153,1.21785249710083
High-straggler,JIT-APFRL,7851,154,1.1967921078205108
High-straggler,JIT-APFRL,7851,155,1.1980267941951752
High-straggler,JIT-APFRL,7851,156,1.2015588641166688
High-straggler,JIT-APFRL,7851,157,1.1852088570594788
High-straggler,JIT-APFRL,7851,158,1.1981322526931764
High-straggler,JIT-APFRL,7851,159,1.185358989238739
High-straggler,JIT-APFRL,7851,160,1.193491905927658
High-straggler,JIT-APFRL,7851,161,1.1790630757808684
High-straggler,JIT-APFRL,7851,162,1.1770416975021363
High-straggler,JIT-APFRL,7851,163,1.1893251538276672
High-straggler,JIT-APFRL,7851,164,1.183651053905487
High-straggler,JIT-APFRL,7851,165,1.1668256103992463
High-straggler,JIT-APFRL,7851,166,1.175280076265335
High-straggler,JIT-APFRL,7851,167,1.1716551661491394
High-straggler,JIT-APFRL,7851,168,1.173110657930374
High-straggler,JIT-APFRL,7851,169,1.1757493615150452
High-straggler,JIT-APFRL,7851,170,1.1677717030048371
High-straggler,JIT-APFRL,7851,171,1.1497298300266265
High-straggler,JIT-APFRL,7851,172,1.1624530732631684
High-straggler,JIT-APFRL,7851,173,1.1559449791908265
High-straggler,JIT-APFRL,7851,174,1.1623547494411468
High-straggler,JIT-APFRL,7851,175,1.1426842570304871
High-straggler,JIT-APFRL,7851,176,1.149902892112732
High-straggler,JIT-APFRL,7851,177,1.146345329284668
High-straggler,JIT-APFRL,7851,178,1.1491255342960358
High-straggler,JIT-APFRL,7851,179,1.1436763048171996
High-straggler,JIT-APFRL,7851,180,1.1374475181102752
High-straggler,JIT-APFRL,7851,181,1.1383128702640533
High-straggler,JIT-APFRL,7851,182,1.1489795625209809
High-straggler,JIT-APFRL,7851,183,1.1415348291397094
High-straggler,JIT-APFRL,7851,184,1.1328866839408875
High-straggler,JIT-APFRL,7851,185,1.131376028060913
High-straggler,JIT-APFRL,7851,186,1.1276461482048035
High-straggler,JIT-APFRL,7851,187,1.127684336900711
High-straggler,JIT-APFRL,7851,188,1.128651648759842
High-straggler,JIT-APFRL,7851,189,1.1225007772445679
High-straggler,JIT-APFRL,7851,190,1.1198306679725647
High-straggler,JIT-APFRL,7851,191,1.1161322176456452
High-straggler,JIT-APFRL,7851,192,1.116328376531601
High-straggler,JIT-APFRL,7851,193,1.1225136399269104
High-straggler,JIT-APFRL,7851,194,1.1185676157474518
High-straggler,JIT-APFRL,7851,195,1.1118690848350525
High-straggler,JIT-APFRL,7851,196,1.103116500377655
High-straggler,JIT-APFRL,7851,197,1.1022604405879974
High-straggler,JIT-APFRL,7851,198,1.1175128161907195
High-straggler,JIT-APFRL,7851,199,1.1158182442188262
High-straggler,JIT-APFRL,7851,200,1.1110057711601258
High-straggler,JIT-APFRL,7851,201,1.1127887666225433
High-straggler,JIT-APFRL,7851,202,1.1189628899097444
High-straggler,JIT-APFRL,7851,203,1.1041926085948943
High-straggler,JIT-APFRL,7851,204,1.1066500186920165
High-straggler,JIT-APFRL,7851,205,1.1265106201171875
High-straggler,JIT-APFRL,7851,206,1.1028291165828705
High-straggler,JIT-APFRL,7851,207,1.1032009899616242
High-straggler,JIT-APFRL,7851,208,1.1191536426544189
High-straggler,JIT-APFRL,7851,209,1.106654667854309
High-straggler,JIT-APFRL,7851,210,1.1045795202255249
High-straggler,JIT-APFRL,7851,211,1.1065330386161805
High-straggler,JIT-APFRL,7851,212,1.0807022035121918
High-straggler,JIT-APFRL,7851,213,1.1162089288234711
High-straggler,JIT-APFRL,7851,214,1.094720149040222
High-straggler,JIT-APFRL,7851,215,1.1066314697265625
High-straggler,JIT-APFRL,7851,216,1.1045975387096405
High-straggler,JIT-APFRL,7851,217,1.0929392218589782
High-straggler,JIT-APFRL,7851,218,1.1091378211975098
High-straggler,JIT-APFRL,7851,219,1.0999159872531892
High-straggler,JIT-APFRL,7851,220,1.0725695431232452
High-straggler,JIT-APFRL,7851,221,1.084296178817749
High-straggler,JIT-APFRL,7851,222,1.0920075118541717
High-straggler,JIT-APFRL,7851,223,1.1013700664043427
High-straggler,JIT-APFRL,7851,224,1.0763486087322236
High-straggler,JIT-APFRL,7851,225,1.0792230784893035
High-straggler,JIT-APFRL,7851,226,1.0921491503715515
High-straggler,JIT-APFRL,7851,227,1.0752680897712708
High-straggler,JIT-APFRL,7851,228,1.083905243873596
High-straggler,JIT-APFRL,7851,229,1.0575997948646545
High-straggler,JIT-APFRL,7851,230,1.0702694535255433
High-straggler,JIT-APFRL,7851,231,1.090212231874466
High-straggler,JIT-APFRL,7851,232,1.0752229273319245
High-straggler,JIT-APFRL,7851,233,1.0601818919181825
High-straggler,JIT-APFRL,7851,234,1.0739663183689117
High-straggler,JIT-APFRL,7851,235,1.0701903104782104
High-straggler,JIT-APFRL,7851,236,1.0678440570831298
High-straggler,JIT-APFRL,7851,237,1.0800731837749482
High-straggler,JIT-APFRL,7851,238,1.0692850291728973
High-straggler,JIT-APFRL,7851,239,1.0674452483654022
High-straggler,JIT-APFRL,7851,240,1.0513160586357118
High-straggler,JIT-APFRL,7851,241,1.0642484664916991
High-straggler,JIT-APFRL,7851,242,1.056333351135254
High-straggler,JIT-APFRL,7851,243,1.0641659080982209
High-straggler,JIT-APFRL,7851,244,1.0402287662029266
High-straggler,JIT-APFRL,7851,245,1.0729762822389604
High-straggler,JIT-APFRL,7851,246,1.0493677347898482
High-straggler,JIT-APFRL,7851,247,1.0293442904949188
High-straggler,JIT-APFRL,7851,248,1.0482257783412934
High-straggler,JIT-APFRL,7851,249,1.0521454036235809
High-straggler,JIT-APFRL,7851,250,1.0464446693658829
High-straggler,JIT-APFRL,7851,251,1.041259241104126
High-straggler,JIT-APFRL,7851,252,1.0397738546133042
High-straggler,JIT-APFRL,7851,253,1.052571776509285
High-straggler,JIT-APFRL,7851,254,1.037720614671707
High-straggler,JIT-APFRL,7851,255,1.039423155784607
High-straggler,JIT-APFRL,7851,256,1.0129930913448333
High-straggler,JIT-APFRL,7851,257,1.0436212450265885
High-straggler,JIT-APFRL,7851,258,1.0410018593072892
High-straggler,JIT-APFRL,7851,259,1.0118544042110442
High-straggler,JIT-APFRL,7851,260,1.0276442617177963
High-straggler,JIT-APFRL,7851,261,1.038259243965149
High-straggler,JIT-APFRL,7851,262,1.0227678626775742
High-straggler,JIT-APFRL,7851,263,1.0192496091127397
High-straggler,JIT-APFRL,7851,264,1.0184457898139954
High-straggler,JIT-APFRL,7851,265,1.0213914215564728
High-straggler,JIT-APFRL,7851,266,1.0287133753299713
High-straggler,JIT-APFRL,7851,267,1.0313247472047806
High-straggler,JIT-APFRL,7851,268,1.03258196413517
High-straggler,JIT-APFRL,7851,269,1.034833300113678
High-straggler,JIT-APFRL,7851,270,1.020487841963768
High-straggler,JIT-APFRL,7851,271,1.0279892653226852
High-straggler,JIT-APFRL,7851,272,1.0101154416799545
High-straggler,JIT-APFRL,7851,273,1.024211597442627
High-straggler,JIT-APFRL,7851,274,1.0149612963199615
High-straggler,JIT-APFRL,7851,275,1.0220628380775452
High-straggler,JIT-APFRL,7851,276,1.0103213012218475
High-straggler,JIT-APFRL,7851,277,0.9945118367671967
High-straggler,JIT-APFRL,7851,278,1.0234194993972778
High-straggler,JIT-APFRL,7851,279,1.0095739483833313
High-straggler,JIT-APFRL,7851,280,1.0081120371818542
High-straggler,JIT-APFRL,7851,281,0.9965014189481736
High-straggler,JIT-APFRL,7851,282,1.0240846991539
High-straggler,JIT-APFRL,7851,283,1.0280067652463913
High-straggler,JIT-APFRL,7851,284,1.0207733929157257
High-straggler,JIT-APFRL,7851,285,1.019646617770195
High-straggler,JIT-APFRL,7851,286,1.0010690540075302
High-straggler,JIT-APFRL,7851,287,1.0105945706367492
High-straggler,JIT-APFRL,7851,288,1.028871101140976
High-straggler,JIT-APFRL,7851,289,1.0029759258031845
High-straggler,JIT-APFRL,7851,290,1.0030981779098511
High-straggler,JIT-APFRL,7851,291,1.0225593745708466
High-straggler,JIT-APFRL,7851,292,1.0040354788303376
High-straggler,JIT-APFRL,7851,293,0.995049723982811
High-straggler,JIT-APFRL,7851,294,1.0179393470287323
High-straggler,JIT-APFRL,7851,295,0.9995532125234604
High-straggler,JIT-APFRL,7851,296,1.002112665772438
High-straggler,JIT-APFRL,7851,297,1.001932743191719
High-straggler,JIT-APFRL,7851,298,0.9882644236087799
High-straggler,JIT-APFRL,7851,299,0.9878289192914963
High-straggler,JIT-APFRL,7851,300,1.0104227811098099
High-straggler,JIT-APFRL,7851,301,1.0007762759923935
High-straggler,JIT-APFRL,7851,302,0.9927659541368484
High-straggler,JIT-APFRL,7851,303,1.0049605309963225
High-straggler,JIT-APFRL,7851,304,0.9917006403207779
High-straggler,JIT-APFRL,7851,305,0.9942249447107315
High-straggler,JIT-APFRL,7851,306,1.0089235305786133
High-straggler,JIT-APFRL,7851,307,0.9950230926275253
High-straggler,JIT-APFRL,7851,308,0.9992425233125687
High-straggler,JIT-APFRL,7851,309,1.00095634162426
High-straggler,JIT-APFRL,7851,310,1.0005666822195054
High-straggler,JIT-APFRL,7851,311,1.0016706377267837
High-straggler,JIT-APFRL,7851,312,0.984031343460083
High-straggler,JIT-APFRL,7851,313,0.9944237381219864
High-straggler,JIT-APFRL,7851,314,1.0057860881090164
High-straggler,JIT-APFRL,7851,315,0.9974381566047669
High-straggler,JIT-APFRL,7851,316,1.0067975014448165
High-straggler,JIT-APFRL,7851,317,1.0022258639335633
High-straggler,JIT-APFRL,7851,318,0.9990508288145066
High-straggler,JIT-APFRL,7851,319,0.9986087739467621
High-straggler,JIT-APFRL,7851,320,0.9915704607963562
High-straggler,JIT-APFRL,7851,321,0.9935220777988434
High-straggler,JIT-APFRL,7851,322,0.984080147743225
High-straggler,JIT-APFRL,7851,323,0.9884158581495285
High-straggler,JIT-APFRL,7851,324,1.0049520879983902
High-straggler,JIT-APFRL,7851,325,0.9863914459943771
High-straggler,JIT-APFRL,7851,326,0.9886380970478058
High-straggler,JIT-APFRL,7851,327,0.9843633681535721
High-straggler,JIT-APFRL,7851,328,0.9809190958738327
High-straggler,JIT-APFRL,7851,329,0.9974517047405242
High-straggler,JIT-APFRL,7851,330,0.9939767509698868
High-straggler,JIT-APFRL,7851,331,0.973058208823204
High-straggler,JIT-APFRL,7851,332,0.9852815359830857
High-straggler,JIT-APFRL,7851,333,0.9890667706727981
High-straggler,JIT-APFRL,7851,334,0.9877290159463883
High-straggler,JIT-APFRL,7851,335,0.9936880618333817
High-straggler,JIT-APFRL,7851,336,0.9667051494121551
High-straggler,JIT-APFRL,7851,337,0.9894893795251847
High-straggler,JIT-APFRL,7851,338,0.9852664619684219
High-straggler,JIT-APFRL,7851,339,0.9999927431344986
High-straggler,JIT-APFRL,7851,340,0.9945893257856369
High-straggler,JIT-APFRL,7851,341,0.977133646607399
High-straggler,JIT-APFRL,7851,342,0.9748810023069382
High-straggler,JIT-APFRL,7851,343,0.9774893820285797
High-straggler,JIT-APFRL,7851,344,0.9802173525094986
High-straggler,JIT-APFRL,7851,345,0.995944407582283
High-straggler,JIT-APFRL,7851,346,0.9836909472942352
High-straggler,JIT-APFRL,7851,347,0.9614451080560684
High-straggler,JIT-APFRL,7851,348,0.973288181424141
High-straggler,JIT-APFRL,7851,349,0.9932052701711654
High-straggler,JIT-APFRL,7851,350,0.9641502022743225
High-straggler,JIT-APFRL,7851,351,0.972671726346016
High-straggler,JIT-APFRL,7851,352,0.9877804607152939
High-straggler,JIT-APFRL,7851,353,0.9613205999135971
High-straggler,JIT-APFRL,7851,354,0.9783538937568664
High-straggler,JIT-APFRL,7851,355,0.9808941543102264
High-straggler,JIT-APFRL,7851,356,0.9791913628578186
High-straggler,JIT-APFRL,7851,357,0.9681841939687729
High-straggler,JIT-APFRL,7851,358,0.9893220871686935
High-straggler,JIT-APFRL,7851,359,0.9821834027767181
High-straggler,JIT-APFRL,7851,360,0.9716308057308197
High-straggler,JIT-APFRL,7851,361,0.9739360272884369
High-straggler,JIT-APFRL,7851,362,0.9679697662591934
High-straggler,JIT-APFRL,7851,363,0.9707269132137298
High-straggler,JIT-APFRL,7851,364,0.9768862903118134
High-straggler,JIT-APFRL,7851,365,0.9758763194084168
High-straggler,JIT-APFRL,7851,366,0.9729969799518585
High-straggler,JIT-APFRL,7851,367,0.9857425123453141
High-straggler,JIT-APFRL,7851,368,0.9947618037462235
High-straggler,JIT-APFRL,7851,369,0.9759200572967529
High-straggler,JIT-APFRL,7851,370,0.9869598478078843
High-straggler,JIT-APFRL,7851,371,0.9717771023511886
High-straggler,JIT-APFRL,7851,372,0.9736359179019928
High-straggler,JIT-APFRL,7851,373,0.9685682237148285
High-straggler,JIT-APFRL,7851,374,0.9807851761579514
High-straggler,JIT-APFRL,7851,375,0.9875440925359726
High-straggler,JIT-APFRL,7851,376,0.9611699312925339
High-straggler,JIT-APFRL,7851,377,0.9791134297847748
High-straggler,JIT-APFRL,7851,378,0.9863627701997757
High-straggler,JIT-APFRL,7851,379,0.9747522056102753
High-straggler,JIT-APFRL,7851,380,0.9660175859928131
High-straggler,JIT-APFRL,7851,381,0.9823449164628982
High-straggler,JIT-APFRL,7851,382,0.9677989095449447
High-straggler,JIT-APFRL,7851,383,0.9749347746372223
High-straggler,JIT-APFRL,7851,384,0.9564699053764343
High-straggler,JIT-APFRL,7851,385,0.9862078189849853
High-straggler,JIT-APFRL,7851,386,0.9728881478309631
High-straggler,JIT-APFRL,7851,387,0.9693186521530152
High-straggler,JIT-APFRL,7851,388,0.9548731982707978
High-straggler,JIT-APFRL,7851,389,0.9647174417972565
High-straggler,JIT-APFRL,7851,390,0.9706876575946808
High-straggler,JIT-APFRL,7851,391,0.9630914688110351
High-straggler,JIT-APFRL,7851,392,0.9749816089868546
High-straggler,JIT-APFRL,7851,393,0.9611918568611145
High-straggler,JIT-APFRL,7851,394,0.9441906183958053
High-straggler,JIT-APFRL,7851,395,0.9642526596784592
High-straggler,JIT-APFRL,7851,396,0.9638703644275666
High-straggler,JIT-APFRL,7851,397,0.9685810178518295
High-straggler,JIT-APFRL,7851,398,0.9680304646492004
High-straggler,JIT-APFRL,7851,399,0.9753346562385559
High-straggler,JIT-APFRL,7851,400,0.975145411491394
