scenario,method,seed,round,mean_approx_kl
High-straggler,Async-FedDRL,3407,1,0.0004473682573006954
High-straggler,Async-FedDRL,3407,2,0.0003803924241765344
High-straggler,Async-FedDRL,3407,3,4.78943285997957e-05
High-straggler,Async-FedDRL,3407,4,-0.00015406563325086607
High-straggler,Async-FedDRL,3407,5,0.00038829457935207756
High-straggler,Async-FedDRL,3407,6,0.00043363751460674395
High-straggler,Async-FedDRL,3407,7,0.00021169835927139501
High-straggler,Async-FedDRL,3407,8,-0.00018795665801008
High-straggler,Async-FedDRL,3407,9,0.00012603571849467698
High-straggler,Async-FedDRL,3407,10,0.00014513276819343445
High-straggler,Async-FedDRL,3407,11,-0.00010207927116425707
High-straggler,Async-FedDRL,3407,12,-6.058552608010359e-05
High-straggler,Async-FedDRL,3407,13,-0.0001310163970629219
High-straggler,Async-FedDRL,3407,14,0.0002096919335599523
High-straggler,Async-FedDRL,3407,15,0.0005596730843535624
High-straggler,Async-FedDRL,3407,16,4.755673617182765e-05
High-straggler,Async-FedDRL,3407,17,0.0006054247838619631
High-straggler,Async-FedDRL,3407,18,-0.00037186319241300225
High-straggler,Async-FedDRL,3407,19,-0.0004039249906782061
High-straggler,Async-FedDRL,3407,20,-0.00019951796930399722
High-straggler,Async-FedDRL,3407,21,0.0005323444142504741
High-straggler,Async-FedDRL,3407,22,-0.000489050621217757
High-straggler,Async-FedDRL,3407,23,0.0001705052885426994
High-straggler,Async-FedDRL,3407,24,5.4431938769994305e-05
High-straggler,Async-FedDRL,3407,25,0.00019068318360950797
High-straggler,Async-FedDRL,3407,26,2.9527210517699132e-05
High-straggler,Async-FedDRL,3407,27,-0.0002635870821904973
High-straggler,Async-FedDRL,3407,28,0.0004524349973053177
High-straggler,Async-FedDRL,3407,29,0.000697821454014047
High-straggler,Async-FedDRL,3407,30,0.0006267665480663709
High-straggler,Async-FedDRL,3407,31,0.00019630187582606596
High-straggler,Async-FedDRL,3407,32,0.0003208026486390736
High-straggler,Async-FedDRL,3407,33,0.00019958406519435812
High-straggler,Async-FedDRL,3407,34,0.00042601257518981583
High-straggler,Async-FedDRL,3407,35,0.000782089580752654
High-straggler,Async-FedDRL,3407,36,-0.0005272892216453329
High-straggler,Async-FedDRL,3407,37,0.00033833669294836
High-straggler,Async-FedDRL,3407,38,0.00045296523530851117
High-straggler,Async-FedDRL,3407,39,0.001420682958632824
High-straggler,Async-FedDRL,3407,40,0.0005477534024976194
High-straggler,Async-FedDRL,3407,41,0.0010542714338953375
High-straggler,Async-FedDRL,3407,42,0.0014030466467374937
High-straggler,Async-FedDRL,3407,43,0.0004731624463602202
High-straggler,Async-FedDRL,3407,44,0.0014589204161893576
High-straggler,Async-FedDRL,3407,45,0.0007976111737661995
High-straggler,Async-FedDRL,3407,46,-0.0006646251076745102
High-straggler,Async-FedDRL,3407,47,0.0007283530532731675
High-straggler,Async-FedDRL,3407,48,0.0013209306991484482
High-straggler,Async-FedDRL,3407,49,-0.0005517704259546008
High-straggler,Async-FedDRL,3407,50,0.00019905159024347086
High-straggler,Async-FedDRL,3407,51,0.0005160446016816422
High-straggler,Async-FedDRL,3407,52,0.0008315125203807838
High-straggler,Async-FedDRL,3407,53,-0.00015922377488095663
High-straggler,Async-FedDRL,3407,54,9.921230957843363e-05
High-straggler,Async-FedDRL,3407,55,0.00010467416868777945
High-straggler,Async-FedDRL,3407,56,-0.00028635540584218686
High-straggler,Async-FedDRL,3407,57,0.0007956723815368605
High-straggler,Async-FedDRL,3407,58,0.0003474211505817948
High-straggler,Async-FedDRL,3407,59,0.002210315420961706
High-straggler,Async-FedDRL,3407,60,-0.00034131895226892085
High-straggler,Async-FedDRL,3407,61,0.0007671157597542333
High-straggler,Async-FedDRL,3407,62,0.0012750178896340004
High-straggler,Async-FedDRL,3407,63,-0.0009226862079231068
High-straggler,Async-FedDRL,3407,64,-0.0013636194249556865
High-straggler,Async-FedDRL,3407,65,-0.00030404229182749986
High-straggler,Async-FedDRL,3407,66,0.0021418584965431364
High-straggler,Async-FedDRL,3407,67,0.0016742700410759426
High-straggler,Async-FedDRL,3407,68,0.0027034457016270608
High-straggler,Async-FedDRL,3407,69,0.0007283085251401644
High-straggler,Async-FedDRL,3407,70,0.00020233357245160732
High-straggler,Async-FedDRL,3407,71,0.001376215641852241
High-straggler,Async-FedDRL,3407,72,0.0022812427745520837
High-straggler,Async-FedDRL,3407,73,0.0010393113697205081
High-straggler,Async-FedDRL,3407,74,0.002604587333917152
High-straggler,Async-FedDRL,3407,75,0.00038388925677281807
High-straggler,Async-FedDRL,3407,76,0.0005987598458887077
High-straggler,Async-FedDRL,3407,77,0.0014235131624445786
High-straggler,Async-FedDRL,3407,78,0.0013671319131390192
High-straggler,Async-FedDRL,3407,79,0.0018708082375269441
High-straggler,Async-FedDRL,3407,80,0.0019857721075823066
High-straggler,Async-FedDRL,3407,81,0.0010019728950283024
High-straggler,Async-FedDRL,3407,82,0.0021021791268140077
High-straggler,Async-FedDRL,3407,83,0.0016735844445065595
High-straggler,Async-FedDRL,3407,84,0.0011428330042690504
High-straggler,Async-FedDRL,3407,85,0.0005533099872991442
High-straggler,Async-FedDRL,3407,86,0.0022846917157949066
High-straggler,Async-FedDRL,3407,87,0.002759459795197472
High-straggler,Async-FedDRL,3407,88,0.0009451449001062429
High-straggler,Async-FedDRL,3407,89,0.0030524157715262844
High-straggler,Async-FedDRL,3407,90,0.0010486472354386933
High-straggler,Async-FedDRL,3407,91,0.003964043998712441
High-straggler,Async-FedDRL,3407,92,0.0005925087461946532
High-straggler,Async-FedDRL,3407,93,0.0007812238121346127
High-straggler,Async-FedDRL,3407,94,0.0019876023288816214
High-straggler,Async-FedDRL,3407,95,0.003463060749345459
High-straggler,Async-FedDRL,3407,96,0.0018752258067252115
High-straggler,Async-FedDRL,3407,97,0.002861010147171328
High-straggler,Async-FedDRL,3407,98,0.004066740814596415
High-straggler,Async-FedDRL,3407,99,0.0016180773847736419
High-straggler,Async-FedDRL,3407,100,0.003226917368010618
High-straggler,Async-FedDRL,3407,101,0.002064836061617825
High-straggler,Async-FedDRL,3407,102,0.0015357144489826168
High-straggler,Async-FedDRL,3407,103,0.001564709551166743
High-straggler,Async-FedDRL,3407,104,0.0013099725969368593
High-straggler,Async-FedDRL,3407,105,0.0054102226422401145
High-straggler,Async-FedDRL,3407,106,0.0006484709912911058
High-straggler,Async-FedDRL,3407,107,0.001691758877132088
High-straggler,Async-FedDRL,3407,108,0.0033483911625808104
High-straggler,Async-FedDRL,3407,109,0.001388736679291469
High-straggler,Async-FedDRL,3407,110,0.004303390235872939
High-straggler,Async-FedDRL,3407,111,0.0031317977583967148
High-straggler,Async-FedDRL,3407,112,0.0015231415978632866
High-straggler,Async-FedDRL,3407,113,0.004753539184457622
High-straggler,Async-FedDRL,3407,114,0.004017444976670959
High-straggler,Async-FedDRL,3407,115,0.0025258973371819595
High-straggler,Async-FedDRL,3407,116,0.004074254112492781
High-straggler,Async-FedDRL,3407,117,0.0026865554478717967
High-straggler,Async-FedDRL,3407,118,0.0031352679332485424
High-straggler,Async-FedDRL,3407,119,0.005062906535749789
High-straggler,Async-FedDRL,3407,120,0.002086202151986072
High-straggler,Async-FedDRL,3407,121,0.0023118569210055285
High-straggler,Async-FedDRL,3407,122,0.00482118950021686
High-straggler,Async-FedDRL,3407,123,0.002740246144821867
High-straggler,Async-FedDRL,3407,124,0.002971411510952748
High-straggler,Async-FedDRL,3407,125,0.00438560163602233
High-straggler,Async-FedDRL,3407,126,0.0026241179395583457
High-straggler,Async-FedDRL,3407,127,0.003847213101107627
High-straggler,Async-FedDRL,3407,128,0.0033063298189517807
High-straggler,Async-FedDRL,3407,129,0.0021924253000179307
High-straggler,Async-FedDRL,3407,130,0.0029711015318753197
High-straggler,Async-FedDRL,3407,131,0.004714428652368952
High-straggler,Async-FedDRL,3407,132,0.006722523915232159
High-straggler,Async-FedDRL,3407,133,0.004709402704611421
High-straggler,Async-FedDRL,3407,134,0.004726102651329711
High-straggler,Async-FedDRL,3407,135,0.002605764059262583
High-straggler,Async-FedDRL,3407,136,0.0036533444337692343
High-straggler,Async-FedDRL,3407,137,0.0013543922046665101
High-straggler,Async-FedDRL,3407,138,0.00310657254740363
High-straggler,Async-FedDRL,3407,139,0.003921237016766099
High-straggler,Async-FedDRL,3407,140,0.004434168151601625
High-straggler,Async-FedDRL,3407,141,0.005205350596224889
High-straggler,Async-FedDRL,3407,142,0.00375375003713998
High-straggler,Async-FedDRL,3407,143,0.004642140981741249
High-straggler,Async-FedDRL,3407,144,0.005038037931080907
High-straggler,Async-FedDRL,3407,145,0.005251550225511892
High-straggler,Async-FedDRL,3407,146,0.0047464293165830895
High-straggler,Async-FedDRL,3407,147,0.0048072838225607485
High-straggler,Async-FedDRL,3407,148,0.004291400214424357
High-straggler,Async-FedDRL,3407,149,0.0035528801701730115
High-straggler,Async-FedDRL,3407,150,0.005509862191684078
High-straggler,Async-FedDRL,3407,151,0.004866655831574462
High-straggler,Async-FedDRL,3407,152,0.004237308807933005
High-straggler,Async-FedDRL,3407,153,0.005451848237134982
High-straggler,Async-FedDRL,3407,154,0.00547185629257001
High-straggler,Async-FedDRL,3407,155,0.004262915410799905
High-straggler,Async-FedDRL,3407,156,0.0018068594872602262
High-straggler,Async-FedDRL,3407,157,0.00541974749066867
High-straggler,Async-FedDRL,3407,158,0.0029248143357108345
High-straggler,Async-FedDRL,3407,159,0.0047092523745959625
High-straggler,Async-FedDRL,3407,160,0.004922704923956189
High-straggler,Async-FedDRL,3407,161,0.007374976782648446
High-straggler,Async-FedDRL,3407,162,0.003186760175958625
High-straggler,Async-FedDRL,3407,163,0.003449293566518463
High-straggler,Async-FedDRL,3407,164,0.004635933546524029
High-straggler,Async-FedDRL,3407,165,0.0032025452877860517
High-straggler,Async-FedDRL,3407,166,0.006809025688562542
High-straggler,Async-FedDRL,3407,167,0.0058380918810144065
High-straggler,Async-FedDRL,3407,168,0.005500059406404034
High-straggler,Async-FedDRL,3407,169,0.0034752311969896256
High-straggler,Async-FedDRL,3407,170,0.003292975397198461
High-straggler,Async-FedDRL,3407,171,0.0053774669650010765
High-straggler,Async-FedDRL,3407,172,0.006251686179894023
High-straggler,Async-FedDRL,3407,173,0.0032690531388652744
High-straggler,Async-FedDRL,3407,174,0.0077699821616988626
High-straggler,Async-FedDRL,3407,175,0.005055465557961725
High-straggler,Async-FedDRL,3407,176,0.0038317225727951152
High-straggler,Async-FedDRL,3407,177,0.00305449101360864
High-straggler,Async-FedDRL,3407,178,0.0011398408678360283
High-straggler,Async-FedDRL,3407,179,0.006051774452498648
High-straggler,Async-FedDRL,3407,180,0.005866064750443911
High-straggler,Async-FedDRL,3407,181,0.004722702961589676
High-straggler,Async-FedDRL,3407,182,0.007996964652556926
High-straggler,Async-FedDRL,3407,183,0.005011867842404172
High-straggler,Async-FedDRL,3407,184,0.006271349234157242
High-straggler,Async-FedDRL,3407,185,0.0050426425514160655
High-straggler,Async-FedDRL,3407,186,0.002778028753527906
High-straggler,Async-FedDRL,3407,187,0.004604281700449064
High-straggler,Async-FedDRL,3407,188,0.006013453735067742
High-straggler,Async-FedDRL,3407,189,0.0046395744575420395
High-straggler,Async-FedDRL,3407,190,0.0007555437157861888
High-straggler,Async-FedDRL,3407,191,0.002512725528140436
High-straggler,Async-FedDRL,3407,192,0.007042724596976769
High-straggler,Async-FedDRL,3407,193,0.006376003957120702
High-straggler,Async-FedDRL,3407,194,0.008647873072186485
High-straggler,Async-FedDRL,3407,195,0.006975155859254301
High-straggler,Async-FedDRL,3407,196,0.007283068409196858
High-straggler,Async-FedDRL,3407,197,0.0046580705107771795
High-straggler,Async-FedDRL,3407,198,0.005912102886941284
High-straggler,Async-FedDRL,3407,199,0.005110435976530425
High-straggler,Async-FedDRL,3407,200,0.005145298634306528
High-straggler,Async-FedDRL,3407,201,0.005355826442246326
High-straggler,Async-FedDRL,3407,202,0.004797840140236076
High-straggler,Async-FedDRL,3407,203,0.005888936584960902
High-straggler,Async-FedDRL,3407,204,0.0075486959074623885
High-straggler,Async-FedDRL,3407,205,0.0020036498097397272
High-straggler,Async-FedDRL,3407,206,0.006677643451257609
High-straggler,Async-FedDRL,3407,207,0.005604687803861452
High-straggler,Async-FedDRL,3407,208,0.006183614593464881
High-straggler,Async-FedDRL,3407,209,0.0055687533276795875
High-straggler,Async-FedDRL,3407,210,0.005145336506393506
High-straggler,Async-FedDRL,3407,211,0.004459145473811077
High-straggler,Async-FedDRL,3407,212,0.005815125309163704
High-straggler,Async-FedDRL,3407,213,0.0037979747081408276
High-straggler,Async-FedDRL,3407,214,0.008028225621092133
High-straggler,Async-FedDRL,3407,215,0.005180130415101303
High-straggler,Async-FedDRL,3407,216,0.0071386249750503335
High-straggler,Async-FedDRL,3407,217,0.00769045342458412
High-straggler,Async-FedDRL,3407,218,0.006824455052264966
High-straggler,Async-FedDRL,3407,219,0.005871131495950976
High-straggler,Async-FedDRL,3407,220,0.006537301973730791
High-straggler,Async-FedDRL,3407,221,0.0069503557228017595
High-straggler,Async-FedDRL,3407,222,0.008923717137076893
High-straggler,Async-FedDRL,3407,223,0.004517024342203513
High-straggler,Async-FedDRL,3407,224,0.005976292828563601
High-straggler,Async-FedDRL,3407,225,0.0054744136694353076
High-straggler,Async-FedDRL,3407,226,0.007923519487667363
High-straggler,Async-FedDRL,3407,227,0.005370640884029854
High-straggler,Async-FedDRL,3407,228,0.006085374331451021
High-straggler,Async-FedDRL,3407,229,0.006883304903749376
High-straggler,Async-FedDRL,3407,230,0.006482390370365465
High-straggler,Async-FedDRL,3407,231,0.003911743711796589
High-straggler,Async-FedDRL,3407,232,0.0052348210796480995
High-straggler,Async-FedDRL,3407,233,0.006859910933417268
High-straggler,Async-FedDRL,3407,234,0.003331729568890296
High-straggler,Async-FedDRL,3407,235,0.004522993043065071
High-straggler,Async-FedDRL,3407,236,0.004549724933167454
High-straggler,Async-FedDRL,3407,237,0.00504585294984281
High-straggler,Async-FedDRL,3407,238,0.007456632921821438
High-straggler,Async-FedDRL,3407,239,0.008405570778995753
High-straggler,Async-FedDRL,3407,240,0.006241821502044331
High-straggler,Async-FedDRL,3407,241,0.003511184763192432
High-straggler,Async-FedDRL,3407,242,0.00275557205604855
High-straggler,Async-FedDRL,3407,243,0.006353031081380323
High-straggler,Async-FedDRL,3407,244,0.005901972658466548
High-straggler,Async-FedDRL,3407,245,0.0036939280631486326
High-straggler,Async-FedDRL,3407,246,0.0057377922290470455
High-straggler,Async-FedDRL,3407,247,0.0065618996202829296
High-straggler,Async-FedDRL,3407,248,0.0038332844618707896
High-straggler,Async-FedDRL,3407,249,0.004517056135591701
High-straggler,Async-FedDRL,3407,250,0.004058512876508757
High-straggler,Async-FedDRL,3407,251,0.003975427025579847
High-straggler,Async-FedDRL,3407,252,0.004801503985072486
High-straggler,Async-FedDRL,3407,253,0.004807999418699182
High-straggler,Async-FedDRL,3407,254,0.005020810919813812
High-straggler,Async-FedDRL,3407,255,0.007842207851354033
High-straggler,Async-FedDRL,3407,256,0.006976900590962032
High-straggler,Async-FedDRL,3407,257,0.006039383925963193
High-straggler,Async-FedDRL,3407,258,0.004344077238056343
High-straggler,Async-FedDRL,3407,259,0.005239477062423248
High-straggler,Async-FedDRL,3407,260,0.0029840168775990606
High-straggler,Async-FedDRL,3407,261,0.0036997130402596666
High-straggler,Async-FedDRL,3407,262,0.0035207090157200584
High-straggler,Async-FedDRL,3407,263,0.005455898861691821
High-straggler,Async-FedDRL,3407,264,0.007982549906591885
High-straggler,Async-FedDRL,3407,265,0.0047085982281714674
High-straggler,Async-FedDRL,3407,266,0.006497968113762909
High-straggler,Async-FedDRL,3407,267,0.005474755383329466
High-straggler,Async-FedDRL,3407,268,0.0014849600296656718
High-straggler,Async-FedDRL,3407,269,0.0067803513164108155
High-straggler,Async-FedDRL,3407,270,0.004181502190476749
High-straggler,Async-FedDRL,3407,271,0.004972946967973258
High-straggler,Async-FedDRL,3407,272,0.007478349880329915
High-straggler,Async-FedDRL,3407,273,0.005381420813500881
High-straggler,Async-FedDRL,3407,274,0.006287338543916121
High-straggler,Async-FedDRL,3407,275,0.0046950061980169265
High-straggler,Async-FedDRL,3407,276,0.004305762292278814
High-straggler,Async-FedDRL,3407,277,0.005164343465003185
High-straggler,Async-FedDRL,3407,278,0.002220676717115566
High-straggler,Async-FedDRL,3407,279,0.004424215242033824
High-straggler,Async-FedDRL,3407,280,0.004938958703132812
High-straggler,Async-FedDRL,3407,281,0.006198031398798776
High-straggler,Async-FedDRL,3407,282,0.003706782063818537
High-straggler,Async-FedDRL,3407,283,0.008425261538650374
High-straggler,Async-FedDRL,3407,284,0.008353306830395013
High-straggler,Async-FedDRL,3407,285,0.004612921080115484
High-straggler,Async-FedDRL,3407,286,0.0076408174354583025
High-straggler,Async-FedDRL,3407,287,0.0072142665841965934
High-straggler,Async-FedDRL,3407,288,0.0034249258393174386
High-straggler,Async-FedDRL,3407,289,0.006262619528570212
High-straggler,Async-FedDRL,3407,290,0.00578445300925523
High-straggler,Async-FedDRL,3407,291,0.004212824499700218
High-straggler,Async-FedDRL,3407,292,0.007685629336083366
High-straggler,Async-FedDRL,3407,293,0.00393713354569627
High-straggler,Async-FedDRL,3407,294,0.00601418745573028
High-straggler,Async-FedDRL,3407,295,0.005186053065335728
High-straggler,Async-FedDRL,3407,296,0.007109518107608892
High-straggler,Async-FedDRL,3407,297,0.006659328039677348
High-straggler,Async-FedDRL,3407,298,0.004705810559971724
High-straggler,Async-FedDRL,3407,299,0.004058994380466174
High-straggler,Async-FedDRL,3407,300,0.00551462361618178
High-straggler,Async-FedDRL,3407,301,0.0042074988828971985
High-straggler,Async-FedDRL,3407,302,0.004433834107476287
High-straggler,Async-FedDRL,3407,303,0.005531999265076593
High-straggler,Async-FedDRL,3407,304,0.003745514780166559
High-straggler,Async-FedDRL,3407,305,0.0072563541234558215
High-straggler,Async-FedDRL,3407,306,0.007053936487500323
High-straggler,Async-FedDRL,3407,307,0.004007349148741924
High-straggler,Async-FedDRL,3407,308,0.006538179705967195
High-straggler,Async-FedDRL,3407,309,0.006289430582546629
High-straggler,Async-FedDRL,3407,310,0.0032715111097786575
High-straggler,Async-FedDRL,3407,311,0.004527091936324723
High-straggler,Async-FedDRL,3407,312,0.00481000122599653
High-straggler,Async-FedDRL,3407,313,0.0027790732725406996
High-straggler,Async-FedDRL,3407,314,0.006747432629344985
High-straggler,Async-FedDRL,3407,315,0.00862397809378308
High-straggler,Async-FedDRL,3407,316,0.004511636355891824
High-straggler,Async-FedDRL,3407,317,0.004824711367837154
High-straggler,Async-FedDRL,3407,318,0.004401522772968747
High-straggler,Async-FedDRL,3407,319,0.007108994020381942
High-straggler,Async-FedDRL,3407,320,0.0067231624852865934
High-straggler,Async-FedDRL,3407,321,0.008026397164940136
High-straggler,Async-FedDRL,3407,322,0.0071031841536751015
High-straggler,Async-FedDRL,3407,323,0.005611594038782641
High-straggler,Async-FedDRL,3407,324,0.0062655953370267525
High-straggler,Async-FedDRL,3407,325,0.005518667836440727
High-straggler,Async-FedDRL,3407,326,0.0028711474376905246
High-straggler,Async-FedDRL,3407,327,0.004156087451519852
High-straggler,Async-FedDRL,3407,328,0.004492524007946486
High-straggler,Async-FedDRL,3407,329,0.006335073904028832
High-straggler,Async-FedDRL,3407,330,0.007727694063214585
High-straggler,Async-FedDRL,3407,331,0.0058067828067578375
High-straggler,Async-FedDRL,3407,332,0.0038745926045521627
High-straggler,Async-FedDRL,3407,333,0.005123430589446798
High-straggler,Async-FedDRL,3407,334,0.004508620273554698
High-straggler,Async-FedDRL,3407,335,0.002615213179251441
High-straggler,Async-FedDRL,3407,336,0.005081450512807351
High-straggler,Async-FedDRL,3407,337,0.0019942262326367198
High-straggler,Async-FedDRL,3407,338,0.006025235680863261
High-straggler,Async-FedDRL,3407,339,0.0065550449755392036
High-straggler,Async-FedDRL,3407,340,0.0009664481622166932
High-straggler,Async-FedDRL,3407,341,0.003818445169599727
High-straggler,Async-FedDRL,3407,342,0.0022930158986127934
High-straggler,Async-FedDRL,3407,343,0.008074590217438527
High-straggler,Async-FedDRL,3407,344,0.006564357132651822
High-straggler,Async-FedDRL,3407,345,0.006526059989118949
High-straggler,Async-FedDRL,3407,346,0.004984172805779963
High-straggler,Async-FedDRL,3407,347,0.004459368105744943
High-straggler,Async-FedDRL,3407,348,0.005919312156737533
High-straggler,Async-FedDRL,3407,349,0.006597377495927504
High-straggler,Async-FedDRL,3407,350,0.00419008689787006
High-straggler,Async-FedDRL,3407,351,0.006670367998594884
High-straggler,Async-FedDRL,3407,352,0.006648024433525279
High-straggler,Async-FedDRL,3407,353,0.0016519848548341542
High-straggler,Async-FedDRL,3407,354,0.004716186958830804
High-straggler,Async-FedDRL,3407,355,0.006292876880615949
High-straggler,Async-FedDRL,3407,356,0.005846478239982389
High-straggler,Async-FedDRL,3407,357,0.006535917971632443
High-straggler,Async-FedDRL,3407,358,0.0018308973172679543
High-straggler,Async-FedDRL,3407,359,0.00607498027238762
High-straggler,Async-FedDRL,3407,360,0.007735073342337273
High-straggler,Async-FedDRL,3407,361,0.00699216773500666
High-straggler,Async-FedDRL,3407,362,0.0028465661394875496
High-straggler,Async-FedDRL,3407,363,0.005273019074229524
High-straggler,Async-FedDRL,3407,364,0.006059984560852172
High-straggler,Async-FedDRL,3407,365,0.004198425414506346
High-straggler,Async-FedDRL,3407,366,0.0041290253338047474
High-straggler,Async-FedDRL,3407,367,0.00408789769426221
High-straggler,Async-FedDRL,3407,368,0.002358666551299393
High-straggler,Async-FedDRL,3407,369,0.003003400706802495
High-straggler,Async-FedDRL,3407,370,0.008362064778339118
High-straggler,Async-FedDRL,3407,371,0.0072846969938836995
High-straggler,Async-FedDRL,3407,372,0.004121700612085988
High-straggler,Async-FedDRL,3407,373,0.005763888609362766
High-straggler,Async-FedDRL,3407,374,0.004912386293290183
High-straggler,Async-FedDRL,3407,375,0.008046643320994917
High-straggler,Async-FedDRL,3407,376,0.005467469501309097
High-straggler,Async-FedDRL,3407,377,0.005901901192191872
High-straggler,Async-FedDRL,3407,378,0.007601089077070355
High-straggler,Async-FedDRL,3407,379,0.004271488112863153
High-straggler,Async-FedDRL,3407,380,0.0038536909352842484
High-straggler,Async-FedDRL,3407,381,0.00542387004752527
High-straggler,Async-FedDRL,3407,382,0.0051999924093252044
High-straggler,Async-FedDRL,3407,383,0.008510003273840994
High-straggler,Async-FedDRL,3407,384,0.006957607890944928
High-straggler,Async-FedDRL,3407,385,0.006383529829327017
High-straggler,Async-FedDRL,3407,386,0.0011105990037322045
High-straggler,Async-FedDRL,3407,387,0.004295663464290556
High-straggler,Async-FedDRL,3407,388,0.00462018686812371
High-straggler,Async-FedDRL,3407,389,0.0025293157377745956
High-straggler,Async-FedDRL,3407,390,0.007683887476741802
High-straggler,Async-FedDRL,3407,391,0.004767293611075729
High-straggler,Async-FedDRL,3407,392,0.007728887925622985
High-straggler,Async-FedDRL,3407,393,0.008486145768438291
High-straggler,Async-FedDRL,3407,394,0.005792664546243031
High-straggler,Async-FedDRL,3407,395,0.005810390919214115
High-straggler,Async-FedDRL,3407,396,0.0029220007330877707
High-straggler,Async-FedDRL,3407,397,0.005962188183912076
High-straggler,Async-FedDRL,3407,398,0.010305396257899701
High-straggler,Async-FedDRL,3407,399,0.0019538296193786662
High-straggler,Async-FedDRL,3407,400,0.005541871897730743
High-straggler,Async-FedDRL,4518,1,3.084373165620491e-05
High-straggler,Async-FedDRL,4518,2,0.00022088984269430512
High-straggler,Async-FedDRL,4518,3,0.0005266693226076314
High-straggler,Async-FedDRL,4518,4,-9.769332486939675e-05
High-straggler,Async-FedDRL,4518,5,-0.00023474361482840324
High-straggler,Async-FedDRL,4518,6,0.00029111554426890506
High-straggler,Async-FedDRL,4518,7,-0.00020718979885714361
High-straggler,Async-FedDRL,4518,8,0.00031746123622724556
High-straggler,Async-FedDRL,4518,9,5.4682377049175555e-05
High-straggler,Async-FedDRL,4518,10,1.5160796226609819e-05
High-straggler,Async-FedDRL,4518,11,0.00012845378760175663
High-straggler,Async-FedDRL,4518,12,0.000593678042969259
High-straggler,Async-FedDRL,4518,13,0.00016184350333787735
High-straggler,Async-FedDRL,4518,14,0.00023272307917068246
High-straggler,Async-FedDRL,4518,15,0.0002310458199644927
High-straggler,Async-FedDRL,4518,16,0.0004225326043524547
High-straggler,Async-FedDRL,4518,17,-0.00025348866165586514
High-straggler,Async-FedDRL,4518,18,0.0004307718656491488
High-straggler,Async-FedDRL,4518,19,0.00035500012381817214
High-straggler,Async-FedDRL,4518,20,0.0006264048928642296
High-straggler,Async-FedDRL,4518,21,-0.0006092326842917828
High-straggler,Async-FedDRL,4518,22,-0.00021440349682961825
High-straggler,Async-FedDRL,4518,23,-6.409419320334564e-05
High-straggler,Async-FedDRL,4518,24,-1.4527405619446654e-05
High-straggler,Async-FedDRL,4518,25,6.531137260026298e-05
High-straggler,Async-FedDRL,4518,26,-0.00042812097572095806
High-straggler,Async-FedDRL,4518,27,0.0003083606265718686
High-straggler,Async-FedDRL,4518,28,-0.0001443393721274333
High-straggler,Async-FedDRL,4518,29,0.00010989113870891742
High-straggler,Async-FedDRL,4518,30,-0.00015483027273148763
High-straggler,Async-FedDRL,4518,31,0.0005602524484856986
High-straggler,Async-FedDRL,4518,32,9.966431316570379e-05
High-straggler,Async-FedDRL,4518,33,0.00033026024102582595
High-straggler,Async-FedDRL,4518,34,0.0003251310495670623
High-straggler,Async-FedDRL,4518,35,0.0007003699072811286
High-straggler,Async-FedDRL,4518,36,0.001043823450572745
High-straggler,Async-FedDRL,4518,37,0.00026511930609558477
High-straggler,Async-FedDRL,4518,38,0.0008289995377708693
High-straggler,Async-FedDRL,4518,39,-0.00014004593722347636
High-straggler,Async-FedDRL,4518,40,0.000367790008499469
High-straggler,Async-FedDRL,4518,41,0.0008572082791943103
High-straggler,Async-FedDRL,4518,42,0.00011181443624082021
High-straggler,Async-FedDRL,4518,43,-0.0004463311299787165
High-straggler,Async-FedDRL,4518,44,0.0010157343633181882
High-straggler,Async-FedDRL,4518,45,0.00040729046631895474
High-straggler,Async-FedDRL,4518,46,-0.00028943129541403323
High-straggler,Async-FedDRL,4518,47,0.0005754795702159754
High-straggler,Async-FedDRL,4518,48,0.001135835942113772
High-straggler,Async-FedDRL,4518,49,0.000448786819470115
High-straggler,Async-FedDRL,4518,50,0.0011618570330028887
High-straggler,Async-FedDRL,4518,51,0.0005603334935585736
High-straggler,Async-FedDRL,4518,52,0.0004896778689726488
High-straggler,Async-FedDRL,4518,53,-3.693157450470608e-05
High-straggler,Async-FedDRL,4518,54,0.0008102883170067798
High-straggler,Async-FedDRL,4518,55,0.0020593344772350973
High-straggler,Async-FedDRL,4518,56,0.00022165793343447148
High-straggler,Async-FedDRL,4518,57,0.0013976728150737472
High-straggler,Async-FedDRL,4518,58,0.0021497002700925803
High-straggler,Async-FedDRL,4518,59,0.0009616495295631467
High-straggler,Async-FedDRL,4518,60,0.0018597252099425531
High-straggler,Async-FedDRL,4518,61,0.001123005012050271
High-straggler,Async-FedDRL,4518,62,0.0006109419802669436
High-straggler,Async-FedDRL,4518,63,0.0005253769131741137
High-straggler,Async-FedDRL,4518,64,0.0019942180282669143
High-straggler,Async-FedDRL,4518,65,0.0020157899867626838
High-straggler,Async-FedDRL,4518,66,0.00014896616339683534
High-straggler,Async-FedDRL,4518,67,-8.392115287279012e-05
High-straggler,Async-FedDRL,4518,68,0.000976065494978684
High-straggler,Async-FedDRL,4518,69,0.0012965191310286173
High-straggler,Async-FedDRL,4518,70,0.001123755854951014
High-straggler,Async-FedDRL,4518,71,0.0007173674905061489
High-straggler,Async-FedDRL,4518,72,0.0008688127250934486
High-straggler,Async-FedDRL,4518,73,0.0017793095229762911
High-straggler,Async-FedDRL,4518,74,0.002633822814823361
High-straggler,Async-FedDRL,4518,75,0.0011065876075008418
High-straggler,Async-FedDRL,4518,76,0.0018598159082102938
High-straggler,Async-FedDRL,4518,77,0.0029713142357650213
High-straggler,Async-FedDRL,4518,78,0.0016171174502233043
High-straggler,Async-FedDRL,4518,79,0.0015546697366517037
High-straggler,Async-FedDRL,4518,80,-0.00018203124491265044
High-straggler,Async-FedDRL,4518,81,0.002391017501213355
High-straggler,Async-FedDRL,4518,82,0.0006464639380283188
High-straggler,Async-FedDRL,4518,83,0.0019646086524971905
High-straggler,Async-FedDRL,4518,84,0.0006443314778152853
High-straggler,Async-FedDRL,4518,85,0.0033554187408299184
High-straggler,Async-FedDRL,4518,86,0.0030105706780886978
High-straggler,Async-FedDRL,4518,87,0.0015354885483247927
High-straggler,Async-FedDRL,4518,88,0.0026443339287652635
High-straggler,Async-FedDRL,4518,89,0.002086177140881773
High-straggler,Async-FedDRL,4518,90,0.0031308602221542968
High-straggler,Async-FedDRL,4518,91,0.002186965190776391
High-straggler,Async-FedDRL,4518,92,0.0025963329811929726
High-straggler,Async-FedDRL,4518,93,0.0012346630333922803
High-straggler,Async-FedDRL,4518,94,0.0020435905153135536
High-straggler,Async-FedDRL,4518,95,0.002339919252335676
High-straggler,Async-FedDRL,4518,96,0.0023773225853801704
High-straggler,Async-FedDRL,4518,97,0.00404827885213308
High-straggler,Async-FedDRL,4518,98,0.004050401084532496
High-straggler,Async-FedDRL,4518,99,0.00244024221537984
High-straggler,Async-FedDRL,4518,100,0.004579242919862736
High-straggler,Async-FedDRL,4518,101,-0.0007990758822415955
High-straggler,Async-FedDRL,4518,102,0.003540373791474849
High-straggler,Async-FedDRL,4518,103,0.00284797044005245
High-straggler,Async-FedDRL,4518,104,0.002983826604031492
High-straggler,Async-FedDRL,4518,105,0.0030158521418343297
High-straggler,Async-FedDRL,4518,106,0.0027199071075301616
High-straggler,Async-FedDRL,4518,107,0.002639619693400164
High-straggler,Async-FedDRL,4518,108,0.004371337813790887
High-straggler,Async-FedDRL,4518,109,0.003904377285653027
High-straggler,Async-FedDRL,4518,110,0.0042283066068193875
High-straggler,Async-FedDRL,4518,111,0.0033965516544412822
High-straggler,Async-FedDRL,4518,112,0.0008263179269853537
High-straggler,Async-FedDRL,4518,113,0.003855974806356244
High-straggler,Async-FedDRL,4518,114,0.002806703910755459
High-straggler,Async-FedDRL,4518,115,0.0037458138263900763
High-straggler,Async-FedDRL,4518,116,0.0028707072502584196
High-straggler,Async-FedDRL,4518,117,0.004569836800510529
High-straggler,Async-FedDRL,4518,118,0.0033360684581111855
High-straggler,Async-FedDRL,4518,119,0.008062170873927244
High-straggler,Async-FedDRL,4518,120,0.003563412376388442
High-straggler,Async-FedDRL,4518,121,0.004995525936101331
High-straggler,Async-FedDRL,4518,122,0.005364911142532946
High-straggler,Async-FedDRL,4518,123,0.0010652913515514228
High-straggler,Async-FedDRL,4518,124,0.002867149736266583
High-straggler,Async-FedDRL,4518,125,0.00457038313652447
High-straggler,Async-FedDRL,4518,126,0.00654846312245354
High-straggler,Async-FedDRL,4518,127,0.0052731884323293345
High-straggler,Async-FedDRL,4518,128,0.0013196730287745595
High-straggler,Async-FedDRL,4518,129,0.0034478566027246415
High-straggler,Async-FedDRL,4518,130,0.0036646184242272286
High-straggler,Async-FedDRL,4518,131,0.004911706514758407
High-straggler,Async-FedDRL,4518,132,0.0020223904371960088
High-straggler,Async-FedDRL,4518,133,0.003499842743622139
High-straggler,Async-FedDRL,4518,134,0.004259616545459722
High-straggler,Async-FedDRL,4518,135,0.00344831114371118
High-straggler,Async-FedDRL,4518,136,0.0035151779185980557
High-straggler,Async-FedDRL,4518,137,0.004565585408636252
High-straggler,Async-FedDRL,4518,138,0.004619065870065242
High-straggler,Async-FedDRL,4518,139,0.003884894218936097
High-straggler,Async-FedDRL,4518,140,0.004287758129066788
High-straggler,Async-FedDRL,4518,141,0.006019537674728781
High-straggler,Async-FedDRL,4518,142,0.004459460839279927
High-straggler,Async-FedDRL,4518,143,0.005440883355913684
High-straggler,Async-FedDRL,4518,144,0.002836988018680131
High-straggler,Async-FedDRL,4518,145,0.005362185183912516
High-straggler,Async-FedDRL,4518,146,0.00319390036383993
High-straggler,Async-FedDRL,4518,147,0.005727079478674568
High-straggler,Async-FedDRL,4518,148,0.003958639971097
High-straggler,Async-FedDRL,4518,149,0.002834427932975814
High-straggler,Async-FedDRL,4518,150,0.003428739687660709
High-straggler,Async-FedDRL,4518,151,0.006438411743147299
High-straggler,Async-FedDRL,4518,152,0.00394733106950298
High-straggler,Async-FedDRL,4518,153,0.0038417646719608456
High-straggler,Async-FedDRL,4518,154,0.003796606481773779
High-straggler,Async-FedDRL,4518,155,0.008712488555465825
High-straggler,Async-FedDRL,4518,156,0.0032482065456861165
High-straggler,Async-FedDRL,4518,157,0.003595932840835303
High-straggler,Async-FedDRL,4518,158,0.005622312126433826
High-straggler,Async-FedDRL,4518,159,0.006286502967122942
High-straggler,Async-FedDRL,4518,160,0.0012607667042175308
High-straggler,Async-FedDRL,4518,161,0.004179833382659126
High-straggler,Async-FedDRL,4518,162,0.0023354488366749138
High-straggler,Async-FedDRL,4518,163,0.005056756659178064
High-straggler,Async-FedDRL,4518,164,0.006384790258016438
High-straggler,Async-FedDRL,4518,165,0.005194130758172833
High-straggler,Async-FedDRL,4518,166,0.006082726944805472
High-straggler,Async-FedDRL,4518,167,0.005264180968515575
High-straggler,Async-FedDRL,4518,168,0.000798238785500871
High-straggler,Async-FedDRL,4518,169,0.005578750037238933
High-straggler,Async-FedDRL,4518,170,0.002244616491952911
High-straggler,Async-FedDRL,4518,171,0.004257011144363787
High-straggler,Async-FedDRL,4518,172,0.0068204368959413845
High-straggler,Async-FedDRL,4518,173,0.00394285809215944
High-straggler,Async-FedDRL,4518,174,0.004687543271575123
High-straggler,Async-FedDRL,4518,175,0.005516703268222045
High-straggler,Async-FedDRL,4518,176,0.004356695371097885
High-straggler,Async-FedDRL,4518,177,0.007169835301465355
High-straggler,Async-FedDRL,4518,178,0.002887568216829095
High-straggler,Async-FedDRL,4518,179,0.0048597956345474815
High-straggler,Async-FedDRL,4518,180,0.0032007916597649455
High-straggler,Async-FedDRL,4518,181,0.0052055199312235345
High-straggler,Async-FedDRL,4518,182,0.00817336683103349
High-straggler,Async-FedDRL,4518,183,0.007589273354096804
High-straggler,Async-FedDRL,4518,184,0.004451847609016113
High-straggler,Async-FedDRL,4518,185,0.006225142531184247
High-straggler,Async-FedDRL,4518,186,0.0029472416208591312
High-straggler,Async-FedDRL,4518,187,0.005997379773180001
High-straggler,Async-FedDRL,4518,188,0.005711578921182081
High-straggler,Async-FedDRL,4518,189,0.002945735699904617
High-straggler,Async-FedDRL,4518,190,0.005787932906241622
High-straggler,Async-FedDRL,4518,191,0.0073946411779616025
High-straggler,Async-FedDRL,4518,192,0.0038051568262744695
High-straggler,Async-FedDRL,4518,193,0.003903589627952897
High-straggler,Async-FedDRL,4518,194,0.005629467457129067
High-straggler,Async-FedDRL,4518,195,0.004683518930687569
High-straggler,Async-FedDRL,4518,196,0.0033544780846568754
High-straggler,Async-FedDRL,4518,197,0.006108588899951428
High-straggler,Async-FedDRL,4518,198,-2.020139254454989e-05
High-straggler,Async-FedDRL,4518,199,0.002464923931984231
High-straggler,Async-FedDRL,4518,200,0.004222719982499257
High-straggler,Async-FedDRL,4518,201,0.0017825611346779624
High-straggler,Async-FedDRL,4518,202,0.003810799411348853
High-straggler,Async-FedDRL,4518,203,0.004342851028195582
High-straggler,Async-FedDRL,4518,204,0.00443008440779522
High-straggler,Async-FedDRL,4518,205,0.004047112859552726
High-straggler,Async-FedDRL,4518,206,0.006311696791090071
High-straggler,Async-FedDRL,4518,207,0.003567962278611958
High-straggler,Async-FedDRL,4518,208,0.00628107717493549
High-straggler,Async-FedDRL,4518,209,0.0049266742949839685
High-straggler,Async-FedDRL,4518,210,0.0036827902229561007
High-straggler,Async-FedDRL,4518,211,0.007084457619930618
High-straggler,Async-FedDRL,4518,212,0.006717995231156237
High-straggler,Async-FedDRL,4518,213,0.0043062554981588615
High-straggler,Async-FedDRL,4518,214,0.004156455773045309
High-straggler,Async-FedDRL,4518,215,0.008521914135781117
High-straggler,Async-FedDRL,4518,216,0.0036469477403443308
High-straggler,Async-FedDRL,4518,217,0.0067463606668752615
High-straggler,Async-FedDRL,4518,218,0.0016185998625587671
High-straggler,Async-FedDRL,4518,219,0.003686790277424734
High-straggler,Async-FedDRL,4518,220,0.006909869197988883
High-straggler,Async-FedDRL,4518,221,0.0061160989738709755
High-straggler,Async-FedDRL,4518,222,0.006211734974203864
High-straggler,Async-FedDRL,4518,223,0.003985886702866992
High-straggler,Async-FedDRL,4518,224,0.005557635601144284
High-straggler,Async-FedDRL,4518,225,0.005278776616614777
High-straggler,Async-FedDRL,4518,226,0.004768286301987246
High-straggler,Async-FedDRL,4518,227,0.005087772694241721
High-straggler,Async-FedDRL,4518,228,0.003984498989302665
High-straggler,Async-FedDRL,4518,229,0.0057463913326500915
High-straggler,Async-FedDRL,4518,230,0.0037010436055425087
High-straggler,Async-FedDRL,4518,231,0.004146914603188634
High-straggler,Async-FedDRL,4518,232,0.003329536144156009
High-straggler,Async-FedDRL,4518,233,0.003588775627576979
High-straggler,Async-FedDRL,4518,234,0.004782772292674054
High-straggler,Async-FedDRL,4518,235,0.008607270079664886
High-straggler,Async-FedDRL,4518,236,0.0034755906141072045
High-straggler,Async-FedDRL,4518,237,0.004638535110279918
High-straggler,Async-FedDRL,4518,238,0.0061254692234797405
High-straggler,Async-FedDRL,4518,239,0.005058932102110702
High-straggler,Async-FedDRL,4518,240,0.007196459930855781
High-straggler,Async-FedDRL,4518,241,0.004468217251996975
High-straggler,Async-FedDRL,4518,242,0.009626611419662368
High-straggler,Async-FedDRL,4518,243,0.004505685725598596
High-straggler,Async-FedDRL,4518,244,0.0043229491171587146
High-straggler,Async-FedDRL,4518,245,0.004702128013013862
High-straggler,Async-FedDRL,4518,246,0.006291676132241264
High-straggler,Async-FedDRL,4518,247,0.00660719407023862
High-straggler,Async-FedDRL,4518,248,0.004308568383567035
High-straggler,Async-FedDRL,4518,249,0.004845969159214291
High-straggler,Async-FedDRL,4518,250,0.004570602217427222
High-straggler,Async-FedDRL,4518,251,0.00562354101712117
High-straggler,Async-FedDRL,4518,252,0.00829218843136914
High-straggler,Async-FedDRL,4518,253,0.005553962689009495
High-straggler,Async-FedDRL,4518,254,0.007318272203337983
High-straggler,Async-FedDRL,4518,255,0.004495143003077828
High-straggler,Async-FedDRL,4518,256,0.003679219036712311
High-straggler,Async-FedDRL,4518,257,0.007007190739386715
High-straggler,Async-FedDRL,4518,258,0.005087000873754732
High-straggler,Async-FedDRL,4518,259,0.003787680354434997
High-straggler,Async-FedDRL,4518,260,0.006970521743642166
High-straggler,Async-FedDRL,4518,261,0.006761641102093563
High-straggler,Async-FedDRL,4518,262,0.004293571796733886
High-straggler,Async-FedDRL,4518,263,0.005184671844472177
High-straggler,Async-FedDRL,4518,264,0.003450174471072387
High-straggler,Async-FedDRL,4518,265,0.004821832523157354
High-straggler,Async-FedDRL,4518,266,0.0032276783138513567
High-straggler,Async-FedDRL,4518,267,0.003768771357135847
High-straggler,Async-FedDRL,4518,268,0.005764103052206338
High-straggler,Async-FedDRL,4518,269,0.0026901319855824114
High-straggler,Async-FedDRL,4518,270,0.002732021739939228
High-straggler,Async-FedDRL,4518,271,0.0050089698750525715
High-straggler,Async-FedDRL,4518,272,0.004464285832364112
High-straggler,Async-FedDRL,4518,273,0.0046058862586505715
High-straggler,Async-FedDRL,4518,274,0.005755978813976981
High-straggler,Async-FedDRL,4518,275,0.005410050621139817
High-straggler,Async-FedDRL,4518,276,0.005062924841331551
High-straggler,Async-FedDRL,4518,277,0.002707629214273766
High-straggler,Async-FedDRL,4518,278,0.005011611182999332
High-straggler,Async-FedDRL,4518,279,0.003943718010850717
High-straggler,Async-FedDRL,4518,280,0.0034567240501928607
High-straggler,Async-FedDRL,4518,281,0.007208498404361307
High-straggler,Async-FedDRL,4518,282,0.006872510828543454
High-straggler,Async-FedDRL,4518,283,0.004589186851444538
High-straggler,Async-FedDRL,4518,284,0.0036579821702616756
High-straggler,Async-FedDRL,4518,285,0.007292165455874055
High-straggler,Async-FedDRL,4518,286,0.0033473840940132504
High-straggler,Async-FedDRL,4518,287,0.006182979221921414
High-straggler,Async-FedDRL,4518,288,0.006394459482908133
High-straggler,Async-FedDRL,4518,289,0.0036089740016905123
High-straggler,Async-FedDRL,4518,290,0.00546530689125575
High-straggler,Async-FedDRL,4518,291,0.00550544383313536
High-straggler,Async-FedDRL,4518,292,0.005583450992344296
High-straggler,Async-FedDRL,4518,293,0.0060178540898050414
High-straggler,Async-FedDRL,4518,294,0.005097726613166742
High-straggler,Async-FedDRL,4518,295,0.008704446749470662
High-straggler,Async-FedDRL,4518,296,0.007191292644711212
High-straggler,Async-FedDRL,4518,297,0.0046378214090509575
High-straggler,Async-FedDRL,4518,298,0.006513329935842194
High-straggler,Async-FedDRL,4518,299,0.005015176243614405
High-straggler,Async-FedDRL,4518,300,0.003413034920959035
High-straggler,Async-FedDRL,4518,301,0.005861589805681433
High-straggler,Async-FedDRL,4518,302,0.004819274708279408
High-straggler,Async-FedDRL,4518,303,0.0030170341706252657
High-straggler,Async-FedDRL,4518,304,0.006334035814506933
High-straggler,Async-FedDRL,4518,305,0.007666044528014027
High-straggler,Async-FedDRL,4518,306,0.0033285795823758237
High-straggler,Async-FedDRL,4518,307,0.003937993916770211
High-straggler,Async-FedDRL,4518,308,0.002576055398094468
High-straggler,Async-FedDRL,4518,309,0.007553450831619557
High-straggler,Async-FedDRL,4518,310,0.006008673243923113
High-straggler,Async-FedDRL,4518,311,0.004221578467695508
High-straggler,Async-FedDRL,4518,312,0.006142436297523091
High-straggler,Async-FedDRL,4518,313,0.0035735450946958736
High-straggler,Async-FedDRL,4518,314,0.004689265927299857
High-straggler,Async-FedDRL,4518,315,0.00118307112434195
High-straggler,Async-FedDRL,4518,316,0.00591572106059175
High-straggler,Async-FedDRL,4518,317,0.005120917878230102
High-straggler,Async-FedDRL,4518,318,0.005922331463079899
High-straggler,Async-FedDRL,4518,319,0.004774789875955321
High-straggler,Async-FedDRL,4518,320,0.0035513367482053583
High-straggler,Async-FedDRL,4518,321,0.006601240881718695
High-straggler,Async-FedDRL,4518,322,0.002106028777780011
High-straggler,Async-FedDRL,4518,323,0.0019649890178698114
High-straggler,Async-FedDRL,4518,324,0.005739728443404602
High-straggler,Async-FedDRL,4518,325,0.003685099445283413
High-straggler,Async-FedDRL,4518,326,0.007230510923545807
High-straggler,Async-FedDRL,4518,327,0.005647698494067299
High-straggler,Async-FedDRL,4518,328,0.003781580018403474
High-straggler,Async-FedDRL,4518,329,0.004276151039812248
High-straggler,Async-FedDRL,4518,330,0.00645143346482655
High-straggler,Async-FedDRL,4518,331,0.005153199817505083
High-straggler,Async-FedDRL,4518,332,0.004805984307313338
High-straggler,Async-FedDRL,4518,333,0.006564359201001934
High-straggler,Async-FedDRL,4518,334,0.000512579049973283
High-straggler,Async-FedDRL,4518,335,0.004237660291255452
High-straggler,Async-FedDRL,4518,336,0.004720844269286317
High-straggler,Async-FedDRL,4518,337,0.0021919925826296093
High-straggler,Async-FedDRL,4518,338,0.005395307164872065
High-straggler,Async-FedDRL,4518,339,0.006142635090509429
High-straggler,Async-FedDRL,4518,340,0.005620232766523259
High-straggler,Async-FedDRL,4518,341,0.00449617650010623
High-straggler,Async-FedDRL,4518,342,0.003700248927634675
High-straggler,Async-FedDRL,4518,343,0.0048854342501726935
High-straggler,Async-FedDRL,4518,344,0.006044063150329748
High-straggler,Async-FedDRL,4518,345,0.004575185320572927
High-straggler,Async-FedDRL,4518,346,0.004233676136936993
High-straggler,Async-FedDRL,4518,347,0.004537488968344406
High-straggler,Async-FedDRL,4518,348,0.004724586798693054
High-straggler,Async-FedDRL,4518,349,0.0037644378455297554
High-straggler,Async-FedDRL,4518,350,0.002420268295099959
High-straggler,Async-FedDRL,4518,351,0.006198344854055904
High-straggler,Async-FedDRL,4518,352,0.004129450899199583
High-straggler,Async-FedDRL,4518,353,0.008391269799903966
High-straggler,Async-FedDRL,4518,354,0.00769067881628871
High-straggler,Async-FedDRL,4518,355,0.004939651140011847
High-straggler,Async-FedDRL,4518,356,0.004114063021370384
High-straggler,Async-FedDRL,4518,357,0.004925254215777386
High-straggler,Async-FedDRL,4518,358,0.006497234344715252
High-straggler,Async-FedDRL,4518,359,0.00446100938024756
High-straggler,Async-FedDRL,4518,360,0.0057499034999636935
High-straggler,Async-FedDRL,4518,361,0.0035632898448966443
High-straggler,Async-FedDRL,4518,362,0.005267402376921382
High-straggler,Async-FedDRL,4518,363,0.006027147969871294
High-straggler,Async-FedDRL,4518,364,0.005861993961843837
High-straggler,Async-FedDRL,4518,365,0.003948159588617273
High-straggler,Async-FedDRL,4518,366,0.005481411790242419
High-straggler,Async-FedDRL,4518,367,0.00532125900790561
High-straggler,Async-FedDRL,4518,368,0.004320229199947789
High-straggler,Async-FedDRL,4518,369,0.0043075395627965914
High-straggler,Async-FedDRL,4518,370,0.005628881682059728
High-straggler,Async-FedDRL,4518,371,0.004922089992032852
High-straggler,Async-FedDRL,4518,372,0.006788946014421526
High-straggler,Async-FedDRL,4518,373,0.0060445766866905615
High-straggler,Async-FedDRL,4518,374,0.006420940044336021
High-straggler,Async-FedDRL,4518,375,0.0027783462152001447
High-straggler,Async-FedDRL,4518,376,0.004908664990216494
High-straggler,Async-FedDRL,4518,377,0.006115616668830625
High-straggler,Async-FedDRL,4518,378,0.0049247739938437
High-straggler,Async-FedDRL,4518,379,0.00501257380219613
High-straggler,Async-FedDRL,4518,380,0.0032930599933024495
High-straggler,Async-FedDRL,4518,381,0.002396059373859316
High-straggler,Async-FedDRL,4518,382,0.0047084075471502725
High-straggler,Async-FedDRL,4518,383,0.004258484648380545
High-straggler,Async-FedDRL,4518,384,0.003448771115654381
High-straggler,Async-FedDRL,4518,385,0.005972723235026933
High-straggler,Async-FedDRL,4518,386,0.007343280373606831
High-straggler,Async-FedDRL,4518,387,0.007368742980179377
High-straggler,Async-FedDRL,4518,388,0.006287452257674886
High-straggler,Async-FedDRL,4518,389,0.005586698141996749
High-straggler,Async-FedDRL,4518,390,0.0059147053463675546
High-straggler,Async-FedDRL,4518,391,0.005067563982447609
High-straggler,Async-FedDRL,4518,392,0.004457601605099626
High-straggler,Async-FedDRL,4518,393,0.0041364034041180275
High-straggler,Async-FedDRL,4518,394,0.005398613848956302
High-straggler,Async-FedDRL,4518,395,0.0028924565558554605
High-straggler,Async-FedDRL,4518,396,0.006603698982507922
High-straggler,Async-FedDRL,4518,397,0.005929935767198913
High-straggler,Async-FedDRL,4518,398,0.0030319961231725758
High-straggler,Async-FedDRL,4518,399,0.0020302755932789297
High-straggler,Async-FedDRL,4518,400,0.002637134469114244
High-straggler,Async-FedDRL,5629,1,-0.00014360525583470007
High-straggler,Async-FedDRL,5629,2,0.0003659344600237091
High-straggler,Async-FedDRL,5629,3,0.0004381551574624609
High-straggler,Async-FedDRL,5629,4,0.00041770192715375745
High-straggler,Async-FedDRL,5629,5,0.0004415895244164858
High-straggler,Async-FedDRL,5629,6,0.0003080589983483151
High-straggler,Async-FedDRL,5629,7,0.0005259551886410918
High-straggler,Async-FedDRL,5629,8,-0.0005035112997575197
High-straggler,Async-FedDRL,5629,9,0.0004615494235622464
High-straggler,Async-FedDRL,5629,10,0.0005490634222951485
High-straggler,Async-FedDRL,5629,11,7.887404681241605e-05
High-straggler,Async-FedDRL,5629,12,0.00011097254955529933
High-straggler,Async-FedDRL,5629,13,5.504268719960237e-05
High-straggler,Async-FedDRL,5629,14,0.0004216148241539486
High-straggler,Async-FedDRL,5629,15,0.0005474607776704942
High-straggler,Async-FedDRL,5629,16,0.00033526016654832346
High-straggler,Async-FedDRL,5629,17,4.7640864795539525e-05
High-straggler,Async-FedDRL,5629,18,8.811796142254025e-05
High-straggler,Async-FedDRL,5629,19,0.00026009297362179496
High-straggler,Async-FedDRL,5629,20,0.000571729620151018
High-straggler,Async-FedDRL,5629,21,9.695694893707696e-06
High-straggler,Async-FedDRL,5629,22,0.0003283074875071179
High-straggler,Async-FedDRL,5629,23,9.280967606173363e-05
High-straggler,Async-FedDRL,5629,24,2.871322767532547e-05
High-straggler,Async-FedDRL,5629,25,0.0004966227914110277
High-straggler,Async-FedDRL,5629,26,0.0010954470912110993
High-straggler,Async-FedDRL,5629,27,0.00037712827852374173
High-straggler,Async-FedDRL,5629,28,0.00046266688477771825
High-straggler,Async-FedDRL,5629,29,0.0004488835525421564
High-straggler,Async-FedDRL,5629,30,0.0006615020807657857
High-straggler,Async-FedDRL,5629,31,0.000774721110065002
High-straggler,Async-FedDRL,5629,32,0.0004067289277372765
High-straggler,Async-FedDRL,5629,33,0.00037963413597026375
High-straggler,Async-FedDRL,5629,34,0.0004277368799648684
High-straggler,Async-FedDRL,5629,35,9.05288088688394e-05
High-straggler,Async-FedDRL,5629,36,0.000190381836364395
High-straggler,Async-FedDRL,5629,37,-0.0004866789444349706
High-straggler,Async-FedDRL,5629,38,0.0018144394052796997
High-straggler,Async-FedDRL,5629,39,0.0006489126542874146
High-straggler,Async-FedDRL,5629,40,0.0015124753954296466
High-straggler,Async-FedDRL,5629,41,0.0005948593738139607
High-straggler,Async-FedDRL,5629,42,0.0011253124833046969
High-straggler,Async-FedDRL,5629,43,0.0005402430138929049
High-straggler,Async-FedDRL,5629,44,0.00028405861330611516
High-straggler,Async-FedDRL,5629,45,5.493235657922923e-05
High-straggler,Async-FedDRL,5629,46,0.001909008020811598
High-straggler,Async-FedDRL,5629,47,-0.0001348861784208566
High-straggler,Async-FedDRL,5629,48,-0.0008345542924871552
High-straggler,Async-FedDRL,5629,49,-0.00020145871203567368
High-straggler,Async-FedDRL,5629,50,4.773979289893759e-05
High-straggler,Async-FedDRL,5629,51,-0.00021413913982541998
High-straggler,Async-FedDRL,5629,52,0.0008253416821389692
High-straggler,Async-FedDRL,5629,53,0.00044469985004980117
High-straggler,Async-FedDRL,5629,54,0.0011127090692752972
High-straggler,Async-FedDRL,5629,55,0.00046197523988666944
High-straggler,Async-FedDRL,5629,56,-0.0001077963868738152
High-straggler,Async-FedDRL,5629,57,-8.2543290909598e-05
High-straggler,Async-FedDRL,5629,58,0.0009209622945490992
High-straggler,Async-FedDRL,5629,59,0.0006885348513606005
High-straggler,Async-FedDRL,5629,60,0.0008729440080060158
High-straggler,Async-FedDRL,5629,61,0.001533451107388828
High-straggler,Async-FedDRL,5629,62,0.0008993392970296554
High-straggler,Async-FedDRL,5629,63,-3.417006491872599e-05
High-straggler,Async-FedDRL,5629,64,0.0013678437560884049
High-straggler,Async-FedDRL,5629,65,0.0003769198247027816
High-straggler,Async-FedDRL,5629,66,0.0016101938992505894
High-straggler,Async-FedDRL,5629,67,0.0006429273140383885
High-straggler,Async-FedDRL,5629,68,0.0009031154209878878
High-straggler,Async-FedDRL,5629,69,0.0005696273496141657
High-straggler,Async-FedDRL,5629,70,-0.00040813418454490604
High-straggler,Async-FedDRL,5629,71,0.0008357073507795576
High-straggler,Async-FedDRL,5629,72,0.0012215347334858962
High-straggler,Async-FedDRL,5629,73,0.0019747043908864724
High-straggler,Async-FedDRL,5629,74,-0.00017376364266965538
High-straggler,Async-FedDRL,5629,75,0.0009931427412084304
High-straggler,Async-FedDRL,5629,76,0.0009613677060769987
High-straggler,Async-FedDRL,5629,77,0.0009183272355585359
High-straggler,Async-FedDRL,5629,78,0.0003068430793064181
High-straggler,Async-FedDRL,5629,79,0.001261740140762413
High-straggler,Async-FedDRL,5629,80,0.002446014377164829
High-straggler,Async-FedDRL,5629,81,0.0014929971468518489
High-straggler,Async-FedDRL,5629,82,0.001814225195266772
High-straggler,Async-FedDRL,5629,83,0.0008472721234284109
High-straggler,Async-FedDRL,5629,84,0.00044401863879102167
High-straggler,Async-FedDRL,5629,85,0.0018507119821151718
High-straggler,Async-FedDRL,5629,86,0.001576262973685516
High-straggler,Async-FedDRL,5629,87,0.0014784211292862893
High-straggler,Async-FedDRL,5629,88,0.001746084517799318
High-straggler,Async-FedDRL,5629,89,0.002099591382648214
High-straggler,Async-FedDRL,5629,90,0.0012698489105787303
High-straggler,Async-FedDRL,5629,91,0.0018941515329061076
High-straggler,Async-FedDRL,5629,92,0.002143337330198847
High-straggler,Async-FedDRL,5629,93,0.002403244662855286
High-straggler,Async-FedDRL,5629,94,0.003823637689492898
High-straggler,Async-FedDRL,5629,95,0.0026284277759259568
High-straggler,Async-FedDRL,5629,96,0.0010334050952224062
High-straggler,Async-FedDRL,5629,97,0.0003801387746534601
High-straggler,Async-FedDRL,5629,98,0.001869132396132045
High-straggler,Async-FedDRL,5629,99,0.003042949442169629
High-straggler,Async-FedDRL,5629,100,0.002652953239157796
High-straggler,Async-FedDRL,5629,101,0.002102023601764813
High-straggler,Async-FedDRL,5629,102,0.0019175711466232314
High-straggler,Async-FedDRL,5629,103,0.0018939541580039077
High-straggler,Async-FedDRL,5629,104,0.0008569220244680764
High-straggler,Async-FedDRL,5629,105,0.0016070755133114289
High-straggler,Async-FedDRL,5629,106,0.003106756543274969
High-straggler,Async-FedDRL,5629,107,0.0027547759700610186
High-straggler,Async-FedDRL,5629,108,0.0025873367092572154
High-straggler,Async-FedDRL,5629,109,0.003511091973632574
High-straggler,Async-FedDRL,5629,110,0.00287277998359059
High-straggler,Async-FedDRL,5629,111,0.0029193177324486896
High-straggler,Async-FedDRL,5629,112,0.0022175007150508465
High-straggler,Async-FedDRL,5629,113,0.003810611108201556
High-straggler,Async-FedDRL,5629,114,0.0028758292872225867
High-straggler,Async-FedDRL,5629,115,0.0026306809861125656
High-straggler,Async-FedDRL,5629,116,0.004040971209178679
High-straggler,Async-FedDRL,5629,117,0.0013616343865578528
High-straggler,Async-FedDRL,5629,118,0.0054495601769303905
High-straggler,Async-FedDRL,5629,119,0.0038672246188070857
High-straggler,Async-FedDRL,5629,120,0.004870708685484715
High-straggler,Async-FedDRL,5629,121,0.0025250496575608848
High-straggler,Async-FedDRL,5629,122,0.00188761224890186
High-straggler,Async-FedDRL,5629,123,0.0028148007462732495
High-straggler,Async-FedDRL,5629,124,0.003210369307635119
High-straggler,Async-FedDRL,5629,125,0.001084730846923776
High-straggler,Async-FedDRL,5629,126,0.0014169373978802468
High-straggler,Async-FedDRL,5629,127,0.0035423919918684986
High-straggler,Async-FedDRL,5629,128,0.001047791470955417
High-straggler,Async-FedDRL,5629,129,0.0008371890115085989
High-straggler,Async-FedDRL,5629,130,0.0005655625111103291
High-straggler,Async-FedDRL,5629,131,0.001831773754202004
High-straggler,Async-FedDRL,5629,132,0.004459199554730731
High-straggler,Async-FedDRL,5629,133,0.0031494954066147328
High-straggler,Async-FedDRL,5629,134,0.00464084064878989
High-straggler,Async-FedDRL,5629,135,0.0012989087015739642
High-straggler,Async-FedDRL,5629,136,0.0012207098719954957
High-straggler,Async-FedDRL,5629,137,0.004030666999460664
High-straggler,Async-FedDRL,5629,138,0.003687656692636665
High-straggler,Async-FedDRL,5629,139,0.003460619548422983
High-straggler,Async-FedDRL,5629,140,0.0036861677530396265
High-straggler,Async-FedDRL,5629,141,0.004765142565156566
High-straggler,Async-FedDRL,5629,142,0.003987242319999496
High-straggler,Async-FedDRL,5629,143,0.002840721146640135
High-straggler,Async-FedDRL,5629,144,0.0009378006376209669
High-straggler,Async-FedDRL,5629,145,0.0027439200290245934
High-straggler,Async-FedDRL,5629,146,0.0026899626969679956
High-straggler,Async-FedDRL,5629,147,0.003429549645079533
High-straggler,Async-FedDRL,5629,148,0.0028000950725981964
High-straggler,Async-FedDRL,5629,149,0.002956820250255987
High-straggler,Async-FedDRL,5629,150,0.00484027457277989
High-straggler,Async-FedDRL,5629,151,0.005093396613665391
High-straggler,Async-FedDRL,5629,152,0.005534691966022365
High-straggler,Async-FedDRL,5629,153,0.004986425783863524
High-straggler,Async-FedDRL,5629,154,0.004302324323361972
High-straggler,Async-FedDRL,5629,155,0.0026417052125907504
High-straggler,Async-FedDRL,5629,156,0.003542157355695963
High-straggler,Async-FedDRL,5629,157,0.00439356764591139
High-straggler,Async-FedDRL,5629,158,0.004276783180830535
High-straggler,Async-FedDRL,5629,159,0.005238886747974902
High-straggler,Async-FedDRL,5629,160,0.0041668073608889244
High-straggler,Async-FedDRL,5629,161,0.004567445573047735
High-straggler,Async-FedDRL,5629,162,0.005859687176416628
High-straggler,Async-FedDRL,5629,163,0.0048982614680426195
High-straggler,Async-FedDRL,5629,164,0.0037197543377260446
High-straggler,Async-FedDRL,5629,165,0.003777822520714835
High-straggler,Async-FedDRL,5629,166,0.0042511753475992006
High-straggler,Async-FedDRL,5629,167,0.0033470297101303005
High-straggler,Async-FedDRL,5629,168,0.004831533631659113
High-straggler,Async-FedDRL,5629,169,0.002316397073445842
High-straggler,Async-FedDRL,5629,170,0.004386685552162817
High-straggler,Async-FedDRL,5629,171,0.002719969220197527
High-straggler,Async-FedDRL,5629,172,0.005783589798375033
High-straggler,Async-FedDRL,5629,173,0.0043604083533864465
High-straggler,Async-FedDRL,5629,174,0.003493596668704413
High-straggler,Async-FedDRL,5629,175,0.002729547911440022
High-straggler,Async-FedDRL,5629,176,0.005213257152354345
High-straggler,Async-FedDRL,5629,177,0.004255772932083346
High-straggler,Async-FedDRL,5629,178,0.007071151394484332
High-straggler,Async-FedDRL,5629,179,0.006102078172261827
High-straggler,Async-FedDRL,5629,180,0.004211787604435813
High-straggler,Async-FedDRL,5629,181,0.006539830667315982
High-straggler,Async-FedDRL,5629,182,0.004602834081470064
High-straggler,Async-FedDRL,5629,183,0.004079757514409721
High-straggler,Async-FedDRL,5629,184,0.007853120402432977
High-straggler,Async-FedDRL,5629,185,0.0055825835583164
High-straggler,Async-FedDRL,5629,186,0.004730683661182411
High-straggler,Async-FedDRL,5629,187,0.004230429633753374
High-straggler,Async-FedDRL,5629,188,0.002228278249822324
High-straggler,Async-FedDRL,5629,189,0.0046264995668025225
High-straggler,Async-FedDRL,5629,190,0.005514985963236541
High-straggler,Async-FedDRL,5629,191,0.00466302392014768
High-straggler,Async-FedDRL,5629,192,0.007517762489442248
High-straggler,Async-FedDRL,5629,193,0.0037912789308393257
High-straggler,Async-FedDRL,5629,194,0.005614332688855939
High-straggler,Async-FedDRL,5629,195,0.004163739646901377
High-straggler,Async-FedDRL,5629,196,0.0025762063234651576
High-straggler,Async-FedDRL,5629,197,0.0018740709976555082
High-straggler,Async-FedDRL,5629,198,0.0034329396665270908
High-straggler,Async-FedDRL,5629,199,0.0006611847085878253
High-straggler,Async-FedDRL,5629,200,0.005984032160631614
High-straggler,Async-FedDRL,5629,201,0.0050067798627424056
High-straggler,Async-FedDRL,5629,202,0.004981642478378489
High-straggler,Async-FedDRL,5629,203,0.0035663395916344597
High-straggler,Async-FedDRL,5629,204,0.004380260760081
High-straggler,Async-FedDRL,5629,205,0.005263396812006249
High-straggler,Async-FedDRL,5629,206,0.003566509616211988
High-straggler,Async-FedDRL,5629,207,0.006037544953869656
High-straggler,Async-FedDRL,5629,208,0.0053196510445559396
High-straggler,Async-FedDRL,5629,209,0.005767393064161297
High-straggler,Async-FedDRL,5629,210,0.005519362827180884
High-straggler,Async-FedDRL,5629,211,0.002737728782813065
High-straggler,Async-FedDRL,5629,212,0.0063562769453710645
High-straggler,Async-FedDRL,5629,213,0.0049263035354670135
High-straggler,Async-FedDRL,5629,214,0.005254965549102053
High-straggler,Async-FedDRL,5629,215,0.004563058709845791
High-straggler,Async-FedDRL,5629,216,0.007379769696854055
High-straggler,Async-FedDRL,5629,217,0.0050512707908637825
High-straggler,Async-FedDRL,5629,218,0.0018089008805873164
High-straggler,Async-FedDRL,5629,219,0.0035222686536144467
High-straggler,Async-FedDRL,5629,220,0.005999167628760915
High-straggler,Async-FedDRL,5629,221,0.003030180514906533
High-straggler,Async-FedDRL,5629,222,0.0037507331540155065
High-straggler,Async-FedDRL,5629,223,0.006368406908586621
High-straggler,Async-FedDRL,5629,224,0.004070673394016922
High-straggler,Async-FedDRL,5629,225,0.006400294479681179
High-straggler,Async-FedDRL,5629,226,0.006943749003289668
High-straggler,Async-FedDRL,5629,227,0.004532086430845084
High-straggler,Async-FedDRL,5629,228,0.005344376340508461
High-straggler,Async-FedDRL,5629,229,0.007115895950119011
High-straggler,Async-FedDRL,5629,230,0.001738312456291169
High-straggler,Async-FedDRL,5629,231,0.0049507384828757495
High-straggler,Async-FedDRL,5629,232,0.004989585588918999
High-straggler,Async-FedDRL,5629,233,0.005017829028656706
High-straggler,Async-FedDRL,5629,234,0.001469862161320634
High-straggler,Async-FedDRL,5629,235,0.004195156497735298
High-straggler,Async-FedDRL,5629,236,0.005656089843250811
High-straggler,Async-FedDRL,5629,237,0.0027407975110691042
High-straggler,Async-FedDRL,5629,238,0.0034604911837959663
High-straggler,Async-FedDRL,5629,239,0.007672453451232286
High-straggler,Async-FedDRL,5629,240,0.003972881447407417
High-straggler,Async-FedDRL,5629,241,0.003717638690432068
High-straggler,Async-FedDRL,5629,242,0.001979535928694531
High-straggler,Async-FedDRL,5629,243,0.006425410820520483
High-straggler,Async-FedDRL,5629,244,0.0011931506323890062
High-straggler,Async-FedDRL,5629,245,0.003676154313143343
High-straggler,Async-FedDRL,5629,246,0.0025324191890831573
High-straggler,Async-FedDRL,5629,247,0.0021570072407484987
High-straggler,Async-FedDRL,5629,248,0.004493435051335837
High-straggler,Async-FedDRL,5629,249,0.007393556623719632
High-straggler,Async-FedDRL,5629,250,0.006197537769912742
High-straggler,Async-FedDRL,5629,251,0.0049108781761788125
High-straggler,Async-FedDRL,5629,252,0.004761741511174478
High-straggler,Async-FedDRL,5629,253,0.004238772505777888
High-straggler,Async-FedDRL,5629,254,0.005495355493621901
High-straggler,Async-FedDRL,5629,255,0.005000727880542399
High-straggler,Async-FedDRL,5629,256,0.005451111207366921
High-straggler,Async-FedDRL,5629,257,0.004494825060828589
High-straggler,Async-FedDRL,5629,258,0.0066534674057038504
High-straggler,Async-FedDRL,5629,259,0.0035234939539805056
High-straggler,Async-FedDRL,5629,260,0.00024446709139738234
High-straggler,Async-FedDRL,5629,261,0.004193889649468474
High-straggler,Async-FedDRL,5629,262,0.007146440667565912
High-straggler,Async-FedDRL,5629,263,0.002101991461677244
High-straggler,Async-FedDRL,5629,264,0.003471622307552025
High-straggler,Async-FedDRL,5629,265,0.002849313442129642
High-straggler,Async-FedDRL,5629,266,0.0039693545768386684
High-straggler,Async-FedDRL,5629,267,0.00430770912571461
High-straggler,Async-FedDRL,5629,268,0.003281747173423355
High-straggler,Async-FedDRL,5629,269,0.005800246226863237
High-straggler,Async-FedDRL,5629,270,0.0028559019439853726
High-straggler,Async-FedDRL,5629,271,0.007438138213183265
High-straggler,Async-FedDRL,5629,272,0.004515060721314512
High-straggler,Async-FedDRL,5629,273,0.004464570231721155
High-straggler,Async-FedDRL,5629,274,0.0064591732108965514
High-straggler,Async-FedDRL,5629,275,0.006029864936863305
High-straggler,Async-FedDRL,5629,276,0.006662681078159949
High-straggler,Async-FedDRL,5629,277,0.002001238614320755
High-straggler,Async-FedDRL,5629,278,0.002992986957906396
High-straggler,Async-FedDRL,5629,279,0.005941954793524928
High-straggler,Async-FedDRL,5629,280,0.005241708550602198
High-straggler,Async-FedDRL,5629,281,0.007697133152760216
High-straggler,Async-FedDRL,5629,282,0.004162341682240367
High-straggler,Async-FedDRL,5629,283,0.007200908614322543
High-straggler,Async-FedDRL,5629,284,0.0038078059820691123
High-straggler,Async-FedDRL,5629,285,0.003763034980511293
High-straggler,Async-FedDRL,5629,286,0.003949939111771527
High-straggler,Async-FedDRL,5629,287,0.004881522853975184
High-straggler,Async-FedDRL,5629,288,0.004635097962454893
High-straggler,Async-FedDRL,5629,289,0.00428763324598549
High-straggler,Async-FedDRL,5629,290,0.0032532595621887596
High-straggler,Async-FedDRL,5629,291,0.0019530478943124764
High-straggler,Async-FedDRL,5629,292,0.0036185514865792355
High-straggler,Async-FedDRL,5629,293,0.005016898518442758
High-straggler,Async-FedDRL,5629,294,0.005330741946818307
High-straggler,Async-FedDRL,5629,295,0.00534066986583639
High-straggler,Async-FedDRL,5629,296,0.005152893272315851
High-straggler,Async-FedDRL,5629,297,0.00552011324907653
High-straggler,Async-FedDRL,5629,298,0.004861985932802781
High-straggler,Async-FedDRL,5629,299,0.004693920296631404
High-straggler,Async-FedDRL,5629,300,0.0037286546430550516
High-straggler,Async-FedDRL,5629,301,0.0062444611336104575
High-straggler,Async-FedDRL,5629,302,0.004593202867181389
High-straggler,Async-FedDRL,5629,303,0.00736327863050974
High-straggler,Async-FedDRL,5629,304,0.0058155124119821265
High-straggler,Async-FedDRL,5629,305,0.0032295334793161603
High-straggler,Async-FedDRL,5629,306,0.004885116935929546
High-straggler,Async-FedDRL,5629,307,0.0074510719097816034
High-straggler,Async-FedDRL,5629,308,0.005635325540788471
High-straggler,Async-FedDRL,5629,309,0.0054009046689316165
High-straggler,Async-FedDRL,5629,310,0.004607592083630152
High-straggler,Async-FedDRL,5629,311,0.00497668138705194
High-straggler,Async-FedDRL,5629,312,0.003881560779700521
High-straggler,Async-FedDRL,5629,313,0.005504663893952965
High-straggler,Async-FedDRL,5629,314,0.006415779711824143
High-straggler,Async-FedDRL,5629,315,0.005154404007771518
High-straggler,Async-FedDRL,5629,316,0.003519396751653403
High-straggler,Async-FedDRL,5629,317,0.004623353094211779
High-straggler,Async-FedDRL,5629,318,0.0057967720429587645
High-straggler,Async-FedDRL,5629,319,0.0023668543086387216
High-straggler,Async-FedDRL,5629,320,0.005444867182086454
High-straggler,Async-FedDRL,5629,321,0.007551073904323857
High-straggler,Async-FedDRL,5629,322,0.0052006487014296
High-straggler,Async-FedDRL,5629,323,0.004532983258832246
High-straggler,Async-FedDRL,5629,324,0.00721942417731043
High-straggler,Async-FedDRL,5629,325,0.00450162378983805
High-straggler,Async-FedDRL,5629,326,0.005980017645924818
High-straggler,Async-FedDRL,5629,327,0.003554256082861684
High-straggler,Async-FedDRL,5629,328,0.005357799349440029
High-straggler,Async-FedDRL,5629,329,0.0033184818574227394
High-straggler,Async-FedDRL,5629,330,0.004140166169963777
High-straggler,Async-FedDRL,5629,331,0.0056051226158160715
High-straggler,Async-FedDRL,5629,332,0.004476304633135442
High-straggler,Async-FedDRL,5629,333,0.004732111992780119
High-straggler,Async-FedDRL,5629,334,0.004820009651302826
High-straggler,Async-FedDRL,5629,335,0.003767136557144113
High-straggler,Async-FedDRL,5629,336,0.0027599461487625375
High-straggler,Async-FedDRL,5629,337,0.005618424661224708
High-straggler,Async-FedDRL,5629,338,0.004297521500848234
High-straggler,Async-FedDRL,5629,339,0.0046007933633518405
High-straggler,Async-FedDRL,5629,340,0.0035845492078806275
High-straggler,Async-FedDRL,5629,341,0.0027398931473726408
High-straggler,Async-FedDRL,5629,342,0.0016789971254183912
High-straggler,Async-FedDRL,5629,343,0.004778607409389224
High-straggler,Async-FedDRL,5629,344,0.005416057811635256
High-straggler,Async-FedDRL,5629,345,0.00525448985863477
High-straggler,Async-FedDRL,5629,346,0.0029339372515096327
High-straggler,Async-FedDRL,5629,347,0.004958318978606257
High-straggler,Async-FedDRL,5629,348,0.007098787283757702
High-straggler,Async-FedDRL,5629,349,0.005227726345765404
High-straggler,Async-FedDRL,5629,350,0.004746835288824513
High-straggler,Async-FedDRL,5629,351,0.004829598285141401
High-straggler,Async-FedDRL,5629,352,0.0033889080805238336
High-straggler,Async-FedDRL,5629,353,0.007750498171662912
High-straggler,Async-FedDRL,5629,354,0.005288428066705819
High-straggler,Async-FedDRL,5629,355,0.007435086666373536
High-straggler,Async-FedDRL,5629,356,0.0047387125291606935
High-straggler,Async-FedDRL,5629,357,0.005204421492817346
High-straggler,Async-FedDRL,5629,358,0.004732580448035151
High-straggler,Async-FedDRL,5629,359,0.006164685769908829
High-straggler,Async-FedDRL,5629,360,0.002188980850041844
High-straggler,Async-FedDRL,5629,361,0.001854902904597111
High-straggler,Async-FedDRL,5629,362,0.007141807219159091
High-straggler,Async-FedDRL,5629,363,0.003948239714372903
High-straggler,Async-FedDRL,5629,364,0.003286646434571594
High-straggler,Async-FedDRL,5629,365,0.006611462326691253
High-straggler,Async-FedDRL,5629,366,0.0037874613335588947
High-straggler,Async-FedDRL,5629,367,0.0018481881750631146
High-straggler,Async-FedDRL,5629,368,0.007727434970365721
High-straggler,Async-FedDRL,5629,369,0.0053620931750629095
High-straggler,Async-FedDRL,5629,370,0.004391317044064635
High-straggler,Async-FedDRL,5629,371,0.004933547929249471
High-straggler,Async-FedDRL,5629,372,0.005707660656480584
High-straggler,Async-FedDRL,5629,373,0.008063596489409974
High-straggler,Async-FedDRL,5629,374,0.006191666724043898
High-straggler,Async-FedDRL,5629,375,0.0056050806713756176
High-straggler,Async-FedDRL,5629,376,0.00471632221233449
High-straggler,Async-FedDRL,5629,377,0.0038439638425188604
High-straggler,Async-FedDRL,5629,378,0.007014118290317129
High-straggler,Async-FedDRL,5629,379,0.00496131987310946
High-straggler,Async-FedDRL,5629,380,0.003998866751499008
High-straggler,Async-FedDRL,5629,381,0.0061702326755039396
High-straggler,Async-FedDRL,5629,382,0.0022059514249122003
High-straggler,Async-FedDRL,5629,383,0.005925725499400869
High-straggler,Async-FedDRL,5629,384,0.006997026651515625
High-straggler,Async-FedDRL,5629,385,0.007493270393752027
High-straggler,Async-FedDRL,5629,386,0.006725689477025299
High-straggler,Async-FedDRL,5629,387,0.002812775125494227
High-straggler,Async-FedDRL,5629,388,0.005099327815696597
High-straggler,Async-FedDRL,5629,389,0.0019411462613788898
High-straggler,Async-FedDRL,5629,390,0.004193792301521171
High-straggler,Async-FedDRL,5629,391,0.004796393313154112
High-straggler,Async-FedDRL,5629,392,0.0051667297528183555
High-straggler,Async-FedDRL,5629,393,0.0028956976279005176
High-straggler,Async-FedDRL,5629,394,0.00496480859874282
High-straggler,Async-FedDRL,5629,395,0.006864027536357753
High-straggler,Async-FedDRL,5629,396,0.004851983599110099
High-straggler,Async-FedDRL,5629,397,0.006069624671363271
High-straggler,Async-FedDRL,5629,398,0.006482439482351765
High-straggler,Async-FedDRL,5629,399,0.004739642536151223
High-straggler,Async-FedDRL,5629,400,0.004044314886050416
High-straggler,Async-FedDRL,6740,1,4.5030322871753016e-05
High-straggler,Async-FedDRL,6740,2,0.00021683408631361089
High-straggler,Async-FedDRL,6740,3,-9.118663001572713e-07
High-straggler,Async-FedDRL,6740,4,-0.00010068070914712735
High-straggler,Async-FedDRL,6740,5,6.561575646628626e-05
High-straggler,Async-FedDRL,6740,6,-0.00010284077338837961
High-straggler,Async-FedDRL,6740,7,0.0008150671859766589
High-straggler,Async-FedDRL,6740,8,0.0003191870800037577
High-straggler,Async-FedDRL,6740,9,5.151182776899077e-05
High-straggler,Async-FedDRL,6740,10,0.000304848275141012
High-straggler,Async-FedDRL,6740,11,0.00012360195187284263
High-straggler,Async-FedDRL,6740,12,0.000299004401313141
High-straggler,Async-FedDRL,6740,13,0.00029535587746067906
High-straggler,Async-FedDRL,6740,14,4.5510393829317766e-05
High-straggler,Async-FedDRL,6740,15,2.5203559198416768e-05
High-straggler,Async-FedDRL,6740,16,-0.00036397621734067797
High-straggler,Async-FedDRL,6740,17,0.00021272548838169314
High-straggler,Async-FedDRL,6740,18,0.0006193109482410363
High-straggler,Async-FedDRL,6740,19,0.000255502372601768
High-straggler,Async-FedDRL,6740,20,0.0002565646274888422
High-straggler,Async-FedDRL,6740,21,0.00040916921625466784
High-straggler,Async-FedDRL,6740,22,0.00039050297564244827
High-straggler,Async-FedDRL,6740,23,0.00014651669771410526
High-straggler,Async-FedDRL,6740,24,0.00011030100722564384
High-straggler,Async-FedDRL,6740,25,-4.440439079189673e-06
High-straggler,Async-FedDRL,6740,26,0.00012515813286881894
High-straggler,Async-FedDRL,6740,27,0.0006443193929044355
High-straggler,Async-FedDRL,6740,28,-0.0004809291454876075
High-straggler,Async-FedDRL,6740,29,0.0008052652883634437
High-straggler,Async-FedDRL,6740,30,0.00030295279357233084
High-straggler,Async-FedDRL,6740,31,0.001009613057522074
High-straggler,Async-FedDRL,6740,32,0.0006358386948704719
High-straggler,Async-FedDRL,6740,33,0.0007433446095092222
High-straggler,Async-FedDRL,6740,34,-4.364051746961195e-05
High-straggler,Async-FedDRL,6740,35,0.0003023261749149242
High-straggler,Async-FedDRL,6740,36,0.000368022128532175
High-straggler,Async-FedDRL,6740,37,0.0003991748537373496
High-straggler,Async-FedDRL,6740,38,0.0014380157575942577
High-straggler,Async-FedDRL,6740,39,0.0011949255565923522
High-straggler,Async-FedDRL,6740,40,0.001729817387968069
High-straggler,Async-FedDRL,6740,41,-0.00014433325559366496
High-straggler,Async-FedDRL,6740,42,0.0008703833402250894
High-straggler,Async-FedDRL,6740,43,0.0010231204301817342
High-straggler,Async-FedDRL,6740,44,0.0009776363976925495
High-straggler,Async-FedDRL,6740,45,0.0014511926347040571
High-straggler,Async-FedDRL,6740,46,0.00039080140959413256
High-straggler,Async-FedDRL,6740,47,0.001858887830871936
High-straggler,Async-FedDRL,6740,48,0.0011965724916080944
High-straggler,Async-FedDRL,6740,49,0.0016898592286452186
High-straggler,Async-FedDRL,6740,50,0.0008317341555084568
High-straggler,Async-FedDRL,6740,51,0.0010589108074782415
High-straggler,Async-FedDRL,6740,52,0.0018494833973818458
High-straggler,Async-FedDRL,6740,53,9.97736164208618e-05
High-straggler,Async-FedDRL,6740,54,0.0007474247646314325
High-straggler,Async-FedDRL,6740,55,0.0013577386431279591
High-straggler,Async-FedDRL,6740,56,0.0012123083834012505
High-straggler,Async-FedDRL,6740,57,0.0022830580528534483
High-straggler,Async-FedDRL,6740,58,0.0017169459111755713
High-straggler,Async-FedDRL,6740,59,0.0006345593690639361
High-straggler,Async-FedDRL,6740,60,0.00035342674418643584
High-straggler,Async-FedDRL,6740,61,-0.0002948212510091253
High-straggler,Async-FedDRL,6740,62,0.0015501404071983417
High-straggler,Async-FedDRL,6740,63,0.00034435001070960426
High-straggler,Async-FedDRL,6740,64,0.0015537634702923243
High-straggler,Async-FedDRL,6740,65,0.001236425119350315
High-straggler,Async-FedDRL,6740,66,0.0017902028277603677
High-straggler,Async-FedDRL,6740,67,0.0004772104722178483
High-straggler,Async-FedDRL,6740,68,0.0014166982888127676
High-straggler,Async-FedDRL,6740,69,0.0015692620543632074
High-straggler,Async-FedDRL,6740,70,0.0017264936090214179
High-straggler,Async-FedDRL,6740,71,0.0015433961219969206
High-straggler,Async-FedDRL,6740,72,0.0004200100986054167
High-straggler,Async-FedDRL,6740,73,0.0025585095205315155
High-straggler,Async-FedDRL,6740,74,0.0028492860932601617
High-straggler,Async-FedDRL,6740,75,0.0012743704399326816
High-straggler,Async-FedDRL,6740,76,0.0014345853564009304
High-straggler,Async-FedDRL,6740,77,0.0025764233694644647
High-straggler,Async-FedDRL,6740,78,0.0028411433195060453
High-straggler,Async-FedDRL,6740,79,-0.0006345137902826536
High-straggler,Async-FedDRL,6740,80,0.0018719555162533652
High-straggler,Async-FedDRL,6740,81,0.0016419860146925202
High-straggler,Async-FedDRL,6740,82,0.002384560912469169
High-straggler,Async-FedDRL,6740,83,0.0042273117971490136
High-straggler,Async-FedDRL,6740,84,0.0011539530383743112
High-straggler,Async-FedDRL,6740,85,0.0019536805484676734
High-straggler,Async-FedDRL,6740,86,0.00044680738719762305
High-straggler,Async-FedDRL,6740,87,0.001941576011449797
High-straggler,Async-FedDRL,6740,88,0.00214280501822941
High-straggler,Async-FedDRL,6740,89,-0.00019647033914225177
High-straggler,Async-FedDRL,6740,90,0.004152171298483154
High-straggler,Async-FedDRL,6740,91,0.0022230423421206067
High-straggler,Async-FedDRL,6740,92,0.0032937069423496722
High-straggler,Async-FedDRL,6740,93,0.002079146361211315
High-straggler,Async-FedDRL,6740,94,0.003705987025750801
High-straggler,Async-FedDRL,6740,95,0.0034210010431706904
High-straggler,Async-FedDRL,6740,96,0.0019083569601207272
High-straggler,Async-FedDRL,6740,97,0.003473472188488813
High-straggler,Async-FedDRL,6740,98,0.00535737413156312
High-straggler,Async-FedDRL,6740,99,0.0024006971892958973
High-straggler,Async-FedDRL,6740,100,0.003565468661872728
High-straggler,Async-FedDRL,6740,101,0.002710745233343914
High-straggler,Async-FedDRL,6740,102,0.0038743853889172896
High-straggler,Async-FedDRL,6740,103,0.001928307189791667
High-straggler,Async-FedDRL,6740,104,0.0012291486600588541
High-straggler,Async-FedDRL,6740,105,0.0046301030866743535
High-straggler,Async-FedDRL,6740,106,0.0013240771440905519
High-straggler,Async-FedDRL,6740,107,0.0029707195732044055
High-straggler,Async-FedDRL,6740,108,0.0028371626540319994
High-straggler,Async-FedDRL,6740,109,0.0007904022886577877
High-straggler,Async-FedDRL,6740,110,0.004260851489380002
High-straggler,Async-FedDRL,6740,111,0.005261779711509007
High-straggler,Async-FedDRL,6740,112,0.005291890096850693
High-straggler,Async-FedDRL,6740,113,0.0036855251430097267
High-straggler,Async-FedDRL,6740,114,0.004104443397955038
High-straggler,Async-FedDRL,6740,115,0.0023835028696339577
High-straggler,Async-FedDRL,6740,116,0.0018770048758597114
High-straggler,Async-FedDRL,6740,117,0.003439642593730241
High-straggler,Async-FedDRL,6740,118,0.0027896160987438633
High-straggler,Async-FedDRL,6740,119,0.0028036976960720494
High-straggler,Async-FedDRL,6740,120,0.0024929933806561166
High-straggler,Async-FedDRL,6740,121,0.0019063221698161215
High-straggler,Async-FedDRL,6740,122,0.003619652334600687
High-straggler,Async-FedDRL,6740,123,0.00487332317752589
High-straggler,Async-FedDRL,6740,124,0.0058225278276950124
High-straggler,Async-FedDRL,6740,125,0.0027421472826972605
High-straggler,Async-FedDRL,6740,126,0.0043674716318491845
High-straggler,Async-FedDRL,6740,127,0.002219357469584793
High-straggler,Async-FedDRL,6740,128,0.00505668586883985
High-straggler,Async-FedDRL,6740,129,0.00677660530218418
High-straggler,Async-FedDRL,6740,130,0.003037883655633777
High-straggler,Async-FedDRL,6740,131,0.00166580685909139
High-straggler,Async-FedDRL,6740,132,0.0034456457033229526
High-straggler,Async-FedDRL,6740,133,0.0045504253619583325
High-straggler,Async-FedDRL,6740,134,0.0050417869912053
High-straggler,Async-FedDRL,6740,135,0.003041832558301394
High-straggler,Async-FedDRL,6740,136,0.004268203729589004
High-straggler,Async-FedDRL,6740,137,0.0034588940208777784
High-straggler,Async-FedDRL,6740,138,0.005634200759232044
High-straggler,Async-FedDRL,6740,139,0.0017117769064498134
High-straggler,Async-FedDRL,6740,140,0.0021948959976725744
High-straggler,Async-FedDRL,6740,141,0.006053416238864883
High-straggler,Async-FedDRL,6740,142,0.00036087323787796776
High-straggler,Async-FedDRL,6740,143,0.005447231042307976
High-straggler,Async-FedDRL,6740,144,0.004030567904192139
High-straggler,Async-FedDRL,6740,145,0.0037505264815990815
High-straggler,Async-FedDRL,6740,146,0.003284201186761493
High-straggler,Async-FedDRL,6740,147,0.0028698465926936477
High-straggler,Async-FedDRL,6740,148,0.0033138710190542043
High-straggler,Async-FedDRL,6740,149,0.005038895790858078
High-straggler,Async-FedDRL,6740,150,0.003081782398658106
High-straggler,Async-FedDRL,6740,151,0.004869787249481306
High-straggler,Async-FedDRL,6740,152,0.0017635829281061888
High-straggler,Async-FedDRL,6740,153,0.005237074074102566
High-straggler,Async-FedDRL,6740,154,0.005245501307217637
High-straggler,Async-FedDRL,6740,155,0.0040025862632319335
High-straggler,Async-FedDRL,6740,156,0.005860679771285504
High-straggler,Async-FedDRL,6740,157,0.0006414783842046745
High-straggler,Async-FedDRL,6740,158,0.005397083659772761
High-straggler,Async-FedDRL,6740,159,0.004412781621795148
High-straggler,Async-FedDRL,6740,160,0.004869082960067317
High-straggler,Async-FedDRL,6740,161,0.005424523638794199
High-straggler,Async-FedDRL,6740,162,0.002150248682301026
High-straggler,Async-FedDRL,6740,163,0.004022961406008108
High-straggler,Async-FedDRL,6740,164,0.008226710961025674
High-straggler,Async-FedDRL,6740,165,0.0054534554743440825
High-straggler,Async-FedDRL,6740,166,0.004704623203087977
High-straggler,Async-FedDRL,6740,167,0.006277023503935197
High-straggler,Async-FedDRL,6740,168,0.006111528835026548
High-straggler,Async-FedDRL,6740,169,0.005842195928562432
High-straggler,Async-FedDRL,6740,170,0.005904089994328387
High-straggler,Async-FedDRL,6740,171,0.0058079367474419994
High-straggler,Async-FedDRL,6740,172,0.004583033092967525
High-straggler,Async-FedDRL,6740,173,0.006924028981302399
High-straggler,Async-FedDRL,6740,174,0.004628641932504252
High-straggler,Async-FedDRL,6740,175,0.003996103837562259
High-straggler,Async-FedDRL,6740,176,0.005420128889454645
High-straggler,Async-FedDRL,6740,177,0.004245531266496983
High-straggler,Async-FedDRL,6740,178,0.002584586830744229
High-straggler,Async-FedDRL,6740,179,0.005345901988903279
High-straggler,Async-FedDRL,6740,180,0.005846514267614111
High-straggler,Async-FedDRL,6740,181,0.0054731409807573074
High-straggler,Async-FedDRL,6740,182,0.0048859538219403476
High-straggler,Async-FedDRL,6740,183,0.0042268846224033044
High-straggler,Async-FedDRL,6740,184,0.008426847061491572
High-straggler,Async-FedDRL,6740,185,0.006033863975608256
High-straggler,Async-FedDRL,6740,186,0.0034834751568268985
High-straggler,Async-FedDRL,6740,187,0.00663467935519293
High-straggler,Async-FedDRL,6740,188,0.004619185265619307
High-straggler,Async-FedDRL,6740,189,0.002831324769067578
High-straggler,Async-FedDRL,6740,190,0.0040608431911095975
High-straggler,Async-FedDRL,6740,191,0.0046082857676083226
High-straggler,Async-FedDRL,6740,192,0.003685769223375246
High-straggler,Async-FedDRL,6740,193,0.0031757212200318463
High-straggler,Async-FedDRL,6740,194,0.004232509166467935
High-straggler,Async-FedDRL,6740,195,0.004155271836498287
High-straggler,Async-FedDRL,6740,196,0.006593800297559937
High-straggler,Async-FedDRL,6740,197,0.0067133343472960405
High-straggler,Async-FedDRL,6740,198,0.005879254467072314
High-straggler,Async-FedDRL,6740,199,0.005722629003412294
High-straggler,Async-FedDRL,6740,200,0.0035028606587729884
High-straggler,Async-FedDRL,6740,201,0.003710576003504684
High-straggler,Async-FedDRL,6740,202,0.0059575609702733345
High-straggler,Async-FedDRL,6740,203,0.0040272173413541165
High-straggler,Async-FedDRL,6740,204,0.006856754835462197
High-straggler,Async-FedDRL,6740,205,0.006392228060576599
High-straggler,Async-FedDRL,6740,206,0.004530803189845755
High-straggler,Async-FedDRL,6740,207,0.00457959060149733
High-straggler,Async-FedDRL,6740,208,0.002729252935387194
High-straggler,Async-FedDRL,6740,209,0.004095276572843432
High-straggler,Async-FedDRL,6740,210,0.006340054223983316
High-straggler,Async-FedDRL,6740,211,0.0028294962903601117
High-straggler,Async-FedDRL,6740,212,0.004761472724612759
High-straggler,Async-FedDRL,6740,213,0.0057639850419946015
High-straggler,Async-FedDRL,6740,214,0.004651867327629589
High-straggler,Async-FedDRL,6740,215,0.004056467815826181
High-straggler,Async-FedDRL,6740,216,0.0038614864461123943
High-straggler,Async-FedDRL,6740,217,0.0041701787369675
High-straggler,Async-FedDRL,6740,218,0.0018800477439071984
High-straggler,Async-FedDRL,6740,219,0.005292630020994693
High-straggler,Async-FedDRL,6740,220,0.0037209420406725258
High-straggler,Async-FedDRL,6740,221,0.003538286531693302
High-straggler,Async-FedDRL,6740,222,0.0036426493956241758
High-straggler,Async-FedDRL,6740,223,0.004482427926848232
High-straggler,Async-FedDRL,6740,224,0.002999610372353345
High-straggler,Async-FedDRL,6740,225,0.0018470237060682847
High-straggler,Async-FedDRL,6740,226,0.007061127151246183
High-straggler,Async-FedDRL,6740,227,0.004758339030377101
High-straggler,Async-FedDRL,6740,228,0.006433419345194124
High-straggler,Async-FedDRL,6740,229,0.004858557386160101
High-straggler,Async-FedDRL,6740,230,0.0021979632292641327
High-straggler,Async-FedDRL,6740,231,0.004233478073729202
High-straggler,Async-FedDRL,6740,232,0.0030960142030380666
High-straggler,Async-FedDRL,6740,233,0.004389250593931138
High-straggler,Async-FedDRL,6740,234,0.007588446440058761
High-straggler,Async-FedDRL,6740,235,0.005054117785766721
High-straggler,Async-FedDRL,6740,236,0.0048628539465426
High-straggler,Async-FedDRL,6740,237,0.006087611456496234
High-straggler,Async-FedDRL,6740,238,0.005669516127636598
High-straggler,Async-FedDRL,6740,239,0.005913043647524319
High-straggler,Async-FedDRL,6740,240,0.0032561784393692504
High-straggler,Async-FedDRL,6740,241,0.0035933656472479925
High-straggler,Async-FedDRL,6740,242,0.004094843379243684
High-straggler,Async-FedDRL,6740,243,0.00576143544021761
High-straggler,Async-FedDRL,6740,244,0.00240703796116577
High-straggler,Async-FedDRL,6740,245,0.005353478404867928
High-straggler,Async-FedDRL,6740,246,0.007325453441990248
High-straggler,Async-FedDRL,6740,247,0.006752459038398229
High-straggler,Async-FedDRL,6740,248,0.005424914116338187
High-straggler,Async-FedDRL,6740,249,0.0061856950072979085
High-straggler,Async-FedDRL,6740,250,0.0016916502456297167
High-straggler,Async-FedDRL,6740,251,0.003922594868345186
High-straggler,Async-FedDRL,6740,252,0.004331617349816952
High-straggler,Async-FedDRL,6740,253,0.0030363448095158674
High-straggler,Async-FedDRL,6740,254,0.003920504675261327
High-straggler,Async-FedDRL,6740,255,0.004614921659231186
High-straggler,Async-FedDRL,6740,256,0.0025813425934757108
High-straggler,Async-FedDRL,6740,257,0.0008056259073782712
High-straggler,Async-FedDRL,6740,258,0.007057782154879533
High-straggler,Async-FedDRL,6740,259,0.002934586682749796
High-straggler,Async-FedDRL,6740,260,0.00543470470001921
High-straggler,Async-FedDRL,6740,261,0.007933606499864253
High-straggler,Async-FedDRL,6740,262,0.0038249004108365627
High-straggler,Async-FedDRL,6740,263,0.005141310622275341
High-straggler,Async-FedDRL,6740,264,0.0039656740584177895
High-straggler,Async-FedDRL,6740,265,0.0048194343049544845
High-straggler,Async-FedDRL,6740,266,0.004891526729988982
High-straggler,Async-FedDRL,6740,267,0.006547209101699991
High-straggler,Async-FedDRL,6740,268,0.0017417519469745458
High-straggler,Async-FedDRL,6740,269,0.004963348316232441
High-straggler,Async-FedDRL,6740,270,0.004668072576168925
High-straggler,Async-FedDRL,6740,271,0.006389516324270516
High-straggler,Async-FedDRL,6740,272,0.006449478262220509
High-straggler,Async-FedDRL,6740,273,0.007352274769800715
High-straggler,Async-FedDRL,6740,274,0.00858146614045836
High-straggler,Async-FedDRL,6740,275,0.0011492829478811472
High-straggler,Async-FedDRL,6740,276,0.003581502255474334
High-straggler,Async-FedDRL,6740,277,0.005445638991659507
High-straggler,Async-FedDRL,6740,278,0.00516115296195494
High-straggler,Async-FedDRL,6740,279,0.006625170569168404
High-straggler,Async-FedDRL,6740,280,0.005446389137068764
High-straggler,Async-FedDRL,6740,281,0.008446990729134995
High-straggler,Async-FedDRL,6740,282,0.005435348249739036
High-straggler,Async-FedDRL,6740,283,0.004155181813257513
High-straggler,Async-FedDRL,6740,284,0.005203108984278515
High-straggler,Async-FedDRL,6740,285,0.009332094906130805
High-straggler,Async-FedDRL,6740,286,0.007502121780999005
High-straggler,Async-FedDRL,6740,287,0.005335293188909418
High-straggler,Async-FedDRL,6740,288,0.0030626658728579058
High-straggler,Async-FedDRL,6740,289,0.005686704654362984
High-straggler,Async-FedDRL,6740,290,0.005653099072515033
High-straggler,Async-FedDRL,6740,291,0.002984384814044461
High-straggler,Async-FedDRL,6740,292,0.0027585162337345538
High-straggler,Async-FedDRL,6740,293,0.004097419943718705
High-straggler,Async-FedDRL,6740,294,0.005863434259663336
High-straggler,Async-FedDRL,6740,295,0.0046298184744955504
High-straggler,Async-FedDRL,6740,296,0.005252473763539456
High-straggler,Async-FedDRL,6740,297,0.007560160564025864
High-straggler,Async-FedDRL,6740,298,0.0017197452587424777
High-straggler,Async-FedDRL,6740,299,0.0019549338496290146
High-straggler,Async-FedDRL,6740,300,0.0061594468825205695
High-straggler,Async-FedDRL,6740,301,0.004259547599940561
High-straggler,Async-FedDRL,6740,302,0.007510125311091543
High-straggler,Async-FedDRL,6740,303,0.00841452100139577
High-straggler,Async-FedDRL,6740,304,0.006011781192501076
High-straggler,Async-FedDRL,6740,305,0.008625430386746302
High-straggler,Async-FedDRL,6740,306,0.004715829106862657
High-straggler,Async-FedDRL,6740,307,0.00576572803693125
High-straggler,Async-FedDRL,6740,308,0.0027907383744604887
High-straggler,Async-FedDRL,6740,309,0.0028458305954700337
High-straggler,Async-FedDRL,6740,310,0.0024127171403961257
High-straggler,Async-FedDRL,6740,311,0.0028396830311976373
High-straggler,Async-FedDRL,6740,312,0.0039043960743583737
High-straggler,Async-FedDRL,6740,313,0.004642318749392871
High-straggler,Async-FedDRL,6740,314,0.005031769693596288
High-straggler,Async-FedDRL,6740,315,0.004028795141493902
High-straggler,Async-FedDRL,6740,316,0.004695852898294106
High-straggler,Async-FedDRL,6740,317,0.0025714465300552547
High-straggler,Async-FedDRL,6740,318,0.005812929010244261
High-straggler,Async-FedDRL,6740,319,0.003284299538063351
High-straggler,Async-FedDRL,6740,320,0.002828251593746245
High-straggler,Async-FedDRL,6740,321,0.0054143031520652585
High-straggler,Async-FedDRL,6740,322,0.004592624355427688
High-straggler,Async-FedDRL,6740,323,0.005512794499372831
High-straggler,Async-FedDRL,6740,324,0.0041718737033079375
High-straggler,Async-FedDRL,6740,325,0.0051903728453908116
High-straggler,Async-FedDRL,6740,326,0.007117742812260986
High-straggler,Async-FedDRL,6740,327,0.004525393299991265
High-straggler,Async-FedDRL,6740,328,0.004307529075595085
High-straggler,Async-FedDRL,6740,329,0.00674173696024809
High-straggler,Async-FedDRL,6740,330,0.006869943519268418
High-straggler,Async-FedDRL,6740,331,0.004019978265569079
High-straggler,Async-FedDRL,6740,332,0.006198701074754354
High-straggler,Async-FedDRL,6740,333,0.009389955767983339
High-straggler,Async-FedDRL,6740,334,0.0017920127708748624
High-straggler,Async-FedDRL,6740,335,0.0055756825808202844
High-straggler,Async-FedDRL,6740,336,0.005635434988653288
High-straggler,Async-FedDRL,6740,337,0.005443371818546439
High-straggler,Async-FedDRL,6740,338,0.006221882834506687
High-straggler,Async-FedDRL,6740,339,0.005257453327794792
High-straggler,Async-FedDRL,6740,340,0.0035300225907121787
High-straggler,Async-FedDRL,6740,341,0.005223841452971101
High-straggler,Async-FedDRL,6740,342,0.004734945122618228
High-straggler,Async-FedDRL,6740,343,0.00877648715977557
High-straggler,Async-FedDRL,6740,344,0.0037734772588009944
High-straggler,Async-FedDRL,6740,345,0.008614476858201669
High-straggler,Async-FedDRL,6740,346,0.004390747686557006
High-straggler,Async-FedDRL,6740,347,0.007849186022940557
High-straggler,Async-FedDRL,6740,348,0.00856288943614345
High-straggler,Async-FedDRL,6740,349,0.006774963365751318
High-straggler,Async-FedDRL,6740,350,0.005706803197972477
High-straggler,Async-FedDRL,6740,351,0.006576819726615213
High-straggler,Async-FedDRL,6740,352,0.003636412503897191
High-straggler,Async-FedDRL,6740,353,0.0069850285653956234
High-straggler,Async-FedDRL,6740,354,0.003158446418819949
High-straggler,Async-FedDRL,6740,355,0.004535250706248916
High-straggler,Async-FedDRL,6740,356,0.005843874062702525
High-straggler,Async-FedDRL,6740,357,0.0037056605113320986
High-straggler,Async-FedDRL,6740,358,0.00460572336196492
High-straggler,Async-FedDRL,6740,359,0.006565304385003401
High-straggler,Async-FedDRL,6740,360,0.00645859504584223
High-straggler,Async-FedDRL,6740,361,0.004518299603660125
High-straggler,Async-FedDRL,6740,362,0.006768702654790104
High-straggler,Async-FedDRL,6740,363,0.004971191729418933
High-straggler,Async-FedDRL,6740,364,0.005076362512772903
High-straggler,Async-FedDRL,6740,365,0.007989784784149379
High-straggler,Async-FedDRL,6740,366,0.003957198567513842
High-straggler,Async-FedDRL,6740,367,0.004460619823657907
High-straggler,Async-FedDRL,6740,368,0.006756173724716064
High-straggler,Async-FedDRL,6740,369,0.004929614611319267
High-straggler,Async-FedDRL,6740,370,0.003954125687596388
High-straggler,Async-FedDRL,6740,371,0.0038032522759749556
High-straggler,Async-FedDRL,6740,372,0.005582863831659779
High-straggler,Async-FedDRL,6740,373,0.005052211822476238
High-straggler,Async-FedDRL,6740,374,0.005678224409348331
High-straggler,Async-FedDRL,6740,375,0.006523155959439464
High-straggler,Async-FedDRL,6740,376,0.007323314452878549
High-straggler,Async-FedDRL,6740,377,0.0037094323721248656
High-straggler,Async-FedDRL,6740,378,0.0078085036991979
High-straggler,Async-FedDRL,6740,379,0.00717527062370209
High-straggler,Async-FedDRL,6740,380,0.006390538270352408
High-straggler,Async-FedDRL,6740,381,0.0055914077762281526
High-straggler,Async-FedDRL,6740,382,0.0055869790638098495
High-straggler,Async-FedDRL,6740,383,0.008121975522954017
High-straggler,Async-FedDRL,6740,384,0.006232069445832167
High-straggler,Async-FedDRL,6740,385,0.0057545610347006
High-straggler,Async-FedDRL,6740,386,0.006548537398339249
High-straggler,Async-FedDRL,6740,387,0.002890937781194225
High-straggler,Async-FedDRL,6740,388,0.0031124278582865374
High-straggler,Async-FedDRL,6740,389,0.009548113082564669
High-straggler,Async-FedDRL,6740,390,0.006021862061606953
High-straggler,Async-FedDRL,6740,391,0.0050056799758749545
High-straggler,Async-FedDRL,6740,392,0.004981433961074799
High-straggler,Async-FedDRL,6740,393,0.0043260403133444925
High-straggler,Async-FedDRL,6740,394,0.0030833986529614776
High-straggler,Async-FedDRL,6740,395,0.00724375349273032
High-straggler,Async-FedDRL,6740,396,0.003593827915028669
High-straggler,Async-FedDRL,6740,397,0.004350256180623546
High-straggler,Async-FedDRL,6740,398,0.0061491603322792795
High-straggler,Async-FedDRL,6740,399,0.0042179430936812425
High-straggler,Async-FedDRL,6740,400,0.0058359101676614955
High-straggler,Async-FedDRL,7851,1,-0.00010165572603000328
High-straggler,Async-FedDRL,7851,2,-9.835293421929236e-05
High-straggler,Async-FedDRL,7851,3,-0.0004606300062732771
High-straggler,Async-FedDRL,7851,4,0.0004678573138789943
High-straggler,Async-FedDRL,7851,5,-0.00022579651340493
High-straggler,Async-FedDRL,7851,6,-1.1439769332355354e-05
High-straggler,Async-FedDRL,7851,7,0.0005810320998989483
High-straggler,Async-FedDRL,7851,8,0.00010074606052512536
High-straggler,Async-FedDRL,7851,9,0.0003241699996578973
High-straggler,Async-FedDRL,7851,10,0.000184940753661067
High-straggler,Async-FedDRL,7851,11,0.0005464998408569955
High-straggler,Async-FedDRL,7851,12,0.00032524190755793824
High-straggler,Async-FedDRL,7851,13,-0.00014416935882763938
High-straggler,Async-FedDRL,7851,14,-3.580447591957636e-05
High-straggler,Async-FedDRL,7851,15,5.3220298468659166e-05
High-straggler,Async-FedDRL,7851,16,0.0003056539192584751
High-straggler,Async-FedDRL,7851,17,-6.573203409061534e-05
High-straggler,Async-FedDRL,7851,18,-9.532172807666939e-05
High-straggler,Async-FedDRL,7851,19,2.9723060379183153e-05
High-straggler,Async-FedDRL,7851,20,0.00011871172682731412
High-straggler,Async-FedDRL,7851,21,-0.0003135809220111696
High-straggler,Async-FedDRL,7851,22,0.0003724472895555664
High-straggler,Async-FedDRL,7851,23,0.0004775300869368948
High-straggler,Async-FedDRL,7851,24,0.0004697399737779051
High-straggler,Async-FedDRL,7851,25,0.0009938944385794457
High-straggler,Async-FedDRL,7851,26,-0.0004890022071776911
High-straggler,Async-FedDRL,7851,27,0.0005548696655750974
High-straggler,Async-FedDRL,7851,28,0.0007880227149144048
High-straggler,Async-FedDRL,7851,29,0.0007744811213342473
High-straggler,Async-FedDRL,7851,30,0.0006117693852502271
High-straggler,Async-FedDRL,7851,31,0.0007765979989926564
High-straggler,Async-FedDRL,7851,32,0.001078493222303223
High-straggler,Async-FedDRL,7851,33,0.0011879920912178932
High-straggler,Async-FedDRL,7851,34,-0.00014181616843416122
High-straggler,Async-FedDRL,7851,35,0.000437753683218034
High-straggler,Async-FedDRL,7851,36,0.0006882537098135799
High-straggler,Async-FedDRL,7851,37,9.549932365189306e-05
High-straggler,Async-FedDRL,7851,38,0.00015952479079714977
High-straggler,Async-FedDRL,7851,39,0.0012422614568095014
High-straggler,Async-FedDRL,7851,40,-0.00012439143765732296
High-straggler,Async-FedDRL,7851,41,0.00038233215850596024
High-straggler,Async-FedDRL,7851,42,-0.00010743458842625842
High-straggler,Async-FedDRL,7851,43,0.0005699537061445881
High-straggler,Async-FedDRL,7851,44,0.000540635664947331
High-straggler,Async-FedDRL,7851,45,0.0007148840712034143
High-straggler,Async-FedDRL,7851,46,0.0006304593312961515
High-straggler,Async-FedDRL,7851,47,0.0005019938904297305
High-straggler,Async-FedDRL,7851,48,0.0012041710069752298
High-straggler,Async-FedDRL,7851,49,0.0002908140861109132
High-straggler,Async-FedDRL,7851,50,0.0020049748505698516
High-straggler,Async-FedDRL,7851,51,-0.0003597114424337633
High-straggler,Async-FedDRL,7851,52,0.0014511045708786696
High-straggler,Async-FedDRL,7851,53,0.0013781490124529228
High-straggler,Async-FedDRL,7851,54,-0.0002965624968055636
High-straggler,Async-FedDRL,7851,55,0.001210886684111756
High-straggler,Async-FedDRL,7851,56,0.0005875490591279231
High-straggler,Async-FedDRL,7851,57,-1.981163804885e-05
High-straggler,Async-FedDRL,7851,58,0.00037667439682991243
High-straggler,Async-FedDRL,7851,59,0.001572395520634018
High-straggler,Async-FedDRL,7851,60,0.001337585286819376
High-straggler,Async-FedDRL,7851,61,0.00042152061487286117
High-straggler,Async-FedDRL,7851,62,-0.0005167520966097072
High-straggler,Async-FedDRL,7851,63,0.0008956919496995397
High-straggler,Async-FedDRL,7851,64,-4.148466105107218e-05
High-straggler,Async-FedDRL,7851,65,0.001502033074211795
High-straggler,Async-FedDRL,7851,66,0.0015239203814417124
High-straggler,Async-FedDRL,7851,67,-1.7172434672829696e-05
High-straggler,Async-FedDRL,7851,68,0.0025949085617412494
High-straggler,Async-FedDRL,7851,69,0.0005554753239266575
High-straggler,Async-FedDRL,7851,70,0.0028016065058181993
High-straggler,Async-FedDRL,7851,71,0.0012912168036564252
High-straggler,Async-FedDRL,7851,72,0.0013266184949316084
High-straggler,Async-FedDRL,7851,73,0.0019244042727223133
High-straggler,Async-FedDRL,7851,74,0.0026866097912716215
High-straggler,Async-FedDRL,7851,75,0.0005185265006730333
High-straggler,Async-FedDRL,7851,76,0.0013489565862983
High-straggler,Async-FedDRL,7851,77,0.0030098072456894442
High-straggler,Async-FedDRL,7851,78,0.0017420067601051415
High-straggler,Async-FedDRL,7851,79,0.0006828288998804056
High-straggler,Async-FedDRL,7851,80,0.0019648685141874012
High-straggler,Async-FedDRL,7851,81,0.001898811207502149
High-straggler,Async-FedDRL,7851,82,0.0023223536845762283
High-straggler,Async-FedDRL,7851,83,0.0018574226232885849
High-straggler,Async-FedDRL,7851,84,0.0005957932255114429
High-straggler,Async-FedDRL,7851,85,0.001297974633780541
High-straggler,Async-FedDRL,7851,86,0.0031012642342830078
High-straggler,Async-FedDRL,7851,87,0.0025330160657176747
High-straggler,Async-FedDRL,7851,88,0.0031200054937471577
High-straggler,Async-FedDRL,7851,89,0.002523136262971093
High-straggler,Async-FedDRL,7851,90,0.002200254562194459
High-straggler,Async-FedDRL,7851,91,0.0021058879428892396
High-straggler,Async-FedDRL,7851,92,0.0008736083653275272
High-straggler,Async-FedDRL,7851,93,0.0005207962010899791
High-straggler,Async-FedDRL,7851,94,0.0023102624585590093
High-straggler,Async-FedDRL,7851,95,0.0027739613607991485
High-straggler,Async-FedDRL,7851,96,0.00224188660922664
High-straggler,Async-FedDRL,7851,97,0.0011075287548010238
High-straggler,Async-FedDRL,7851,98,0.0033009371274602016
High-straggler,Async-FedDRL,7851,99,0.003907936278847046
High-straggler,Async-FedDRL,7851,100,0.002567410231131362
High-straggler,Async-FedDRL,7851,101,0.002752927510300651
High-straggler,Async-FedDRL,7851,102,0.002825108924298547
High-straggler,Async-FedDRL,7851,103,0.0022554455790668726
High-straggler,Async-FedDRL,7851,104,0.003673259049537592
High-straggler,Async-FedDRL,7851,105,0.004002688467153348
High-straggler,Async-FedDRL,7851,106,0.003978162783459993
High-straggler,Async-FedDRL,7851,107,0.002108375812531449
High-straggler,Async-FedDRL,7851,108,0.002274403959745541
High-straggler,Async-FedDRL,7851,109,0.003369110140192788
High-straggler,Async-FedDRL,7851,110,0.002650376714882441
High-straggler,Async-FedDRL,7851,111,0.002239341798122041
High-straggler,Async-FedDRL,7851,112,0.004088698112173006
High-straggler,Async-FedDRL,7851,113,0.0013328964298125357
High-straggler,Async-FedDRL,7851,114,0.0032043002924183384
High-straggler,Async-FedDRL,7851,115,0.00149989766168801
High-straggler,Async-FedDRL,7851,116,0.004577821434941143
High-straggler,Async-FedDRL,7851,117,0.0038411958143115045
High-straggler,Async-FedDRL,7851,118,0.004525458413991146
High-straggler,Async-FedDRL,7851,119,0.002248193704508594
High-straggler,Async-FedDRL,7851,120,0.0015629972656824975
High-straggler,Async-FedDRL,7851,121,0.0024552925518946723
High-straggler,Async-FedDRL,7851,122,0.007141689897980541
High-straggler,Async-FedDRL,7851,123,0.004187801905936794
High-straggler,Async-FedDRL,7851,124,0.004269984621896583
High-straggler,Async-FedDRL,7851,125,0.00725632593539558
High-straggler,Async-FedDRL,7851,126,0.0033943845133762806
High-straggler,Async-FedDRL,7851,127,0.0018761534520308487
High-straggler,Async-FedDRL,7851,128,0.004324359730526339
High-straggler,Async-FedDRL,7851,129,0.0048030255509729615
High-straggler,Async-FedDRL,7851,130,0.0036333510011900215
High-straggler,Async-FedDRL,7851,131,0.004442047109478153
High-straggler,Async-FedDRL,7851,132,0.005343781723058783
High-straggler,Async-FedDRL,7851,133,0.0035011752974241973
High-straggler,Async-FedDRL,7851,134,0.003370389025803888
High-straggler,Async-FedDRL,7851,135,0.0029636880572070368
High-straggler,Async-FedDRL,7851,136,0.00414230866035723
High-straggler,Async-FedDRL,7851,137,0.004101182096565026
High-straggler,Async-FedDRL,7851,138,0.002461133767792489
High-straggler,Async-FedDRL,7851,139,0.006924773083301261
High-straggler,Async-FedDRL,7851,140,0.004191715962952003
High-straggler,Async-FedDRL,7851,141,0.0035973820369690655
High-straggler,Async-FedDRL,7851,142,0.0067584004427772015
High-straggler,Async-FedDRL,7851,143,0.004630436899606139
High-straggler,Async-FedDRL,7851,144,0.006433420785469934
High-straggler,Async-FedDRL,7851,145,0.0031665012458688578
High-straggler,Async-FedDRL,7851,146,0.0038071262344601562
High-straggler,Async-FedDRL,7851,147,0.0036900042759953067
High-straggler,Async-FedDRL,7851,148,0.00278238443461305
High-straggler,Async-FedDRL,7851,149,0.004214089225206408
High-straggler,Async-FedDRL,7851,150,0.0035042786119447557
High-straggler,Async-FedDRL,7851,151,0.006572877659345977
High-straggler,Async-FedDRL,7851,152,0.001537322711374145
High-straggler,Async-FedDRL,7851,153,0.00365659993326517
High-straggler,Async-FedDRL,7851,154,0.0065624986658804115
High-straggler,Async-FedDRL,7851,155,0.005613530962727964
High-straggler,Async-FedDRL,7851,156,0.005416350340237841
High-straggler,Async-FedDRL,7851,157,0.006638369300344493
High-straggler,Async-FedDRL,7851,158,0.006911097362171858
High-straggler,Async-FedDRL,7851,159,0.003764549788320437
High-straggler,Async-FedDRL,7851,160,0.005139135588979116
High-straggler,Async-FedDRL,7851,161,0.005048951134085655
High-straggler,Async-FedDRL,7851,162,0.0039009516221995
High-straggler,Async-FedDRL,7851,163,0.004203710491492529
High-straggler,Async-FedDRL,7851,164,0.0051462157716741785
High-straggler,Async-FedDRL,7851,165,0.005685833458846901
High-straggler,Async-FedDRL,7851,166,0.0046202424011426045
High-straggler,Async-FedDRL,7851,167,0.004923366785078542
High-straggler,Async-FedDRL,7851,168,0.0034606192377395926
High-straggler,Async-FedDRL,7851,169,0.004204293084330857
High-straggler,Async-FedDRL,7851,170,0.004663266087300144
High-straggler,Async-FedDRL,7851,171,0.0032215300008829216
High-straggler,Async-FedDRL,7851,172,0.0034895816294010728
High-straggler,Async-FedDRL,7851,173,0.006583834147022571
High-straggler,Async-FedDRL,7851,174,0.005171687038091477
High-straggler,Async-FedDRL,7851,175,0.0037458499435160776
High-straggler,Async-FedDRL,7851,176,0.005340474464173894
High-straggler,Async-FedDRL,7851,177,0.0030489676913930453
High-straggler,Async-FedDRL,7851,178,0.0031238708150340246
High-straggler,Async-FedDRL,7851,179,0.004990908231411595
High-straggler,Async-FedDRL,7851,180,0.0052508018657590584
High-straggler,Async-FedDRL,7851,181,0.0056061004346702244
High-straggler,Async-FedDRL,7851,182,0.0038547015050426126
High-straggler,Async-FedDRL,7851,183,0.003981487718192511
High-straggler,Async-FedDRL,7851,184,0.004914975483552552
High-straggler,Async-FedDRL,7851,185,0.005859703460009769
High-straggler,Async-FedDRL,7851,186,0.007874686439754442
High-straggler,Async-FedDRL,7851,187,0.00452775577432476
High-straggler,Async-FedDRL,7851,188,0.004249466524925083
High-straggler,Async-FedDRL,7851,189,0.003559943022264633
High-straggler,Async-FedDRL,7851,190,0.007912290620151908
High-straggler,Async-FedDRL,7851,191,0.006022442915127613
High-straggler,Async-FedDRL,7851,192,0.006935768784251195
High-straggler,Async-FedDRL,7851,193,0.006493587768636644
High-straggler,Async-FedDRL,7851,194,0.005813433235744014
High-straggler,Async-FedDRL,7851,195,0.007090586246340536
High-straggler,Async-FedDRL,7851,196,0.004757030657492578
High-straggler,Async-FedDRL,7851,197,0.007347209492581897
High-straggler,Async-FedDRL,7851,198,0.0054413494002801596
High-straggler,Async-FedDRL,7851,199,0.004267159887240269
High-straggler,Async-FedDRL,7851,200,0.0057340215658769015
High-straggler,Async-FedDRL,7851,201,0.006197861235705204
High-straggler,Async-FedDRL,7851,202,0.0072336123674176635
High-straggler,Async-FedDRL,7851,203,0.005901268740126397
High-straggler,Async-FedDRL,7851,204,0.0033857062924653293
High-straggler,Async-FedDRL,7851,205,0.006530807135277428
High-straggler,Async-FedDRL,7851,206,0.0057955191936343905
High-straggler,Async-FedDRL,7851,207,0.0056823734637873715
High-straggler,Async-FedDRL,7851,208,0.004671776827308349
High-straggler,Async-FedDRL,7851,209,0.006266605472774245
High-straggler,Async-FedDRL,7851,210,0.00584414335899055
High-straggler,Async-FedDRL,7851,211,0.0029267356730997562
High-straggler,Async-FedDRL,7851,212,0.005767967237625271
High-straggler,Async-FedDRL,7851,213,0.0032106954196933655
High-straggler,Async-FedDRL,7851,214,0.0033030099992174657
High-straggler,Async-FedDRL,7851,215,0.003842711968172807
High-straggler,Async-FedDRL,7851,216,0.007531513236608589
High-straggler,Async-FedDRL,7851,217,0.0037496524455491453
High-straggler,Async-FedDRL,7851,218,0.006578732503112405
High-straggler,Async-FedDRL,7851,219,0.005271149281179532
High-straggler,Async-FedDRL,7851,220,0.0035189800400985405
High-straggler,Async-FedDRL,7851,221,0.0069681390159530565
High-straggler,Async-FedDRL,7851,222,0.00455174820672255
High-straggler,Async-FedDRL,7851,223,0.004158117281258455
High-straggler,Async-FedDRL,7851,224,0.007600089181505609
High-straggler,Async-FedDRL,7851,225,0.0051291250973008575
High-straggler,Async-FedDRL,7851,226,0.004637855340843089
High-straggler,Async-FedDRL,7851,227,0.008538371668419132
High-straggler,Async-FedDRL,7851,228,0.006430444170837291
High-straggler,Async-FedDRL,7851,229,0.00659351265803707
High-straggler,Async-FedDRL,7851,230,0.005366226535988972
High-straggler,Async-FedDRL,7851,231,0.003756047080969438
High-straggler,Async-FedDRL,7851,232,0.006186465473729186
High-straggler,Async-FedDRL,7851,233,0.005998484374140389
High-straggler,Async-FedDRL,7851,234,0.005974523795885034
High-straggler,Async-FedDRL,7851,235,0.006061841412156354
High-straggler,Async-FedDRL,7851,236,0.004658723877946613
High-straggler,Async-FedDRL,7851,237,0.006426383730286034
High-straggler,Async-FedDRL,7851,238,0.005680266226409003
High-straggler,Async-FedDRL,7851,239,0.0047511454687992226
High-straggler,Async-FedDRL,7851,240,0.0064611380013957385
High-straggler,Async-FedDRL,7851,241,0.005359992245212197
High-straggler,Async-FedDRL,7851,242,0.007615711796097458
High-straggler,Async-FedDRL,7851,243,0.0037104561284650116
High-straggler,Async-FedDRL,7851,244,0.0032615167845506223
High-straggler,Async-FedDRL,7851,245,0.003669913323756191
High-straggler,Async-FedDRL,7851,246,0.0071963145397603515
High-straggler,Async-FedDRL,7851,247,0.005089922563638538
High-straggler,Async-FedDRL,7851,248,0.007153761135123204
High-straggler,Async-FedDRL,7851,249,0.007060094238840975
High-straggler,Async-FedDRL,7851,250,0.004919038124353392
High-straggler,Async-FedDRL,7851,251,0.0033060793473850937
High-straggler,Async-FedDRL,7851,252,0.00458176041720435
High-straggler,Async-FedDRL,7851,253,0.006435784771747421
High-straggler,Async-FedDRL,7851,254,0.004487672160030343
High-straggler,Async-FedDRL,7851,255,0.008658275862399024
High-straggler,Async-FedDRL,7851,256,0.002143093620543368
High-straggler,Async-FedDRL,7851,257,0.004670594888739288
High-straggler,Async-FedDRL,7851,258,0.007474285889475141
High-straggler,Async-FedDRL,7851,259,0.00471005457402498
High-straggler,Async-FedDRL,7851,260,0.006527769070817158
High-straggler,Async-FedDRL,7851,261,0.005194513371679932
High-straggler,Async-FedDRL,7851,262,0.004169415905198548
High-straggler,Async-FedDRL,7851,263,0.005120680535037536
High-straggler,Async-FedDRL,7851,264,0.004182697820942849
High-straggler,Async-FedDRL,7851,265,0.0051188239682232965
High-straggler,Async-FedDRL,7851,266,0.005504043962719152
High-straggler,Async-FedDRL,7851,267,0.006411311303236289
High-straggler,Async-FedDRL,7851,268,0.002411537550506182
High-straggler,Async-FedDRL,7851,269,0.0018651011807378382
High-straggler,Async-FedDRL,7851,270,0.0076970269321464
High-straggler,Async-FedDRL,7851,271,0.004158182899482199
High-straggler,Async-FedDRL,7851,272,0.007921755567076616
High-straggler,Async-FedDRL,7851,273,0.007724617299390957
High-straggler,Async-FedDRL,7851,274,0.0045750154778943395
High-straggler,Async-FedDRL,7851,275,0.007368347699230071
High-straggler,Async-FedDRL,7851,276,0.005249375553103164
High-straggler,Async-FedDRL,7851,277,0.0059146032101125455
High-straggler,Async-FedDRL,7851,278,0.007427317371184472
High-straggler,Async-FedDRL,7851,279,0.00518475358694559
High-straggler,Async-FedDRL,7851,280,0.0013041841622907669
High-straggler,Async-FedDRL,7851,281,0.005687014063005336
High-straggler,Async-FedDRL,7851,282,0.008068876210018061
High-straggler,Async-FedDRL,7851,283,0.005301700357813388
High-straggler,Async-FedDRL,7851,284,0.005392950683017261
High-straggler,Async-FedDRL,7851,285,0.0073342098155990245
High-straggler,Async-FedDRL,7851,286,0.0062165853625629095
High-straggler,Async-FedDRL,7851,287,0.004883991059614345
High-straggler,Async-FedDRL,7851,288,0.0036119216776569372
High-straggler,Async-FedDRL,7851,289,0.005068014498101547
High-straggler,Async-FedDRL,7851,290,0.002865381789888488
High-straggler,Async-FedDRL,7851,291,0.0073158989878720606
High-straggler,Async-FedDRL,7851,292,0.001618528528342722
High-straggler,Async-FedDRL,7851,293,0.007724128681002185
High-straggler,Async-FedDRL,7851,294,0.005776669680017221
High-straggler,Async-FedDRL,7851,295,0.004982821486191824
High-straggler,Async-FedDRL,7851,296,0.006250470937811769
High-straggler,Async-FedDRL,7851,297,0.004909292368211027
High-straggler,Async-FedDRL,7851,298,0.009746643000107724
High-straggler,Async-FedDRL,7851,299,0.006880018633091822
High-straggler,Async-FedDRL,7851,300,0.006969837204087526
High-straggler,Async-FedDRL,7851,301,0.006142382735561114
High-straggler,Async-FedDRL,7851,302,0.002547929130969351
High-straggler,Async-FedDRL,7851,303,0.008823348284931854
High-straggler,Async-FedDRL,7851,304,0.007419965931330807
High-straggler,Async-FedDRL,7851,305,0.005917004129150883
High-straggler,Async-FedDRL,7851,306,0.0070870734369236745
High-straggler,Async-FedDRL,7851,307,0.006734060784219764
High-straggler,Async-FedDRL,7851,308,0.003973284889798379
High-straggler,Async-FedDRL,7851,309,0.004339591073221527
High-straggler,Async-FedDRL,7851,310,0.006850693744490854
High-straggler,Async-FedDRL,7851,311,0.007140013406751677
High-straggler,Async-FedDRL,7851,312,0.00552838032017462
High-straggler,Async-FedDRL,7851,313,0.005516487076238264
High-straggler,Async-FedDRL,7851,314,0.004593908707465744
High-straggler,Async-FedDRL,7851,315,0.004876355652231723
High-straggler,Async-FedDRL,7851,316,0.002370727254310623
High-straggler,Async-FedDRL,7851,317,0.004903988515434321
High-straggler,Async-FedDRL,7851,318,0.0035955543393356494
High-straggler,Async-FedDRL,7851,319,0.004425758949946612
High-straggler,Async-FedDRL,7851,320,0.0057593645333327
High-straggler,Async-FedDRL,7851,321,0.003637461234757211
High-straggler,Async-FedDRL,7851,322,0.004283759268582798
High-straggler,Async-FedDRL,7851,323,0.004417960369028151
High-straggler,Async-FedDRL,7851,324,0.0068744846037589015
High-straggler,Async-FedDRL,7851,325,0.0037210288443020544
High-straggler,Async-FedDRL,7851,326,0.00506882225672598
High-straggler,Async-FedDRL,7851,327,0.007519835981656797
High-straggler,Async-FedDRL,7851,328,0.0056530485417169984
High-straggler,Async-FedDRL,7851,329,0.0030420474155107512
High-straggler,Async-FedDRL,7851,330,0.005785029917024076
High-straggler,Async-FedDRL,7851,331,0.007423704574466683
High-straggler,Async-FedDRL,7851,332,0.006476861907867715
High-straggler,Async-FedDRL,7851,333,0.005650501538912067
High-straggler,Async-FedDRL,7851,334,0.0057978866390840265
High-straggler,Async-FedDRL,7851,335,0.004857218542019837
High-straggler,Async-FedDRL,7851,336,0.006657613423885778
High-straggler,Async-FedDRL,7851,337,0.006278853901312687
High-straggler,Async-FedDRL,7851,338,0.004608999969786964
High-straggler,Async-FedDRL,7851,339,0.004765897874312941
High-straggler,Async-FedDRL,7851,340,0.004104050801834092
High-straggler,Async-FedDRL,7851,341,0.0036400962650077417
High-straggler,Async-FedDRL,7851,342,0.0021162212098715825
High-straggler,Async-FedDRL,7851,343,0.00395658751076553
High-straggler,Async-FedDRL,7851,344,0.004087121033808217
High-straggler,Async-FedDRL,7851,345,0.00853213577356655
High-straggler,Async-FedDRL,7851,346,0.00753468728507869
High-straggler,Async-FedDRL,7851,347,0.003374909079866484
High-straggler,Async-FedDRL,7851,348,0.0046383762761252004
High-straggler,Async-FedDRL,7851,349,0.002707682926848065
High-straggler,Async-FedDRL,7851,350,0.007051654091901583
High-straggler,Async-FedDRL,7851,351,0.0037138235464226456
High-straggler,Async-FedDRL,7851,352,0.004611337557435036
High-straggler,Async-FedDRL,7851,353,0.004184442333644256
High-straggler,Async-FedDRL,7851,354,0.007295007115317276
High-straggler,Async-FedDRL,7851,355,0.004623282765169279
High-straggler,Async-FedDRL,7851,356,0.007129843535949476
High-straggler,Async-FedDRL,7851,357,0.005507026767099887
High-straggler,Async-FedDRL,7851,358,0.003724325568691711
High-straggler,Async-FedDRL,7851,359,0.004424475244013593
High-straggler,Async-FedDRL,7851,360,0.006804261423530989
High-straggler,Async-FedDRL,7851,361,0.007248126153717749
High-straggler,Async-FedDRL,7851,362,0.004816846750327386
High-straggler,Async-FedDRL,7851,363,0.005765860201427131
High-straggler,Async-FedDRL,7851,364,0.00814511570497416
High-straggler,Async-FedDRL,7851,365,0.005225891842565033
High-straggler,Async-FedDRL,7851,366,0.0036290025047492234
High-straggler,Async-FedDRL,7851,367,0.008619482108042576
High-straggler,Async-FedDRL,7851,368,0.006372407959133852
High-straggler,Async-FedDRL,7851,369,0.006848220592655707
High-straggler,Async-FedDRL,7851,370,0.00668452793470351
High-straggler,Async-FedDRL,7851,371,0.005846214678604156
High-straggler,Async-FedDRL,7851,372,0.005190677965219948
High-straggler,Async-FedDRL,7851,373,0.006094443069014232
High-straggler,Async-FedDRL,7851,374,0.002733426808117656
High-straggler,Async-FedDRL,7851,375,0.006157778781198431
High-straggler,Async-FedDRL,7851,376,0.003221809663227759
High-straggler,Async-FedDRL,7851,377,0.005769612418953329
High-straggler,Async-FedDRL,7851,378,0.004594398580957204
High-straggler,Async-FedDRL,7851,379,0.005363086526631378
High-straggler,Async-FedDRL,7851,380,0.00799519469292136
High-straggler,Async-FedDRL,7851,381,0.005060152667283546
High-straggler,Async-FedDRL,7851,382,0.00634981827752199
High-straggler,Async-FedDRL,7851,383,0.004486964188981801
High-straggler,Async-FedDRL,7851,384,0.0051993446701089855
High-straggler,Async-FedDRL,7851,385,0.006161169736878946
High-straggler,Async-FedDRL,7851,386,0.003743709432819742
High-straggler,Async-FedDRL,7851,387,0.004777561535593122
High-straggler,Async-FedDRL,7851,388,0.004058818782505113
High-straggler,Async-FedDRL,7851,389,0.005417714233044535
High-straggler,Async-FedDRL,7851,390,0.005929859598836629
High-straggler,Async-FedDRL,7851,391,0.0031244011272519856
High-straggler,Async-FedDRL,7851,392,0.006252332113217562
High-straggler,Async-FedDRL,7851,393,0.007162296556634829
High-straggler,Async-FedDRL,7851,394,0.003729518567706691
High-straggler,Async-FedDRL,7851,395,0.0073861080396454785
High-straggler,Async-FedDRL,7851,396,0.008049132564337924
High-straggler,Async-FedDRL,7851,397,0.0058519508165773
High-straggler,Async-FedDRL,7851,398,0.005075615079840645
High-straggler,Async-FedDRL,7851,399,0.0028569715199409985
High-straggler,Async-FedDRL,7851,400,0.005247042467817664
High-straggler,JIT-APFRL,3407,1,0.00020196795912852394
High-straggler,JIT-APFRL,3407,2,0.00027954022916674146
High-straggler,JIT-APFRL,3407,3,0.00012188566070108209
High-straggler,JIT-APFRL,3407,4,3.616103144850058e-05
High-straggler,JIT-APFRL,3407,5,0.0003780112696404103
High-straggler,JIT-APFRL,3407,6,0.00034274360061772315
High-straggler,JIT-APFRL,3407,7,0.00019253742693763342
High-straggler,JIT-APFRL,3407,8,-0.0001865476653620135
High-straggler,JIT-APFRL,3407,9,-0.00016441601410406294
High-straggler,JIT-APFRL,3407,10,0.00027525799596332944
High-straggler,JIT-APFRL,3407,11,-0.0002226169350251439
High-straggler,JIT-APFRL,3407,12,-3.477799364191014e-05
High-straggler,JIT-APFRL,3407,13,-0.0001657116521073476
High-straggler,JIT-APFRL,3407,14,0.0001370793575006246
High-straggler,JIT-APFRL,3407,15,0.0002192046818890958
High-straggler,JIT-APFRL,3407,16,0.00011256214620516402
High-straggler,JIT-APFRL,3407,17,0.0003427558068324288
High-straggler,JIT-APFRL,3407,18,-0.00014959850886953063
High-straggler,JIT-APFRL,3407,19,-0.00022673922358080746
High-straggler,JIT-APFRL,3407,20,7.319755095522851e-05
High-straggler,JIT-APFRL,3407,21,0.00037572141118289435
High-straggler,JIT-APFRL,3407,22,-0.00038541891171917086
High-straggler,JIT-APFRL,3407,23,8.32302903290838e-05
High-straggler,JIT-APFRL,3407,24,-0.00028117923939134925
High-straggler,JIT-APFRL,3407,25,-0.00021898234335822054
High-straggler,JIT-APFRL,3407,26,1.811721595004201e-05
High-straggler,JIT-APFRL,3407,27,-0.00030726557533853336
High-straggler,JIT-APFRL,3407,28,0.00014903149328802102
High-straggler,JIT-APFRL,3407,29,0.0004726851388113573
High-straggler,JIT-APFRL,3407,30,0.00047508951865893323
High-straggler,JIT-APFRL,3407,31,-2.8868652589153498e-05
High-straggler,JIT-APFRL,3407,32,-1.5050318052090005e-05
High-straggler,JIT-APFRL,3407,33,0.0002845434792106971
High-straggler,JIT-APFRL,3407,34,0.00025047852541320025
High-straggler,JIT-APFRL,3407,35,0.0004312725931413297
High-straggler,JIT-APFRL,3407,36,-0.00027324751135893166
High-straggler,JIT-APFRL,3407,37,-0.0001242469450517092
High-straggler,JIT-APFRL,3407,38,0.00047819055553190994
High-straggler,JIT-APFRL,3407,39,0.0007621792285135598
High-straggler,JIT-APFRL,3407,40,0.00042886266237474047
High-straggler,JIT-APFRL,3407,41,0.00040530500846216457
High-straggler,JIT-APFRL,3407,42,0.0010257830123009625
High-straggler,JIT-APFRL,3407,43,0.00024320874672412174
High-straggler,JIT-APFRL,3407,44,0.0007049475269013783
High-straggler,JIT-APFRL,3407,45,5.480447871377692e-05
High-straggler,JIT-APFRL,3407,46,-0.0004722655099612894
High-straggler,JIT-APFRL,3407,47,0.00028392262984198167
High-straggler,JIT-APFRL,3407,48,0.000996547899012512
High-straggler,JIT-APFRL,3407,49,-0.00046688606453244575
High-straggler,JIT-APFRL,3407,50,0.00016452982054033783
High-straggler,JIT-APFRL,3407,51,0.0005363330928958021
High-straggler,JIT-APFRL,3407,52,0.0005234107848991698
High-straggler,JIT-APFRL,3407,53,-1.1077231829403899e-05
High-straggler,JIT-APFRL,3407,54,0.0002136776332918089
High-straggler,JIT-APFRL,3407,55,-0.00045914675283711406
High-straggler,JIT-APFRL,3407,56,-0.0002977379452204332
High-straggler,JIT-APFRL,3407,57,0.00017633103561820462
High-straggler,JIT-APFRL,3407,58,0.0006111516780947568
High-straggler,JIT-APFRL,3407,59,0.001057250752546679
High-straggler,JIT-APFRL,3407,60,-0.00019574406715037185
High-straggler,JIT-APFRL,3407,61,0.00018798973787852445
High-straggler,JIT-APFRL,3407,62,0.0010738179305917583
High-straggler,JIT-APFRL,3407,63,-0.0006327136221443652
High-straggler,JIT-APFRL,3407,64,-0.0005119185556395678
High-straggler,JIT-APFRL,3407,65,-0.0005714895913115469
High-straggler,JIT-APFRL,3407,66,0.0016183804589672945
High-straggler,JIT-APFRL,3407,67,0.0008670446972928403
High-straggler,JIT-APFRL,3407,68,0.0014435240809689276
High-straggler,JIT-APFRL,3407,69,0.0006000121957185911
High-straggler,JIT-APFRL,3407,70,0.000322577455881401
High-straggler,JIT-APFRL,3407,71,0.0008693098257936072
High-straggler,JIT-APFRL,3407,72,0.0006526540336381004
High-straggler,JIT-APFRL,3407,73,0.0007589027467474807
High-straggler,JIT-APFRL,3407,74,0.0013501577253919096
High-straggler,JIT-APFRL,3407,75,0.0001453788107028231
High-straggler,JIT-APFRL,3407,76,0.0006259129440877587
High-straggler,JIT-APFRL,3407,77,0.001163299829204334
High-straggler,JIT-APFRL,3407,78,0.0007404445624160872
High-straggler,JIT-APFRL,3407,79,0.0007244375941809267
High-straggler,JIT-APFRL,3407,80,0.0013072250236291437
High-straggler,JIT-APFRL,3407,81,0.0004174135341600049
High-straggler,JIT-APFRL,3407,82,0.00044361752516124396
High-straggler,JIT-APFRL,3407,83,0.0006198112212587148
High-straggler,JIT-APFRL,3407,84,0.00016835196893225657
High-straggler,JIT-APFRL,3407,85,0.0007995880558155477
High-straggler,JIT-APFRL,3407,86,0.0008924559951992705
High-straggler,JIT-APFRL,3407,87,0.0014611229211368482
High-straggler,JIT-APFRL,3407,88,0.0004556476969810319
High-straggler,JIT-APFRL,3407,89,0.0020851993083851996
High-straggler,JIT-APFRL,3407,90,0.00015079554161729903
High-straggler,JIT-APFRL,3407,91,0.0017617611745379235
High-straggler,JIT-APFRL,3407,92,-0.00011019781281902396
High-straggler,JIT-APFRL,3407,93,0.00015413549699587746
High-straggler,JIT-APFRL,3407,94,0.002025562137714587
High-straggler,JIT-APFRL,3407,95,0.0017251917255634909
High-straggler,JIT-APFRL,3407,96,0.0013018648172874237
High-straggler,JIT-APFRL,3407,97,0.002224945346824825
High-straggler,JIT-APFRL,3407,98,0.002527702457155101
High-straggler,JIT-APFRL,3407,99,0.0006300011846178677
High-straggler,JIT-APFRL,3407,100,0.0016114116631797514
High-straggler,JIT-APFRL,3407,101,0.0016087425814475865
High-straggler,JIT-APFRL,3407,102,0.000608578051924269
High-straggler,JIT-APFRL,3407,103,0.0013841441988915904
High-straggler,JIT-APFRL,3407,104,0.000514916794054443
High-straggler,JIT-APFRL,3407,105,0.0024482375622028483
High-straggler,JIT-APFRL,3407,106,0.00037392234698927493
High-straggler,JIT-APFRL,3407,107,0.0004420255886770974
High-straggler,JIT-APFRL,3407,108,0.0021992856298311382
High-straggler,JIT-APFRL,3407,109,0.0011574039439437912
High-straggler,JIT-APFRL,3407,110,0.0015759278096084018
High-straggler,JIT-APFRL,3407,111,0.0023633301083464176
High-straggler,JIT-APFRL,3407,112,0.0009398203095770441
High-straggler,JIT-APFRL,3407,113,0.002300343108800007
High-straggler,JIT-APFRL,3407,114,0.0016891877399757504
High-straggler,JIT-APFRL,3407,115,0.0013303357052791398
High-straggler,JIT-APFRL,3407,116,0.003274327690814971
High-straggler,JIT-APFRL,3407,117,0.002090785656764638
High-straggler,JIT-APFRL,3407,118,0.0031327170523582025
High-straggler,JIT-APFRL,3407,119,0.00343771325860871
High-straggler,JIT-APFRL,3407,120,0.0006854734139778885
High-straggler,JIT-APFRL,3407,121,0.0015741217823233456
High-straggler,JIT-APFRL,3407,122,0.0012686142632446717
High-straggler,JIT-APFRL,3407,123,0.0031206990126520394
High-straggler,JIT-APFRL,3407,124,0.003145983658032492
High-straggler,JIT-APFRL,3407,125,0.0030329231543873903
High-straggler,JIT-APFRL,3407,126,0.0005478830338688567
High-straggler,JIT-APFRL,3407,127,0.003900647960108472
High-straggler,JIT-APFRL,3407,128,0.0031148077629040926
High-straggler,JIT-APFRL,3407,129,0.0008787096790911164
High-straggler,JIT-APFRL,3407,130,0.0010551696948823519
High-straggler,JIT-APFRL,3407,131,0.002083157176457462
High-straggler,JIT-APFRL,3407,132,0.003659888179390691
High-straggler,JIT-APFRL,3407,133,0.0034688130663198535
High-straggler,JIT-APFRL,3407,134,0.003039331812760793
High-straggler,JIT-APFRL,3407,135,0.002523576689418405
High-straggler,JIT-APFRL,3407,136,0.001519205876320484
High-straggler,JIT-APFRL,3407,137,0.0006046165100997314
High-straggler,JIT-APFRL,3407,138,0.0020925762386468706
High-straggler,JIT-APFRL,3407,139,0.0036271938844947725
High-straggler,JIT-APFRL,3407,140,0.0035901808572816663
High-straggler,JIT-APFRL,3407,141,0.0027200113428989424
High-straggler,JIT-APFRL,3407,142,0.0022682245275063907
High-straggler,JIT-APFRL,3407,143,0.004101360589993419
High-straggler,JIT-APFRL,3407,144,0.003588355693500489
High-straggler,JIT-APFRL,3407,145,0.0035537098343411343
High-straggler,JIT-APFRL,3407,146,0.0037791976748849264
High-straggler,JIT-APFRL,3407,147,0.0050604992255102845
High-straggler,JIT-APFRL,3407,148,0.003513165868935175
High-straggler,JIT-APFRL,3407,149,0.0025022586567502005
High-straggler,JIT-APFRL,3407,150,0.005168163961934624
High-straggler,JIT-APFRL,3407,151,0.004229568939445016
High-straggler,JIT-APFRL,3407,152,0.0026960902367136443
High-straggler,JIT-APFRL,3407,153,0.0027944326458964495
High-straggler,JIT-APFRL,3407,154,0.002623530468554236
High-straggler,JIT-APFRL,3407,155,0.0019257504871347919
High-straggler,JIT-APFRL,3407,156,0.00143430394527968
High-straggler,JIT-APFRL,3407,157,0.004539627966005355
High-straggler,JIT-APFRL,3407,158,0.0008423628176387865
High-straggler,JIT-APFRL,3407,159,0.0019844201451633126
High-straggler,JIT-APFRL,3407,160,0.004477392122498714
High-straggler,JIT-APFRL,3407,161,0.004143598722293973
High-straggler,JIT-APFRL,3407,162,0.0034406165912514554
High-straggler,JIT-APFRL,3407,163,0.003011410815815907
High-straggler,JIT-APFRL,3407,164,0.0021140643235412425
High-straggler,JIT-APFRL,3407,165,0.0016227670916123317
High-straggler,JIT-APFRL,3407,166,0.005580436327727511
High-straggler,JIT-APFRL,3407,167,0.004040466083097272
High-straggler,JIT-APFRL,3407,168,0.006557802998577245
High-straggler,JIT-APFRL,3407,169,0.004672949575615348
High-straggler,JIT-APFRL,3407,170,0.0014316878165118395
High-straggler,JIT-APFRL,3407,171,0.005084519811134669
High-straggler,JIT-APFRL,3407,172,0.004232243419392034
High-straggler,JIT-APFRL,3407,173,0.0033472755472757853
High-straggler,JIT-APFRL,3407,174,0.005459252081163868
High-straggler,JIT-APFRL,3407,175,0.005965230237779906
High-straggler,JIT-APFRL,3407,176,0.004279762286751065
High-straggler,JIT-APFRL,3407,177,0.0012698621590971015
High-straggler,JIT-APFRL,3407,178,0.001616810464838636
High-straggler,JIT-APFRL,3407,179,0.0015968698906362988
High-straggler,JIT-APFRL,3407,180,0.003594818884448614
High-straggler,JIT-APFRL,3407,181,0.004279794028843753
High-straggler,JIT-APFRL,3407,182,0.005228595190419583
High-straggler,JIT-APFRL,3407,183,0.002591513583320193
High-straggler,JIT-APFRL,3407,184,0.006814525636582402
High-straggler,JIT-APFRL,3407,185,0.0034889648748503534
High-straggler,JIT-APFRL,3407,186,0.0015869129681959748
High-straggler,JIT-APFRL,3407,187,0.003971466119401157
High-straggler,JIT-APFRL,3407,188,0.00430061845399905
High-straggler,JIT-APFRL,3407,189,0.004440905230876524
High-straggler,JIT-APFRL,3407,190,0.0024735914412303828
High-straggler,JIT-APFRL,3407,191,0.002906888888310277
High-straggler,JIT-APFRL,3407,192,0.006196632605860941
High-straggler,JIT-APFRL,3407,193,0.005129971968926839
High-straggler,JIT-APFRL,3407,194,0.007893711293581874
High-straggler,JIT-APFRL,3407,195,0.006585542447282933
High-straggler,JIT-APFRL,3407,196,0.006206965148157906
High-straggler,JIT-APFRL,3407,197,0.0033148752227134537
High-straggler,JIT-APFRL,3407,198,0.005328268514131196
High-straggler,JIT-APFRL,3407,199,0.005715948215220123
High-straggler,JIT-APFRL,3407,200,0.0034856035956181584
High-straggler,JIT-APFRL,3407,201,0.004244122402087669
High-straggler,JIT-APFRL,3407,202,0.004748805661438382
High-straggler,JIT-APFRL,3407,203,0.005892833519283158
High-straggler,JIT-APFRL,3407,204,0.004278295156836975
High-straggler,JIT-APFRL,3407,205,0.0011916986408323283
High-straggler,JIT-APFRL,3407,206,0.005876855697715655
High-straggler,JIT-APFRL,3407,207,0.00519468892889563
High-straggler,JIT-APFRL,3407,208,0.004732684924965725
High-straggler,JIT-APFRL,3407,209,0.004062826820882037
High-straggler,JIT-APFRL,3407,210,0.004158546267717611
High-straggler,JIT-APFRL,3407,211,0.004204297678313651
High-straggler,JIT-APFRL,3407,212,0.0057755615998758
High-straggler,JIT-APFRL,3407,213,0.002211486973101273
High-straggler,JIT-APFRL,3407,214,0.006141493546965649
High-straggler,JIT-APFRL,3407,215,0.004427716316422447
High-straggler,JIT-APFRL,3407,216,0.005047419352922589
High-straggler,JIT-APFRL,3407,217,0.0064997790697816525
High-straggler,JIT-APFRL,3407,218,0.005006288080130617
High-straggler,JIT-APFRL,3407,219,0.006167406518943608
High-straggler,JIT-APFRL,3407,220,0.006027305900352076
High-straggler,JIT-APFRL,3407,221,0.00501710209355224
High-straggler,JIT-APFRL,3407,222,0.007745938774314709
High-straggler,JIT-APFRL,3407,223,0.00549768861674238
High-straggler,JIT-APFRL,3407,224,0.004134832209092565
High-straggler,JIT-APFRL,3407,225,0.00610036487923935
High-straggler,JIT-APFRL,3407,226,0.008268362982198596
High-straggler,JIT-APFRL,3407,227,0.0058754138823132965
High-straggler,JIT-APFRL,3407,228,0.007274352009699214
High-straggler,JIT-APFRL,3407,229,0.006955060089239851
High-straggler,JIT-APFRL,3407,230,0.005299539816769538
High-straggler,JIT-APFRL,3407,231,0.003410926423384808
High-straggler,JIT-APFRL,3407,232,0.0031335071769717617
High-straggler,JIT-APFRL,3407,233,0.00555302918801317
High-straggler,JIT-APFRL,3407,234,0.004709591621394793
High-straggler,JIT-APFRL,3407,235,0.0029752621456282215
High-straggler,JIT-APFRL,3407,236,0.0024049333667790053
High-straggler,JIT-APFRL,3407,237,0.003513733577710809
High-straggler,JIT-APFRL,3407,238,0.006113671966159018
High-straggler,JIT-APFRL,3407,239,0.006220779386421782
High-straggler,JIT-APFRL,3407,240,0.003204044367885217
High-straggler,JIT-APFRL,3407,241,0.0037548369149590145
High-straggler,JIT-APFRL,3407,242,0.003626210236689076
High-straggler,JIT-APFRL,3407,243,0.005422974814428017
High-straggler,JIT-APFRL,3407,244,0.005166791679221206
High-straggler,JIT-APFRL,3407,245,0.004998161981347948
High-straggler,JIT-APFRL,3407,246,0.007083096692804247
High-straggler,JIT-APFRL,3407,247,0.007867857272503897
High-straggler,JIT-APFRL,3407,248,0.003911867101851385
High-straggler,JIT-APFRL,3407,249,0.004758628760464489
High-straggler,JIT-APFRL,3407,250,0.003813512437045574
High-straggler,JIT-APFRL,3407,251,0.005441527926450362
High-straggler,JIT-APFRL,3407,252,0.004256487207021565
High-straggler,JIT-APFRL,3407,253,0.004028801569074858
High-straggler,JIT-APFRL,3407,254,0.006106664965045638
High-straggler,JIT-APFRL,3407,255,0.007406486317631788
High-straggler,JIT-APFRL,3407,256,0.007443710815277882
High-straggler,JIT-APFRL,3407,257,0.004556204385880847
High-straggler,JIT-APFRL,3407,258,0.0039481098428950645
High-straggler,JIT-APFRL,3407,259,0.006191719094931614
High-straggler,JIT-APFRL,3407,260,0.0036191661412885877
High-straggler,JIT-APFRL,3407,261,0.0033125304253189825
High-straggler,JIT-APFRL,3407,262,0.004012603491719347
High-straggler,JIT-APFRL,3407,263,0.006184556808148045
High-straggler,JIT-APFRL,3407,264,0.0076887055125553164
High-straggler,JIT-APFRL,3407,265,0.00388426857534796
High-straggler,JIT-APFRL,3407,266,0.006256745688733645
High-straggler,JIT-APFRL,3407,267,0.005517166934441775
High-straggler,JIT-APFRL,3407,268,0.0016702432491001672
High-straggler,JIT-APFRL,3407,269,0.0052792498288908975
High-straggler,JIT-APFRL,3407,270,0.005507374115404673
High-straggler,JIT-APFRL,3407,271,0.004926208349934314
High-straggler,JIT-APFRL,3407,272,0.007766899548005313
High-straggler,JIT-APFRL,3407,273,0.005489000814850442
High-straggler,JIT-APFRL,3407,274,0.006677417022001464
High-straggler,JIT-APFRL,3407,275,0.005187576240859926
High-straggler,JIT-APFRL,3407,276,0.005506800345756346
High-straggler,JIT-APFRL,3407,277,0.0044312987825833264
High-straggler,JIT-APFRL,3407,278,0.0017634593416005373
High-straggler,JIT-APFRL,3407,279,0.004243154067080468
High-straggler,JIT-APFRL,3407,280,0.006047805798152695
High-straggler,JIT-APFRL,3407,281,0.006719474465353414
High-straggler,JIT-APFRL,3407,282,0.004569512521629804
High-straggler,JIT-APFRL,3407,283,0.006589372141752392
High-straggler,JIT-APFRL,3407,284,0.008641741733299568
High-straggler,JIT-APFRL,3407,285,0.004079749675292987
High-straggler,JIT-APFRL,3407,286,0.010240993750630877
High-straggler,JIT-APFRL,3407,287,0.006460196380794514
High-straggler,JIT-APFRL,3407,288,0.0037768499125377273
High-straggler,JIT-APFRL,3407,289,0.006824821641203016
High-straggler,JIT-APFRL,3407,290,0.006828569160643383
High-straggler,JIT-APFRL,3407,291,0.0038463955279439688
High-straggler,JIT-APFRL,3407,292,0.008108259824803099
High-straggler,JIT-APFRL,3407,293,0.004573078409885056
High-straggler,JIT-APFRL,3407,294,0.006393038606620394
High-straggler,JIT-APFRL,3407,295,0.002641960386245046
High-straggler,JIT-APFRL,3407,296,0.00652782405304606
High-straggler,JIT-APFRL,3407,297,0.005930226962664165
High-straggler,JIT-APFRL,3407,298,0.002919622033368796
High-straggler,JIT-APFRL,3407,299,0.005981083976166701
High-straggler,JIT-APFRL,3407,300,0.006248897095065331
High-straggler,JIT-APFRL,3407,301,0.004052251362008974
High-straggler,JIT-APFRL,3407,302,0.006584603851661086
High-straggler,JIT-APFRL,3407,303,0.006248869643968646
High-straggler,JIT-APFRL,3407,304,0.0037448303803103043
High-straggler,JIT-APFRL,3407,305,0.007303442948614247
High-straggler,JIT-APFRL,3407,306,0.007642745100747561
High-straggler,JIT-APFRL,3407,307,0.0064834323740797116
High-straggler,JIT-APFRL,3407,308,0.006514891533879563
High-straggler,JIT-APFRL,3407,309,0.0059354996425099674
High-straggler,JIT-APFRL,3407,310,0.004681210772832856
High-straggler,JIT-APFRL,3407,311,0.0038041909695493816
High-straggler,JIT-APFRL,3407,312,0.006852038216311485
High-straggler,JIT-APFRL,3407,313,0.0018395140737993642
High-straggler,JIT-APFRL,3407,314,0.0071642961403995285
High-straggler,JIT-APFRL,3407,315,0.009517349721863865
High-straggler,JIT-APFRL,3407,316,0.003508818527916446
High-straggler,JIT-APFRL,3407,317,0.0048059648614071195
High-straggler,JIT-APFRL,3407,318,0.005906479782424867
High-straggler,JIT-APFRL,3407,319,0.007625689904125465
High-straggler,JIT-APFRL,3407,320,0.007027515981462784
High-straggler,JIT-APFRL,3407,321,0.005117415515996981
High-straggler,JIT-APFRL,3407,322,0.0050188384775538
High-straggler,JIT-APFRL,3407,323,0.003824019350577146
High-straggler,JIT-APFRL,3407,324,0.006988817756064236
High-straggler,JIT-APFRL,3407,325,0.004973602635436692
High-straggler,JIT-APFRL,3407,326,0.0019790338126767894
High-straggler,JIT-APFRL,3407,327,0.005141636285407003
High-straggler,JIT-APFRL,3407,328,0.004540800242102705
High-straggler,JIT-APFRL,3407,329,0.006213993932760786
High-straggler,JIT-APFRL,3407,330,0.008620459935627878
High-straggler,JIT-APFRL,3407,331,0.006477933895075694
High-straggler,JIT-APFRL,3407,332,0.004721998834429542
High-straggler,JIT-APFRL,3407,333,0.006444177130470052
High-straggler,JIT-APFRL,3407,334,0.005049096223592642
High-straggler,JIT-APFRL,3407,335,0.0031154267315287145
High-straggler,JIT-APFRL,3407,336,0.004795478834421374
High-straggler,JIT-APFRL,3407,337,0.002533447978203185
High-straggler,JIT-APFRL,3407,338,0.006998329542693682
High-straggler,JIT-APFRL,3407,339,0.006467845896258951
High-straggler,JIT-APFRL,3407,340,0.003921724288738914
High-straggler,JIT-APFRL,3407,341,0.004536776395980269
High-straggler,JIT-APFRL,3407,342,0.0034313005409785545
High-straggler,JIT-APFRL,3407,343,0.007661111890047323
High-straggler,JIT-APFRL,3407,344,0.007037491780647542
High-straggler,JIT-APFRL,3407,345,0.006341317053011153
High-straggler,JIT-APFRL,3407,346,0.007786315734847449
High-straggler,JIT-APFRL,3407,347,0.005508915492100641
High-straggler,JIT-APFRL,3407,348,0.005438081550528296
High-straggler,JIT-APFRL,3407,349,0.007911275161313824
High-straggler,JIT-APFRL,3407,350,0.004871607989480253
High-straggler,JIT-APFRL,3407,351,0.005585746010183357
High-straggler,JIT-APFRL,3407,352,0.007047205399430823
High-straggler,JIT-APFRL,3407,353,0.0005062308671767823
High-straggler,JIT-APFRL,3407,354,0.004613107424302143
High-straggler,JIT-APFRL,3407,355,0.004460093687521293
High-straggler,JIT-APFRL,3407,356,0.006318053128779866
High-straggler,JIT-APFRL,3407,357,0.005809449338994454
High-straggler,JIT-APFRL,3407,358,0.0028677822832833045
High-straggler,JIT-APFRL,3407,359,0.004911744725541211
High-straggler,JIT-APFRL,3407,360,0.006898570575867779
High-straggler,JIT-APFRL,3407,361,0.008521465477679157
High-straggler,JIT-APFRL,3407,362,0.006007474328180251
High-straggler,JIT-APFRL,3407,363,0.005511518355342559
High-straggler,JIT-APFRL,3407,364,0.006016956218809355
High-straggler,JIT-APFRL,3407,365,0.0046286384509585336
High-straggler,JIT-APFRL,3407,366,0.005819736904231832
High-straggler,JIT-APFRL,3407,367,0.0037095462452271023
High-straggler,JIT-APFRL,3407,368,0.0027372537391784136
High-straggler,JIT-APFRL,3407,369,0.0026175112318014724
High-straggler,JIT-APFRL,3407,370,0.00738249259229633
High-straggler,JIT-APFRL,3407,371,0.0067489915134501645
High-straggler,JIT-APFRL,3407,372,0.003991123865125701
High-straggler,JIT-APFRL,3407,373,0.00715632143401308
High-straggler,JIT-APFRL,3407,374,0.0062164821865735576
High-straggler,JIT-APFRL,3407,375,0.007168940303381532
High-straggler,JIT-APFRL,3407,376,0.004239038671221352
High-straggler,JIT-APFRL,3407,377,0.006373297009849921
High-straggler,JIT-APFRL,3407,378,0.007228720060084015
High-straggler,JIT-APFRL,3407,379,0.00044260624854359777
High-straggler,JIT-APFRL,3407,380,0.004116646007241797
High-straggler,JIT-APFRL,3407,381,0.005860264599323273
High-straggler,JIT-APFRL,3407,382,0.005295030583511107
High-straggler,JIT-APFRL,3407,383,0.007199722644872964
High-straggler,JIT-APFRL,3407,384,0.0075515863252803685
High-straggler,JIT-APFRL,3407,385,0.007383054685851676
High-straggler,JIT-APFRL,3407,386,0.0013524934387532995
High-straggler,JIT-APFRL,3407,387,0.005264702664499054
High-straggler,JIT-APFRL,3407,388,0.005906820402015
High-straggler,JIT-APFRL,3407,389,0.001949249705648981
High-straggler,JIT-APFRL,3407,390,0.006782502283385838
High-straggler,JIT-APFRL,3407,391,0.0052640011785115345
High-straggler,JIT-APFRL,3407,392,0.00820561828877544
High-straggler,JIT-APFRL,3407,393,0.007519388497166801
High-straggler,JIT-APFRL,3407,394,0.0069348445103969425
High-straggler,JIT-APFRL,3407,395,0.0036893841752316803
High-straggler,JIT-APFRL,3407,396,0.004304560257151024
High-straggler,JIT-APFRL,3407,397,0.006185489799827337
High-straggler,JIT-APFRL,3407,398,0.010235869950702182
High-straggler,JIT-APFRL,3407,399,0.002937097601898131
High-straggler,JIT-APFRL,3407,400,0.005366786981903715
High-straggler,JIT-APFRL,4518,1,-4.1103721378021875e-05
High-straggler,JIT-APFRL,4518,2,0.00015171137347351759
High-straggler,JIT-APFRL,4518,3,0.0003957222946610273
High-straggler,JIT-APFRL,4518,4,-2.6206968550468444e-05
High-straggler,JIT-APFRL,4518,5,-7.611119144712575e-06
High-straggler,JIT-APFRL,4518,6,0.0002699709827538754
High-straggler,JIT-APFRL,4518,7,-0.00013014066316827667
High-straggler,JIT-APFRL,4518,8,0.00011837741367344279
High-straggler,JIT-APFRL,4518,9,0.00012704342825600178
High-straggler,JIT-APFRL,4518,10,0.00016980176769720856
High-straggler,JIT-APFRL,4518,11,-0.00014020612579770386
High-straggler,JIT-APFRL,4518,12,0.0004359380018286174
High-straggler,JIT-APFRL,4518,13,-2.6283631814294495e-05
High-straggler,JIT-APFRL,4518,14,0.00019627053261501716
High-straggler,JIT-APFRL,4518,15,0.0001599792201886885
High-straggler,JIT-APFRL,4518,16,0.0002876433340134099
High-straggler,JIT-APFRL,4518,17,-0.00039287175895879044
High-straggler,JIT-APFRL,4518,18,0.00014379620952240658
High-straggler,JIT-APFRL,4518,19,6.549885972049197e-05
High-straggler,JIT-APFRL,4518,20,0.0004505062781390734
High-straggler,JIT-APFRL,4518,21,-0.00039694975785096174
High-straggler,JIT-APFRL,4518,22,-0.0002771129529719474
High-straggler,JIT-APFRL,4518,23,-6.331689473881852e-05
High-straggler,JIT-APFRL,4518,24,-8.563834817323368e-05
High-straggler,JIT-APFRL,4518,25,-4.8383233479398766e-05
High-straggler,JIT-APFRL,4518,26,-0.0002604196259198943
High-straggler,JIT-APFRL,4518,27,0.00010761425455712015
High-straggler,JIT-APFRL,4518,28,-9.331878309239982e-05
High-straggler,JIT-APFRL,4518,29,6.914435798535123e-05
High-straggler,JIT-APFRL,4518,30,-0.0001440071460820036
High-straggler,JIT-APFRL,4518,31,0.0002853420257451944
High-straggler,JIT-APFRL,4518,32,1.3660553668159991e-05
High-straggler,JIT-APFRL,4518,33,0.00020557745433507079
High-straggler,JIT-APFRL,4518,34,0.00014712998436152702
High-straggler,JIT-APFRL,4518,35,0.00043745141592808066
High-straggler,JIT-APFRL,4518,36,0.0004120328318094835
High-straggler,JIT-APFRL,4518,37,5.394625686676591e-05
High-straggler,JIT-APFRL,4518,38,0.00032466234915773384
High-straggler,JIT-APFRL,4518,39,-0.00016385141570935958
High-straggler,JIT-APFRL,4518,40,0.00036386846622917803
High-straggler,JIT-APFRL,4518,41,0.00034634057137736816
High-straggler,JIT-APFRL,4518,42,0.00013433071471808945
High-straggler,JIT-APFRL,4518,43,-0.0002782139702731001
High-straggler,JIT-APFRL,4518,44,0.0003631124138337327
High-straggler,JIT-APFRL,4518,45,0.0003203803470171351
High-straggler,JIT-APFRL,4518,46,-2.1782996554975398e-05
High-straggler,JIT-APFRL,4518,47,0.000463941230555065
High-straggler,JIT-APFRL,4518,48,0.000288899353290617
High-straggler,JIT-APFRL,4518,49,0.00037223395229375457
High-straggler,JIT-APFRL,4518,50,0.0007289343904631096
High-straggler,JIT-APFRL,4518,51,0.00045019633980700744
High-straggler,JIT-APFRL,4518,52,-4.949868052790407e-05
High-straggler,JIT-APFRL,4518,53,-7.438322882080683e-05
High-straggler,JIT-APFRL,4518,54,0.00019677827003761195
High-straggler,JIT-APFRL,4518,55,0.0008337373441463569
High-straggler,JIT-APFRL,4518,56,-0.00028979383350815626
High-straggler,JIT-APFRL,4518,57,0.0007209623079404536
High-straggler,JIT-APFRL,4518,58,0.001525864313225611
High-straggler,JIT-APFRL,4518,59,5.812828876514686e-05
High-straggler,JIT-APFRL,4518,60,0.0007624672747624572
High-straggler,JIT-APFRL,4518,61,-3.0144120682962238e-05
High-straggler,JIT-APFRL,4518,62,2.3529352620244027e-05
High-straggler,JIT-APFRL,4518,63,-0.00016451751835120377
High-straggler,JIT-APFRL,4518,64,0.0007512417621910572
High-straggler,JIT-APFRL,4518,65,0.00042854222701862457
High-straggler,JIT-APFRL,4518,66,0.0005383447169151623
High-straggler,JIT-APFRL,4518,67,-0.00047373950637847885
High-straggler,JIT-APFRL,4518,68,0.0006413944720407017
High-straggler,JIT-APFRL,4518,69,0.0006923294407897629
High-straggler,JIT-APFRL,4518,70,0.0005168953661495834
High-straggler,JIT-APFRL,4518,71,0.000828998169163242
High-straggler,JIT-APFRL,4518,72,0.0006552886348799803
High-straggler,JIT-APFRL,4518,73,0.001438508729916066
High-straggler,JIT-APFRL,4518,74,0.0015104382116987835
High-straggler,JIT-APFRL,4518,75,0.0005416161278844811
High-straggler,JIT-APFRL,4518,76,0.0008426830063399393
High-straggler,JIT-APFRL,4518,77,0.001695483447474544
High-straggler,JIT-APFRL,4518,78,0.0005144870342519425
High-straggler,JIT-APFRL,4518,79,0.0012106165740988217
High-straggler,JIT-APFRL,4518,80,0.0006136956937552896
High-straggler,JIT-APFRL,4518,81,0.0006955657361686462
High-straggler,JIT-APFRL,4518,82,-0.0006486421261797659
High-straggler,JIT-APFRL,4518,83,0.0006898898398503661
High-straggler,JIT-APFRL,4518,84,0.0007159495202358812
High-straggler,JIT-APFRL,4518,85,0.0014098110084887594
High-straggler,JIT-APFRL,4518,86,0.0011089812964200974
High-straggler,JIT-APFRL,4518,87,0.0009661390067776665
High-straggler,JIT-APFRL,4518,88,0.00027542548214114503
High-straggler,JIT-APFRL,4518,89,0.0019348534602613653
High-straggler,JIT-APFRL,4518,90,0.001905215173610486
High-straggler,JIT-APFRL,4518,91,0.0012610692094312981
High-straggler,JIT-APFRL,4518,92,0.0011748107188850553
High-straggler,JIT-APFRL,4518,93,0.0003354094761334636
High-straggler,JIT-APFRL,4518,94,0.0018448370195983444
High-straggler,JIT-APFRL,4518,95,0.0013923149854235817
High-straggler,JIT-APFRL,4518,96,0.0017443049280700506
High-straggler,JIT-APFRL,4518,97,0.002146981953410432
High-straggler,JIT-APFRL,4518,98,0.0017510651516204235
High-straggler,JIT-APFRL,4518,99,0.0019205359094485175
High-straggler,JIT-APFRL,4518,100,0.0025887041781970767
High-straggler,JIT-APFRL,4518,101,-0.00019483454962028192
High-straggler,JIT-APFRL,4518,102,0.0013689804640307558
High-straggler,JIT-APFRL,4518,103,0.0018346795928664505
High-straggler,JIT-APFRL,4518,104,0.0016888801357708872
High-straggler,JIT-APFRL,4518,105,0.002227707628844655
High-straggler,JIT-APFRL,4518,106,0.0012349200347671284
High-straggler,JIT-APFRL,4518,107,0.0010585915128103808
High-straggler,JIT-APFRL,4518,108,0.0026054804839077406
High-straggler,JIT-APFRL,4518,109,0.0028207376977661624
High-straggler,JIT-APFRL,4518,110,0.0035391066121519543
High-straggler,JIT-APFRL,4518,111,0.0024105856286041672
High-straggler,JIT-APFRL,4518,112,0.0016981613298412412
High-straggler,JIT-APFRL,4518,113,0.0009228929256096307
High-straggler,JIT-APFRL,4518,114,0.000534969758882653
High-straggler,JIT-APFRL,4518,115,0.002148065299843438
High-straggler,JIT-APFRL,4518,116,0.0010230838903225957
High-straggler,JIT-APFRL,4518,117,0.002182193808403099
High-straggler,JIT-APFRL,4518,118,0.0030743527298909613
High-straggler,JIT-APFRL,4518,119,0.004802112930337899
High-straggler,JIT-APFRL,4518,120,0.0036757929956365842
High-straggler,JIT-APFRL,4518,121,0.002996122831609682
High-straggler,JIT-APFRL,4518,122,0.002712598632206209
High-straggler,JIT-APFRL,4518,123,-0.000778794013967854
High-straggler,JIT-APFRL,4518,124,0.001642726064528688
High-straggler,JIT-APFRL,4518,125,0.0022944051977901838
High-straggler,JIT-APFRL,4518,126,0.004413424537051469
High-straggler,JIT-APFRL,4518,127,0.004142916700220667
High-straggler,JIT-APFRL,4518,128,0.0007429995675920509
High-straggler,JIT-APFRL,4518,129,0.002593926087138243
High-straggler,JIT-APFRL,4518,130,0.0026922638644464314
High-straggler,JIT-APFRL,4518,131,0.001461815889342688
High-straggler,JIT-APFRL,4518,132,0.00253130491473712
High-straggler,JIT-APFRL,4518,133,0.0028310271271038802
High-straggler,JIT-APFRL,4518,134,0.0020009504056361037
High-straggler,JIT-APFRL,4518,135,0.0012889674166217447
High-straggler,JIT-APFRL,4518,136,0.0026941073272610085
High-straggler,JIT-APFRL,4518,137,0.004021845457464224
High-straggler,JIT-APFRL,4518,138,0.0041752000746782866
High-straggler,JIT-APFRL,4518,139,0.0020463305551857046
High-straggler,JIT-APFRL,4518,140,0.0031497416610363873
High-straggler,JIT-APFRL,4518,141,0.004492094278975856
High-straggler,JIT-APFRL,4518,142,0.00239936415637203
High-straggler,JIT-APFRL,4518,143,0.002186105814325856
High-straggler,JIT-APFRL,4518,144,0.0034063816180605498
High-straggler,JIT-APFRL,4518,145,0.003616652919140506
High-straggler,JIT-APFRL,4518,146,0.0023203277567517945
High-straggler,JIT-APFRL,4518,147,0.004245956087834202
High-straggler,JIT-APFRL,4518,148,0.0029420005765132375
High-straggler,JIT-APFRL,4518,149,0.002494535363803152
High-straggler,JIT-APFRL,4518,150,0.002876327349076746
High-straggler,JIT-APFRL,4518,151,0.005098162013746332
High-straggler,JIT-APFRL,4518,152,0.0017551166180055588
High-straggler,JIT-APFRL,4518,153,0.0027317748666973785
High-straggler,JIT-APFRL,4518,154,0.0037319859940907916
High-straggler,JIT-APFRL,4518,155,0.005090632751671364
High-straggler,JIT-APFRL,4518,156,0.0037902605850831605
High-straggler,JIT-APFRL,4518,157,0.0009951206480764085
High-straggler,JIT-APFRL,4518,158,0.005105122632812709
High-straggler,JIT-APFRL,4518,159,0.004409338560799369
High-straggler,JIT-APFRL,4518,160,-6.641873915214092e-05
High-straggler,JIT-APFRL,4518,161,0.00595543512608856
High-straggler,JIT-APFRL,4518,162,0.0024358178343391046
High-straggler,JIT-APFRL,4518,163,0.0033038541820133104
High-straggler,JIT-APFRL,4518,164,0.005063423622050323
High-straggler,JIT-APFRL,4518,165,0.004957559727154148
High-straggler,JIT-APFRL,4518,166,0.003562031520414166
High-straggler,JIT-APFRL,4518,167,0.004006914085766766
High-straggler,JIT-APFRL,4518,168,0.0010400888728327117
High-straggler,JIT-APFRL,4518,169,0.00403834311873652
High-straggler,JIT-APFRL,4518,170,0.003633108426583931
High-straggler,JIT-APFRL,4518,171,0.0037891839107032864
High-straggler,JIT-APFRL,4518,172,0.005024479733401676
High-straggler,JIT-APFRL,4518,173,0.003415892511839047
High-straggler,JIT-APFRL,4518,174,0.0026569649926386774
High-straggler,JIT-APFRL,4518,175,0.0054857974348124115
High-straggler,JIT-APFRL,4518,176,0.0031305858959967737
High-straggler,JIT-APFRL,4518,177,0.00576706638239557
High-straggler,JIT-APFRL,4518,178,0.0025200100819347425
High-straggler,JIT-APFRL,4518,179,0.0026481482727831462
High-straggler,JIT-APFRL,4518,180,0.0024300226112245584
High-straggler,JIT-APFRL,4518,181,0.005665442226745654
High-straggler,JIT-APFRL,4518,182,0.005581100131530547
High-straggler,JIT-APFRL,4518,183,0.006641552843211685
High-straggler,JIT-APFRL,4518,184,0.003844175153062679
High-straggler,JIT-APFRL,4518,185,0.004881438541633543
High-straggler,JIT-APFRL,4518,186,0.0024674303509527817
High-straggler,JIT-APFRL,4518,187,0.001955751032801345
High-straggler,JIT-APFRL,4518,188,0.005526637238654075
High-straggler,JIT-APFRL,4518,189,0.002530772798854741
High-straggler,JIT-APFRL,4518,190,0.0046982344865682535
High-straggler,JIT-APFRL,4518,191,0.006752963125472888
High-straggler,JIT-APFRL,4518,192,0.0035906651144614445
High-straggler,JIT-APFRL,4518,193,0.004464990407723235
High-straggler,JIT-APFRL,4518,194,0.005159984640340553
High-straggler,JIT-APFRL,4518,195,0.003797701033181511
High-straggler,JIT-APFRL,4518,196,0.003156310330814449
High-straggler,JIT-APFRL,4518,197,0.0051756153377937155
High-straggler,JIT-APFRL,4518,198,-0.00039293119334615767
High-straggler,JIT-APFRL,4518,199,0.0014822545712377178
High-straggler,JIT-APFRL,4518,200,0.004155853870179272
High-straggler,JIT-APFRL,4518,201,0.003640813317906577
High-straggler,JIT-APFRL,4518,202,0.004080819059163332
High-straggler,JIT-APFRL,4518,203,0.00422833452175837
High-straggler,JIT-APFRL,4518,204,0.00364457540345029
High-straggler,JIT-APFRL,4518,205,0.0037094996485393496
High-straggler,JIT-APFRL,4518,206,0.005687427848170046
High-straggler,JIT-APFRL,4518,207,0.004577280863304623
High-straggler,JIT-APFRL,4518,208,0.004440796317794593
High-straggler,JIT-APFRL,4518,209,0.005262647167546675
High-straggler,JIT-APFRL,4518,210,0.003092686689342372
High-straggler,JIT-APFRL,4518,211,0.005466472574335057
High-straggler,JIT-APFRL,4518,212,0.005555138142517535
High-straggler,JIT-APFRL,4518,213,0.00486617655842565
High-straggler,JIT-APFRL,4518,214,0.002502419755910523
High-straggler,JIT-APFRL,4518,215,0.00940800251555629
High-straggler,JIT-APFRL,4518,216,0.0031585673466906885
High-straggler,JIT-APFRL,4518,217,0.0064485054870601745
High-straggler,JIT-APFRL,4518,218,0.0013238378327514511
High-straggler,JIT-APFRL,4518,219,0.0041864451341098174
High-straggler,JIT-APFRL,4518,220,0.00587932791095227
High-straggler,JIT-APFRL,4518,221,0.005052456247722148
High-straggler,JIT-APFRL,4518,222,0.005050637910972
High-straggler,JIT-APFRL,4518,223,0.005067469971254468
High-straggler,JIT-APFRL,4518,224,0.004867250393726863
High-straggler,JIT-APFRL,4518,225,0.00393375748062681
High-straggler,JIT-APFRL,4518,226,0.0034614607808180153
High-straggler,JIT-APFRL,4518,227,0.004498653969494626
High-straggler,JIT-APFRL,4518,228,0.002746911917347461
High-straggler,JIT-APFRL,4518,229,0.005633806972764432
High-straggler,JIT-APFRL,4518,230,0.0035992761420175156
High-straggler,JIT-APFRL,4518,231,0.005064410949125886
High-straggler,JIT-APFRL,4518,232,0.002684337134996895
High-straggler,JIT-APFRL,4518,233,0.0025774159155844247
High-straggler,JIT-APFRL,4518,234,0.004581437322849524
High-straggler,JIT-APFRL,4518,235,0.007525368711503689
High-straggler,JIT-APFRL,4518,236,0.004847779456758872
High-straggler,JIT-APFRL,4518,237,0.004834485403262079
High-straggler,JIT-APFRL,4518,238,0.006901477646897547
High-straggler,JIT-APFRL,4518,239,0.0055055066630302464
High-straggler,JIT-APFRL,4518,240,0.005761458163033239
High-straggler,JIT-APFRL,4518,241,0.004765041294740513
High-straggler,JIT-APFRL,4518,242,0.008172109363658819
High-straggler,JIT-APFRL,4518,243,0.0044323697507934415
High-straggler,JIT-APFRL,4518,244,0.0031046417640141046
High-straggler,JIT-APFRL,4518,245,0.005642302321211901
High-straggler,JIT-APFRL,4518,246,0.007119336797040887
High-straggler,JIT-APFRL,4518,247,0.005740607171901502
High-straggler,JIT-APFRL,4518,248,0.0040445367674692536
High-straggler,JIT-APFRL,4518,249,0.004561095757526346
High-straggler,JIT-APFRL,4518,250,0.0042759802076034244
High-straggler,JIT-APFRL,4518,251,0.004933183445245959
High-straggler,JIT-APFRL,4518,252,0.008570714376401157
High-straggler,JIT-APFRL,4518,253,0.00463731377167278
High-straggler,JIT-APFRL,4518,254,0.007253651709470432
High-straggler,JIT-APFRL,4518,255,0.0032912887495513132
High-straggler,JIT-APFRL,4518,256,0.003700149691940169
High-straggler,JIT-APFRL,4518,257,0.006833229787298478
High-straggler,JIT-APFRL,4518,258,0.003872311011673446
High-straggler,JIT-APFRL,4518,259,0.00431544977473095
High-straggler,JIT-APFRL,4518,260,0.006795792254706612
High-straggler,JIT-APFRL,4518,261,0.005773972863971721
High-straggler,JIT-APFRL,4518,262,0.003938402343192138
High-straggler,JIT-APFRL,4518,263,0.006264499895041809
High-straggler,JIT-APFRL,4518,264,0.003589503894909285
High-straggler,JIT-APFRL,4518,265,0.0048147642752155665
High-straggler,JIT-APFRL,4518,266,0.004846104492025915
High-straggler,JIT-APFRL,4518,267,0.0035450204683002084
High-straggler,JIT-APFRL,4518,268,0.006250102460035123
High-straggler,JIT-APFRL,4518,269,0.003234215339762159
High-straggler,JIT-APFRL,4518,270,0.0032554014149354773
High-straggler,JIT-APFRL,4518,271,0.00557891783391824
High-straggler,JIT-APFRL,4518,272,0.005414815829135477
High-straggler,JIT-APFRL,4518,273,0.003876496368320659
High-straggler,JIT-APFRL,4518,274,0.005429020113297156
High-straggler,JIT-APFRL,4518,275,0.005588237061510881
High-straggler,JIT-APFRL,4518,276,0.003974499503965489
High-straggler,JIT-APFRL,4518,277,0.003814729884288681
High-straggler,JIT-APFRL,4518,278,0.004506061002757633
High-straggler,JIT-APFRL,4518,279,0.0022629581690125633
High-straggler,JIT-APFRL,4518,280,0.003820504734176211
High-straggler,JIT-APFRL,4518,281,0.00667924227018375
High-straggler,JIT-APFRL,4518,282,0.0064573349111014975
High-straggler,JIT-APFRL,4518,283,0.003839758672984317
High-straggler,JIT-APFRL,4518,284,0.003714980535005452
High-straggler,JIT-APFRL,4518,285,0.006727016346121673
High-straggler,JIT-APFRL,4518,286,0.0037367277225712316
High-straggler,JIT-APFRL,4518,287,0.005191956639691853
High-straggler,JIT-APFRL,4518,288,0.006293784291483462
High-straggler,JIT-APFRL,4518,289,0.0035861279029631987
High-straggler,JIT-APFRL,4518,290,0.0054948435994447205
High-straggler,JIT-APFRL,4518,291,0.004436290544435906
High-straggler,JIT-APFRL,4518,292,0.006523865206690971
High-straggler,JIT-APFRL,4518,293,0.00471261974889785
High-straggler,JIT-APFRL,4518,294,0.004989604486036114
High-straggler,JIT-APFRL,4518,295,0.007842708517273422
High-straggler,JIT-APFRL,4518,296,0.006782131578074768
High-straggler,JIT-APFRL,4518,297,0.004985812754603103
High-straggler,JIT-APFRL,4518,298,0.004760551644722
High-straggler,JIT-APFRL,4518,299,0.003829328919528052
High-straggler,JIT-APFRL,4518,300,0.0036791404243558647
High-straggler,JIT-APFRL,4518,301,0.005458314745919779
High-straggler,JIT-APFRL,4518,302,0.004959511183551512
High-straggler,JIT-APFRL,4518,303,0.004091438974137418
High-straggler,JIT-APFRL,4518,304,0.007167686874163337
High-straggler,JIT-APFRL,4518,305,0.008653259213315324
High-straggler,JIT-APFRL,4518,306,0.003533172403331264
High-straggler,JIT-APFRL,4518,307,0.004202186156908283
High-straggler,JIT-APFRL,4518,308,0.0029220569791505112
High-straggler,JIT-APFRL,4518,309,0.007938813345390372
High-straggler,JIT-APFRL,4518,310,0.0044605976996535904
High-straggler,JIT-APFRL,4518,311,0.0036468766193138435
High-straggler,JIT-APFRL,4518,312,0.005214314020849997
High-straggler,JIT-APFRL,4518,313,0.003759838829864748
High-straggler,JIT-APFRL,4518,314,0.0035961395988124423
High-straggler,JIT-APFRL,4518,315,0.0028190529199491722
High-straggler,JIT-APFRL,4518,316,0.0051347441665711814
High-straggler,JIT-APFRL,4518,317,0.004801188090641517
High-straggler,JIT-APFRL,4518,318,0.004914055817062035
High-straggler,JIT-APFRL,4518,319,0.004879849340068176
High-straggler,JIT-APFRL,4518,320,0.0043419470341177656
High-straggler,JIT-APFRL,4518,321,0.006099374154655379
High-straggler,JIT-APFRL,4518,322,0.0025234319211449472
High-straggler,JIT-APFRL,4518,323,0.002968773546308512
High-straggler,JIT-APFRL,4518,324,0.006131180762895383
High-straggler,JIT-APFRL,4518,325,0.004412606402183883
High-straggler,JIT-APFRL,4518,326,0.006732034936430864
High-straggler,JIT-APFRL,4518,327,0.006034710379208263
High-straggler,JIT-APFRL,4518,328,0.0022952627667109484
High-straggler,JIT-APFRL,4518,329,0.005816752622195054
High-straggler,JIT-APFRL,4518,330,0.005859730149677489
High-straggler,JIT-APFRL,4518,331,0.004242097516544164
High-straggler,JIT-APFRL,4518,332,0.006137821031734348
High-straggler,JIT-APFRL,4518,333,0.007176052589420579
High-straggler,JIT-APFRL,4518,334,0.0021094005776831183
High-straggler,JIT-APFRL,4518,335,0.003368727239285363
High-straggler,JIT-APFRL,4518,336,0.005064157984452322
High-straggler,JIT-APFRL,4518,337,0.002380706023541279
High-straggler,JIT-APFRL,4518,338,0.005668904021149501
High-straggler,JIT-APFRL,4518,339,0.006652053774450906
High-straggler,JIT-APFRL,4518,340,0.005741853611834813
High-straggler,JIT-APFRL,4518,341,0.0051453368316288104
High-straggler,JIT-APFRL,4518,342,0.00422292214633444
High-straggler,JIT-APFRL,4518,343,0.004735342151252553
High-straggler,JIT-APFRL,4518,344,0.004631821837392636
High-straggler,JIT-APFRL,4518,345,0.004805323862819932
High-straggler,JIT-APFRL,4518,346,0.003478208329761401
High-straggler,JIT-APFRL,4518,347,0.005439499003114179
High-straggler,JIT-APFRL,4518,348,0.004892104824830312
High-straggler,JIT-APFRL,4518,349,0.0026727815013146026
High-straggler,JIT-APFRL,4518,350,0.0025735559025633846
High-straggler,JIT-APFRL,4518,351,0.00571397312451154
High-straggler,JIT-APFRL,4518,352,0.0037514220435696187
High-straggler,JIT-APFRL,4518,353,0.008870254128123634
High-straggler,JIT-APFRL,4518,354,0.006638386455597356
High-straggler,JIT-APFRL,4518,355,0.005661872704513371
High-straggler,JIT-APFRL,4518,356,0.003729185201882501
High-straggler,JIT-APFRL,4518,357,0.004814053507288918
High-straggler,JIT-APFRL,4518,358,0.006692944007954793
High-straggler,JIT-APFRL,4518,359,0.00466059272584971
High-straggler,JIT-APFRL,4518,360,0.005630260141333565
High-straggler,JIT-APFRL,4518,361,0.0037409619719255714
High-straggler,JIT-APFRL,4518,362,0.006099382693355438
High-straggler,JIT-APFRL,4518,363,0.006012302737508435
High-straggler,JIT-APFRL,4518,364,0.004724052612436936
High-straggler,JIT-APFRL,4518,365,0.004182699776720256
High-straggler,JIT-APFRL,4518,366,0.005404870091297198
High-straggler,JIT-APFRL,4518,367,0.004232177262019831
High-straggler,JIT-APFRL,4518,368,0.00419210529726115
High-straggler,JIT-APFRL,4518,369,0.004250437724112999
High-straggler,JIT-APFRL,4518,370,0.00656750134903632
High-straggler,JIT-APFRL,4518,371,0.004890900768805296
High-straggler,JIT-APFRL,4518,372,0.005799173748528119
High-straggler,JIT-APFRL,4518,373,0.005377771369239781
High-straggler,JIT-APFRL,4518,374,0.006541345064761117
High-straggler,JIT-APFRL,4518,375,0.00286654258670751
High-straggler,JIT-APFRL,4518,376,0.005188709393405588
High-straggler,JIT-APFRL,4518,377,0.005023490333405789
High-straggler,JIT-APFRL,4518,378,0.004550726804882288
High-straggler,JIT-APFRL,4518,379,0.004610309301642701
High-straggler,JIT-APFRL,4518,380,0.0024758891318924724
High-straggler,JIT-APFRL,4518,381,0.0029352261350140906
High-straggler,JIT-APFRL,4518,382,0.005885254376335069
High-straggler,JIT-APFRL,4518,383,0.004508664680179209
High-straggler,JIT-APFRL,4518,384,0.002694192041690258
High-straggler,JIT-APFRL,4518,385,0.006790140969678759
High-straggler,JIT-APFRL,4518,386,0.007428635319229215
High-straggler,JIT-APFRL,4518,387,0.008121628027583937
High-straggler,JIT-APFRL,4518,388,0.006788343141670339
High-straggler,JIT-APFRL,4518,389,0.005855290377803612
High-straggler,JIT-APFRL,4518,390,0.005289683490991593
High-straggler,JIT-APFRL,4518,391,0.0042466650618735
High-straggler,JIT-APFRL,4518,392,0.003540315103600733
High-straggler,JIT-APFRL,4518,393,0.004970081313513219
High-straggler,JIT-APFRL,4518,394,0.004406228777952492
High-straggler,JIT-APFRL,4518,395,0.004971468268922763
High-straggler,JIT-APFRL,4518,396,0.00554285830585286
High-straggler,JIT-APFRL,4518,397,0.0058425857336260375
High-straggler,JIT-APFRL,4518,398,0.004452632405445911
High-straggler,JIT-APFRL,4518,399,0.002687833948584739
High-straggler,JIT-APFRL,4518,400,0.003092098918205011
High-straggler,JIT-APFRL,5629,1,2.6228664501104505e-05
High-straggler,JIT-APFRL,5629,2,0.00023841270685807104
High-straggler,JIT-APFRL,5629,3,0.0003385671236173948
High-straggler,JIT-APFRL,5629,4,0.00033122326967713887
High-straggler,JIT-APFRL,5629,5,3.3914391678990796e-05
High-straggler,JIT-APFRL,5629,6,0.00018811807258316547
High-straggler,JIT-APFRL,5629,7,0.00018622886473167454
High-straggler,JIT-APFRL,5629,8,-0.0005265486741336644
High-straggler,JIT-APFRL,5629,9,0.00018074357212753965
High-straggler,JIT-APFRL,5629,10,0.0003945776412365376
High-straggler,JIT-APFRL,5629,11,2.6153984435950406e-06
High-straggler,JIT-APFRL,5629,12,0.00011041951474908274
High-straggler,JIT-APFRL,5629,13,-8.609650467406027e-05
High-straggler,JIT-APFRL,5629,14,0.00016284691882901826
High-straggler,JIT-APFRL,5629,15,0.00010491532702872064
High-straggler,JIT-APFRL,5629,16,8.419018722634064e-05
High-straggler,JIT-APFRL,5629,17,-0.00018360237108936417
High-straggler,JIT-APFRL,5629,18,0.00010635073776938952
High-straggler,JIT-APFRL,5629,19,0.00017149686827906409
High-straggler,JIT-APFRL,5629,20,0.0004308463761844905
High-straggler,JIT-APFRL,5629,21,6.967758690734627e-05
High-straggler,JIT-APFRL,5629,22,0.0001914710177516099
High-straggler,JIT-APFRL,5629,23,-2.8709512207569787e-06
High-straggler,JIT-APFRL,5629,24,2.7814473151011042e-05
High-straggler,JIT-APFRL,5629,25,0.0003717434291502286
High-straggler,JIT-APFRL,5629,26,0.0003559040442269179
High-straggler,JIT-APFRL,5629,27,0.0002702862213482149
High-straggler,JIT-APFRL,5629,28,0.00021331926473067142
High-straggler,JIT-APFRL,5629,29,0.00028810977237299086
High-straggler,JIT-APFRL,5629,30,0.00031489255979977315
High-straggler,JIT-APFRL,5629,31,0.00032652535740567145
High-straggler,JIT-APFRL,5629,32,0.00011543708387762308
High-straggler,JIT-APFRL,5629,33,-0.00016192700859392063
High-straggler,JIT-APFRL,5629,34,0.0002293843062943779
High-straggler,JIT-APFRL,5629,35,0.00019576131180656375
High-straggler,JIT-APFRL,5629,36,0.00028863534475931374
High-straggler,JIT-APFRL,5629,37,-0.00018135603895643725
High-straggler,JIT-APFRL,5629,38,0.0008445979403912673
High-straggler,JIT-APFRL,5629,39,0.0003721586102983565
High-straggler,JIT-APFRL,5629,40,0.0007405529692732671
High-straggler,JIT-APFRL,5629,41,0.00032188503591896734
High-straggler,JIT-APFRL,5629,42,0.0002618912387333694
High-straggler,JIT-APFRL,5629,43,0.0003457240703937714
High-straggler,JIT-APFRL,5629,44,6.1034557438688354e-05
High-straggler,JIT-APFRL,5629,45,0.00012138808087911457
High-straggler,JIT-APFRL,5629,46,0.0012538276935629255
High-straggler,JIT-APFRL,5629,47,-8.814636603347026e-05
High-straggler,JIT-APFRL,5629,48,-0.0005949486583631369
High-straggler,JIT-APFRL,5629,49,-4.041724523631274e-05
High-straggler,JIT-APFRL,5629,50,-0.0003550517158146249
High-straggler,JIT-APFRL,5629,51,-0.000374646567797754
High-straggler,JIT-APFRL,5629,52,0.0006862625079520513
High-straggler,JIT-APFRL,5629,53,0.00029983755375724287
High-straggler,JIT-APFRL,5629,54,0.0004052994811900135
High-straggler,JIT-APFRL,5629,55,-0.0002263923015561886
High-straggler,JIT-APFRL,5629,56,-7.996520662345574e-06
High-straggler,JIT-APFRL,5629,57,-0.0003531284412019886
High-straggler,JIT-APFRL,5629,58,0.00036466746696532936
High-straggler,JIT-APFRL,5629,59,0.0005892468714591814
High-straggler,JIT-APFRL,5629,60,0.0003713731219249894
High-straggler,JIT-APFRL,5629,61,0.000596061657415703
High-straggler,JIT-APFRL,5629,62,0.00021309116691554665
High-straggler,JIT-APFRL,5629,63,-1.1455334821164342e-05
High-straggler,JIT-APFRL,5629,64,0.0005572170673985965
High-straggler,JIT-APFRL,5629,65,0.0004912433185381814
High-straggler,JIT-APFRL,5629,66,0.0006153330192319118
High-straggler,JIT-APFRL,5629,67,-0.00014856229072393034
High-straggler,JIT-APFRL,5629,68,0.00021100426947668894
High-straggler,JIT-APFRL,5629,69,0.000124661536392523
High-straggler,JIT-APFRL,5629,70,-0.00018469801307219313
High-straggler,JIT-APFRL,5629,71,0.0003941534348996356
High-straggler,JIT-APFRL,5629,72,0.0008991316923584236
High-straggler,JIT-APFRL,5629,73,0.0008520404506271006
High-straggler,JIT-APFRL,5629,74,-0.0001551907966586441
High-straggler,JIT-APFRL,5629,75,0.0007018117357802112
High-straggler,JIT-APFRL,5629,76,0.0006332447395493545
High-straggler,JIT-APFRL,5629,77,-4.74943924928084e-05
High-straggler,JIT-APFRL,5629,78,-0.0006486896788373997
High-straggler,JIT-APFRL,5629,79,0.0012382347580569331
High-straggler,JIT-APFRL,5629,80,0.00102669950138079
High-straggler,JIT-APFRL,5629,81,0.0009751233636052347
High-straggler,JIT-APFRL,5629,82,0.0007109614534783759
High-straggler,JIT-APFRL,5629,83,0.0010308254216852219
High-straggler,JIT-APFRL,5629,84,0.00016726155845390168
High-straggler,JIT-APFRL,5629,85,0.0007249857534134208
High-straggler,JIT-APFRL,5629,86,0.0006772452688892372
High-straggler,JIT-APFRL,5629,87,0.001003183384091244
High-straggler,JIT-APFRL,5629,88,0.0006479516014223918
High-straggler,JIT-APFRL,5629,89,0.00015992733751772902
High-straggler,JIT-APFRL,5629,90,0.000932780142466072
High-straggler,JIT-APFRL,5629,91,0.0009342172474134713
High-straggler,JIT-APFRL,5629,92,0.0013877215220418292
High-straggler,JIT-APFRL,5629,93,0.0015870528426603415
High-straggler,JIT-APFRL,5629,94,0.0020436737197087494
High-straggler,JIT-APFRL,5629,95,0.001972744995509856
High-straggler,JIT-APFRL,5629,96,0.00020660891859733966
High-straggler,JIT-APFRL,5629,97,0.000452162199326267
High-straggler,JIT-APFRL,5629,98,0.0012734871445445606
High-straggler,JIT-APFRL,5629,99,0.0015915241208858788
High-straggler,JIT-APFRL,5629,100,0.0013762581918854266
High-straggler,JIT-APFRL,5629,101,0.0014823539953795263
High-straggler,JIT-APFRL,5629,102,2.2697014355799183e-05
High-straggler,JIT-APFRL,5629,103,0.0015132633969187736
High-straggler,JIT-APFRL,5629,104,0.0011905747436685488
High-straggler,JIT-APFRL,5629,105,0.00048036109074018897
High-straggler,JIT-APFRL,5629,106,0.0011603592130995822
High-straggler,JIT-APFRL,5629,107,0.001952090737177059
High-straggler,JIT-APFRL,5629,108,0.0017640898902754997
High-straggler,JIT-APFRL,5629,109,0.0012031296251734601
High-straggler,JIT-APFRL,5629,110,0.0022964152842178008
High-straggler,JIT-APFRL,5629,111,0.0026388361266072025
High-straggler,JIT-APFRL,5629,112,0.00132599690623465
High-straggler,JIT-APFRL,5629,113,0.0034716249152552336
High-straggler,JIT-APFRL,5629,114,0.0009830776936723851
High-straggler,JIT-APFRL,5629,115,0.0017318113925284706
High-straggler,JIT-APFRL,5629,116,0.001752540812594816
High-straggler,JIT-APFRL,5629,117,0.0010076963990286458
High-straggler,JIT-APFRL,5629,118,0.004253525911190081
High-straggler,JIT-APFRL,5629,119,0.0021107051521539687
High-straggler,JIT-APFRL,5629,120,0.0023572637401230168
High-straggler,JIT-APFRL,5629,121,0.0024369604940147837
High-straggler,JIT-APFRL,5629,122,0.0016039467882364988
High-straggler,JIT-APFRL,5629,123,0.0032110927444591653
High-straggler,JIT-APFRL,5629,124,0.0015226543440803653
High-straggler,JIT-APFRL,5629,125,0.001014098861196544
High-straggler,JIT-APFRL,5629,126,0.0003491193758236477
High-straggler,JIT-APFRL,5629,127,0.0030618855678767433
High-straggler,JIT-APFRL,5629,128,0.0008276795657138792
High-straggler,JIT-APFRL,5629,129,0.0017512953803816345
High-straggler,JIT-APFRL,5629,130,9.618053445592523e-05
High-straggler,JIT-APFRL,5629,131,0.0018231724548968486
High-straggler,JIT-APFRL,5629,132,0.0029748636225122027
High-straggler,JIT-APFRL,5629,133,0.0032251611613901333
High-straggler,JIT-APFRL,5629,134,0.0017483119479948072
High-straggler,JIT-APFRL,5629,135,0.001296066881332081
High-straggler,JIT-APFRL,5629,136,0.0012928736232424853
High-straggler,JIT-APFRL,5629,137,0.002422873012255877
High-straggler,JIT-APFRL,5629,138,0.0017098258962505498
High-straggler,JIT-APFRL,5629,139,0.002962010761257261
High-straggler,JIT-APFRL,5629,140,0.0018336515480768868
High-straggler,JIT-APFRL,5629,141,0.005400734755676239
High-straggler,JIT-APFRL,5629,142,0.00212426308717113
High-straggler,JIT-APFRL,5629,143,0.0024049021769315003
High-straggler,JIT-APFRL,5629,144,0.0021366476590628735
High-straggler,JIT-APFRL,5629,145,0.0014519827818730846
High-straggler,JIT-APFRL,5629,146,0.0008291705686133355
High-straggler,JIT-APFRL,5629,147,0.0033665182563709095
High-straggler,JIT-APFRL,5629,148,0.0026211858275928535
High-straggler,JIT-APFRL,5629,149,0.004093993384958594
High-straggler,JIT-APFRL,5629,150,0.004693586293433328
High-straggler,JIT-APFRL,5629,151,0.0037767543668451252
High-straggler,JIT-APFRL,5629,152,0.004164415824925527
High-straggler,JIT-APFRL,5629,153,0.0037814846087712794
High-straggler,JIT-APFRL,5629,154,0.004337523048161529
High-straggler,JIT-APFRL,5629,155,0.002487530020880513
High-straggler,JIT-APFRL,5629,156,0.0024667761637829242
High-straggler,JIT-APFRL,5629,157,0.005604350107023493
High-straggler,JIT-APFRL,5629,158,0.002389548397695762
High-straggler,JIT-APFRL,5629,159,0.00478753379866248
High-straggler,JIT-APFRL,5629,160,0.003776471416131244
High-straggler,JIT-APFRL,5629,161,0.003993290933431126
High-straggler,JIT-APFRL,5629,162,0.004618187110463623
High-straggler,JIT-APFRL,5629,163,0.0035915275140723677
High-straggler,JIT-APFRL,5629,164,0.0038528283927007577
High-straggler,JIT-APFRL,5629,165,0.004219170915894211
High-straggler,JIT-APFRL,5629,166,0.0017616784592974
High-straggler,JIT-APFRL,5629,167,0.004325208955560811
High-straggler,JIT-APFRL,5629,168,0.005389983628992923
High-straggler,JIT-APFRL,5629,169,0.0026743094422272407
High-straggler,JIT-APFRL,5629,170,0.0042692201357567685
High-straggler,JIT-APFRL,5629,171,0.0027924628520850092
High-straggler,JIT-APFRL,5629,172,0.00535554337548092
High-straggler,JIT-APFRL,5629,173,0.0017041045241057873
High-straggler,JIT-APFRL,5629,174,0.0026102854871624
High-straggler,JIT-APFRL,5629,175,0.003226807588362135
High-straggler,JIT-APFRL,5629,176,0.004707421324565075
High-straggler,JIT-APFRL,5629,177,0.0037856209235997084
High-straggler,JIT-APFRL,5629,178,0.005308577643154422
High-straggler,JIT-APFRL,5629,179,0.004433977103690268
High-straggler,JIT-APFRL,5629,180,0.0029752333712622205
High-straggler,JIT-APFRL,5629,181,0.0048864884243812415
High-straggler,JIT-APFRL,5629,182,0.0037620346294716
High-straggler,JIT-APFRL,5629,183,0.004595564284318243
High-straggler,JIT-APFRL,5629,184,0.007380405603908002
High-straggler,JIT-APFRL,5629,185,0.005720430944347754
High-straggler,JIT-APFRL,5629,186,0.005566934772650712
High-straggler,JIT-APFRL,5629,187,0.0030221869863453323
High-straggler,JIT-APFRL,5629,188,0.0032395629154052586
High-straggler,JIT-APFRL,5629,189,0.0044988637826463675
High-straggler,JIT-APFRL,5629,190,0.0056565251754364
High-straggler,JIT-APFRL,5629,191,0.004097388847731054
High-straggler,JIT-APFRL,5629,192,0.006224582437425852
High-straggler,JIT-APFRL,5629,193,0.003231167569174431
High-straggler,JIT-APFRL,5629,194,0.004529229665058665
High-straggler,JIT-APFRL,5629,195,0.005119642787758494
High-straggler,JIT-APFRL,5629,196,0.0030535631565726364
High-straggler,JIT-APFRL,5629,197,0.002011151042825077
High-straggler,JIT-APFRL,5629,198,0.003198873555811588
High-straggler,JIT-APFRL,5629,199,0.0006618389306822792
High-straggler,JIT-APFRL,5629,200,0.0030471729318378494
High-straggler,JIT-APFRL,5629,201,0.0035972459125332536
High-straggler,JIT-APFRL,5629,202,0.0040107318171067165
High-straggler,JIT-APFRL,5629,203,0.003917827786062844
High-straggler,JIT-APFRL,5629,204,0.0029352260560699507
High-straggler,JIT-APFRL,5629,205,0.004264617283115513
High-straggler,JIT-APFRL,5629,206,0.00626173155469587
High-straggler,JIT-APFRL,5629,207,0.0059102723505930045
High-straggler,JIT-APFRL,5629,208,0.003935692093364196
High-straggler,JIT-APFRL,5629,209,0.0061364641034742816
High-straggler,JIT-APFRL,5629,210,0.003912757814396173
High-straggler,JIT-APFRL,5629,211,0.0024437762738671156
High-straggler,JIT-APFRL,5629,212,0.006499425693618832
High-straggler,JIT-APFRL,5629,213,0.004919744752987754
High-straggler,JIT-APFRL,5629,214,0.0036142807730357163
High-straggler,JIT-APFRL,5629,215,0.004792723132413812
High-straggler,JIT-APFRL,5629,216,0.006509676268251496
High-straggler,JIT-APFRL,5629,217,0.004502168146427721
High-straggler,JIT-APFRL,5629,218,0.0027636761238682083
High-straggler,JIT-APFRL,5629,219,0.0045991596249223225
High-straggler,JIT-APFRL,5629,220,0.005424806755036116
High-straggler,JIT-APFRL,5629,221,0.003660294009387144
High-straggler,JIT-APFRL,5629,222,0.006863215516204946
High-straggler,JIT-APFRL,5629,223,0.006034947346779518
High-straggler,JIT-APFRL,5629,224,0.0040278782704263
High-straggler,JIT-APFRL,5629,225,0.0050549556675832715
High-straggler,JIT-APFRL,5629,226,0.005754950443588314
High-straggler,JIT-APFRL,5629,227,0.005733059198428236
High-straggler,JIT-APFRL,5629,228,0.00527339465188561
High-straggler,JIT-APFRL,5629,229,0.006984710250981152
High-straggler,JIT-APFRL,5629,230,0.003906767495209351
High-straggler,JIT-APFRL,5629,231,0.0034990172509424154
High-straggler,JIT-APFRL,5629,232,0.005126548834959976
High-straggler,JIT-APFRL,5629,233,0.005148738669231534
High-straggler,JIT-APFRL,5629,234,0.0024022528901696204
High-straggler,JIT-APFRL,5629,235,0.003654796426417306
High-straggler,JIT-APFRL,5629,236,0.005311951618932653
High-straggler,JIT-APFRL,5629,237,0.001726248746854253
High-straggler,JIT-APFRL,5629,238,0.004439012607326731
High-straggler,JIT-APFRL,5629,239,0.007465010663145222
High-straggler,JIT-APFRL,5629,240,0.005940469354391098
High-straggler,JIT-APFRL,5629,241,0.004773645253590075
High-straggler,JIT-APFRL,5629,242,0.0022533828720042947
High-straggler,JIT-APFRL,5629,243,0.005629675586533267
High-straggler,JIT-APFRL,5629,244,0.002514310475089587
High-straggler,JIT-APFRL,5629,245,0.005928043125823024
High-straggler,JIT-APFRL,5629,246,0.00334379929699935
High-straggler,JIT-APFRL,5629,247,0.002229424640427169
High-straggler,JIT-APFRL,5629,248,0.0030101170705165714
High-straggler,JIT-APFRL,5629,249,0.007062477868748829
High-straggler,JIT-APFRL,5629,250,0.006627712026238441
High-straggler,JIT-APFRL,5629,251,0.005753445757727604
High-straggler,JIT-APFRL,5629,252,0.005732710278243758
High-straggler,JIT-APFRL,5629,253,0.004587027819070499
High-straggler,JIT-APFRL,5629,254,0.005275392447947525
High-straggler,JIT-APFRL,5629,255,0.005073003429060918
High-straggler,JIT-APFRL,5629,256,0.004525715933414176
High-straggler,JIT-APFRL,5629,257,0.004701519922673469
High-straggler,JIT-APFRL,5629,258,0.00667985645486624
High-straggler,JIT-APFRL,5629,259,0.004670098883798346
High-straggler,JIT-APFRL,5629,260,0.0001684027985902503
High-straggler,JIT-APFRL,5629,261,0.0044765776779968295
High-straggler,JIT-APFRL,5629,262,0.006018755453987978
High-straggler,JIT-APFRL,5629,263,0.0030561379564460365
High-straggler,JIT-APFRL,5629,264,0.0038900350889889525
High-straggler,JIT-APFRL,5629,265,0.004378257424104959
High-straggler,JIT-APFRL,5629,266,0.004168812818534207
High-straggler,JIT-APFRL,5629,267,0.004616280720802024
High-straggler,JIT-APFRL,5629,268,0.002489361970219761
High-straggler,JIT-APFRL,5629,269,0.0048408726768684575
High-straggler,JIT-APFRL,5629,270,0.0024491718446370213
High-straggler,JIT-APFRL,5629,271,0.005716890276380582
High-straggler,JIT-APFRL,5629,272,0.0042757140152389185
High-straggler,JIT-APFRL,5629,273,0.005832531370106153
High-straggler,JIT-APFRL,5629,274,0.004843213965068571
High-straggler,JIT-APFRL,5629,275,0.004881962327635847
High-straggler,JIT-APFRL,5629,276,0.0063898440799675885
High-straggler,JIT-APFRL,5629,277,0.0035372742800973355
High-straggler,JIT-APFRL,5629,278,0.003970098053105176
High-straggler,JIT-APFRL,5629,279,0.005384940900694346
High-straggler,JIT-APFRL,5629,280,0.005643330456223339
High-straggler,JIT-APFRL,5629,281,0.00838542116980534
High-straggler,JIT-APFRL,5629,282,0.002868009594385512
High-straggler,JIT-APFRL,5629,283,0.005345518409376382
High-straggler,JIT-APFRL,5629,284,0.005191893009759951
High-straggler,JIT-APFRL,5629,285,0.002497679111547768
High-straggler,JIT-APFRL,5629,286,0.005171497007836479
High-straggler,JIT-APFRL,5629,287,0.00571922154922504
High-straggler,JIT-APFRL,5629,288,0.004589567940274719
High-straggler,JIT-APFRL,5629,289,0.00498625842446927
High-straggler,JIT-APFRL,5629,290,0.0033538152754772456
High-straggler,JIT-APFRL,5629,291,0.0015095755217771512
High-straggler,JIT-APFRL,5629,292,0.004711042783310404
High-straggler,JIT-APFRL,5629,293,0.004332264458935242
High-straggler,JIT-APFRL,5629,294,0.005069979903055355
High-straggler,JIT-APFRL,5629,295,0.004765235775266774
High-straggler,JIT-APFRL,5629,296,0.0054555662616621705
High-straggler,JIT-APFRL,5629,297,0.0045171200508775655
High-straggler,JIT-APFRL,5629,298,0.004353606486256467
High-straggler,JIT-APFRL,5629,299,0.0044570927733730056
High-straggler,JIT-APFRL,5629,300,0.003904866395168938
High-straggler,JIT-APFRL,5629,301,0.008096035756170749
High-straggler,JIT-APFRL,5629,302,0.004203943499305751
High-straggler,JIT-APFRL,5629,303,0.006883348611881957
High-straggler,JIT-APFRL,5629,304,0.0052632315098890105
High-straggler,JIT-APFRL,5629,305,0.0036018027560203334
High-straggler,JIT-APFRL,5629,306,0.004834964258134278
High-straggler,JIT-APFRL,5629,307,0.00674942363784794
High-straggler,JIT-APFRL,5629,308,0.006294853624422103
High-straggler,JIT-APFRL,5629,309,0.005951209366321564
High-straggler,JIT-APFRL,5629,310,0.005484098901797551
High-straggler,JIT-APFRL,5629,311,0.004631527976016514
High-straggler,JIT-APFRL,5629,312,0.003931182099040598
High-straggler,JIT-APFRL,5629,313,0.005830754688940942
High-straggler,JIT-APFRL,5629,314,0.0058186097099678594
High-straggler,JIT-APFRL,5629,315,0.004944800218800083
High-straggler,JIT-APFRL,5629,316,0.003420156965148635
High-straggler,JIT-APFRL,5629,317,0.004900977539000451
High-straggler,JIT-APFRL,5629,318,0.005354122399580774
High-straggler,JIT-APFRL,5629,319,0.002933220527484082
High-straggler,JIT-APFRL,5629,320,0.006953516456997022
High-straggler,JIT-APFRL,5629,321,0.006057723746926058
High-straggler,JIT-APFRL,5629,322,0.005194508723798208
High-straggler,JIT-APFRL,5629,323,0.00562018126656767
High-straggler,JIT-APFRL,5629,324,0.006947576827951707
High-straggler,JIT-APFRL,5629,325,0.0048189576540607956
High-straggler,JIT-APFRL,5629,326,0.006699987560568843
High-straggler,JIT-APFRL,5629,327,0.002970284508774057
High-straggler,JIT-APFRL,5629,328,0.006581199193897191
High-straggler,JIT-APFRL,5629,329,0.0037090362908202223
High-straggler,JIT-APFRL,5629,330,0.004476520255411742
High-straggler,JIT-APFRL,5629,331,0.005092332715867088
High-straggler,JIT-APFRL,5629,332,0.00538465692079626
High-straggler,JIT-APFRL,5629,333,0.00563541853625793
High-straggler,JIT-APFRL,5629,334,0.004717312023421983
High-straggler,JIT-APFRL,5629,335,0.004051213208731497
High-straggler,JIT-APFRL,5629,336,0.003014445415465161
High-straggler,JIT-APFRL,5629,337,0.004808654240332544
High-straggler,JIT-APFRL,5629,338,0.005389793325593928
High-straggler,JIT-APFRL,5629,339,0.004453275995911099
High-straggler,JIT-APFRL,5629,340,0.0037657084612874314
High-straggler,JIT-APFRL,5629,341,0.0033257403923926177
High-straggler,JIT-APFRL,5629,342,0.0022002348967362197
High-straggler,JIT-APFRL,5629,343,0.00531517205236014
High-straggler,JIT-APFRL,5629,344,0.0052174802054651085
High-straggler,JIT-APFRL,5629,345,0.005417587416013702
High-straggler,JIT-APFRL,5629,346,0.003935170840122737
High-straggler,JIT-APFRL,5629,347,0.006262837746180594
High-straggler,JIT-APFRL,5629,348,0.007304421096341685
High-straggler,JIT-APFRL,5629,349,0.006716046029032441
High-straggler,JIT-APFRL,5629,350,0.005318985861958936
High-straggler,JIT-APFRL,5629,351,0.00411893724813126
High-straggler,JIT-APFRL,5629,352,0.0036529644055008246
High-straggler,JIT-APFRL,5629,353,0.007047999976202845
High-straggler,JIT-APFRL,5629,354,0.005446837178169517
High-straggler,JIT-APFRL,5629,355,0.007011210803466383
High-straggler,JIT-APFRL,5629,356,0.0036579814528522546
High-straggler,JIT-APFRL,5629,357,0.005982816376490519
High-straggler,JIT-APFRL,5629,358,0.005385326930263545
High-straggler,JIT-APFRL,5629,359,0.0052236156197977834
High-straggler,JIT-APFRL,5629,360,0.0017004035849822684
High-straggler,JIT-APFRL,5629,361,0.0015829367090191226
High-straggler,JIT-APFRL,5629,362,0.007617987518096924
High-straggler,JIT-APFRL,5629,363,0.0034970508160768075
High-straggler,JIT-APFRL,5629,364,0.004583470753277652
High-straggler,JIT-APFRL,5629,365,0.006184355946606957
High-straggler,JIT-APFRL,5629,366,0.0034704417921602726
High-straggler,JIT-APFRL,5629,367,0.0021414622227894143
High-straggler,JIT-APFRL,5629,368,0.005368037653533974
High-straggler,JIT-APFRL,5629,369,0.0046748541870329065
High-straggler,JIT-APFRL,5629,370,0.00473370187683031
High-straggler,JIT-APFRL,5629,371,0.00510131894989172
High-straggler,JIT-APFRL,5629,372,0.004129197667134576
High-straggler,JIT-APFRL,5629,373,0.007325646837125532
High-straggler,JIT-APFRL,5629,374,0.006105208111694083
High-straggler,JIT-APFRL,5629,375,0.005856378457974642
High-straggler,JIT-APFRL,5629,376,0.00494600641541183
High-straggler,JIT-APFRL,5629,377,0.003501120681175962
High-straggler,JIT-APFRL,5629,378,0.00864658744103508
High-straggler,JIT-APFRL,5629,379,0.005113026222898043
High-straggler,JIT-APFRL,5629,380,0.005902480069198646
High-straggler,JIT-APFRL,5629,381,0.005902787085506134
High-straggler,JIT-APFRL,5629,382,0.002697835658909753
High-straggler,JIT-APFRL,5629,383,0.005655077937990427
High-straggler,JIT-APFRL,5629,384,0.006271114424453117
High-straggler,JIT-APFRL,5629,385,0.007892018329584971
High-straggler,JIT-APFRL,5629,386,0.0053479095709917605
High-straggler,JIT-APFRL,5629,387,0.003462096913426649
High-straggler,JIT-APFRL,5629,388,0.004808261993457563
High-straggler,JIT-APFRL,5629,389,0.0021230997568636666
High-straggler,JIT-APFRL,5629,390,0.004899244464468211
High-straggler,JIT-APFRL,5629,391,0.00460771980942809
High-straggler,JIT-APFRL,5629,392,0.004728254393558018
High-straggler,JIT-APFRL,5629,393,0.002455376629222883
High-straggler,JIT-APFRL,5629,394,0.0048397178718005305
High-straggler,JIT-APFRL,5629,395,0.007314646092709154
High-straggler,JIT-APFRL,5629,396,0.005209545382240321
High-straggler,JIT-APFRL,5629,397,0.006205545493867248
High-straggler,JIT-APFRL,5629,398,0.005454597712378018
High-straggler,JIT-APFRL,5629,399,0.005772640718168987
High-straggler,JIT-APFRL,5629,400,0.00398916861449834
High-straggler,JIT-APFRL,6740,1,4.706367435574066e-05
High-straggler,JIT-APFRL,6740,2,0.00019954097360823652
High-straggler,JIT-APFRL,6740,3,-9.431251100977533e-05
High-straggler,JIT-APFRL,6740,4,-0.00020795218897546875
High-straggler,JIT-APFRL,6740,5,-3.855670693155844e-05
High-straggler,JIT-APFRL,6740,6,0.00012843782096751965
High-straggler,JIT-APFRL,6740,7,0.0005390269674535375
High-straggler,JIT-APFRL,6740,8,0.0004618352839315776
High-straggler,JIT-APFRL,6740,9,-1.3970494364912156e-05
High-straggler,JIT-APFRL,6740,10,0.0001777287719960441
High-straggler,JIT-APFRL,6740,11,-0.00016636087784718256
High-straggler,JIT-APFRL,6740,12,0.00012150588854638044
High-straggler,JIT-APFRL,6740,13,-8.732876012800262e-05
High-straggler,JIT-APFRL,6740,14,-8.646598707855447e-05
High-straggler,JIT-APFRL,6740,15,-5.3852803466725165e-05
High-straggler,JIT-APFRL,6740,16,-0.0003920988346806098
High-straggler,JIT-APFRL,6740,17,-3.7849629006814214e-05
High-straggler,JIT-APFRL,6740,18,2.990082502947189e-05
High-straggler,JIT-APFRL,6740,19,9.67281092016492e-05
High-straggler,JIT-APFRL,6740,20,0.00021011050121160223
High-straggler,JIT-APFRL,6740,21,-1.1862964106512663e-05
High-straggler,JIT-APFRL,6740,22,0.00020002478122478352
High-straggler,JIT-APFRL,6740,23,3.8493757892865686e-05
High-straggler,JIT-APFRL,6740,24,5.329067580532865e-05
High-straggler,JIT-APFRL,6740,25,-3.707803734869231e-05
High-straggler,JIT-APFRL,6740,26,0.00014947088970984623
High-straggler,JIT-APFRL,6740,27,8.942635686253198e-05
High-straggler,JIT-APFRL,6740,28,-0.0005018148738599848
High-straggler,JIT-APFRL,6740,29,0.0004371972231183463
High-straggler,JIT-APFRL,6740,30,0.00042746560066007076
High-straggler,JIT-APFRL,6740,31,0.00016969397347565973
High-straggler,JIT-APFRL,6740,32,0.00014886273493175395
High-straggler,JIT-APFRL,6740,33,0.0006073198856029194
High-straggler,JIT-APFRL,6740,34,-3.212617475583102e-05
High-straggler,JIT-APFRL,6740,35,0.0004218796753775678
High-straggler,JIT-APFRL,6740,36,0.00016199897322621837
High-straggler,JIT-APFRL,6740,37,0.0005320987434060953
High-straggler,JIT-APFRL,6740,38,0.0005051642550824908
High-straggler,JIT-APFRL,6740,39,0.0006623744382523
High-straggler,JIT-APFRL,6740,40,0.0007263961916351036
High-straggler,JIT-APFRL,6740,41,-7.170831640905817e-05
High-straggler,JIT-APFRL,6740,42,0.0007800141647749115
High-straggler,JIT-APFRL,6740,43,0.0003674020455946447
High-straggler,JIT-APFRL,6740,44,0.00023834987441659906
High-straggler,JIT-APFRL,6740,45,0.0007214982725145091
High-straggler,JIT-APFRL,6740,46,-0.0001335375345661305
High-straggler,JIT-APFRL,6740,47,0.0007588284042867599
High-straggler,JIT-APFRL,6740,48,0.00041135635801765603
High-straggler,JIT-APFRL,6740,49,0.0010300769801688148
High-straggler,JIT-APFRL,6740,50,0.0007223134582091007
High-straggler,JIT-APFRL,6740,51,0.000363561614358332
High-straggler,JIT-APFRL,6740,52,0.000730132486205548
High-straggler,JIT-APFRL,6740,53,-0.00013820581079926342
High-straggler,JIT-APFRL,6740,54,0.00023297696261579404
High-straggler,JIT-APFRL,6740,55,0.0004175618541012227
High-straggler,JIT-APFRL,6740,56,0.00011078001748501264
High-straggler,JIT-APFRL,6740,57,0.0011376502598977821
High-straggler,JIT-APFRL,6740,58,0.0006502849646494724
High-straggler,JIT-APFRL,6740,59,-0.00038590606563957406
High-straggler,JIT-APFRL,6740,60,0.0003549441582435975
High-straggler,JIT-APFRL,6740,61,-0.00010665172158041969
High-straggler,JIT-APFRL,6740,62,0.0007424102313962067
High-straggler,JIT-APFRL,6740,63,-0.0003283155219833134
High-straggler,JIT-APFRL,6740,64,0.0010540087900153595
High-straggler,JIT-APFRL,6740,65,0.0004735539587272797
High-straggler,JIT-APFRL,6740,66,0.000654183023789301
High-straggler,JIT-APFRL,6740,67,0.00064132995212276
High-straggler,JIT-APFRL,6740,68,0.0007966664968989789
High-straggler,JIT-APFRL,6740,69,0.00038970426539890467
High-straggler,JIT-APFRL,6740,70,0.000364981837446976
High-straggler,JIT-APFRL,6740,71,0.0012048413305819849
High-straggler,JIT-APFRL,6740,72,0.0007038741870019294
High-straggler,JIT-APFRL,6740,73,0.0012489296932471916
High-straggler,JIT-APFRL,6740,74,0.00165561761104982
High-straggler,JIT-APFRL,6740,75,0.00040123822473105977
High-straggler,JIT-APFRL,6740,76,0.0012524406163720414
High-straggler,JIT-APFRL,6740,77,0.001683914520071994
High-straggler,JIT-APFRL,6740,78,0.0013808452397825021
High-straggler,JIT-APFRL,6740,79,-0.00013399432282312773
High-straggler,JIT-APFRL,6740,80,0.0010538340407947543
High-straggler,JIT-APFRL,6740,81,0.00032465727053931914
High-straggler,JIT-APFRL,6740,82,0.001312501019128831
High-straggler,JIT-APFRL,6740,83,0.002138356348586967
High-straggler,JIT-APFRL,6740,84,0.0005427512318419758
High-straggler,JIT-APFRL,6740,85,0.0007746729423161014
High-straggler,JIT-APFRL,6740,86,0.0001985871058423072
High-straggler,JIT-APFRL,6740,87,0.00126639290165258
High-straggler,JIT-APFRL,6740,88,0.0012141138737206346
High-straggler,JIT-APFRL,6740,89,-0.0004658772624679841
High-straggler,JIT-APFRL,6740,90,0.0024591351514800406
High-straggler,JIT-APFRL,6740,91,0.0014244665911064657
High-straggler,JIT-APFRL,6740,92,0.0005344483155568014
High-straggler,JIT-APFRL,6740,93,0.0023426033396390265
High-straggler,JIT-APFRL,6740,94,0.0027383152355469065
High-straggler,JIT-APFRL,6740,95,0.0015520931672654114
High-straggler,JIT-APFRL,6740,96,0.0012553649066830985
High-straggler,JIT-APFRL,6740,97,0.00177572457032511
High-straggler,JIT-APFRL,6740,98,0.0029681562163204945
High-straggler,JIT-APFRL,6740,99,0.0011110694642411545
High-straggler,JIT-APFRL,6740,100,0.0011536470978171566
High-straggler,JIT-APFRL,6740,101,0.0012613098657311638
High-straggler,JIT-APFRL,6740,102,0.00152548750556889
High-straggler,JIT-APFRL,6740,103,0.0008212734916014597
High-straggler,JIT-APFRL,6740,104,0.00041471213585282386
High-straggler,JIT-APFRL,6740,105,0.002744890247413423
High-straggler,JIT-APFRL,6740,106,0.0005956267399596981
High-straggler,JIT-APFRL,6740,107,0.0013892732498788974
High-straggler,JIT-APFRL,6740,108,0.002600205843918957
High-straggler,JIT-APFRL,6740,109,0.0003095139320066664
High-straggler,JIT-APFRL,6740,110,0.0026430736241309207
High-straggler,JIT-APFRL,6740,111,0.003323418184663751
High-straggler,JIT-APFRL,6740,112,0.003581626144296024
High-straggler,JIT-APFRL,6740,113,0.0014112043087152414
High-straggler,JIT-APFRL,6740,114,0.0029753295675618574
High-straggler,JIT-APFRL,6740,115,0.002356886598863639
High-straggler,JIT-APFRL,6740,116,0.0020705324015580116
High-straggler,JIT-APFRL,6740,117,0.0032380035059759392
High-straggler,JIT-APFRL,6740,118,0.0029214026842964815
High-straggler,JIT-APFRL,6740,119,0.0026770780386868864
High-straggler,JIT-APFRL,6740,120,0.002869090676540509
High-straggler,JIT-APFRL,6740,121,0.0035121752705890687
High-straggler,JIT-APFRL,6740,122,0.0025746738218003886
High-straggler,JIT-APFRL,6740,123,0.0034702129778452218
High-straggler,JIT-APFRL,6740,124,0.002269526181044057
High-straggler,JIT-APFRL,6740,125,0.0014430129798711278
High-straggler,JIT-APFRL,6740,126,0.0027895882085431367
High-straggler,JIT-APFRL,6740,127,0.002039935668290127
High-straggler,JIT-APFRL,6740,128,0.004308178491191939
High-straggler,JIT-APFRL,6740,129,0.0034090655797626825
High-straggler,JIT-APFRL,6740,130,0.0025445774663239717
High-straggler,JIT-APFRL,6740,131,0.002512083374313079
High-straggler,JIT-APFRL,6740,132,0.0032611954501930995
High-straggler,JIT-APFRL,6740,133,0.003346814343240112
High-straggler,JIT-APFRL,6740,134,0.002671567264769692
High-straggler,JIT-APFRL,6740,135,0.002541027654660866
High-straggler,JIT-APFRL,6740,136,0.004072807947886758
High-straggler,JIT-APFRL,6740,137,0.000569737505793455
High-straggler,JIT-APFRL,6740,138,0.0042013841564767064
High-straggler,JIT-APFRL,6740,139,0.002073213037510868
High-straggler,JIT-APFRL,6740,140,0.002169336240331177
High-straggler,JIT-APFRL,6740,141,0.003970218272297643
High-straggler,JIT-APFRL,6740,142,0.000767119973897934
High-straggler,JIT-APFRL,6740,143,0.001774800105340546
High-straggler,JIT-APFRL,6740,144,0.004062064092431683
High-straggler,JIT-APFRL,6740,145,0.0028637505078222603
High-straggler,JIT-APFRL,6740,146,0.0047352310095448045
High-straggler,JIT-APFRL,6740,147,0.003467005518359656
High-straggler,JIT-APFRL,6740,148,0.003517504403134808
High-straggler,JIT-APFRL,6740,149,0.005144876525173458
High-straggler,JIT-APFRL,6740,150,0.002624363214999903
High-straggler,JIT-APFRL,6740,151,0.003975321260804776
High-straggler,JIT-APFRL,6740,152,0.0015010690432973206
High-straggler,JIT-APFRL,6740,153,0.004495965413298109
High-straggler,JIT-APFRL,6740,154,0.0043022172030759975
High-straggler,JIT-APFRL,6740,155,0.0023676832497585565
High-straggler,JIT-APFRL,6740,156,0.005150540545582771
High-straggler,JIT-APFRL,6740,157,0.0005926078072661766
High-straggler,JIT-APFRL,6740,158,0.005413614136341493
High-straggler,JIT-APFRL,6740,159,0.005141040377202444
High-straggler,JIT-APFRL,6740,160,0.0030396708260468585
High-straggler,JIT-APFRL,6740,161,0.002615517129015643
High-straggler,JIT-APFRL,6740,162,0.0037141165732464286
High-straggler,JIT-APFRL,6740,163,0.0028279351819946895
High-straggler,JIT-APFRL,6740,164,0.007222217075468507
High-straggler,JIT-APFRL,6740,165,0.005272936703113374
High-straggler,JIT-APFRL,6740,166,0.00432837491389364
High-straggler,JIT-APFRL,6740,167,0.005456470692297444
High-straggler,JIT-APFRL,6740,168,0.004975937110430095
High-straggler,JIT-APFRL,6740,169,0.003968392802926246
High-straggler,JIT-APFRL,6740,170,0.005049288556620013
High-straggler,JIT-APFRL,6740,171,0.007479988958220929
High-straggler,JIT-APFRL,6740,172,0.0033466414985014125
High-straggler,JIT-APFRL,6740,173,0.00396258702603518
High-straggler,JIT-APFRL,6740,174,0.003609334458087687
High-straggler,JIT-APFRL,6740,175,0.0020031902378832454
High-straggler,JIT-APFRL,6740,176,0.004925813054433093
High-straggler,JIT-APFRL,6740,177,0.00327888852043543
High-straggler,JIT-APFRL,6740,178,0.002012380998348817
High-straggler,JIT-APFRL,6740,179,0.004380374675383792
High-straggler,JIT-APFRL,6740,180,0.00709619124445453
High-straggler,JIT-APFRL,6740,181,0.0034662655627471393
High-straggler,JIT-APFRL,6740,182,0.006667045049834996
High-straggler,JIT-APFRL,6740,183,0.003284682412049733
High-straggler,JIT-APFRL,6740,184,0.006273890525335446
High-straggler,JIT-APFRL,6740,185,0.00609360437374562
High-straggler,JIT-APFRL,6740,186,0.004826230430626311
High-straggler,JIT-APFRL,6740,187,0.004879394892486744
High-straggler,JIT-APFRL,6740,188,0.004841625364497304
High-straggler,JIT-APFRL,6740,189,0.005719716810563114
High-straggler,JIT-APFRL,6740,190,0.003478561065276153
High-straggler,JIT-APFRL,6740,191,0.005001086457627935
High-straggler,JIT-APFRL,6740,192,0.0018132920551579446
High-straggler,JIT-APFRL,6740,193,0.00380200614745263
High-straggler,JIT-APFRL,6740,194,0.003987072246764001
High-straggler,JIT-APFRL,6740,195,0.005705279228277504
High-straggler,JIT-APFRL,6740,196,0.007988488615956158
High-straggler,JIT-APFRL,6740,197,0.004667573381448164
High-straggler,JIT-APFRL,6740,198,0.004102205621893518
High-straggler,JIT-APFRL,6740,199,0.004634180292487145
High-straggler,JIT-APFRL,6740,200,0.0024871144385542722
High-straggler,JIT-APFRL,6740,201,0.005100953413057141
High-straggler,JIT-APFRL,6740,202,0.0052645368836238046
High-straggler,JIT-APFRL,6740,203,0.0037816647440195084
High-straggler,JIT-APFRL,6740,204,0.005954634200315922
High-straggler,JIT-APFRL,6740,205,0.006151995020445611
High-straggler,JIT-APFRL,6740,206,0.003131418611155823
High-straggler,JIT-APFRL,6740,207,0.004248959066171665
High-straggler,JIT-APFRL,6740,208,0.001552597011323087
High-straggler,JIT-APFRL,6740,209,0.004415254377272504
High-straggler,JIT-APFRL,6740,210,0.006109511409886181
High-straggler,JIT-APFRL,6740,211,0.0038457378541352227
High-straggler,JIT-APFRL,6740,212,0.0041254348529037085
High-straggler,JIT-APFRL,6740,213,0.003946469252696261
High-straggler,JIT-APFRL,6740,214,0.005154510753345676
High-straggler,JIT-APFRL,6740,215,0.005439720940830739
High-straggler,JIT-APFRL,6740,216,0.0029113581709680147
High-straggler,JIT-APFRL,6740,217,0.0032847414593561554
High-straggler,JIT-APFRL,6740,218,0.0037038240407127887
High-straggler,JIT-APFRL,6740,219,0.006001948154334968
High-straggler,JIT-APFRL,6740,220,0.0030279821199655998
High-straggler,JIT-APFRL,6740,221,0.0025283022892836015
High-straggler,JIT-APFRL,6740,222,0.004944872809574008
High-straggler,JIT-APFRL,6740,223,0.003101108197006397
High-straggler,JIT-APFRL,6740,224,0.0015920557751087471
High-straggler,JIT-APFRL,6740,225,0.0030269198905443773
High-straggler,JIT-APFRL,6740,226,0.0054490933136548845
High-straggler,JIT-APFRL,6740,227,0.004104414372704923
High-straggler,JIT-APFRL,6740,228,0.007074338170787087
High-straggler,JIT-APFRL,6740,229,0.00520291174761951
High-straggler,JIT-APFRL,6740,230,0.0015309521520975977
High-straggler,JIT-APFRL,6740,231,0.003978184801599127
High-straggler,JIT-APFRL,6740,232,0.005154849783866666
High-straggler,JIT-APFRL,6740,233,0.006421297148335725
High-straggler,JIT-APFRL,6740,234,0.00812913725967519
High-straggler,JIT-APFRL,6740,235,0.006233308365335688
High-straggler,JIT-APFRL,6740,236,0.0051401606522404105
High-straggler,JIT-APFRL,6740,237,0.004335831187199801
High-straggler,JIT-APFRL,6740,238,0.004297816158214118
High-straggler,JIT-APFRL,6740,239,0.005075332871638238
High-straggler,JIT-APFRL,6740,240,0.003023338969796896
High-straggler,JIT-APFRL,6740,241,0.005024537991266698
High-straggler,JIT-APFRL,6740,242,0.006331807383685373
High-straggler,JIT-APFRL,6740,243,0.0064163934934185814
High-straggler,JIT-APFRL,6740,244,0.002473810462106485
High-straggler,JIT-APFRL,6740,245,0.006163964502047747
High-straggler,JIT-APFRL,6740,246,0.008535845317237545
High-straggler,JIT-APFRL,6740,247,0.00569290281564463
High-straggler,JIT-APFRL,6740,248,0.005136498421779834
High-straggler,JIT-APFRL,6740,249,0.004973969078037044
High-straggler,JIT-APFRL,6740,250,0.006436430000758264
High-straggler,JIT-APFRL,6740,251,0.0037132446886971593
High-straggler,JIT-APFRL,6740,252,0.00450807422894286
High-straggler,JIT-APFRL,6740,253,0.005146182383759879
High-straggler,JIT-APFRL,6740,254,0.004291220111190342
High-straggler,JIT-APFRL,6740,255,0.005644644061976578
High-straggler,JIT-APFRL,6740,256,0.001513876687749871
High-straggler,JIT-APFRL,6740,257,0.0010920391927356833
High-straggler,JIT-APFRL,6740,258,0.00737914185738191
High-straggler,JIT-APFRL,6740,259,0.0029318392402274186
High-straggler,JIT-APFRL,6740,260,0.007143304648343474
High-straggler,JIT-APFRL,6740,261,0.007676504206756363
High-straggler,JIT-APFRL,6740,262,0.004329814342781901
High-straggler,JIT-APFRL,6740,263,0.004523816334403819
High-straggler,JIT-APFRL,6740,264,0.004120004626747687
High-straggler,JIT-APFRL,6740,265,0.005673739852500148
High-straggler,JIT-APFRL,6740,266,0.00568675572576467
High-straggler,JIT-APFRL,6740,267,0.00558184755500406
High-straggler,JIT-APFRL,6740,268,0.004167896977742202
High-straggler,JIT-APFRL,6740,269,0.002870910130440052
High-straggler,JIT-APFRL,6740,270,0.004547485896910075
High-straggler,JIT-APFRL,6740,271,0.005085319632655683
High-straggler,JIT-APFRL,6740,272,0.005007298596319742
High-straggler,JIT-APFRL,6740,273,0.00786147522740066
High-straggler,JIT-APFRL,6740,274,0.0071973065729253
High-straggler,JIT-APFRL,6740,275,0.003006798373826314
High-straggler,JIT-APFRL,6740,276,0.004349429620197043
High-straggler,JIT-APFRL,6740,277,0.005791381243761861
High-straggler,JIT-APFRL,6740,278,0.004008858575252816
High-straggler,JIT-APFRL,6740,279,0.007010298996465281
High-straggler,JIT-APFRL,6740,280,0.004776056803530082
High-straggler,JIT-APFRL,6740,281,0.010227457527071238
High-straggler,JIT-APFRL,6740,282,0.005801785993389786
High-straggler,JIT-APFRL,6740,283,0.0055707436069496906
High-straggler,JIT-APFRL,6740,284,0.006511457182932645
High-straggler,JIT-APFRL,6740,285,0.008029998674464878
High-straggler,JIT-APFRL,6740,286,0.006090469533228315
High-straggler,JIT-APFRL,6740,287,0.00566882366547361
High-straggler,JIT-APFRL,6740,288,0.005417610745644197
High-straggler,JIT-APFRL,6740,289,0.006979245500770048
High-straggler,JIT-APFRL,6740,290,0.006497542381111998
High-straggler,JIT-APFRL,6740,291,0.0038671798050927465
High-straggler,JIT-APFRL,6740,292,0.003095400324309594
High-straggler,JIT-APFRL,6740,293,0.004586308721627574
High-straggler,JIT-APFRL,6740,294,0.006234561852761544
High-straggler,JIT-APFRL,6740,295,0.004642506423260783
High-straggler,JIT-APFRL,6740,296,0.00375585196816246
High-straggler,JIT-APFRL,6740,297,0.0063334175516502
High-straggler,JIT-APFRL,6740,298,0.0026724946465037647
High-straggler,JIT-APFRL,6740,299,0.0032232224017207044
High-straggler,JIT-APFRL,6740,300,0.005748575867619366
High-straggler,JIT-APFRL,6740,301,0.005210509269090835
High-straggler,JIT-APFRL,6740,302,0.007854828354902565
High-straggler,JIT-APFRL,6740,303,0.007353565777884796
High-straggler,JIT-APFRL,6740,304,0.003626454054028727
High-straggler,JIT-APFRL,6740,305,0.009120624948991463
High-straggler,JIT-APFRL,6740,306,0.0035960076653282157
High-straggler,JIT-APFRL,6740,307,0.005408976512990193
High-straggler,JIT-APFRL,6740,308,0.0033308066180325114
High-straggler,JIT-APFRL,6740,309,0.0034106226143194363
High-straggler,JIT-APFRL,6740,310,0.0032753670966485515
High-straggler,JIT-APFRL,6740,311,0.00595311341166962
High-straggler,JIT-APFRL,6740,312,0.005500476711631563
High-straggler,JIT-APFRL,6740,313,0.0017372719299601157
High-straggler,JIT-APFRL,6740,314,0.006069067244879989
High-straggler,JIT-APFRL,6740,315,0.003796478825097438
High-straggler,JIT-APFRL,6740,316,0.004813756802468561
High-straggler,JIT-APFRL,6740,317,0.002929010771913454
High-straggler,JIT-APFRL,6740,318,0.006377679129946046
High-straggler,JIT-APFRL,6740,319,0.0029701969207962973
High-straggler,JIT-APFRL,6740,320,0.0029265738849062473
High-straggler,JIT-APFRL,6740,321,0.006782195111736655
High-straggler,JIT-APFRL,6740,322,0.005334098293678835
High-straggler,JIT-APFRL,6740,323,0.005151831661351025
High-straggler,JIT-APFRL,6740,324,0.004159052524482831
High-straggler,JIT-APFRL,6740,325,0.004693163011688739
High-straggler,JIT-APFRL,6740,326,0.008015371370129287
High-straggler,JIT-APFRL,6740,327,0.0065003089406673095
High-straggler,JIT-APFRL,6740,328,0.004311329571646638
High-straggler,JIT-APFRL,6740,329,0.006649599535739981
High-straggler,JIT-APFRL,6740,330,0.005688190428190865
High-straggler,JIT-APFRL,6740,331,0.003982198678568238
High-straggler,JIT-APFRL,6740,332,0.006254472798900679
High-straggler,JIT-APFRL,6740,333,0.00961183939507464
High-straggler,JIT-APFRL,6740,334,0.002066954025940504
High-straggler,JIT-APFRL,6740,335,0.006742165662581101
High-straggler,JIT-APFRL,6740,336,0.006691035226685927
High-straggler,JIT-APFRL,6740,337,0.003977491885507334
High-straggler,JIT-APFRL,6740,338,0.007459941389970482
High-straggler,JIT-APFRL,6740,339,0.004500004023429938
High-straggler,JIT-APFRL,6740,340,0.00313569120480679
High-straggler,JIT-APFRL,6740,341,0.004633435164578259
High-straggler,JIT-APFRL,6740,342,0.0044152433027193185
High-straggler,JIT-APFRL,6740,343,0.008530977682676166
High-straggler,JIT-APFRL,6740,344,0.003252709198204684
High-straggler,JIT-APFRL,6740,345,0.010417667677756981
High-straggler,JIT-APFRL,6740,346,0.004011830867966637
High-straggler,JIT-APFRL,6740,347,0.007312291914422531
High-straggler,JIT-APFRL,6740,348,0.007699398296608706
High-straggler,JIT-APFRL,6740,349,0.006613678103894927
High-straggler,JIT-APFRL,6740,350,0.006382788107293891
High-straggler,JIT-APFRL,6740,351,0.0070213456870988015
High-straggler,JIT-APFRL,6740,352,0.0050323476258199665
High-straggler,JIT-APFRL,6740,353,0.005836039123823866
High-straggler,JIT-APFRL,6740,354,0.003456503414781764
High-straggler,JIT-APFRL,6740,355,0.003913234354695305
High-straggler,JIT-APFRL,6740,356,0.004700551251880824
High-straggler,JIT-APFRL,6740,357,0.0030645181774161755
High-straggler,JIT-APFRL,6740,358,0.005854916876705829
High-straggler,JIT-APFRL,6740,359,0.006134662120894063
High-straggler,JIT-APFRL,6740,360,0.005274994650972076
High-straggler,JIT-APFRL,6740,361,0.0037879514857195318
High-straggler,JIT-APFRL,6740,362,0.007486594063993835
High-straggler,JIT-APFRL,6740,363,0.005441167734534247
High-straggler,JIT-APFRL,6740,364,0.006608800042317853
High-straggler,JIT-APFRL,6740,365,0.008542208372819004
High-straggler,JIT-APFRL,6740,366,0.004926848653121851
High-straggler,JIT-APFRL,6740,367,0.004369456919084769
High-straggler,JIT-APFRL,6740,368,0.007183833789167693
High-straggler,JIT-APFRL,6740,369,0.004892218542227056
High-straggler,JIT-APFRL,6740,370,0.0036532448961224873
High-straggler,JIT-APFRL,6740,371,0.004897539545345353
High-straggler,JIT-APFRL,6740,372,0.006272625777637586
High-straggler,JIT-APFRL,6740,373,0.005106872247415595
High-straggler,JIT-APFRL,6740,374,0.006651447094918694
High-straggler,JIT-APFRL,6740,375,0.006105978469713591
High-straggler,JIT-APFRL,6740,376,0.0071517496598971775
High-straggler,JIT-APFRL,6740,377,0.003998230883735232
High-straggler,JIT-APFRL,6740,378,0.0060788660193793476
High-straggler,JIT-APFRL,6740,379,0.008354868524475024
High-straggler,JIT-APFRL,6740,380,0.005957061440130929
High-straggler,JIT-APFRL,6740,381,0.005653550042188727
High-straggler,JIT-APFRL,6740,382,0.00632285893370863
High-straggler,JIT-APFRL,6740,383,0.007148155782488175
High-straggler,JIT-APFRL,6740,384,0.005292009997356217
High-straggler,JIT-APFRL,6740,385,0.00539165954105556
High-straggler,JIT-APFRL,6740,386,0.006472014976316132
High-straggler,JIT-APFRL,6740,387,0.004603061414672993
High-straggler,JIT-APFRL,6740,388,0.0021266102161462187
High-straggler,JIT-APFRL,6740,389,0.008164922666037456
High-straggler,JIT-APFRL,6740,390,0.00549373613903299
High-straggler,JIT-APFRL,6740,391,0.006351416930556297
High-straggler,JIT-APFRL,6740,392,0.005199228774290532
High-straggler,JIT-APFRL,6740,393,0.0044817800593591525
High-straggler,JIT-APFRL,6740,394,0.0028873463765194175
High-straggler,JIT-APFRL,6740,395,0.007826546403521206
High-straggler,JIT-APFRL,6740,396,0.002819340577116236
High-straggler,JIT-APFRL,6740,397,0.004569184860156383
High-straggler,JIT-APFRL,6740,398,0.005286244810849894
High-straggler,JIT-APFRL,6740,399,0.003937738917011302
High-straggler,JIT-APFRL,6740,400,0.005504088279121788
High-straggler,JIT-APFRL,7851,1,-0.0001585493051152298
High-straggler,JIT-APFRL,7851,2,-7.7021630568197e-05
High-straggler,JIT-APFRL,7851,3,-0.00013264164081192576
High-straggler,JIT-APFRL,7851,4,0.00024349012473976473
High-straggler,JIT-APFRL,7851,5,-0.0002390885822933342
High-straggler,JIT-APFRL,7851,6,0.0001685801413259469
High-straggler,JIT-APFRL,7851,7,0.000354829046773375
High-straggler,JIT-APFRL,7851,8,-0.0001305283529291046
High-straggler,JIT-APFRL,7851,9,0.0002950561240140814
High-straggler,JIT-APFRL,7851,10,5.5059043506844316e-05
High-straggler,JIT-APFRL,7851,11,0.0005003583923098631
High-straggler,JIT-APFRL,7851,12,-6.399800658982713e-05
High-straggler,JIT-APFRL,7851,13,3.2969447909181325e-05
High-straggler,JIT-APFRL,7851,14,3.1244062483892776e-05
High-straggler,JIT-APFRL,7851,15,3.988692733400967e-05
High-straggler,JIT-APFRL,7851,16,2.729737805395871e-05
High-straggler,JIT-APFRL,7851,17,-1.1711738261510618e-05
High-straggler,JIT-APFRL,7851,18,-0.00010962556170852622
High-straggler,JIT-APFRL,7851,19,-8.140162490235525e-05
High-straggler,JIT-APFRL,7851,20,8.781412079770235e-05
High-straggler,JIT-APFRL,7851,21,-0.0003710915505507728
High-straggler,JIT-APFRL,7851,22,1.1996302055194974e-05
High-straggler,JIT-APFRL,7851,23,5.7129530250676905e-05
High-straggler,JIT-APFRL,7851,24,0.0003143071211525239
High-straggler,JIT-APFRL,7851,25,0.0005964802076050546
High-straggler,JIT-APFRL,7851,26,-0.00038202075763820175
High-straggler,JIT-APFRL,7851,27,0.00022424319759011268
High-straggler,JIT-APFRL,7851,28,0.0001286127625462541
High-straggler,JIT-APFRL,7851,29,0.00044203857905813495
High-straggler,JIT-APFRL,7851,30,0.00023341778050962604
High-straggler,JIT-APFRL,7851,31,0.00048452502542204454
High-straggler,JIT-APFRL,7851,32,0.0006834986380454211
High-straggler,JIT-APFRL,7851,33,0.0007949991766508901
High-straggler,JIT-APFRL,7851,34,1.0522835054871393e-05
High-straggler,JIT-APFRL,7851,35,0.0004179441786618554
High-straggler,JIT-APFRL,7851,36,0.0006590174347365973
High-straggler,JIT-APFRL,7851,37,-1.7626795670366847e-05
High-straggler,JIT-APFRL,7851,38,-5.270023029879667e-05
High-straggler,JIT-APFRL,7851,39,0.0008418197379796766
High-straggler,JIT-APFRL,7851,40,3.782962085097097e-05
High-straggler,JIT-APFRL,7851,41,0.0005098739136883523
High-straggler,JIT-APFRL,7851,42,-8.865077070367988e-05
High-straggler,JIT-APFRL,7851,43,0.0006304047295998316
High-straggler,JIT-APFRL,7851,44,0.00021360750833991914
High-straggler,JIT-APFRL,7851,45,0.00016604435950284824
High-straggler,JIT-APFRL,7851,46,0.0002178599654143909
High-straggler,JIT-APFRL,7851,47,0.00038364095230463134
High-straggler,JIT-APFRL,7851,48,0.0007954748420957003
High-straggler,JIT-APFRL,7851,49,0.000200428727794133
High-straggler,JIT-APFRL,7851,50,0.0011529192479429184
High-straggler,JIT-APFRL,7851,51,-0.000546283943049275
High-straggler,JIT-APFRL,7851,52,0.0004333565851993626
High-straggler,JIT-APFRL,7851,53,0.0007066312833558186
High-straggler,JIT-APFRL,7851,54,-0.00030332730966620147
High-straggler,JIT-APFRL,7851,55,0.0003807093179602816
High-straggler,JIT-APFRL,7851,56,0.00035891172851734157
High-straggler,JIT-APFRL,7851,57,-0.00015138923840822826
High-straggler,JIT-APFRL,7851,58,0.00022265951629378832
High-straggler,JIT-APFRL,7851,59,0.0009700671726022847
High-straggler,JIT-APFRL,7851,60,0.0008607287761151384
High-straggler,JIT-APFRL,7851,61,0.00024084409715214862
High-straggler,JIT-APFRL,7851,62,-0.0005080675582576077
High-straggler,JIT-APFRL,7851,63,0.00010406989385955968
High-straggler,JIT-APFRL,7851,64,0.0007552372815553098
High-straggler,JIT-APFRL,7851,65,0.0006638179889705498
High-straggler,JIT-APFRL,7851,66,0.0007354888830377604
High-straggler,JIT-APFRL,7851,67,-0.0004039120365632698
High-straggler,JIT-APFRL,7851,68,0.0011774556027376094
High-straggler,JIT-APFRL,7851,69,0.0005308215324475896
High-straggler,JIT-APFRL,7851,70,0.0008220020361477509
High-straggler,JIT-APFRL,7851,71,0.0004276606039638864
High-straggler,JIT-APFRL,7851,72,0.0006377364239597228
High-straggler,JIT-APFRL,7851,73,0.0016026377605157904
High-straggler,JIT-APFRL,7851,74,0.0013077052950393408
High-straggler,JIT-APFRL,7851,75,0.00010185432474827394
High-straggler,JIT-APFRL,7851,76,4.0208354585047344e-05
High-straggler,JIT-APFRL,7851,77,0.0018139922118280082
High-straggler,JIT-APFRL,7851,78,0.00014127993072179378
High-straggler,JIT-APFRL,7851,79,0.0006547653283632826
High-straggler,JIT-APFRL,7851,80,0.0010358207202443737
High-straggler,JIT-APFRL,7851,81,0.0002902147050917847
High-straggler,JIT-APFRL,7851,82,0.0015381757937575457
High-straggler,JIT-APFRL,7851,83,0.0011525980502483436
High-straggler,JIT-APFRL,7851,84,0.0007457422791048885
High-straggler,JIT-APFRL,7851,85,0.0005639986848109402
High-straggler,JIT-APFRL,7851,86,0.000569392999750562
High-straggler,JIT-APFRL,7851,87,0.0009578352779499255
High-straggler,JIT-APFRL,7851,88,0.002378834242699668
High-straggler,JIT-APFRL,7851,89,0.0015380418197310064
High-straggler,JIT-APFRL,7851,90,0.0014463236401752511
High-straggler,JIT-APFRL,7851,91,0.001136995166689303
High-straggler,JIT-APFRL,7851,92,0.0011661644632113167
High-straggler,JIT-APFRL,7851,93,0.0007373506654403172
High-straggler,JIT-APFRL,7851,94,0.0021989737811964004
High-straggler,JIT-APFRL,7851,95,0.0015354061422840459
High-straggler,JIT-APFRL,7851,96,0.0015538293169811367
High-straggler,JIT-APFRL,7851,97,0.0018037950780126267
High-straggler,JIT-APFRL,7851,98,0.002799740195041522
High-straggler,JIT-APFRL,7851,99,0.003347289677185472
High-straggler,JIT-APFRL,7851,100,0.0013077989569865167
High-straggler,JIT-APFRL,7851,101,0.001955048364288814
High-straggler,JIT-APFRL,7851,102,0.0020348065154394135
High-straggler,JIT-APFRL,7851,103,0.0018249966728035361
High-straggler,JIT-APFRL,7851,104,0.0022849220338684974
High-straggler,JIT-APFRL,7851,105,0.0038684489742081495
High-straggler,JIT-APFRL,7851,106,0.0019011119915376185
High-straggler,JIT-APFRL,7851,107,0.0012990455230465158
High-straggler,JIT-APFRL,7851,108,0.0010520135198021307
High-straggler,JIT-APFRL,7851,109,0.0012320310197537765
High-straggler,JIT-APFRL,7851,110,0.0015990136267646448
High-straggler,JIT-APFRL,7851,111,0.002129267969576176
High-straggler,JIT-APFRL,7851,112,0.0021740376490924974
High-straggler,JIT-APFRL,7851,113,0.0006991309744080354
High-straggler,JIT-APFRL,7851,114,0.00227197469866951
High-straggler,JIT-APFRL,7851,115,0.0010581753289443442
High-straggler,JIT-APFRL,7851,116,0.0020877971495792736
High-straggler,JIT-APFRL,7851,117,0.001592972489015665
High-straggler,JIT-APFRL,7851,118,0.0031668929477746133
High-straggler,JIT-APFRL,7851,119,0.0011079900978074875
High-straggler,JIT-APFRL,7851,120,0.0004350115183115122
High-straggler,JIT-APFRL,7851,121,0.0014277575948653976
High-straggler,JIT-APFRL,7851,122,0.004223876986270625
High-straggler,JIT-APFRL,7851,123,0.0029404659348074348
High-straggler,JIT-APFRL,7851,124,0.002787015716717178
High-straggler,JIT-APFRL,7851,125,0.0035093350015813485
High-straggler,JIT-APFRL,7851,126,0.001779546470788773
High-straggler,JIT-APFRL,7851,127,0.0013166737400752027
High-straggler,JIT-APFRL,7851,128,0.0037540883276960813
High-straggler,JIT-APFRL,7851,129,0.004212199777975911
High-straggler,JIT-APFRL,7851,130,0.0028420197591913165
High-straggler,JIT-APFRL,7851,131,0.0029366906135692263
High-straggler,JIT-APFRL,7851,132,0.0035146862603141924
High-straggler,JIT-APFRL,7851,133,0.0024776394006039482
High-straggler,JIT-APFRL,7851,134,0.0035604044307547154
High-straggler,JIT-APFRL,7851,135,0.0015800536215920147
High-straggler,JIT-APFRL,7851,136,0.0038191815881873483
High-straggler,JIT-APFRL,7851,137,0.0027728345237846954
High-straggler,JIT-APFRL,7851,138,0.0024446037477900973
High-straggler,JIT-APFRL,7851,139,0.00491040205815807
High-straggler,JIT-APFRL,7851,140,0.0024603777477750556
High-straggler,JIT-APFRL,7851,141,0.003255814456497319
High-straggler,JIT-APFRL,7851,142,0.0039280721728573555
High-straggler,JIT-APFRL,7851,143,0.00280352357007132
High-straggler,JIT-APFRL,7851,144,0.003215376411390025
High-straggler,JIT-APFRL,7851,145,0.003358223852410447
High-straggler,JIT-APFRL,7851,146,0.002159479999772884
High-straggler,JIT-APFRL,7851,147,0.0029559625923866405
High-straggler,JIT-APFRL,7851,148,0.0012047356824041345
High-straggler,JIT-APFRL,7851,149,0.0034472742379875855
High-straggler,JIT-APFRL,7851,150,0.003975735997300944
High-straggler,JIT-APFRL,7851,151,0.00559418196335173
High-straggler,JIT-APFRL,7851,152,0.001484525972045958
High-straggler,JIT-APFRL,7851,153,0.0037645159725798296
High-straggler,JIT-APFRL,7851,154,0.00428034426731756
High-straggler,JIT-APFRL,7851,155,0.003930929875787114
High-straggler,JIT-APFRL,7851,156,0.0043001685000490395
High-straggler,JIT-APFRL,7851,157,0.0031634894490707665
High-straggler,JIT-APFRL,7851,158,0.004550178430508822
High-straggler,JIT-APFRL,7851,159,0.0022290416032774373
High-straggler,JIT-APFRL,7851,160,0.003681905109260697
High-straggler,JIT-APFRL,7851,161,0.003759035436087288
High-straggler,JIT-APFRL,7851,162,0.002163277273575659
High-straggler,JIT-APFRL,7851,163,0.004055190502549521
High-straggler,JIT-APFRL,7851,164,0.0027779800206189976
High-straggler,JIT-APFRL,7851,165,0.0044382798194419594
High-straggler,JIT-APFRL,7851,166,0.0024985688789456615
High-straggler,JIT-APFRL,7851,167,0.006324503931682557
High-straggler,JIT-APFRL,7851,168,0.003967157348233741
High-straggler,JIT-APFRL,7851,169,0.003879046216752613
High-straggler,JIT-APFRL,7851,170,0.002328706395928748
High-straggler,JIT-APFRL,7851,171,0.004791327093698783
High-straggler,JIT-APFRL,7851,172,0.002327345928642899
High-straggler,JIT-APFRL,7851,173,0.006294754505506717
High-straggler,JIT-APFRL,7851,174,0.0037731076212367044
High-straggler,JIT-APFRL,7851,175,0.0041163060948747445
High-straggler,JIT-APFRL,7851,176,0.004372248810250312
High-straggler,JIT-APFRL,7851,177,0.0018030162158538588
High-straggler,JIT-APFRL,7851,178,0.0009032367059262469
High-straggler,JIT-APFRL,7851,179,0.0035108900221530346
High-straggler,JIT-APFRL,7851,180,0.005241146936896257
High-straggler,JIT-APFRL,7851,181,0.005552261595585151
High-straggler,JIT-APFRL,7851,182,0.003946626132528763
High-straggler,JIT-APFRL,7851,183,0.0025562999173416754
High-straggler,JIT-APFRL,7851,184,0.0033304682379821315
High-straggler,JIT-APFRL,7851,185,0.004377481382107362
High-straggler,JIT-APFRL,7851,186,0.007190987525973469
High-straggler,JIT-APFRL,7851,187,0.0022908041730261173
High-straggler,JIT-APFRL,7851,188,0.00397921389376279
High-straggler,JIT-APFRL,7851,189,0.003120199398472323
High-straggler,JIT-APFRL,7851,190,0.005359728455368895
High-straggler,JIT-APFRL,7851,191,0.005211375813814811
High-straggler,JIT-APFRL,7851,192,0.005186605593189597
High-straggler,JIT-APFRL,7851,193,0.004429562284167332
High-straggler,JIT-APFRL,7851,194,0.005697523140406701
High-straggler,JIT-APFRL,7851,195,0.003680393923423253
High-straggler,JIT-APFRL,7851,196,0.004682629800663562
High-straggler,JIT-APFRL,7851,197,0.007124777784338221
High-straggler,JIT-APFRL,7851,198,0.0038509214497025822
High-straggler,JIT-APFRL,7851,199,0.004399852143978933
High-straggler,JIT-APFRL,7851,200,0.004463699094048934
High-straggler,JIT-APFRL,7851,201,0.005986379339083215
High-straggler,JIT-APFRL,7851,202,0.0059270075056701895
High-straggler,JIT-APFRL,7851,203,0.0042542028824755105
High-straggler,JIT-APFRL,7851,204,0.003088516403659014
High-straggler,JIT-APFRL,7851,205,0.005519195055239834
High-straggler,JIT-APFRL,7851,206,0.007028180622728542
High-straggler,JIT-APFRL,7851,207,0.006872144190128893
High-straggler,JIT-APFRL,7851,208,0.004341833179933019
High-straggler,JIT-APFRL,7851,209,0.006095287472999189
High-straggler,JIT-APFRL,7851,210,0.005011883703264175
High-straggler,JIT-APFRL,7851,211,0.002936637249536034
High-straggler,JIT-APFRL,7851,212,0.006107820745091886
High-straggler,JIT-APFRL,7851,213,0.0048132535914191974
High-straggler,JIT-APFRL,7851,214,0.003944888070691377
High-straggler,JIT-APFRL,7851,215,0.002912944975832943
High-straggler,JIT-APFRL,7851,216,0.00609781067178119
High-straggler,JIT-APFRL,7851,217,0.005127828142758517
High-straggler,JIT-APFRL,7851,218,0.005900981917511672
High-straggler,JIT-APFRL,7851,219,0.003611098520923406
High-straggler,JIT-APFRL,7851,220,0.0019917705561965705
High-straggler,JIT-APFRL,7851,221,0.005890200228895992
High-straggler,JIT-APFRL,7851,222,0.0049334699520841244
High-straggler,JIT-APFRL,7851,223,0.0044717762801155915
High-straggler,JIT-APFRL,7851,224,0.0063404870132217185
High-straggler,JIT-APFRL,7851,225,0.005054140934407769
High-straggler,JIT-APFRL,7851,226,0.0050671889912337065
High-straggler,JIT-APFRL,7851,227,0.007789696688996628
High-straggler,JIT-APFRL,7851,228,0.005619137632311322
High-straggler,JIT-APFRL,7851,229,0.005239342743880116
High-straggler,JIT-APFRL,7851,230,0.004706568259280175
High-straggler,JIT-APFRL,7851,231,0.004815992933617963
High-straggler,JIT-APFRL,7851,232,0.0038748930935980754
High-straggler,JIT-APFRL,7851,233,0.006174280785489828
High-straggler,JIT-APFRL,7851,234,0.004478864156408235
High-straggler,JIT-APFRL,7851,235,0.0065106102826575805
High-straggler,JIT-APFRL,7851,236,0.004572820306202629
High-straggler,JIT-APFRL,7851,237,0.0057571043696952985
High-straggler,JIT-APFRL,7851,238,0.005303755608110805
High-straggler,JIT-APFRL,7851,239,0.005388324232990271
High-straggler,JIT-APFRL,7851,240,0.005123613160685636
High-straggler,JIT-APFRL,7851,241,0.004290016829327214
High-straggler,JIT-APFRL,7851,242,0.00765893412171863
High-straggler,JIT-APFRL,7851,243,0.004599236740614287
High-straggler,JIT-APFRL,7851,244,0.0032672444533091037
High-straggler,JIT-APFRL,7851,245,0.004493348859250545
High-straggler,JIT-APFRL,7851,246,0.007250576949445531
High-straggler,JIT-APFRL,7851,247,0.00453324090631213
High-straggler,JIT-APFRL,7851,248,0.006709278520429507
High-straggler,JIT-APFRL,7851,249,0.005703184986487031
High-straggler,JIT-APFRL,7851,250,0.0048611983744194735
High-straggler,JIT-APFRL,7851,251,0.0028571005292178596
High-straggler,JIT-APFRL,7851,252,0.004673691021889681
High-straggler,JIT-APFRL,7851,253,0.007077960128663107
High-straggler,JIT-APFRL,7851,254,0.004640457230561878
High-straggler,JIT-APFRL,7851,255,0.0077416603831807155
High-straggler,JIT-APFRL,7851,256,0.0043051552784163505
High-straggler,JIT-APFRL,7851,257,0.005296550841421777
High-straggler,JIT-APFRL,7851,258,0.006988594107679091
High-straggler,JIT-APFRL,7851,259,0.005352858983678743
High-straggler,JIT-APFRL,7851,260,0.005811499676201493
High-straggler,JIT-APFRL,7851,261,0.00490105360513553
High-straggler,JIT-APFRL,7851,262,0.004442770042078337
High-straggler,JIT-APFRL,7851,263,0.0053592361069604525
High-straggler,JIT-APFRL,7851,264,0.0035135364276356997
High-straggler,JIT-APFRL,7851,265,0.005469422301212034
High-straggler,JIT-APFRL,7851,266,0.0057322700580698435
High-straggler,JIT-APFRL,7851,267,0.006286230019031791
High-straggler,JIT-APFRL,7851,268,0.002056891177926445
High-straggler,JIT-APFRL,7851,269,0.002442096437152941
High-straggler,JIT-APFRL,7851,270,0.007235369198315311
High-straggler,JIT-APFRL,7851,271,0.0036776515502424446
High-straggler,JIT-APFRL,7851,272,0.008220456206618109
High-straggler,JIT-APFRL,7851,273,0.006621494280989282
High-straggler,JIT-APFRL,7851,274,0.005672400872572325
High-straggler,JIT-APFRL,7851,275,0.0066712622588966045
High-straggler,JIT-APFRL,7851,276,0.005741545365890488
High-straggler,JIT-APFRL,7851,277,0.0064417771369335245
High-straggler,JIT-APFRL,7851,278,0.008074550174933392
High-straggler,JIT-APFRL,7851,279,0.00487329301686259
High-straggler,JIT-APFRL,7851,280,0.002100601850543171
High-straggler,JIT-APFRL,7851,281,0.00526371921878308
High-straggler,JIT-APFRL,7851,282,0.00829869261215208
High-straggler,JIT-APFRL,7851,283,0.004603920462250244
High-straggler,JIT-APFRL,7851,284,0.006514338802662678
High-straggler,JIT-APFRL,7851,285,0.007428689928929089
High-straggler,JIT-APFRL,7851,286,0.006125127707491629
High-straggler,JIT-APFRL,7851,287,0.005086784338345751
High-straggler,JIT-APFRL,7851,288,0.003593643170836458
High-straggler,JIT-APFRL,7851,289,0.005547065094287973
High-straggler,JIT-APFRL,7851,290,0.003709892344340915
High-straggler,JIT-APFRL,7851,291,0.007878389733377844
High-straggler,JIT-APFRL,7851,292,0.003181810426758602
High-straggler,JIT-APFRL,7851,293,0.00700296662398614
High-straggler,JIT-APFRL,7851,294,0.0049312816583551465
High-straggler,JIT-APFRL,7851,295,0.004933458871528273
High-straggler,JIT-APFRL,7851,296,0.007511333976435708
High-straggler,JIT-APFRL,7851,297,0.005952620959214982
High-straggler,JIT-APFRL,7851,298,0.008628004701586178
High-straggler,JIT-APFRL,7851,299,0.0067709851602558045
High-straggler,JIT-APFRL,7851,300,0.0071956929634325205
High-straggler,JIT-APFRL,7851,301,0.007832628102914897
High-straggler,JIT-APFRL,7851,302,0.0032333600131096317
High-straggler,JIT-APFRL,7851,303,0.007694382185582072
High-straggler,JIT-APFRL,7851,304,0.006030325769097544
High-straggler,JIT-APFRL,7851,305,0.00717647607816616
High-straggler,JIT-APFRL,7851,306,0.0067447694134898485
High-straggler,JIT-APFRL,7851,307,0.00720561657763028
High-straggler,JIT-APFRL,7851,308,0.004234206148248631
High-straggler,JIT-APFRL,7851,309,0.005833826525486074
High-straggler,JIT-APFRL,7851,310,0.007090763852465898
High-straggler,JIT-APFRL,7851,311,0.0061390924820443615
High-straggler,JIT-APFRL,7851,312,0.005742529144481523
High-straggler,JIT-APFRL,7851,313,0.004107999405823648
High-straggler,JIT-APFRL,7851,314,0.005450910829131317
High-straggler,JIT-APFRL,7851,315,0.003786281130669522
High-straggler,JIT-APFRL,7851,316,0.0013930625427747145
High-straggler,JIT-APFRL,7851,317,0.005923032335704193
High-straggler,JIT-APFRL,7851,318,0.003170008794404566
High-straggler,JIT-APFRL,7851,319,0.0040447247603879076
High-straggler,JIT-APFRL,7851,320,0.005189997390334611
High-straggler,JIT-APFRL,7851,321,0.004380261519690976
High-straggler,JIT-APFRL,7851,322,0.004682461595803033
High-straggler,JIT-APFRL,7851,323,0.004090842281584628
High-straggler,JIT-APFRL,7851,324,0.006852504296693951
High-straggler,JIT-APFRL,7851,325,0.003704506196663715
High-straggler,JIT-APFRL,7851,326,0.004743983757362002
High-straggler,JIT-APFRL,7851,327,0.00775968885209295
High-straggler,JIT-APFRL,7851,328,0.005410894937813282
High-straggler,JIT-APFRL,7851,329,0.003995379946718458
High-straggler,JIT-APFRL,7851,330,0.005617802364577073
High-straggler,JIT-APFRL,7851,331,0.0064723520365078
High-straggler,JIT-APFRL,7851,332,0.005462589950184338
High-straggler,JIT-APFRL,7851,333,0.005706861839280463
High-straggler,JIT-APFRL,7851,334,0.006713934204890392
High-straggler,JIT-APFRL,7851,335,0.0034112545305106322
High-straggler,JIT-APFRL,7851,336,0.008488736185245215
High-straggler,JIT-APFRL,7851,337,0.005579727552049008
High-straggler,JIT-APFRL,7851,338,0.0048767472260806246
High-straggler,JIT-APFRL,7851,339,0.004453230009858089
High-straggler,JIT-APFRL,7851,340,0.004245904897106812
High-straggler,JIT-APFRL,7851,341,0.0025970035727368667
High-straggler,JIT-APFRL,7851,342,0.0026840595644898714
High-straggler,JIT-APFRL,7851,343,0.004093784763244912
High-straggler,JIT-APFRL,7851,344,0.004805212205974385
High-straggler,JIT-APFRL,7851,345,0.008257035935821477
High-straggler,JIT-APFRL,7851,346,0.007673877870547585
High-straggler,JIT-APFRL,7851,347,0.003744117232054123
High-straggler,JIT-APFRL,7851,348,0.004466248385142535
High-straggler,JIT-APFRL,7851,349,0.003043011613772251
High-straggler,JIT-APFRL,7851,350,0.006721884064609185
High-straggler,JIT-APFRL,7851,351,0.003872399835381657
High-straggler,JIT-APFRL,7851,352,0.004881948033289518
High-straggler,JIT-APFRL,7851,353,0.004498159361537546
High-straggler,JIT-APFRL,7851,354,0.007504775664710905
High-straggler,JIT-APFRL,7851,355,0.0046847423320286906
High-straggler,JIT-APFRL,7851,356,0.00714105048100464
High-straggler,JIT-APFRL,7851,357,0.005557435275841271
High-straggler,JIT-APFRL,7851,358,0.0030098137474851685
High-straggler,JIT-APFRL,7851,359,0.0038979680859483777
High-straggler,JIT-APFRL,7851,360,0.00543748008494731
High-straggler,JIT-APFRL,7851,361,0.00734622189484071
High-straggler,JIT-APFRL,7851,362,0.005212312281219056
High-straggler,JIT-APFRL,7851,363,0.005711100294138305
High-straggler,JIT-APFRL,7851,364,0.007742354201036505
High-straggler,JIT-APFRL,7851,365,0.005633123783627525
High-straggler,JIT-APFRL,7851,366,0.00497101654909784
High-straggler,JIT-APFRL,7851,367,0.007486196252284571
High-straggler,JIT-APFRL,7851,368,0.007377100083976984
High-straggler,JIT-APFRL,7851,369,0.006948772479518084
High-straggler,JIT-APFRL,7851,370,0.006113061402720632
High-straggler,JIT-APFRL,7851,371,0.005801709837396629
High-straggler,JIT-APFRL,7851,372,0.0067910515499534085
High-straggler,JIT-APFRL,7851,373,0.006360234236490214
High-straggler,JIT-APFRL,7851,374,0.004010894746170379
High-straggler,JIT-APFRL,7851,375,0.004771970414185489
High-straggler,JIT-APFRL,7851,376,0.0019905276567442343
High-straggler,JIT-APFRL,7851,377,0.005567895068088547
High-straggler,JIT-APFRL,7851,378,0.006494734680745751
High-straggler,JIT-APFRL,7851,379,0.005475831325020409
High-straggler,JIT-APFRL,7851,380,0.008599444618448615
High-straggler,JIT-APFRL,7851,381,0.004542846426193137
High-straggler,JIT-APFRL,7851,382,0.006580872921040282
High-straggler,JIT-APFRL,7851,383,0.006222803677519551
High-straggler,JIT-APFRL,7851,384,0.0047186326191877015
High-straggler,JIT-APFRL,7851,385,0.006403971125837416
High-straggler,JIT-APFRL,7851,386,0.0029311709717148916
High-straggler,JIT-APFRL,7851,387,0.004522066671779612
High-straggler,JIT-APFRL,7851,388,0.003238529649388511
High-straggler,JIT-APFRL,7851,389,0.006131366184308718
High-straggler,JIT-APFRL,7851,390,0.0044100888830143955
High-straggler,JIT-APFRL,7851,391,0.0028581177684827708
High-straggler,JIT-APFRL,7851,392,0.006489704491104931
High-straggler,JIT-APFRL,7851,393,0.007091866476912401
High-straggler,JIT-APFRL,7851,394,0.0034136384405428545
High-straggler,JIT-APFRL,7851,395,0.007639678171835839
High-straggler,JIT-APFRL,7851,396,0.00817563536511443
High-straggler,JIT-APFRL,7851,397,0.005779232141503598
High-straggler,JIT-APFRL,7851,398,0.004851393014541827
High-straggler,JIT-APFRL,7851,399,0.0015385214994239505
High-straggler,JIT-APFRL,7851,400,0.005051883415217162
