method,seed,round,mean_reward
Async-FedDRL,3407,1,3.92083846406485
Async-FedDRL,3407,2,3.73579057302301
Async-FedDRL,3407,3,4.00906658245535
Async-FedDRL,3407,4,4.08049318330259
Async-FedDRL,3407,5,4.20076222229741
Async-FedDRL,3407,6,4.17416529408931
Async-FedDRL,3407,7,3.91129378383367
Async-FedDRL,3407,8,4.33852607870645
Async-FedDRL,3407,9,3.88890359712833
Async-FedDRL,3407,10,4.13212463208054
Async-FedDRL,3407,11,4.34798126260378
Async-FedDRL,3407,12,4.27531835086044
Async-FedDRL,3407,13,4.05678015237635
Async-FedDRL,3407,14,3.93572505818691
Async-FedDRL,3407,15,4.19957899757365
Async-FedDRL,3407,16,3.99426347998915
Async-FedDRL,3407,17,4.13474256622707
Async-FedDRL,3407,18,4.1719305767401
Async-FedDRL,3407,19,4.27454957465666
Async-FedDRL,3407,20,4.17892454642131
Async-FedDRL,3407,21,4.27329945783828
Async-FedDRL,3407,22,4.22704726659952
Async-FedDRL,3407,23,4.11287727380188
Async-FedDRL,3407,24,4.34848006093888
Async-FedDRL,3407,25,4.4236785467135
Async-FedDRL,3407,26,4.05581725963545
Async-FedDRL,3407,27,4.24748951885595
Async-FedDRL,3407,28,4.07842916231552
Async-FedDRL,3407,29,4.12966635001744
Async-FedDRL,3407,30,4.26135109950971
Async-FedDRL,3407,31,4.52291448129165
Async-FedDRL,3407,32,3.9072322142064
Async-FedDRL,3407,33,4.3426802678418
Async-FedDRL,3407,34,4.37373873379184
Async-FedDRL,3407,35,4.2571810334306
Async-FedDRL,3407,36,4.38333955932664
Async-FedDRL,3407,37,4.18426113388499
Async-FedDRL,3407,38,4.18643014187392
Async-FedDRL,3407,39,4.0745158615492
Async-FedDRL,3407,40,4.44037003692379
Async-FedDRL,3407,41,4.26788012819063
Async-FedDRL,3407,42,4.3090355973617
Async-FedDRL,3407,43,4.2489149378259
Async-FedDRL,3407,44,4.0493561986817
Async-FedDRL,3407,45,4.38697985304398
Async-FedDRL,3407,46,4.22352691658257
Async-FedDRL,3407,47,4.42961779042836
Async-FedDRL,3407,48,4.77273387998452
Async-FedDRL,3407,49,4.35020269772118
Async-FedDRL,3407,50,4.41129640412722
Async-FedDRL,3407,51,4.4643732050903
Async-FedDRL,3407,52,4.46857769824063
Async-FedDRL,3407,53,4.51934230863009
Async-FedDRL,3407,54,4.30406212912443
Async-FedDRL,3407,55,4.50084599807193
Async-FedDRL,3407,56,4.36496120294344
Async-FedDRL,3407,57,4.38482373747871
Async-FedDRL,3407,58,4.27648320498631
Async-FedDRL,3407,59,4.42781428388539
Async-FedDRL,3407,60,4.64298834761022
Async-FedDRL,3407,61,4.66162683927065
Async-FedDRL,3407,62,4.43233087663252
Async-FedDRL,3407,63,4.6087528498227
Async-FedDRL,3407,64,4.57353566337013
Async-FedDRL,3407,65,4.404594187737
Async-FedDRL,3407,66,4.21351444536767
Async-FedDRL,3407,67,4.73149220194049
Async-FedDRL,3407,68,4.43637245620804
Async-FedDRL,3407,69,4.43930643764272
Async-FedDRL,3407,70,4.68052623997392
Async-FedDRL,3407,71,4.78665353947183
Async-FedDRL,3407,72,4.39836111531655
Async-FedDRL,3407,73,4.83258307433411
Async-FedDRL,3407,74,4.39892778355997
Async-FedDRL,3407,75,4.61795186566753
Async-FedDRL,3407,76,4.37314057934888
Async-FedDRL,3407,77,4.62994011904513
Async-FedDRL,3407,78,4.70850170570831
Async-FedDRL,3407,79,4.53009201042834
Async-FedDRL,3407,80,4.66021448160796
Async-FedDRL,3407,81,4.58142707760345
Async-FedDRL,3407,82,4.56521519195641
Async-FedDRL,3407,83,4.72225902537674
Async-FedDRL,3407,84,4.82072547824761
Async-FedDRL,3407,85,4.86404453379177
Async-FedDRL,3407,86,4.73842059261753
Async-FedDRL,3407,87,4.72452785213827
Async-FedDRL,3407,88,4.79716834258416
Async-FedDRL,3407,89,4.76952549975751
Async-FedDRL,3407,90,4.86357022309932
Async-FedDRL,3407,91,4.86466107927444
Async-FedDRL,3407,92,4.6335319719807
Async-FedDRL,3407,93,4.68573711871267
Async-FedDRL,3407,94,4.75937463741406
Async-FedDRL,3407,95,4.4975147177713
Async-FedDRL,3407,96,4.78942290822328
Async-FedDRL,3407,97,4.88376110846479
Async-FedDRL,3407,98,5.02118332778566
Async-FedDRL,3407,99,4.80648614687737
Async-FedDRL,3407,100,4.75444196397556
Async-FedDRL,3407,101,4.59067776395295
Async-FedDRL,3407,102,4.93112014499409
Async-FedDRL,3407,103,4.82562761534317
Async-FedDRL,3407,104,4.83165811419772
Async-FedDRL,3407,105,4.77322770597472
Async-FedDRL,3407,106,4.93006904091437
Async-FedDRL,3407,107,4.94372321585594
Async-FedDRL,3407,108,4.5802988372004
Async-FedDRL,3407,109,4.86664760945564
Async-FedDRL,3407,110,5.117888461083
Async-FedDRL,3407,111,4.89658787183089
Async-FedDRL,3407,112,4.68910394485177
Async-FedDRL,3407,113,4.70356308597828
Async-FedDRL,3407,114,4.9688144175244
Async-FedDRL,3407,115,5.01122597127828
Async-FedDRL,3407,116,5.02519395446464
Async-FedDRL,3407,117,5.15468782533953
Async-FedDRL,3407,118,5.02324705757559
Async-FedDRL,3407,119,4.72212856135474
Async-FedDRL,3407,120,4.90166141716822
Async-FedDRL,3407,121,5.01695754295351
Async-FedDRL,3407,122,4.92657640208934
Async-FedDRL,3407,123,4.86308098396654
Async-FedDRL,3407,124,4.81758112280994
Async-FedDRL,3407,125,5.05647115092468
Async-FedDRL,3407,126,5.06680154492086
Async-FedDRL,3407,127,5.1533368348943
Async-FedDRL,3407,128,4.93773923202045
Async-FedDRL,3407,129,5.01116209832098
Async-FedDRL,3407,130,5.07347549641645
Async-FedDRL,3407,131,4.75770977665081
Async-FedDRL,3407,132,4.96013825258557
Async-FedDRL,3407,133,4.95437668696327
Async-FedDRL,3407,134,5.02783604483483
Async-FedDRL,3407,135,4.91008121503577
Async-FedDRL,3407,136,4.82002220234817
Async-FedDRL,3407,137,5.17803722946593
Async-FedDRL,3407,138,5.1396768900092
Async-FedDRL,3407,139,4.700104513776
Async-FedDRL,3407,140,4.96443507767841
Async-FedDRL,3407,141,5.10933916147281
Async-FedDRL,3407,142,4.98935223837955
Async-FedDRL,3407,143,5.04598112453671
Async-FedDRL,3407,144,5.10150852374932
Async-FedDRL,3407,145,5.141396419456
Async-FedDRL,3407,146,5.15480536252095
Async-FedDRL,3407,147,5.05770873270412
Async-FedDRL,3407,148,5.01990273732722
Async-FedDRL,3407,149,4.96973573004565
Async-FedDRL,3407,150,5.05633138262874
Async-FedDRL,3407,151,4.6245332117676
Async-FedDRL,3407,152,5.00171856938906
Async-FedDRL,3407,153,5.00185397632799
Async-FedDRL,3407,154,5.02178762416687
Async-FedDRL,3407,155,5.12267148390575
Async-FedDRL,3407,156,5.05341590452548
Async-FedDRL,3407,157,5.135034479585
Async-FedDRL,3407,158,5.06075428173754
Async-FedDRL,3407,159,5.03164673636883
Async-FedDRL,3407,160,4.94004655359901
Async-FedDRL,3407,161,4.9436422832457
Async-FedDRL,3407,162,5.21594209392657
Async-FedDRL,3407,163,5.03751770844384
Async-FedDRL,3407,164,5.03986114491602
Async-FedDRL,3407,165,4.91732996327126
Async-FedDRL,3407,166,5.10756154566408
Async-FedDRL,3407,167,5.05606258155115
Async-FedDRL,3407,168,4.90565120759536
Async-FedDRL,3407,169,5.11725885196422
Async-FedDRL,3407,170,4.91197653799919
Async-FedDRL,3407,171,5.08036061905239
Async-FedDRL,3407,172,5.0375092630797
Async-FedDRL,3407,173,4.91558658086619
Async-FedDRL,3407,174,5.10620615477838
Async-FedDRL,3407,175,5.11814972271219
Async-FedDRL,3407,176,5.210535917004
Async-FedDRL,3407,177,4.82865795930803
Async-FedDRL,3407,178,5.08851194241629
Async-FedDRL,3407,179,4.94126012625632
Async-FedDRL,3407,180,5.05741286724438
Async-FedDRL,3407,181,4.85636641546791
Async-FedDRL,3407,182,4.91181856903737
Async-FedDRL,3407,183,5.02598019361904
Async-FedDRL,3407,184,5.0436450399938
Async-FedDRL,3407,185,5.11283297297483
Async-FedDRL,3407,186,4.934941306214
Async-FedDRL,3407,187,5.20167685753855
Async-FedDRL,3407,188,5.07550420868409
Async-FedDRL,3407,189,5.07885472942344
Async-FedDRL,3407,190,5.17930377261612
Async-FedDRL,3407,191,5.14921612023535
Async-FedDRL,3407,192,5.03435401233619
Async-FedDRL,3407,193,4.95545033378896
Async-FedDRL,3407,194,5.26853202639847
Async-FedDRL,3407,195,4.98949649599067
Async-FedDRL,3407,196,5.05507903488741
Async-FedDRL,3407,197,4.96499915012938
Async-FedDRL,3407,198,4.94632720234488
Async-FedDRL,3407,199,5.16277718111775
Async-FedDRL,3407,200,4.98231222066916
Async-FedDRL,3407,201,4.98795505741325
Async-FedDRL,3407,202,5.07711724752283
Async-FedDRL,3407,203,5.11702094360221
Async-FedDRL,3407,204,5.03765939718952
Async-FedDRL,3407,205,4.97889651364451
Async-FedDRL,3407,206,5.0519031974216
Async-FedDRL,3407,207,5.16984424347375
Async-FedDRL,3407,208,5.15203380088349
Async-FedDRL,3407,209,4.91486845160291
Async-FedDRL,3407,210,5.03972282947703
Async-FedDRL,3407,211,5.15050388605722
Async-FedDRL,3407,212,4.87153906447671
Async-FedDRL,3407,213,5.08992741728967
Async-FedDRL,3407,214,5.11873967656625
Async-FedDRL,3407,215,5.07824945346684
Async-FedDRL,3407,216,5.06945457085763
Async-FedDRL,3407,217,5.10650362566006
Async-FedDRL,3407,218,4.99688399974357
Async-FedDRL,3407,219,5.06941352915286
Async-FedDRL,3407,220,5.18519272927111
Async-FedDRL,3407,221,4.99436957183215
Async-FedDRL,3407,222,5.06501780740549
Async-FedDRL,3407,223,5.00987259723969
Async-FedDRL,3407,224,5.17181890855696
Async-FedDRL,3407,225,5.12490744998443
Async-FedDRL,3407,226,5.05673871468911
Async-FedDRL,3407,227,5.15286152299111
Async-FedDRL,3407,228,5.2651406256345
Async-FedDRL,3407,229,5.03026431930326
Async-FedDRL,3407,230,4.92329205580389
Async-FedDRL,3407,231,5.19220354547287
Async-FedDRL,3407,232,5.11359138860447
Async-FedDRL,3407,233,4.9623450635982
Async-FedDRL,3407,234,5.1464783610128
Async-FedDRL,3407,235,5.21915852848153
Async-FedDRL,3407,236,4.93557685072145
Async-FedDRL,3407,237,5.0003942058602
Async-FedDRL,3407,238,5.075272124011
Async-FedDRL,3407,239,5.13126549298077
Async-FedDRL,3407,240,5.06715545737434
Async-FedDRL,3407,241,5.07806520073662
Async-FedDRL,3407,242,5.10990996431866
Async-FedDRL,3407,243,5.13875145311314
Async-FedDRL,3407,244,5.13510946409695
Async-FedDRL,3407,245,5.17853730867324
Async-FedDRL,3407,246,4.98972727284494
Async-FedDRL,3407,247,4.95768125790768
Async-FedDRL,3407,248,5.24090221060879
Async-FedDRL,3407,249,4.9998786385285
Async-FedDRL,3407,250,5.18230583592686
Async-FedDRL,3407,251,5.198462559659
Async-FedDRL,3407,252,5.11532630792775
Async-FedDRL,3407,253,5.16881082707476
Async-FedDRL,3407,254,5.09065014373165
Async-FedDRL,3407,255,5.05492335343192
Async-FedDRL,3407,256,5.16468543157578
Async-FedDRL,3407,257,4.94816964694242
Async-FedDRL,3407,258,5.20227573408037
Async-FedDRL,3407,259,5.0826659056236
Async-FedDRL,3407,260,5.08815222821362
Async-FedDRL,3407,261,5.15516529949173
Async-FedDRL,3407,262,5.10586470367851
Async-FedDRL,3407,263,5.09310025087104
Async-FedDRL,3407,264,5.15635804668851
Async-FedDRL,3407,265,5.24156695623289
Async-FedDRL,3407,266,5.19721993976288
Async-FedDRL,3407,267,5.15036783797615
Async-FedDRL,3407,268,4.99291991467752
Async-FedDRL,3407,269,5.16850435786627
Async-FedDRL,3407,270,5.13267062162248
Async-FedDRL,3407,271,5.10708056498146
Async-FedDRL,3407,272,5.06861839648554
Async-FedDRL,3407,273,5.16919226236021
Async-FedDRL,3407,274,5.06594756963148
Async-FedDRL,3407,275,5.31622286487511
Async-FedDRL,3407,276,5.12862629790126
Async-FedDRL,3407,277,5.16897541311265
Async-FedDRL,3407,278,5.31683527574329
Async-FedDRL,3407,279,5.13705086714297
Async-FedDRL,3407,280,4.8920540481734
Async-FedDRL,3407,281,5.04762677208635
Async-FedDRL,3407,282,5.11945048901627
Async-FedDRL,3407,283,5.20654679207875
Async-FedDRL,3407,284,5.06684097955717
Async-FedDRL,3407,285,5.12953001964175
Async-FedDRL,3407,286,5.24804528355322
Async-FedDRL,3407,287,5.09060791597761
Async-FedDRL,3407,288,5.26041089121372
Async-FedDRL,3407,289,5.11110180065727
Async-FedDRL,3407,290,5.15631597367461
Async-FedDRL,3407,291,5.1810876769767
Async-FedDRL,3407,292,5.13138599576711
Async-FedDRL,3407,293,5.06544811330064
Async-FedDRL,3407,294,5.23780736608278
Async-FedDRL,3407,295,5.16134802532529
Async-FedDRL,3407,296,5.25189661832952
Async-FedDRL,3407,297,5.21929576591834
Async-FedDRL,3407,298,5.02622920928324
Async-FedDRL,3407,299,4.90191754386076
Async-FedDRL,3407,300,5.06663767899362
Async-FedDRL,3407,301,5.13778805828386
Async-FedDRL,3407,302,5.28817540624623
Async-FedDRL,3407,303,5.12173914392416
Async-FedDRL,3407,304,5.02874216338135
Async-FedDRL,3407,305,5.25690253006135
Async-FedDRL,3407,306,4.96714247217033
Async-FedDRL,3407,307,5.14586839406237
Async-FedDRL,3407,308,5.07291473492252
Async-FedDRL,3407,309,5.1046512730301
Async-FedDRL,3407,310,5.11847712877949
Async-FedDRL,3407,311,5.14257752469601
Async-FedDRL,3407,312,5.07342442932735
Async-FedDRL,3407,313,5.1478455814771
Async-FedDRL,3407,314,5.09821479664055
Async-FedDRL,3407,315,5.08731136796972
Async-FedDRL,3407,316,5.11457501359483
Async-FedDRL,3407,317,5.03553009157507
Async-FedDRL,3407,318,5.12705102828093
Async-FedDRL,3407,319,5.26397773659417
Async-FedDRL,3407,320,5.08938071877949
Async-FedDRL,3407,321,5.15987026124199
Async-FedDRL,3407,322,5.16884764188955
Async-FedDRL,3407,323,5.04663170596003
Async-FedDRL,3407,324,5.14918286719544
Async-FedDRL,3407,325,5.09756531064244
Async-FedDRL,3407,326,5.14817529888534
Async-FedDRL,3407,327,5.08064142099058
Async-FedDRL,3407,328,5.10311767000251
Async-FedDRL,3407,329,5.12577516375362
Async-FedDRL,3407,330,5.22950963512923
Async-FedDRL,3407,331,5.141152825483
Async-FedDRL,3407,332,5.10182423119996
Async-FedDRL,3407,333,5.20990715196551
Async-FedDRL,3407,334,5.17245683667838
Async-FedDRL,3407,335,5.25313655453237
Async-FedDRL,3407,336,5.12756374889
Async-FedDRL,3407,337,5.09224077410218
Async-FedDRL,3407,338,5.15635732590376
Async-FedDRL,3407,339,5.24363974827781
Async-FedDRL,3407,340,4.98592488951931
Async-FedDRL,3407,341,5.15694964039679
Async-FedDRL,3407,342,5.21758950009758
Async-FedDRL,3407,343,5.16399847904119
Async-FedDRL,3407,344,5.1702817841239
Async-FedDRL,3407,345,5.27640212933851
Async-FedDRL,3407,346,5.08063341998364
Async-FedDRL,3407,347,5.10652416621061
Async-FedDRL,3407,348,5.27001066169474
Async-FedDRL,3407,349,5.24461847605476
Async-FedDRL,3407,350,5.01726381842212
Async-FedDRL,3407,351,5.19101202001495
Async-FedDRL,3407,352,5.18012083088974
Async-FedDRL,3407,353,5.21182524154825
Async-FedDRL,3407,354,4.98124528665937
Async-FedDRL,3407,355,5.07118065185371
Async-FedDRL,3407,356,5.18955575308714
Async-FedDRL,3407,357,5.0511053909648
Async-FedDRL,3407,358,5.19684781056423
Async-FedDRL,3407,359,5.10546084202333
Async-FedDRL,3407,360,5.26335412817034
Async-FedDRL,3407,361,5.05592673425069
Async-FedDRL,3407,362,5.14245772756426
Async-FedDRL,3407,363,5.20403079236338
Async-FedDRL,3407,364,5.31241536016742
Async-FedDRL,3407,365,5.29379791871479
Async-FedDRL,3407,366,5.0992784456295
Async-FedDRL,3407,367,5.35729137177923
Async-FedDRL,3407,368,5.18538083304548
Async-FedDRL,3407,369,4.99593111261681
Async-FedDRL,3407,370,5.35035036190586
Async-FedDRL,3407,371,5.31385535240893
Async-FedDRL,3407,372,5.16633412389161
Async-FedDRL,3407,373,5.24617705925197
Async-FedDRL,3407,374,5.07966171726975
Async-FedDRL,3407,375,5.28931699921016
Async-FedDRL,3407,376,5.08626483948754
Async-FedDRL,3407,377,5.16620513541999
Async-FedDRL,3407,378,5.12831300371625
Async-FedDRL,3407,379,5.02509131164702
Async-FedDRL,3407,380,5.15555221866342
Async-FedDRL,3407,381,5.0403326475863
Async-FedDRL,3407,382,5.17151358245642
Async-FedDRL,3407,383,5.12837461516542
Async-FedDRL,3407,384,5.05517125119632
Async-FedDRL,3407,385,5.19233526103706
Async-FedDRL,3407,386,5.32831542109033
Async-FedDRL,3407,387,5.1305879509942
Async-FedDRL,3407,388,5.04013059083204
Async-FedDRL,3407,389,5.12761949931349
Async-FedDRL,3407,390,5.20786273411578
Async-FedDRL,3407,391,5.15045723258827
Async-FedDRL,3407,392,5.04936782127327
Async-FedDRL,3407,393,5.05131444206684
Async-FedDRL,3407,394,5.09912142369199
Async-FedDRL,3407,395,5.18316102724216
Async-FedDRL,3407,396,5.23511759401605
Async-FedDRL,3407,397,5.16622511746858
Async-FedDRL,3407,398,5.2516450303543
Async-FedDRL,3407,399,5.20089181045862
Async-FedDRL,3407,400,5.12405469662582
Async-FedDRL,4518,1,3.80646039002267
Async-FedDRL,4518,2,4.12423702237507
Async-FedDRL,4518,3,3.97115520058392
Async-FedDRL,4518,4,4.27063670464329
Async-FedDRL,4518,5,4.01309551016063
Async-FedDRL,4518,6,3.95376245157259
Async-FedDRL,4518,7,4.42526230033886
Async-FedDRL,4518,8,4.18773344337858
Async-FedDRL,4518,9,3.98513278709259
Async-FedDRL,4518,10,4.18952114406168
Async-FedDRL,4518,11,4.08814516513802
Async-FedDRL,4518,12,3.82636523647515
Async-FedDRL,4518,13,3.97690392326178
Async-FedDRL,4518,14,4.0581940775425
Async-FedDRL,4518,15,4.24532529489896
Async-FedDRL,4518,16,3.87112038789253
Async-FedDRL,4518,17,3.95957138813517
Async-FedDRL,4518,18,4.15364910086995
Async-FedDRL,4518,19,3.91269805240991
Async-FedDRL,4518,20,3.78188759141268
Async-FedDRL,4518,21,4.24352356307961
Async-FedDRL,4518,22,4.02484819184626
Async-FedDRL,4518,23,4.15458416048283
Async-FedDRL,4518,24,4.06743487963679
Async-FedDRL,4518,25,4.08536159950207
Async-FedDRL,4518,26,4.29577501770986
Async-FedDRL,4518,27,4.028616324003
Async-FedDRL,4518,28,4.16085272831415
Async-FedDRL,4518,29,4.10597933897769
Async-FedDRL,4518,30,4.01658710036842
Async-FedDRL,4518,31,3.79445561403904
Async-FedDRL,4518,32,4.3010959361159
Async-FedDRL,4518,33,4.31857995227806
Async-FedDRL,4518,34,4.13167352267363
Async-FedDRL,4518,35,3.90015048199015
Async-FedDRL,4518,36,4.01015798415261
Async-FedDRL,4518,37,4.04700889188998
Async-FedDRL,4518,38,4.14755752833418
Async-FedDRL,4518,39,4.2593535889353
Async-FedDRL,4518,40,4.15130199827709
Async-FedDRL,4518,41,4.04052566555697
Async-FedDRL,4518,42,4.17153883874206
Async-FedDRL,4518,43,4.45958395356527
Async-FedDRL,4518,44,4.30709315702335
Async-FedDRL,4518,45,4.20132641741155
Async-FedDRL,4518,46,4.50595127895192
Async-FedDRL,4518,47,4.31521165385529
Async-FedDRL,4518,48,4.07557823687611
Async-FedDRL,4518,49,4.39988888842281
Async-FedDRL,4518,50,4.53201549600742
Async-FedDRL,4518,51,4.4798770414119
Async-FedDRL,4518,52,4.04728747707632
Async-FedDRL,4518,53,4.29286932870657
Async-FedDRL,4518,54,4.52133384620459
Async-FedDRL,4518,55,4.18429025619499
Async-FedDRL,4518,56,4.11705368654522
Async-FedDRL,4518,57,4.3798474748053
Async-FedDRL,4518,58,4.11897334050407
Async-FedDRL,4518,59,4.40583184676194
Async-FedDRL,4518,60,4.37495481006446
Async-FedDRL,4518,61,4.27319104692944
Async-FedDRL,4518,62,4.64722231509721
Async-FedDRL,4518,63,4.47227069514362
Async-FedDRL,4518,64,4.24877091151054
Async-FedDRL,4518,65,4.61547142051335
Async-FedDRL,4518,66,4.62754036544747
Async-FedDRL,4518,67,4.63704230614424
Async-FedDRL,4518,68,4.41004738551372
Async-FedDRL,4518,69,4.54510160503361
Async-FedDRL,4518,70,4.41332708296765
Async-FedDRL,4518,71,4.34278809254414
Async-FedDRL,4518,72,4.54850288732572
Async-FedDRL,4518,73,4.50103506480836
Async-FedDRL,4518,74,4.57859836965509
Async-FedDRL,4518,75,4.72706240964348
Async-FedDRL,4518,76,4.35859753333542
Async-FedDRL,4518,77,4.50766694909205
Async-FedDRL,4518,78,4.61325507881203
Async-FedDRL,4518,79,4.68690468238183
Async-FedDRL,4518,80,4.65305216467896
Async-FedDRL,4518,81,4.84252732521727
Async-FedDRL,4518,82,4.80161509248704
Async-FedDRL,4518,83,4.71756250469497
Async-FedDRL,4518,84,4.76215223492465
Async-FedDRL,4518,85,4.76530368773252
Async-FedDRL,4518,86,4.52413348997417
Async-FedDRL,4518,87,4.99879157620702
Async-FedDRL,4518,88,4.95284622896309
Async-FedDRL,4518,89,4.61748654640939
Async-FedDRL,4518,90,4.96159252057317
Async-FedDRL,4518,91,4.86209903714431
Async-FedDRL,4518,92,4.82905876284831
Async-FedDRL,4518,93,4.86534334743304
Async-FedDRL,4518,94,4.78647664720115
Async-FedDRL,4518,95,4.90220163524059
Async-FedDRL,4518,96,4.96513320707804
Async-FedDRL,4518,97,5.01699657763043
Async-FedDRL,4518,98,4.89254466374449
Async-FedDRL,4518,99,4.84097013031474
Async-FedDRL,4518,100,4.77053785805067
Async-FedDRL,4518,101,4.93748908675219
Async-FedDRL,4518,102,4.84703076641382
Async-FedDRL,4518,103,4.8630097467451
Async-FedDRL,4518,104,4.87324122492521
Async-FedDRL,4518,105,5.09695879275925
Async-FedDRL,4518,106,4.79578408660638
Async-FedDRL,4518,107,4.78417846228981
Async-FedDRL,4518,108,5.09207788509587
Async-FedDRL,4518,109,4.96522296966226
Async-FedDRL,4518,110,5.01594955687669
Async-FedDRL,4518,111,5.00378904171275
Async-FedDRL,4518,112,4.94974285891204
Async-FedDRL,4518,113,4.83615838004082
Async-FedDRL,4518,114,4.93568509019088
Async-FedDRL,4518,115,4.94651505348679
Async-FedDRL,4518,116,5.0722849215051
Async-FedDRL,4518,117,4.84120536978747
Async-FedDRL,4518,118,4.8522820929667
Async-FedDRL,4518,119,4.7995180266121
Async-FedDRL,4518,120,5.18543487427395
Async-FedDRL,4518,121,5.10777755405711
Async-FedDRL,4518,122,4.98778613759211
Async-FedDRL,4518,123,5.11994396835355
Async-FedDRL,4518,124,4.84496276972556
Async-FedDRL,4518,125,4.88089174036984
Async-FedDRL,4518,126,4.91124898337934
Async-FedDRL,4518,127,4.99045332245282
Async-FedDRL,4518,128,4.90625467051729
Async-FedDRL,4518,129,5.01788820487526
Async-FedDRL,4518,130,5.13049156783925
Async-FedDRL,4518,131,4.99310431090233
Async-FedDRL,4518,132,5.20653964440559
Async-FedDRL,4518,133,5.17243167598995
Async-FedDRL,4518,134,5.1101031732467
Async-FedDRL,4518,135,5.17128545041123
Async-FedDRL,4518,136,5.10447435558643
Async-FedDRL,4518,137,5.0781658029908
Async-FedDRL,4518,138,5.15312362196506
Async-FedDRL,4518,139,5.01470929170222
Async-FedDRL,4518,140,4.93435905924089
Async-FedDRL,4518,141,5.12100314902075
Async-FedDRL,4518,142,5.11555990230207
Async-FedDRL,4518,143,4.90350910969986
Async-FedDRL,4518,144,5.03034531866148
Async-FedDRL,4518,145,5.01873344497699
Async-FedDRL,4518,146,5.19678134390091
Async-FedDRL,4518,147,4.95360740657228
Async-FedDRL,4518,148,5.19921185619804
Async-FedDRL,4518,149,5.17483685852472
Async-FedDRL,4518,150,5.16264809672419
Async-FedDRL,4518,151,5.10211928021215
Async-FedDRL,4518,152,5.0750483282243
Async-FedDRL,4518,153,5.00050356417031
Async-FedDRL,4518,154,5.12701513933512
Async-FedDRL,4518,155,5.08317073758678
Async-FedDRL,4518,156,5.14215176868614
Async-FedDRL,4518,157,4.97644135330664
Async-FedDRL,4518,158,5.12838094972068
Async-FedDRL,4518,159,5.31390502596977
Async-FedDRL,4518,160,5.10617138967095
Async-FedDRL,4518,161,5.16247618149781
Async-FedDRL,4518,162,5.08820093231046
Async-FedDRL,4518,163,4.97111817599614
Async-FedDRL,4518,164,5.10879474732114
Async-FedDRL,4518,165,4.90239239575484
Async-FedDRL,4518,166,5.07249692868876
Async-FedDRL,4518,167,4.90394187805377
Async-FedDRL,4518,168,4.95024969550651
Async-FedDRL,4518,169,5.31388101403397
Async-FedDRL,4518,170,5.25329020389765
Async-FedDRL,4518,171,5.06866434399435
Async-FedDRL,4518,172,5.2678619412628
Async-FedDRL,4518,173,5.01857384384446
Async-FedDRL,4518,174,5.07622757346175
Async-FedDRL,4518,175,5.23403809323495
Async-FedDRL,4518,176,5.12348236387217
Async-FedDRL,4518,177,5.26448992947197
Async-FedDRL,4518,178,5.22851675570296
Async-FedDRL,4518,179,5.15593774544067
Async-FedDRL,4518,180,4.91755856625268
Async-FedDRL,4518,181,5.15480827573456
Async-FedDRL,4518,182,4.95633930252349
Async-FedDRL,4518,183,5.14473970942082
Async-FedDRL,4518,184,5.16345551322267
Async-FedDRL,4518,185,5.23220755084182
Async-FedDRL,4518,186,5.13344294219976
Async-FedDRL,4518,187,5.20087367253108
Async-FedDRL,4518,188,5.19433555977781
Async-FedDRL,4518,189,5.18471310579328
Async-FedDRL,4518,190,5.19280542451222
Async-FedDRL,4518,191,5.26833779906336
Async-FedDRL,4518,192,5.10676477664706
Async-FedDRL,4518,193,5.02924746350106
Async-FedDRL,4518,194,5.31280983487863
Async-FedDRL,4518,195,5.17665703431288
Async-FedDRL,4518,196,5.1956464928711
Async-FedDRL,4518,197,5.14876172776191
Async-FedDRL,4518,198,5.21200825267097
Async-FedDRL,4518,199,5.27711566622067
Async-FedDRL,4518,200,5.21888086114006
Async-FedDRL,4518,201,5.24352198934164
Async-FedDRL,4518,202,5.19522865610005
Async-FedDRL,4518,203,5.22711404178798
Async-FedDRL,4518,204,5.18249925318687
Async-FedDRL,4518,205,5.05051252232364
Async-FedDRL,4518,206,5.0980101552142
Async-FedDRL,4518,207,5.03631756713228
Async-FedDRL,4518,208,5.20697146476327
Async-FedDRL,4518,209,5.16792801438107
Async-FedDRL,4518,210,5.13181464357987
Async-FedDRL,4518,211,5.27653926726724
Async-FedDRL,4518,212,5.02940697818838
Async-FedDRL,4518,213,5.00558124161202
Async-FedDRL,4518,214,5.0936225244927
Async-FedDRL,4518,215,5.14988059076049
Async-FedDRL,4518,216,5.07534145842758
Async-FedDRL,4518,217,5.19935138965462
Async-FedDRL,4518,218,5.25085925925361
Async-FedDRL,4518,219,5.15420444690169
Async-FedDRL,4518,220,5.22406398033467
Async-FedDRL,4518,221,5.1504210770294
Async-FedDRL,4518,222,5.23968050220731
Async-FedDRL,4518,223,5.22953249195765
Async-FedDRL,4518,224,5.18217540021235
Async-FedDRL,4518,225,5.05752912085369
Async-FedDRL,4518,226,5.15681213532352
Async-FedDRL,4518,227,5.03122840416225
Async-FedDRL,4518,228,4.99604324897409
Async-FedDRL,4518,229,5.13345061201224
Async-FedDRL,4518,230,5.16537581639742
Async-FedDRL,4518,231,5.10199781120239
Async-FedDRL,4518,232,5.18564760216512
Async-FedDRL,4518,233,5.13263851257241
Async-FedDRL,4518,234,5.10454338073945
Async-FedDRL,4518,235,5.22668001035053
Async-FedDRL,4518,236,5.12245398331734
Async-FedDRL,4518,237,5.1529126533541
Async-FedDRL,4518,238,5.18698285901821
Async-FedDRL,4518,239,4.99815759437941
Async-FedDRL,4518,240,5.11503750702927
Async-FedDRL,4518,241,5.18650076885767
Async-FedDRL,4518,242,5.22048641968299
Async-FedDRL,4518,243,5.13960237952922
Async-FedDRL,4518,244,5.09949992322783
Async-FedDRL,4518,245,5.09895700439137
Async-FedDRL,4518,246,5.18738147762035
Async-FedDRL,4518,247,5.17750181049637
Async-FedDRL,4518,248,5.09007316897894
Async-FedDRL,4518,249,5.18408657221327
Async-FedDRL,4518,250,5.1114530191842
Async-FedDRL,4518,251,5.21677059690168
Async-FedDRL,4518,252,5.13738443103872
Async-FedDRL,4518,253,5.23774452286103
Async-FedDRL,4518,254,5.12629430463674
Async-FedDRL,4518,255,5.2604605437201
Async-FedDRL,4518,256,5.22585203408732
Async-FedDRL,4518,257,5.25332643445765
Async-FedDRL,4518,258,5.15223109594658
Async-FedDRL,4518,259,5.21913423820648
Async-FedDRL,4518,260,5.17938109463136
Async-FedDRL,4518,261,5.04322061087985
Async-FedDRL,4518,262,5.26136845337058
Async-FedDRL,4518,263,5.12033026371206
Async-FedDRL,4518,264,5.15609575929756
Async-FedDRL,4518,265,5.14840702264127
Async-FedDRL,4518,266,5.30393354906038
Async-FedDRL,4518,267,5.18190931073161
Async-FedDRL,4518,268,5.12213217735093
Async-FedDRL,4518,269,5.24182081652989
Async-FedDRL,4518,270,5.28891160365687
Async-FedDRL,4518,271,5.15043666041655
Async-FedDRL,4518,272,5.1654084929987
Async-FedDRL,4518,273,5.22937431498871
Async-FedDRL,4518,274,5.22941924446668
Async-FedDRL,4518,275,5.12417195101684
Async-FedDRL,4518,276,5.22106184734575
Async-FedDRL,4518,277,5.27610166667993
Async-FedDRL,4518,278,5.25719240219068
Async-FedDRL,4518,279,5.23898168048143
Async-FedDRL,4518,280,5.18139498993656
Async-FedDRL,4518,281,5.14011699775929
Async-FedDRL,4518,282,5.17147510520286
Async-FedDRL,4518,283,5.15344462735928
Async-FedDRL,4518,284,5.15305147506213
Async-FedDRL,4518,285,5.19011753507263
Async-FedDRL,4518,286,4.98049558011005
Async-FedDRL,4518,287,5.03456759507327
Async-FedDRL,4518,288,5.07162897201062
Async-FedDRL,4518,289,5.14323805777887
Async-FedDRL,4518,290,5.21110331224929
Async-FedDRL,4518,291,5.09884054759385
Async-FedDRL,4518,292,5.01338217231244
Async-FedDRL,4518,293,5.10667306686124
Async-FedDRL,4518,294,5.21764585758895
Async-FedDRL,4518,295,5.21789536551377
Async-FedDRL,4518,296,5.07878975521548
Async-FedDRL,4518,297,5.18212330310005
Async-FedDRL,4518,298,5.14933229118311
Async-FedDRL,4518,299,5.07191735391953
Async-FedDRL,4518,300,5.26438222555332
Async-FedDRL,4518,301,5.10794540512862
Async-FedDRL,4518,302,5.23904727024711
Async-FedDRL,4518,303,5.21534179755516
Async-FedDRL,4518,304,5.254186424994
Async-FedDRL,4518,305,4.97466654398803
Async-FedDRL,4518,306,5.10100678794921
Async-FedDRL,4518,307,5.18927011718889
Async-FedDRL,4518,308,5.11170055816047
Async-FedDRL,4518,309,5.2687077313185
Async-FedDRL,4518,310,5.23064055776064
Async-FedDRL,4518,311,5.1866047522028
Async-FedDRL,4518,312,5.14725231487709
Async-FedDRL,4518,313,5.31073730014452
Async-FedDRL,4518,314,5.03658345652911
Async-FedDRL,4518,315,5.13184247410547
Async-FedDRL,4518,316,5.21555176238541
Async-FedDRL,4518,317,5.14598752212426
Async-FedDRL,4518,318,5.26823238087578
Async-FedDRL,4518,319,5.19409789743691
Async-FedDRL,4518,320,5.25203783478295
Async-FedDRL,4518,321,5.13878493592179
Async-FedDRL,4518,322,5.1143423275395
Async-FedDRL,4518,323,5.03076107870646
Async-FedDRL,4518,324,5.15547976750538
Async-FedDRL,4518,325,5.20874026517689
Async-FedDRL,4518,326,5.1676186723826
Async-FedDRL,4518,327,5.04627356681279
Async-FedDRL,4518,328,5.12245699197819
Async-FedDRL,4518,329,5.23496045584709
Async-FedDRL,4518,330,5.21545214100286
Async-FedDRL,4518,331,5.13320204859502
Async-FedDRL,4518,332,5.29288453026224
Async-FedDRL,4518,333,5.23171342180186
Async-FedDRL,4518,334,5.23531787849871
Async-FedDRL,4518,335,5.15868930344975
Async-FedDRL,4518,336,5.11259395891992
Async-FedDRL,4518,337,5.13393759146576
Async-FedDRL,4518,338,5.20431268456929
Async-FedDRL,4518,339,5.24382346915733
Async-FedDRL,4518,340,5.24081594211745
Async-FedDRL,4518,341,5.31884220944256
Async-FedDRL,4518,342,5.05113348071249
Async-FedDRL,4518,343,5.24377878584759
Async-FedDRL,4518,344,5.13211135398874
Async-FedDRL,4518,345,5.04339985693339
Async-FedDRL,4518,346,5.07811777710713
Async-FedDRL,4518,347,5.10692695164348
Async-FedDRL,4518,348,5.16429734704049
Async-FedDRL,4518,349,5.17892093624142
Async-FedDRL,4518,350,5.21013549429023
Async-FedDRL,4518,351,5.02745793077713
Async-FedDRL,4518,352,5.12710266029185
Async-FedDRL,4518,353,5.10402714526815
Async-FedDRL,4518,354,5.18371699276386
Async-FedDRL,4518,355,5.08002147243955
Async-FedDRL,4518,356,5.25148582416161
Async-FedDRL,4518,357,5.16294869861391
Async-FedDRL,4518,358,5.16752217499094
Async-FedDRL,4518,359,5.07472712137296
Async-FedDRL,4518,360,5.2479591890408
Async-FedDRL,4518,361,5.1274901171215
Async-FedDRL,4518,362,5.28299008824359
Async-FedDRL,4518,363,5.21553199669868
Async-FedDRL,4518,364,5.14271845551335
Async-FedDRL,4518,365,5.12141941430952
Async-FedDRL,4518,366,5.39461896473167
Async-FedDRL,4518,367,5.12787043254584
Async-FedDRL,4518,368,5.24882431166586
Async-FedDRL,4518,369,5.28781444294469
Async-FedDRL,4518,370,5.21633943642918
Async-FedDRL,4518,371,5.07531706395126
Async-FedDRL,4518,372,5.29942966511784
Async-FedDRL,4518,373,5.23532217604217
Async-FedDRL,4518,374,5.18639877893789
Async-FedDRL,4518,375,5.18144224417094
Async-FedDRL,4518,376,5.25814746695768
Async-FedDRL,4518,377,5.17067677457499
Async-FedDRL,4518,378,5.22794619871697
Async-FedDRL,4518,379,5.07022258907915
Async-FedDRL,4518,380,5.23931503436348
Async-FedDRL,4518,381,5.18900657007888
Async-FedDRL,4518,382,5.14812430842129
Async-FedDRL,4518,383,5.13679025724598
Async-FedDRL,4518,384,5.26237605637828
Async-FedDRL,4518,385,5.21538967291652
Async-FedDRL,4518,386,5.20688997473481
Async-FedDRL,4518,387,5.1522596204254
Async-FedDRL,4518,388,5.12340790140277
Async-FedDRL,4518,389,5.06803276316337
Async-FedDRL,4518,390,5.15579341052852
Async-FedDRL,4518,391,5.27473000867286
Async-FedDRL,4518,392,5.11943598720693
Async-FedDRL,4518,393,5.15083875472472
Async-FedDRL,4518,394,5.11072195776192
Async-FedDRL,4518,395,5.15856730962668
Async-FedDRL,4518,396,5.05571589068011
Async-FedDRL,4518,397,5.25305590923529
Async-FedDRL,4518,398,5.07484203647366
Async-FedDRL,4518,399,5.22370359031319
Async-FedDRL,4518,400,5.11584827359839
Async-FedDRL,5629,1,4.16893331969083
Async-FedDRL,5629,2,4.10888056137466
Async-FedDRL,5629,3,3.87025236949796
Async-FedDRL,5629,4,4.04884901005236
Async-FedDRL,5629,5,4.01456808757477
Async-FedDRL,5629,6,4.16852797853947
Async-FedDRL,5629,7,4.28633332651828
Async-FedDRL,5629,8,4.14926096162405
Async-FedDRL,5629,9,4.27373265231078
Async-FedDRL,5629,10,4.2699162927578
Async-FedDRL,5629,11,4.28498710280817
Async-FedDRL,5629,12,4.13026216809047
Async-FedDRL,5629,13,4.25603906520518
Async-FedDRL,5629,14,4.29425689099813
Async-FedDRL,5629,15,4.18435757423698
Async-FedDRL,5629,16,4.37984243574213
Async-FedDRL,5629,17,4.2336936533823
Async-FedDRL,5629,18,4.33839945813642
Async-FedDRL,5629,19,3.90677398164815
Async-FedDRL,5629,20,4.31643716080451
Async-FedDRL,5629,21,4.35926814307766
Async-FedDRL,5629,22,3.95857458506621
Async-FedDRL,5629,23,4.50021760272629
Async-FedDRL,5629,24,4.19803180779498
Async-FedDRL,5629,25,4.20752517479802
Async-FedDRL,5629,26,4.07867758770435
Async-FedDRL,5629,27,4.45691330001562
Async-FedDRL,5629,28,4.33701007119281
Async-FedDRL,5629,29,4.11367490189689
Async-FedDRL,5629,30,4.43213529297293
Async-FedDRL,5629,31,4.34319501225674
Async-FedDRL,5629,32,4.16717049742081
Async-FedDRL,5629,33,4.30081728905411
Async-FedDRL,5629,34,4.44060944690486
Async-FedDRL,5629,35,4.18498751634662
Async-FedDRL,5629,36,4.51894145004159
Async-FedDRL,5629,37,4.30117457131854
Async-FedDRL,5629,38,4.39072520040259
Async-FedDRL,5629,39,4.56702582012654
Async-FedDRL,5629,40,4.27983830351329
Async-FedDRL,5629,41,4.43147849691653
Async-FedDRL,5629,42,4.48999506548801
Async-FedDRL,5629,43,4.572985873917
Async-FedDRL,5629,44,4.66084056047806
Async-FedDRL,5629,45,4.55789892710979
Async-FedDRL,5629,46,4.55625937908338
Async-FedDRL,5629,47,4.61027057636017
Async-FedDRL,5629,48,4.39079360307059
Async-FedDRL,5629,49,4.35029846331225
Async-FedDRL,5629,50,4.59982786155196
Async-FedDRL,5629,51,4.43059454482284
Async-FedDRL,5629,52,4.57950574290015
Async-FedDRL,5629,53,4.5200952647548
Async-FedDRL,5629,54,4.63886911187901
Async-FedDRL,5629,55,4.69710258719506
Async-FedDRL,5629,56,4.48549087706188
Async-FedDRL,5629,57,4.71327521882579
Async-FedDRL,5629,58,4.83686051377148
Async-FedDRL,5629,59,4.59080351543773
Async-FedDRL,5629,60,4.56975852091556
Async-FedDRL,5629,61,4.67508168666809
Async-FedDRL,5629,62,4.63492244196262
Async-FedDRL,5629,63,4.67299038342646
Async-FedDRL,5629,64,4.70425481262318
Async-FedDRL,5629,65,4.7619492111055
Async-FedDRL,5629,66,4.65371776487543
Async-FedDRL,5629,67,4.85212583867132
Async-FedDRL,5629,68,4.61241948181327
Async-FedDRL,5629,69,4.67676637392452
Async-FedDRL,5629,70,4.90645507284214
Async-FedDRL,5629,71,4.90688984837359
Async-FedDRL,5629,72,4.45875444691589
Async-FedDRL,5629,73,4.77885804173544
Async-FedDRL,5629,74,4.59196040940737
Async-FedDRL,5629,75,4.97807149267163
Async-FedDRL,5629,76,4.6781698621302
Async-FedDRL,5629,77,4.8957460936116
Async-FedDRL,5629,78,5.00319725231069
Async-FedDRL,5629,79,4.91003404405736
Async-FedDRL,5629,80,4.81378433822093
Async-FedDRL,5629,81,4.84930702864327
Async-FedDRL,5629,82,4.69937545062283
Async-FedDRL,5629,83,4.94928684757418
Async-FedDRL,5629,84,4.92277668840706
Async-FedDRL,5629,85,4.90772250406197
Async-FedDRL,5629,86,4.78426868502705
Async-FedDRL,5629,87,4.91034099680089
Async-FedDRL,5629,88,4.95483549726914
Async-FedDRL,5629,89,4.82248292713084
Async-FedDRL,5629,90,4.97713688896841
Async-FedDRL,5629,91,4.88347355871968
Async-FedDRL,5629,92,4.9884720571678
Async-FedDRL,5629,93,5.01134919312259
Async-FedDRL,5629,94,5.00711277271297
Async-FedDRL,5629,95,5.00041582842106
Async-FedDRL,5629,96,5.01145006177842
Async-FedDRL,5629,97,4.91429439933371
Async-FedDRL,5629,98,4.90672219049436
Async-FedDRL,5629,99,4.85315183127185
Async-FedDRL,5629,100,4.99922365252972
Async-FedDRL,5629,101,4.97698284343175
Async-FedDRL,5629,102,4.88642025079712
Async-FedDRL,5629,103,5.05925194571473
Async-FedDRL,5629,104,4.99604633526852
Async-FedDRL,5629,105,4.96770293285446
Async-FedDRL,5629,106,5.05237512408569
Async-FedDRL,5629,107,5.0937765672087
Async-FedDRL,5629,108,5.12418041616812
Async-FedDRL,5629,109,5.02523766490383
Async-FedDRL,5629,110,4.87859198544555
Async-FedDRL,5629,111,4.99965976160684
Async-FedDRL,5629,112,5.09547333159086
Async-FedDRL,5629,113,5.10836650992419
Async-FedDRL,5629,114,4.97834438372238
Async-FedDRL,5629,115,5.15050254239497
Async-FedDRL,5629,116,5.08072776002755
Async-FedDRL,5629,117,5.13964435251071
Async-FedDRL,5629,118,5.08507098585349
Async-FedDRL,5629,119,5.01711075029624
Async-FedDRL,5629,120,4.97267105576562
Async-FedDRL,5629,121,5.29349967305419
Async-FedDRL,5629,122,4.88518915983535
Async-FedDRL,5629,123,5.1239230151545
Async-FedDRL,5629,124,5.07463908693934
Async-FedDRL,5629,125,5.15047273543128
Async-FedDRL,5629,126,4.98562211347383
Async-FedDRL,5629,127,4.97257488015286
Async-FedDRL,5629,128,5.2377953834199
Async-FedDRL,5629,129,5.05036550917444
Async-FedDRL,5629,130,5.10337189321489
Async-FedDRL,5629,131,4.9681585895246
Async-FedDRL,5629,132,5.13322347349703
Async-FedDRL,5629,133,5.29030465540393
Async-FedDRL,5629,134,5.19874787250334
Async-FedDRL,5629,135,5.08101538054396
Async-FedDRL,5629,136,5.3498636893678
Async-FedDRL,5629,137,5.03204053461509
Async-FedDRL,5629,138,5.12000580335253
Async-FedDRL,5629,139,5.11553754030591
Async-FedDRL,5629,140,5.15509194363599
Async-FedDRL,5629,141,5.09414718340601
Async-FedDRL,5629,142,5.03264343328885
Async-FedDRL,5629,143,5.19907871591962
Async-FedDRL,5629,144,5.15820815879458
Async-FedDRL,5629,145,5.26401690712485
Async-FedDRL,5629,146,5.09104034959803
Async-FedDRL,5629,147,5.16651673603319
Async-FedDRL,5629,148,5.19475919969149
Async-FedDRL,5629,149,5.1795623141988
Async-FedDRL,5629,150,5.08460258895909
Async-FedDRL,5629,151,5.04162054210495
Async-FedDRL,5629,152,5.25397563954649
Async-FedDRL,5629,153,5.00759029560566
Async-FedDRL,5629,154,5.09206870937398
Async-FedDRL,5629,155,5.1616626999422
Async-FedDRL,5629,156,5.1998056984263
Async-FedDRL,5629,157,5.17168203705073
Async-FedDRL,5629,158,5.13412590170693
Async-FedDRL,5629,159,5.19402250138025
Async-FedDRL,5629,160,5.11743416388803
Async-FedDRL,5629,161,5.11248407656064
Async-FedDRL,5629,162,5.1566230904827
Async-FedDRL,5629,163,5.20683411351073
Async-FedDRL,5629,164,4.85439332107114
Async-FedDRL,5629,165,5.16251929716348
Async-FedDRL,5629,166,5.10193366908973
Async-FedDRL,5629,167,5.2039211017508
Async-FedDRL,5629,168,5.16031107588852
Async-FedDRL,5629,169,5.14561855244138
Async-FedDRL,5629,170,5.18530247153466
Async-FedDRL,5629,171,5.0771300030835
Async-FedDRL,5629,172,5.2322650528691
Async-FedDRL,5629,173,5.06721757984398
Async-FedDRL,5629,174,5.17904198483508
Async-FedDRL,5629,175,5.26024257936318
Async-FedDRL,5629,176,5.08921713937339
Async-FedDRL,5629,177,5.0517993644657
Async-FedDRL,5629,178,4.98503195800876
Async-FedDRL,5629,179,4.97567119627205
Async-FedDRL,5629,180,5.07914399308761
Async-FedDRL,5629,181,5.22205928248244
Async-FedDRL,5629,182,5.21601213781408
Async-FedDRL,5629,183,5.23857831275487
Async-FedDRL,5629,184,5.14976346426414
Async-FedDRL,5629,185,5.12951325076543
Async-FedDRL,5629,186,5.10151127997524
Async-FedDRL,5629,187,5.20353451337625
Async-FedDRL,5629,188,5.26156551392431
Async-FedDRL,5629,189,5.16143878745764
Async-FedDRL,5629,190,5.15306510197724
Async-FedDRL,5629,191,5.15867070085083
Async-FedDRL,5629,192,5.24720742586272
Async-FedDRL,5629,193,5.12595177509429
Async-FedDRL,5629,194,5.23610494051435
Async-FedDRL,5629,195,5.23542932868728
Async-FedDRL,5629,196,5.26226807573327
Async-FedDRL,5629,197,5.09926609630504
Async-FedDRL,5629,198,5.12895225123669
Async-FedDRL,5629,199,5.15468800187795
Async-FedDRL,5629,200,5.07727985627466
Async-FedDRL,5629,201,5.2865716557759
Async-FedDRL,5629,202,5.16041306347767
Async-FedDRL,5629,203,5.24077652748547
Async-FedDRL,5629,204,5.24263182438856
Async-FedDRL,5629,205,5.20704535936291
Async-FedDRL,5629,206,5.23614833232791
Async-FedDRL,5629,207,5.23453491994898
Async-FedDRL,5629,208,5.26588247191501
Async-FedDRL,5629,209,5.20811067895252
Async-FedDRL,5629,210,5.03971782006712
Async-FedDRL,5629,211,5.22515539829608
Async-FedDRL,5629,212,5.05593010151429
Async-FedDRL,5629,213,5.26213101388572
Async-FedDRL,5629,214,5.1291362983338
Async-FedDRL,5629,215,5.35789411805283
Async-FedDRL,5629,216,5.08793782926914
Async-FedDRL,5629,217,5.31156706929965
Async-FedDRL,5629,218,5.15829399254327
Async-FedDRL,5629,219,5.2731664983902
Async-FedDRL,5629,220,5.24369765776557
Async-FedDRL,5629,221,5.15146763632285
Async-FedDRL,5629,222,5.17275788549578
Async-FedDRL,5629,223,5.01499737115434
Async-FedDRL,5629,224,5.26320755129276
Async-FedDRL,5629,225,5.35269355939851
Async-FedDRL,5629,226,5.26669913816822
Async-FedDRL,5629,227,5.14347107424793
Async-FedDRL,5629,228,5.2373945387889
Async-FedDRL,5629,229,5.16542260649661
Async-FedDRL,5629,230,5.06950470253888
Async-FedDRL,5629,231,5.20884583539944
Async-FedDRL,5629,232,5.27027444380967
Async-FedDRL,5629,233,5.24308121967421
Async-FedDRL,5629,234,5.22743579354156
Async-FedDRL,5629,235,5.23820232760277
Async-FedDRL,5629,236,5.15333447632933
Async-FedDRL,5629,237,5.18186907946503
Async-FedDRL,5629,238,5.24467118541612
Async-FedDRL,5629,239,5.09201403159101
Async-FedDRL,5629,240,5.16667975961736
Async-FedDRL,5629,241,5.17449008026531
Async-FedDRL,5629,242,5.04181504639209
Async-FedDRL,5629,243,5.32462386087837
Async-FedDRL,5629,244,5.07600749792602
Async-FedDRL,5629,245,5.23673551376617
Async-FedDRL,5629,246,5.36545637513842
Async-FedDRL,5629,247,5.29298151246529
Async-FedDRL,5629,248,5.19865477258262
Async-FedDRL,5629,249,5.06876260370322
Async-FedDRL,5629,250,5.25344496000392
Async-FedDRL,5629,251,5.29967979623335
Async-FedDRL,5629,252,5.19427239312364
Async-FedDRL,5629,253,5.16370769757355
Async-FedDRL,5629,254,5.05074782891607
Async-FedDRL,5629,255,5.27731143547668
Async-FedDRL,5629,256,5.19025237868358
Async-FedDRL,5629,257,5.15955208480893
Async-FedDRL,5629,258,5.16769696126251
Async-FedDRL,5629,259,5.23521346291773
Async-FedDRL,5629,260,5.24139525169915
Async-FedDRL,5629,261,5.10119427683871
Async-FedDRL,5629,262,5.25619171806214
Async-FedDRL,5629,263,5.20358609833882
Async-FedDRL,5629,264,5.16031054208184
Async-FedDRL,5629,265,5.2208342544982
Async-FedDRL,5629,266,5.1512505063542
Async-FedDRL,5629,267,5.10718163914363
Async-FedDRL,5629,268,5.17553312351761
Async-FedDRL,5629,269,4.96789416867288
Async-FedDRL,5629,270,5.26229800267957
Async-FedDRL,5629,271,5.20495908938633
Async-FedDRL,5629,272,5.29465166440813
Async-FedDRL,5629,273,5.1519311485995
Async-FedDRL,5629,274,5.21633714624531
Async-FedDRL,5629,275,5.20191357969581
Async-FedDRL,5629,276,5.19580264155931
Async-FedDRL,5629,277,5.09761857050215
Async-FedDRL,5629,278,5.14563009105251
Async-FedDRL,5629,279,5.1673322249741
Async-FedDRL,5629,280,5.16323043920714
Async-FedDRL,5629,281,5.32640217489223
Async-FedDRL,5629,282,5.28340265681659
Async-FedDRL,5629,283,5.28570825201791
Async-FedDRL,5629,284,5.16397620587849
Async-FedDRL,5629,285,5.25848604015708
Async-FedDRL,5629,286,5.0337349477408
Async-FedDRL,5629,287,5.38755771661693
Async-FedDRL,5629,288,5.20531224989142
Async-FedDRL,5629,289,5.15520981766862
Async-FedDRL,5629,290,5.10937119591722
Async-FedDRL,5629,291,5.0840272212072
Async-FedDRL,5629,292,5.2962359007012
Async-FedDRL,5629,293,5.21723347015621
Async-FedDRL,5629,294,5.21507064361139
Async-FedDRL,5629,295,5.28162584162525
Async-FedDRL,5629,296,5.35769649289962
Async-FedDRL,5629,297,5.28949106150289
Async-FedDRL,5629,298,5.08957975968287
Async-FedDRL,5629,299,5.17263428963687
Async-FedDRL,5629,300,5.19221478235682
Async-FedDRL,5629,301,5.11224063486748
Async-FedDRL,5629,302,5.3108569348131
Async-FedDRL,5629,303,5.10496517909725
Async-FedDRL,5629,304,5.20717904629018
Async-FedDRL,5629,305,5.19495205401861
Async-FedDRL,5629,306,5.28489301260391
Async-FedDRL,5629,307,5.27527919103371
Async-FedDRL,5629,308,5.26697228697361
Async-FedDRL,5629,309,5.26182764017389
Async-FedDRL,5629,310,5.17327945879762
Async-FedDRL,5629,311,5.18777919454286
Async-FedDRL,5629,312,5.08397853252509
Async-FedDRL,5629,313,5.1481452366017
Async-FedDRL,5629,314,5.26935463360534
Async-FedDRL,5629,315,5.13808794705546
Async-FedDRL,5629,316,5.18276716304376
Async-FedDRL,5629,317,5.2267932654314
Async-FedDRL,5629,318,5.15335643176826
Async-FedDRL,5629,319,5.24786439541935
Async-FedDRL,5629,320,5.08562490878352
Async-FedDRL,5629,321,5.204088611781
Async-FedDRL,5629,322,5.22597999894265
Async-FedDRL,5629,323,5.20756831617603
Async-FedDRL,5629,324,5.15600961737618
Async-FedDRL,5629,325,5.26893807658936
Async-FedDRL,5629,326,5.20492847201126
Async-FedDRL,5629,327,5.18266306107074
Async-FedDRL,5629,328,5.21969861179279
Async-FedDRL,5629,329,5.17810847901233
Async-FedDRL,5629,330,5.09156699064898
Async-FedDRL,5629,331,5.25042700548905
Async-FedDRL,5629,332,5.17397059715294
Async-FedDRL,5629,333,5.28610665185776
Async-FedDRL,5629,334,5.35715953635619
Async-FedDRL,5629,335,5.29700253313159
Async-FedDRL,5629,336,5.19372609075724
Async-FedDRL,5629,337,5.17378701751737
Async-FedDRL,5629,338,5.08607665389494
Async-FedDRL,5629,339,5.19770559464684
Async-FedDRL,5629,340,5.14643772093356
Async-FedDRL,5629,341,5.19819588818357
Async-FedDRL,5629,342,5.04421244646213
Async-FedDRL,5629,343,5.15477766198131
Async-FedDRL,5629,344,5.16733154076818
Async-FedDRL,5629,345,5.2379781396318
Async-FedDRL,5629,346,5.32903179853402
Async-FedDRL,5629,347,5.11393629783306
Async-FedDRL,5629,348,5.26456392684918
Async-FedDRL,5629,349,5.16692569343513
Async-FedDRL,5629,350,5.24537922494691
Async-FedDRL,5629,351,5.29564353094367
Async-FedDRL,5629,352,5.12704468681964
Async-FedDRL,5629,353,5.04194027994649
Async-FedDRL,5629,354,5.17152026691388
Async-FedDRL,5629,355,5.18290494359318
Async-FedDRL,5629,356,5.13347591687345
Async-FedDRL,5629,357,5.30855570084572
Async-FedDRL,5629,358,5.18663909938514
Async-FedDRL,5629,359,5.32349246949191
Async-FedDRL,5629,360,5.23298885500448
Async-FedDRL,5629,361,5.21623941472892
Async-FedDRL,5629,362,5.12408332619068
Async-FedDRL,5629,363,5.12489175874276
Async-FedDRL,5629,364,5.36174764085151
Async-FedDRL,5629,365,5.12277171660615
Async-FedDRL,5629,366,5.18548318799695
Async-FedDRL,5629,367,5.28211861479545
Async-FedDRL,5629,368,5.25161735142169
Async-FedDRL,5629,369,5.38138321434481
Async-FedDRL,5629,370,5.22242552283531
Async-FedDRL,5629,371,5.31214434828372
Async-FedDRL,5629,372,5.29681394164651
Async-FedDRL,5629,373,5.16766270988189
Async-FedDRL,5629,374,5.10496490104413
Async-FedDRL,5629,375,5.219032695208
Async-FedDRL,5629,376,5.21408482952439
Async-FedDRL,5629,377,5.2257844964106
Async-FedDRL,5629,378,4.90861825828259
Async-FedDRL,5629,379,5.23851477551257
Async-FedDRL,5629,380,5.23864333780308
Async-FedDRL,5629,381,5.28181137449819
Async-FedDRL,5629,382,5.13434823478628
Async-FedDRL,5629,383,5.10069368544478
Async-FedDRL,5629,384,5.22962828352799
Async-FedDRL,5629,385,5.20564863812699
Async-FedDRL,5629,386,5.11551414827904
Async-FedDRL,5629,387,5.2005661006747
Async-FedDRL,5629,388,5.06251528730073
Async-FedDRL,5629,389,5.17727801612834
Async-FedDRL,5629,390,5.14653655993046
Async-FedDRL,5629,391,5.03706301381275
Async-FedDRL,5629,392,5.40668388929365
Async-FedDRL,5629,393,5.0323176564019
Async-FedDRL,5629,394,5.1970247083936
Async-FedDRL,5629,395,5.19331886955276
Async-FedDRL,5629,396,5.20610725537459
Async-FedDRL,5629,397,5.26180978339216
Async-FedDRL,5629,398,5.25884616315425
Async-FedDRL,5629,399,5.31448898789456
Async-FedDRL,5629,400,5.25210613968051
Async-FedDRL,6740,1,4.17316218570062
Async-FedDRL,6740,2,3.81135783990709
Async-FedDRL,6740,3,4.18832886814846
Async-FedDRL,6740,4,4.30534992589289
Async-FedDRL,6740,5,4.28391684282965
Async-FedDRL,6740,6,4.04232388558472
Async-FedDRL,6740,7,4.20055968991808
Async-FedDRL,6740,8,4.00720137249399
Async-FedDRL,6740,9,4.28218114157792
Async-FedDRL,6740,10,3.99629918384478
Async-FedDRL,6740,11,4.08255706250068
Async-FedDRL,6740,12,4.20523845285762
Async-FedDRL,6740,13,4.06450195013536
Async-FedDRL,6740,14,4.2944885317644
Async-FedDRL,6740,15,4.34896709802775
Async-FedDRL,6740,16,4.39627562795088
Async-FedDRL,6740,17,4.19156113580704
Async-FedDRL,6740,18,4.39709874569313
Async-FedDRL,6740,19,4.35652157256353
Async-FedDRL,6740,20,4.39230807776333
Async-FedDRL,6740,21,4.25977835349543
Async-FedDRL,6740,22,4.20829978393627
Async-FedDRL,6740,23,4.08125025354105
Async-FedDRL,6740,24,4.26732631323997
Async-FedDRL,6740,25,4.2994480467836
Async-FedDRL,6740,26,4.42743263067342
Async-FedDRL,6740,27,4.47319132283295
Async-FedDRL,6740,28,4.48501932254054
Async-FedDRL,6740,29,4.24397398843011
Async-FedDRL,6740,30,4.22829063883915
Async-FedDRL,6740,31,4.27877101277336
Async-FedDRL,6740,32,4.26417989773012
Async-FedDRL,6740,33,4.38279799876126
Async-FedDRL,6740,34,4.56329620106034
Async-FedDRL,6740,35,4.35063508302924
Async-FedDRL,6740,36,4.38565035373444
Async-FedDRL,6740,37,4.65018687168438
Async-FedDRL,6740,38,4.23965862936462
Async-FedDRL,6740,39,4.46430002392288
Async-FedDRL,6740,40,4.46097311764072
Async-FedDRL,6740,41,4.53826643903143
Async-FedDRL,6740,42,4.24799076936279
Async-FedDRL,6740,43,4.42808637147167
Async-FedDRL,6740,44,4.81123754947542
Async-FedDRL,6740,45,4.47822715272563
Async-FedDRL,6740,46,4.63643565807134
Async-FedDRL,6740,47,4.63447172182187
Async-FedDRL,6740,48,4.74762653018112
Async-FedDRL,6740,49,4.52750217706229
Async-FedDRL,6740,50,4.5969539538824
Async-FedDRL,6740,51,4.1937276116128
Async-FedDRL,6740,52,4.61300240001195
Async-FedDRL,6740,53,4.70132808751565
Async-FedDRL,6740,54,4.86328379054025
Async-FedDRL,6740,55,4.69659295554744
Async-FedDRL,6740,56,4.44908435237351
Async-FedDRL,6740,57,4.52733246204971
Async-FedDRL,6740,58,4.71217194686022
Async-FedDRL,6740,59,4.62478576182988
Async-FedDRL,6740,60,4.88402604757664
Async-FedDRL,6740,61,4.72284527980329
Async-FedDRL,6740,62,4.75061954035888
Async-FedDRL,6740,63,4.82605996490218
Async-FedDRL,6740,64,4.87617473923234
Async-FedDRL,6740,65,4.74988025770433
Async-FedDRL,6740,66,4.81335184052475
Async-FedDRL,6740,67,4.72416927024704
Async-FedDRL,6740,68,4.84468915269506
Async-FedDRL,6740,69,5.03559494020193
Async-FedDRL,6740,70,4.8602345772124
Async-FedDRL,6740,71,4.72189121732859
Async-FedDRL,6740,72,4.80797473519464
Async-FedDRL,6740,73,4.81555931153869
Async-FedDRL,6740,74,4.8354079074272
Async-FedDRL,6740,75,4.79532118333057
Async-FedDRL,6740,76,4.97586945798621
Async-FedDRL,6740,77,4.8501848633338
Async-FedDRL,6740,78,4.81105281856142
Async-FedDRL,6740,79,4.88895437255559
Async-FedDRL,6740,80,4.76370668813373
Async-FedDRL,6740,81,4.91359869129947
Async-FedDRL,6740,82,4.90084233959792
Async-FedDRL,6740,83,4.97974247478288
Async-FedDRL,6740,84,4.8490674510192
Async-FedDRL,6740,85,5.02487128604239
Async-FedDRL,6740,86,5.1351707127507
Async-FedDRL,6740,87,4.86947890075052
Async-FedDRL,6740,88,5.13730877938264
Async-FedDRL,6740,89,4.91919267135172
Async-FedDRL,6740,90,5.05297908397829
Async-FedDRL,6740,91,4.92978196285127
Async-FedDRL,6740,92,4.99209262698352
Async-FedDRL,6740,93,5.04566357118761
Async-FedDRL,6740,94,4.85081097842476
Async-FedDRL,6740,95,4.94708025735248
Async-FedDRL,6740,96,5.00688656761558
Async-FedDRL,6740,97,4.98011181856527
Async-FedDRL,6740,98,5.09754061049236
Async-FedDRL,6740,99,4.97631803856818
Async-FedDRL,6740,100,5.23524908568761
Async-FedDRL,6740,101,5.06597241626241
Async-FedDRL,6740,102,4.87440742338586
Async-FedDRL,6740,103,4.94973048360644
Async-FedDRL,6740,104,4.98426767042074
Async-FedDRL,6740,105,5.06624019540308
Async-FedDRL,6740,106,5.08469089144247
Async-FedDRL,6740,107,4.98831543966959
Async-FedDRL,6740,108,5.12073545447373
Async-FedDRL,6740,109,5.17523940623386
Async-FedDRL,6740,110,5.08873658454525
Async-FedDRL,6740,111,5.11138629636035
Async-FedDRL,6740,112,4.95764659857412
Async-FedDRL,6740,113,5.10022733770996
Async-FedDRL,6740,114,5.18916135943566
Async-FedDRL,6740,115,5.0756656589209
Async-FedDRL,6740,116,4.87305908816743
Async-FedDRL,6740,117,5.07527553088152
Async-FedDRL,6740,118,5.0152769507957
Async-FedDRL,6740,119,5.14660655191553
Async-FedDRL,6740,120,5.12303639237029
Async-FedDRL,6740,121,5.19831753431165
Async-FedDRL,6740,122,5.08263471932628
Async-FedDRL,6740,123,5.09048315315726
Async-FedDRL,6740,124,5.14698553322439
Async-FedDRL,6740,125,5.08877687651155
Async-FedDRL,6740,126,4.98762249568929
Async-FedDRL,6740,127,5.05965076534492
Async-FedDRL,6740,128,4.91172005958969
Async-FedDRL,6740,129,4.85139668923242
Async-FedDRL,6740,130,5.13869539350754
Async-FedDRL,6740,131,5.08955818116165
Async-FedDRL,6740,132,5.11025434306391
Async-FedDRL,6740,133,5.07762672139364
Async-FedDRL,6740,134,5.14609784189882
Async-FedDRL,6740,135,5.15665072795161
Async-FedDRL,6740,136,5.21611874650587
Async-FedDRL,6740,137,5.20008132863736
Async-FedDRL,6740,138,5.0336103428329
Async-FedDRL,6740,139,5.05887728103134
Async-FedDRL,6740,140,5.21706004644479
Async-FedDRL,6740,141,5.07266031490458
Async-FedDRL,6740,142,5.23960954303005
Async-FedDRL,6740,143,4.87980779453517
Async-FedDRL,6740,144,5.11230237520577
Async-FedDRL,6740,145,5.06508621555248
Async-FedDRL,6740,146,5.16374207399617
Async-FedDRL,6740,147,5.19906192317694
Async-FedDRL,6740,148,5.11165941809669
Async-FedDRL,6740,149,5.15083108838076
Async-FedDRL,6740,150,5.216985950069
Async-FedDRL,6740,151,5.17501627078121
Async-FedDRL,6740,152,5.10394065595148
Async-FedDRL,6740,153,5.02617951489959
Async-FedDRL,6740,154,5.22275614471679
Async-FedDRL,6740,155,5.24198416095306
Async-FedDRL,6740,156,5.0618162224814
Async-FedDRL,6740,157,5.24700385834857
Async-FedDRL,6740,158,5.10139335840357
Async-FedDRL,6740,159,5.08197397426933
Async-FedDRL,6740,160,5.19458400338328
Async-FedDRL,6740,161,5.21859470588986
Async-FedDRL,6740,162,5.10087433258136
Async-FedDRL,6740,163,5.26335129553257
Async-FedDRL,6740,164,5.00777101032554
Async-FedDRL,6740,165,5.11382969563651
Async-FedDRL,6740,166,5.22975602517945
Async-FedDRL,6740,167,5.01055929743919
Async-FedDRL,6740,168,5.19414443024613
Async-FedDRL,6740,169,5.0794806668056
Async-FedDRL,6740,170,5.22940101709533
Async-FedDRL,6740,171,5.07815560012026
Async-FedDRL,6740,172,5.07334457594654
Async-FedDRL,6740,173,5.25331627968838
Async-FedDRL,6740,174,4.98825828469908
Async-FedDRL,6740,175,5.20162219448746
Async-FedDRL,6740,176,5.00023109327543
Async-FedDRL,6740,177,5.16420335993239
Async-FedDRL,6740,178,4.99698661476116
Async-FedDRL,6740,179,5.07832141709564
Async-FedDRL,6740,180,5.20443950631223
Async-FedDRL,6740,181,5.21038368222281
Async-FedDRL,6740,182,5.21315177739954
Async-FedDRL,6740,183,5.16049089409337
Async-FedDRL,6740,184,5.17059880242967
Async-FedDRL,6740,185,4.88548168325371
Async-FedDRL,6740,186,5.23949719069602
Async-FedDRL,6740,187,5.09875982995448
Async-FedDRL,6740,188,5.25514367862492
Async-FedDRL,6740,189,5.02839814476157
Async-FedDRL,6740,190,5.07327868175046
Async-FedDRL,6740,191,5.04628371449984
Async-FedDRL,6740,192,5.14030229600511
Async-FedDRL,6740,193,5.39157227253721
Async-FedDRL,6740,194,5.10057520761389
Async-FedDRL,6740,195,5.11422621194239
Async-FedDRL,6740,196,5.05853953763707
Async-FedDRL,6740,197,5.11703648169233
Async-FedDRL,6740,198,5.24260966171591
Async-FedDRL,6740,199,5.07491892623207
Async-FedDRL,6740,200,5.07307495240401
Async-FedDRL,6740,201,5.16289532697154
Async-FedDRL,6740,202,5.23164496255915
Async-FedDRL,6740,203,5.20975882267105
Async-FedDRL,6740,204,5.233636718986
Async-FedDRL,6740,205,5.2046290715735
Async-FedDRL,6740,206,5.21656736721548
Async-FedDRL,6740,207,5.2140933517591
Async-FedDRL,6740,208,5.1133851688425
Async-FedDRL,6740,209,5.24315597959323
Async-FedDRL,6740,210,5.12937652425637
Async-FedDRL,6740,211,5.1311320698523
Async-FedDRL,6740,212,5.20467986469829
Async-FedDRL,6740,213,5.13200913823487
Async-FedDRL,6740,214,5.20010742662981
Async-FedDRL,6740,215,5.19570414846108
Async-FedDRL,6740,216,5.29586640190321
Async-FedDRL,6740,217,5.04340391495126
Async-FedDRL,6740,218,5.3208298186673
Async-FedDRL,6740,219,5.2009140375366
Async-FedDRL,6740,220,5.21003903353209
Async-FedDRL,6740,221,5.24984427983718
Async-FedDRL,6740,222,5.17543558198447
Async-FedDRL,6740,223,5.09043612356159
Async-FedDRL,6740,224,5.26477744901117
Async-FedDRL,6740,225,5.22255998893728
Async-FedDRL,6740,226,5.17874686030219
Async-FedDRL,6740,227,5.04639900827665
Async-FedDRL,6740,228,5.01730806597659
Async-FedDRL,6740,229,5.2646629348952
Async-FedDRL,6740,230,5.28759643550502
Async-FedDRL,6740,231,4.99530801349917
Async-FedDRL,6740,232,5.22821430821525
Async-FedDRL,6740,233,5.29532097314146
Async-FedDRL,6740,234,5.2276633703962
Async-FedDRL,6740,235,5.11643159835219
Async-FedDRL,6740,236,5.13051299606763
Async-FedDRL,6740,237,5.24748898571863
Async-FedDRL,6740,238,5.32856794838219
Async-FedDRL,6740,239,5.05937629703716
Async-FedDRL,6740,240,5.16823915903855
Async-FedDRL,6740,241,5.0634016901988
Async-FedDRL,6740,242,5.16901077663722
Async-FedDRL,6740,243,5.14338176695581
Async-FedDRL,6740,244,5.20202211588186
Async-FedDRL,6740,245,5.11060469863236
Async-FedDRL,6740,246,5.20378871619616
Async-FedDRL,6740,247,5.08906860128565
Async-FedDRL,6740,248,5.08720485518224
Async-FedDRL,6740,249,5.19575450083177
Async-FedDRL,6740,250,5.18421248171891
Async-FedDRL,6740,251,5.42598537105711
Async-FedDRL,6740,252,5.03913642698449
Async-FedDRL,6740,253,5.22793684188634
Async-FedDRL,6740,254,5.09024014396475
Async-FedDRL,6740,255,5.27210344343062
Async-FedDRL,6740,256,5.07354862781178
Async-FedDRL,6740,257,5.16512316085351
Async-FedDRL,6740,258,5.28068352469713
Async-FedDRL,6740,259,5.27279768714603
Async-FedDRL,6740,260,5.23469629593598
Async-FedDRL,6740,261,5.13170876672987
Async-FedDRL,6740,262,5.18987639260569
Async-FedDRL,6740,263,5.17500921729712
Async-FedDRL,6740,264,5.16783911217896
Async-FedDRL,6740,265,5.16301202642108
Async-FedDRL,6740,266,5.13940665554841
Async-FedDRL,6740,267,5.09183535507257
Async-FedDRL,6740,268,5.23617314203946
Async-FedDRL,6740,269,5.16167844445134
Async-FedDRL,6740,270,5.24114486689439
Async-FedDRL,6740,271,5.02592272439275
Async-FedDRL,6740,272,5.2262828956388
Async-FedDRL,6740,273,5.28440708341389
Async-FedDRL,6740,274,5.0931383464132
Async-FedDRL,6740,275,5.28987053658783
Async-FedDRL,6740,276,5.04720131546507
Async-FedDRL,6740,277,5.12149078302191
Async-FedDRL,6740,278,5.33249915601595
Async-FedDRL,6740,279,5.22354616493218
Async-FedDRL,6740,280,5.25635894550903
Async-FedDRL,6740,281,5.06928499868353
Async-FedDRL,6740,282,5.16949793067596
Async-FedDRL,6740,283,5.13294673369177
Async-FedDRL,6740,284,5.22073722611228
Async-FedDRL,6740,285,5.25231439102487
Async-FedDRL,6740,286,5.10171779386606
Async-FedDRL,6740,287,5.11649818699245
Async-FedDRL,6740,288,5.18460955730473
Async-FedDRL,6740,289,5.24388943149
Async-FedDRL,6740,290,5.17388560695004
Async-FedDRL,6740,291,5.24431509326855
Async-FedDRL,6740,292,5.12975193350636
Async-FedDRL,6740,293,5.1945399078876
Async-FedDRL,6740,294,5.08150729164795
Async-FedDRL,6740,295,5.17926108483399
Async-FedDRL,6740,296,4.95814456407719
Async-FedDRL,6740,297,5.17580458790712
Async-FedDRL,6740,298,5.23698508422927
Async-FedDRL,6740,299,5.13344179415227
Async-FedDRL,6740,300,5.22164027653811
Async-FedDRL,6740,301,5.0837998698832
Async-FedDRL,6740,302,5.08303370115286
Async-FedDRL,6740,303,5.13514126364181
Async-FedDRL,6740,304,5.13068751455917
Async-FedDRL,6740,305,5.10488147061291
Async-FedDRL,6740,306,5.1631448725178
Async-FedDRL,6740,307,5.08811258277273
Async-FedDRL,6740,308,5.20419610538586
Async-FedDRL,6740,309,5.12852887252503
Async-FedDRL,6740,310,5.29208330265575
Async-FedDRL,6740,311,5.09169746081769
Async-FedDRL,6740,312,5.25304844705159
Async-FedDRL,6740,313,5.30563372794933
Async-FedDRL,6740,314,5.1969319795492
Async-FedDRL,6740,315,5.24769083216676
Async-FedDRL,6740,316,5.20999435743311
Async-FedDRL,6740,317,5.23322276928318
Async-FedDRL,6740,318,5.1605874605702
Async-FedDRL,6740,319,5.19754842780999
Async-FedDRL,6740,320,5.27596813911264
Async-FedDRL,6740,321,5.18486487312847
Async-FedDRL,6740,322,5.13609455394439
Async-FedDRL,6740,323,5.10924306377495
Async-FedDRL,6740,324,5.04047715714168
Async-FedDRL,6740,325,5.3125555469349
Async-FedDRL,6740,326,5.26036915031338
Async-FedDRL,6740,327,5.25073108486959
Async-FedDRL,6740,328,5.04120691905724
Async-FedDRL,6740,329,5.16382061565521
Async-FedDRL,6740,330,5.05232113803091
Async-FedDRL,6740,331,5.37988652718999
Async-FedDRL,6740,332,5.11822261630598
Async-FedDRL,6740,333,5.20501755481858
Async-FedDRL,6740,334,5.23769865041416
Async-FedDRL,6740,335,5.13071286619091
Async-FedDRL,6740,336,5.19172088967507
Async-FedDRL,6740,337,5.27734478669041
Async-FedDRL,6740,338,5.23414488435915
Async-FedDRL,6740,339,5.26063620834923
Async-FedDRL,6740,340,5.09016792833349
Async-FedDRL,6740,341,5.15784457210787
Async-FedDRL,6740,342,5.2126884165165
Async-FedDRL,6740,343,5.1251015591778
Async-FedDRL,6740,344,5.14554157233514
Async-FedDRL,6740,345,5.15437579740242
Async-FedDRL,6740,346,5.10279084036969
Async-FedDRL,6740,347,5.20359398500389
Async-FedDRL,6740,348,5.22013012723591
Async-FedDRL,6740,349,5.10917112451625
Async-FedDRL,6740,350,5.14682284591412
Async-FedDRL,6740,351,5.15013668957377
Async-FedDRL,6740,352,5.13077114566479
Async-FedDRL,6740,353,5.30108762642019
Async-FedDRL,6740,354,5.13808955740026
Async-FedDRL,6740,355,5.25673381764909
Async-FedDRL,6740,356,5.161719709386
Async-FedDRL,6740,357,5.29670247612409
Async-FedDRL,6740,358,5.03057428495084
Async-FedDRL,6740,359,5.25613186395402
Async-FedDRL,6740,360,5.0530827698131
Async-FedDRL,6740,361,5.19727824741984
Async-FedDRL,6740,362,5.15535348303997
Async-FedDRL,6740,363,5.20992223177555
Async-FedDRL,6740,364,5.26168102189866
Async-FedDRL,6740,365,5.15087416765027
Async-FedDRL,6740,366,5.03847718746912
Async-FedDRL,6740,367,5.06245071967657
Async-FedDRL,6740,368,5.19931384189435
Async-FedDRL,6740,369,5.12909390386625
Async-FedDRL,6740,370,5.23516665987806
Async-FedDRL,6740,371,5.2151144147366
Async-FedDRL,6740,372,5.20100302341379
Async-FedDRL,6740,373,5.12824643127268
Async-FedDRL,6740,374,5.23609459301718
Async-FedDRL,6740,375,5.26530452704556
Async-FedDRL,6740,376,5.12675717877959
Async-FedDRL,6740,377,5.25811675703179
Async-FedDRL,6740,378,5.23389126350333
Async-FedDRL,6740,379,5.10096285699217
Async-FedDRL,6740,380,5.28847086286327
Async-FedDRL,6740,381,5.17034168118932
Async-FedDRL,6740,382,5.21921249529491
Async-FedDRL,6740,383,5.2214482099058
Async-FedDRL,6740,384,5.10876789066072
Async-FedDRL,6740,385,5.31655980660675
Async-FedDRL,6740,386,5.02972782574976
Async-FedDRL,6740,387,5.29489645164483
Async-FedDRL,6740,388,5.11791407143562
Async-FedDRL,6740,389,5.10857467658592
Async-FedDRL,6740,390,5.23198308893868
Async-FedDRL,6740,391,5.04624160135738
Async-FedDRL,6740,392,5.26046240197282
Async-FedDRL,6740,393,5.37923791288215
Async-FedDRL,6740,394,5.25966393773
Async-FedDRL,6740,395,5.16636316624751
Async-FedDRL,6740,396,5.19067618562756
Async-FedDRL,6740,397,5.15334679185373
Async-FedDRL,6740,398,5.21889099211753
Async-FedDRL,6740,399,5.18522873898985
Async-FedDRL,6740,400,5.06096631068203
Async-FedDRL,7851,1,4.04353347377476
Async-FedDRL,7851,2,4.10514042945782
Async-FedDRL,7851,3,3.94504928946933
Async-FedDRL,7851,4,3.68022482347544
Async-FedDRL,7851,5,3.91960081564199
Async-FedDRL,7851,6,4.14074020439783
Async-FedDRL,7851,7,4.07089024608351
Async-FedDRL,7851,8,4.06191715751885
Async-FedDRL,7851,9,4.0858169955035
Async-FedDRL,7851,10,4.05570577063929
Async-FedDRL,7851,11,4.22892800083404
Async-FedDRL,7851,12,4.24789933328488
Async-FedDRL,7851,13,4.1928866872952
Async-FedDRL,7851,14,4.17754635089426
Async-FedDRL,7851,15,3.9269576232414
Async-FedDRL,7851,16,4.06709588648548
Async-FedDRL,7851,17,3.76768199602487
Async-FedDRL,7851,18,4.12408878784288
Async-FedDRL,7851,19,4.02378527754219
Async-FedDRL,7851,20,4.03629869585887
Async-FedDRL,7851,21,4.3019882913382
Async-FedDRL,7851,22,4.09088429042471
Async-FedDRL,7851,23,4.1630365413301
Async-FedDRL,7851,24,4.15166244595394
Async-FedDRL,7851,25,4.19906462253813
Async-FedDRL,7851,26,4.24054833906249
Async-FedDRL,7851,27,4.41706658193884
Async-FedDRL,7851,28,4.35369882123492
Async-FedDRL,7851,29,4.26113331458861
Async-FedDRL,7851,30,4.28110279939007
Async-FedDRL,7851,31,4.04402518707781
Async-FedDRL,7851,32,4.10857923579385
Async-FedDRL,7851,33,4.32193314504703
Async-FedDRL,7851,34,4.53094904842736
Async-FedDRL,7851,35,4.40560764859349
Async-FedDRL,7851,36,4.35157506554951
Async-FedDRL,7851,37,4.36363767620287
Async-FedDRL,7851,38,4.38897275385494
Async-FedDRL,7851,39,4.29144137350318
Async-FedDRL,7851,40,4.37568224544833
Async-FedDRL,7851,41,4.498454039947
Async-FedDRL,7851,42,4.53754998360213
Async-FedDRL,7851,43,4.27780772203596
Async-FedDRL,7851,44,4.37310602772079
Async-FedDRL,7851,45,4.16057218366718
Async-FedDRL,7851,46,4.60226814695524
Async-FedDRL,7851,47,4.5190411041399
Async-FedDRL,7851,48,4.47642033339945
Async-FedDRL,7851,49,4.46940230834685
Async-FedDRL,7851,50,4.41782537489514
Async-FedDRL,7851,51,4.46959571159392
Async-FedDRL,7851,52,4.52894303133253
Async-FedDRL,7851,53,4.34145858735021
Async-FedDRL,7851,54,4.47861853481517
Async-FedDRL,7851,55,4.25388607188586
Async-FedDRL,7851,56,4.64273973521503
Async-FedDRL,7851,57,4.45254736892941
Async-FedDRL,7851,58,4.76254108354309
Async-FedDRL,7851,59,4.41377527536982
Async-FedDRL,7851,60,4.6506613387638
Async-FedDRL,7851,61,4.62259862140085
Async-FedDRL,7851,62,4.61975738769102
Async-FedDRL,7851,63,4.65252801817891
Async-FedDRL,7851,64,4.78607267628345
Async-FedDRL,7851,65,4.71667430124452
Async-FedDRL,7851,66,4.69826901868072
Async-FedDRL,7851,67,4.78850852408215
Async-FedDRL,7851,68,4.73737188664716
Async-FedDRL,7851,69,4.74238163117486
Async-FedDRL,7851,70,4.80751337994423
Async-FedDRL,7851,71,4.81051566814305
Async-FedDRL,7851,72,4.79321496685247
Async-FedDRL,7851,73,4.78010713314893
Async-FedDRL,7851,74,4.83717869936856
Async-FedDRL,7851,75,4.86162776415628
Async-FedDRL,7851,76,4.6928731272917
Async-FedDRL,7851,77,4.87968938091718
Async-FedDRL,7851,78,4.69229188778913
Async-FedDRL,7851,79,4.91438221228555
Async-FedDRL,7851,80,4.87678956753061
Async-FedDRL,7851,81,4.90885940777372
Async-FedDRL,7851,82,4.89797153994793
Async-FedDRL,7851,83,4.79438759516172
Async-FedDRL,7851,84,4.7289778546476
Async-FedDRL,7851,85,5.00483162693454
Async-FedDRL,7851,86,5.0324844630272
Async-FedDRL,7851,87,5.0237038284229
Async-FedDRL,7851,88,4.87895331880282
Async-FedDRL,7851,89,5.07467659819533
Async-FedDRL,7851,90,4.85568837227013
Async-FedDRL,7851,91,4.99396123667242
Async-FedDRL,7851,92,4.88796551565309
Async-FedDRL,7851,93,5.07156364630812
Async-FedDRL,7851,94,4.79447459537644
Async-FedDRL,7851,95,5.09947926550584
Async-FedDRL,7851,96,4.94654999957041
Async-FedDRL,7851,97,4.90285963124664
Async-FedDRL,7851,98,4.98372490249821
Async-FedDRL,7851,99,4.91039976443549
Async-FedDRL,7851,100,4.89440369234324
Async-FedDRL,7851,101,4.84760659768687
Async-FedDRL,7851,102,4.93174936072537
Async-FedDRL,7851,103,4.96975151532865
Async-FedDRL,7851,104,4.82984849560005
Async-FedDRL,7851,105,5.07123056839866
Async-FedDRL,7851,106,5.10090332035283
Async-FedDRL,7851,107,5.04992646110805
Async-FedDRL,7851,108,4.93354423411172
Async-FedDRL,7851,109,5.03595756405545
Async-FedDRL,7851,110,5.18220633002459
Async-FedDRL,7851,111,5.06483748340402
Async-FedDRL,7851,112,5.13848815533153
Async-FedDRL,7851,113,4.98517535883099
Async-FedDRL,7851,114,4.97163827250323
Async-FedDRL,7851,115,5.12827423449619
Async-FedDRL,7851,116,5.02743057301046
Async-FedDRL,7851,117,4.87997255141214
Async-FedDRL,7851,118,5.10952987101771
Async-FedDRL,7851,119,5.09491185237308
Async-FedDRL,7851,120,4.99049092425272
Async-FedDRL,7851,121,5.18252140626461
Async-FedDRL,7851,122,5.01482732982217
Async-FedDRL,7851,123,5.1124209991172
Async-FedDRL,7851,124,5.0080172100838
Async-FedDRL,7851,125,5.12254313188751
Async-FedDRL,7851,126,5.04541038981482
Async-FedDRL,7851,127,4.96327950147693
Async-FedDRL,7851,128,5.21034707934474
Async-FedDRL,7851,129,5.18044489296814
Async-FedDRL,7851,130,5.05710947139561
Async-FedDRL,7851,131,4.93087998569606
Async-FedDRL,7851,132,5.11229712871223
Async-FedDRL,7851,133,5.20170081526768
Async-FedDRL,7851,134,5.15429497061112
Async-FedDRL,7851,135,5.15905297244101
Async-FedDRL,7851,136,5.25211747517936
Async-FedDRL,7851,137,5.12967159757181
Async-FedDRL,7851,138,5.09230502127923
Async-FedDRL,7851,139,5.02248692134081
Async-FedDRL,7851,140,5.05693371390825
Async-FedDRL,7851,141,5.25641318858443
Async-FedDRL,7851,142,5.0143639493718
Async-FedDRL,7851,143,5.11812971275906
Async-FedDRL,7851,144,5.31596123214269
Async-FedDRL,7851,145,5.05075486632728
Async-FedDRL,7851,146,5.12450475101139
Async-FedDRL,7851,147,5.02225000036456
Async-FedDRL,7851,148,5.16546891039331
Async-FedDRL,7851,149,5.00142029766432
Async-FedDRL,7851,150,5.13035802074178
Async-FedDRL,7851,151,5.06098671115186
Async-FedDRL,7851,152,5.15695577560456
Async-FedDRL,7851,153,5.12542636721338
Async-FedDRL,7851,154,4.97894297327003
Async-FedDRL,7851,155,5.2498929219346
Async-FedDRL,7851,156,4.9207995258664
Async-FedDRL,7851,157,5.13130883279493
Async-FedDRL,7851,158,5.12871892787272
Async-FedDRL,7851,159,5.16766373223239
Async-FedDRL,7851,160,5.16291215577539
Async-FedDRL,7851,161,5.12063106173077
Async-FedDRL,7851,162,5.15472340268336
Async-FedDRL,7851,163,5.11131949034518
Async-FedDRL,7851,164,5.2034268307576
Async-FedDRL,7851,165,5.10285008705832
Async-FedDRL,7851,166,5.00845943209201
Async-FedDRL,7851,167,5.00080103510509
Async-FedDRL,7851,168,5.11908427634036
Async-FedDRL,7851,169,5.24935192321527
Async-FedDRL,7851,170,5.19564523640249
Async-FedDRL,7851,171,5.15276622025171
Async-FedDRL,7851,172,5.13900922601657
Async-FedDRL,7851,173,5.14119734302789
Async-FedDRL,7851,174,5.2400589916901
Async-FedDRL,7851,175,5.1760866716449
Async-FedDRL,7851,176,5.00160231736253
Async-FedDRL,7851,177,5.2281032534304
Async-FedDRL,7851,178,5.09016550344235
Async-FedDRL,7851,179,4.84002458921873
Async-FedDRL,7851,180,5.26515715439519
Async-FedDRL,7851,181,5.28255141453809
Async-FedDRL,7851,182,5.26928495266313
Async-FedDRL,7851,183,5.21301173062546
Async-FedDRL,7851,184,5.11505009425921
Async-FedDRL,7851,185,5.16610710522941
Async-FedDRL,7851,186,5.11104715959735
Async-FedDRL,7851,187,5.0129107320511
Async-FedDRL,7851,188,4.99979531582381
Async-FedDRL,7851,189,5.080176245094
Async-FedDRL,7851,190,5.08267986737575
Async-FedDRL,7851,191,5.19547991517121
Async-FedDRL,7851,192,5.27553196926219
Async-FedDRL,7851,193,5.09789586909968
Async-FedDRL,7851,194,5.03712866604637
Async-FedDRL,7851,195,5.23596692059483
Async-FedDRL,7851,196,5.20657172625459
Async-FedDRL,7851,197,5.24457254701478
Async-FedDRL,7851,198,5.12582031832374
Async-FedDRL,7851,199,5.20077549224965
Async-FedDRL,7851,200,5.19473809071668
Async-FedDRL,7851,201,5.1617428426762
Async-FedDRL,7851,202,5.05598525949715
Async-FedDRL,7851,203,5.1741823796958
Async-FedDRL,7851,204,5.41661693298929
Async-FedDRL,7851,205,5.12250266054651
Async-FedDRL,7851,206,5.22306894334699
Async-FedDRL,7851,207,5.06686146861269
Async-FedDRL,7851,208,5.26621536606253
Async-FedDRL,7851,209,5.214114241919
Async-FedDRL,7851,210,4.97698641657193
Async-FedDRL,7851,211,5.16088503886143
Async-FedDRL,7851,212,5.05305979216412
Async-FedDRL,7851,213,5.2873595648077
Async-FedDRL,7851,214,5.30538255274595
Async-FedDRL,7851,215,5.12139087809095
Async-FedDRL,7851,216,5.24172161349742
Async-FedDRL,7851,217,5.11565271027994
Async-FedDRL,7851,218,5.14176427574106
Async-FedDRL,7851,219,5.14698759552834
Async-FedDRL,7851,220,5.00951145895721
Async-FedDRL,7851,221,5.16439812676254
Async-FedDRL,7851,222,5.03366572457054
Async-FedDRL,7851,223,5.29194973044633
Async-FedDRL,7851,224,5.08960326084468
Async-FedDRL,7851,225,5.1673270355254
Async-FedDRL,7851,226,5.13735335673989
Async-FedDRL,7851,227,5.29840939167453
Async-FedDRL,7851,228,5.15247318669322
Async-FedDRL,7851,229,5.09971178482235
Async-FedDRL,7851,230,5.10868140553625
Async-FedDRL,7851,231,5.19642256270164
Async-FedDRL,7851,232,5.28909520104339
Async-FedDRL,7851,233,4.9612209186168
Async-FedDRL,7851,234,5.17761727756914
Async-FedDRL,7851,235,5.31681037137929
Async-FedDRL,7851,236,5.22302808058187
Async-FedDRL,7851,237,5.19469263046684
Async-FedDRL,7851,238,5.11625493408397
Async-FedDRL,7851,239,5.00224626743844
Async-FedDRL,7851,240,5.10729286835849
Async-FedDRL,7851,241,5.2611357653402
Async-FedDRL,7851,242,5.08399603011297
Async-FedDRL,7851,243,5.28246083156117
Async-FedDRL,7851,244,5.07367713290417
Async-FedDRL,7851,245,5.16734191172024
Async-FedDRL,7851,246,5.10761870020939
Async-FedDRL,7851,247,5.10644732374271
Async-FedDRL,7851,248,5.11417331569866
Async-FedDRL,7851,249,5.21787632074471
Async-FedDRL,7851,250,5.2866492936843
Async-FedDRL,7851,251,5.03559375690663
Async-FedDRL,7851,252,5.32899954935323
Async-FedDRL,7851,253,5.19510150928506
Async-FedDRL,7851,254,5.21236735993826
Async-FedDRL,7851,255,5.27451146387184
Async-FedDRL,7851,256,5.34927659966013
Async-FedDRL,7851,257,5.05963815989922
Async-FedDRL,7851,258,5.12294431784087
Async-FedDRL,7851,259,5.11987713353309
Async-FedDRL,7851,260,5.26228485451613
Async-FedDRL,7851,261,5.10101647605906
Async-FedDRL,7851,262,5.15455047200247
Async-FedDRL,7851,263,5.05788226111137
Async-FedDRL,7851,264,5.21664854231468
Async-FedDRL,7851,265,5.17632708153785
Async-FedDRL,7851,266,5.18731453974115
Async-FedDRL,7851,267,5.0920183010307
Async-FedDRL,7851,268,5.17607415513091
Async-FedDRL,7851,269,5.16621280675089
Async-FedDRL,7851,270,5.13093087768658
Async-FedDRL,7851,271,5.25695692458563
Async-FedDRL,7851,272,5.19967242201094
Async-FedDRL,7851,273,5.19329047497264
Async-FedDRL,7851,274,5.06209503994962
Async-FedDRL,7851,275,5.20288623204129
Async-FedDRL,7851,276,5.13730902681742
Async-FedDRL,7851,277,5.21135641376242
Async-FedDRL,7851,278,5.2910348893785
Async-FedDRL,7851,279,5.06938685402832
Async-FedDRL,7851,280,5.09768618090601
Async-FedDRL,7851,281,5.26088746861211
Async-FedDRL,7851,282,5.15419171528785
Async-FedDRL,7851,283,5.27669709444057
Async-FedDRL,7851,284,5.2160113115934
Async-FedDRL,7851,285,5.39643645057696
Async-FedDRL,7851,286,5.18543905808666
Async-FedDRL,7851,287,5.17608410393626
Async-FedDRL,7851,288,5.19120186176196
Async-FedDRL,7851,289,5.17911862582638
Async-FedDRL,7851,290,5.13803480644357
Async-FedDRL,7851,291,5.15544541605177
Async-FedDRL,7851,292,5.1596188045164
Async-FedDRL,7851,293,5.28533939640829
Async-FedDRL,7851,294,5.11169752325472
Async-FedDRL,7851,295,5.0016707944801
Async-FedDRL,7851,296,5.23435032324783
Async-FedDRL,7851,297,5.22063033374556
Async-FedDRL,7851,298,5.21879494930888
Async-FedDRL,7851,299,5.17997061096879
Async-FedDRL,7851,300,5.16921980514293
Async-FedDRL,7851,301,5.16397379695461
Async-FedDRL,7851,302,5.13851250796245
Async-FedDRL,7851,303,5.21440674839186
Async-FedDRL,7851,304,5.15632936359064
Async-FedDRL,7851,305,5.13141943166827
Async-FedDRL,7851,306,5.11188774478408
Async-FedDRL,7851,307,5.14579152686922
Async-FedDRL,7851,308,5.17905177311026
Async-FedDRL,7851,309,5.11712195983183
Async-FedDRL,7851,310,5.37507907682275
Async-FedDRL,7851,311,4.98994678864983
Async-FedDRL,7851,312,5.14519946006071
Async-FedDRL,7851,313,5.34745807099923
Async-FedDRL,7851,314,5.29218923863614
Async-FedDRL,7851,315,5.30740608406553
Async-FedDRL,7851,316,5.05801854346021
Async-FedDRL,7851,317,5.123408547713
Async-FedDRL,7851,318,5.26287652222648
Async-FedDRL,7851,319,5.26162163895008
Async-FedDRL,7851,320,5.20846168617102
Async-FedDRL,7851,321,5.19712743404764
Async-FedDRL,7851,322,5.20449662868254
Async-FedDRL,7851,323,5.29032170519796
Async-FedDRL,7851,324,5.16753965860825
Async-FedDRL,7851,325,5.16987202443899
Async-FedDRL,7851,326,5.19135300673058
Async-FedDRL,7851,327,5.13192284936255
Async-FedDRL,7851,328,5.11953967495164
Async-FedDRL,7851,329,5.16553956610329
Async-FedDRL,7851,330,5.15620470422853
Async-FedDRL,7851,331,5.11777021388428
Async-FedDRL,7851,332,5.12609343809777
Async-FedDRL,7851,333,5.15511593647627
Async-FedDRL,7851,334,5.27347806803886
Async-FedDRL,7851,335,5.098885555333
Async-FedDRL,7851,336,5.28652343086861
Async-FedDRL,7851,337,5.0648864947504
Async-FedDRL,7851,338,5.13636399203962
Async-FedDRL,7851,339,5.19311637597173
Async-FedDRL,7851,340,5.31645607857223
Async-FedDRL,7851,341,5.19174865003335
Async-FedDRL,7851,342,5.03959824587299
Async-FedDRL,7851,343,5.25481749524203
Async-FedDRL,7851,344,5.29851565472696
Async-FedDRL,7851,345,5.20782784915975
Async-FedDRL,7851,346,5.11987740320016
Async-FedDRL,7851,347,5.10939141069801
Async-FedDRL,7851,348,5.17499379543989
Async-FedDRL,7851,349,5.31373965733952
Async-FedDRL,7851,350,5.21888683563872
Async-FedDRL,7851,351,5.18403849252526
Async-FedDRL,7851,352,5.18985191833797
Async-FedDRL,7851,353,5.18577892187806
Async-FedDRL,7851,354,5.17992222852471
Async-FedDRL,7851,355,5.27587433950314
Async-FedDRL,7851,356,5.17245641485756
Async-FedDRL,7851,357,5.08701912017249
Async-FedDRL,7851,358,5.08059752917563
Async-FedDRL,7851,359,5.16994700966306
Async-FedDRL,7851,360,5.34089438304825
Async-FedDRL,7851,361,5.21569667864462
Async-FedDRL,7851,362,5.27814827754131
Async-FedDRL,7851,363,5.20932470192396
Async-FedDRL,7851,364,5.29766782943748
Async-FedDRL,7851,365,5.1526759729729
Async-FedDRL,7851,366,5.4126448422751
Async-FedDRL,7851,367,5.23128289424502
Async-FedDRL,7851,368,5.09646022517219
Async-FedDRL,7851,369,5.31640817786992
Async-FedDRL,7851,370,5.36696490878661
Async-FedDRL,7851,371,5.25240227296733
Async-FedDRL,7851,372,5.19990376954013
Async-FedDRL,7851,373,5.08752084132365
Async-FedDRL,7851,374,5.25049918566091
Async-FedDRL,7851,375,5.05542515565068
Async-FedDRL,7851,376,5.06955279170629
Async-FedDRL,7851,377,5.24126191276773
Async-FedDRL,7851,378,5.10516932131829
Async-FedDRL,7851,379,5.19500695432488
Async-FedDRL,7851,380,5.18923355986881
Async-FedDRL,7851,381,5.18083718963752
Async-FedDRL,7851,382,5.07307469260596
Async-FedDRL,7851,383,5.21070643390901
Async-FedDRL,7851,384,5.11376552032974
Async-FedDRL,7851,385,5.19712105992492
Async-FedDRL,7851,386,5.319073652236
Async-FedDRL,7851,387,5.07422682352123
Async-FedDRL,7851,388,5.18437867175431
Async-FedDRL,7851,389,5.11197382547116
Async-FedDRL,7851,390,5.2267819527232
Async-FedDRL,7851,391,5.2650697181386
Async-FedDRL,7851,392,5.18483570807147
Async-FedDRL,7851,393,5.29024037159587
Async-FedDRL,7851,394,5.08334303381202
Async-FedDRL,7851,395,5.34863493869364
Async-FedDRL,7851,396,5.04280930297002
Async-FedDRL,7851,397,5.17733030949433
Async-FedDRL,7851,398,5.18293850898758
Async-FedDRL,7851,399,5.21353625841195
Async-FedDRL,7851,400,5.18603551600362
DP-FedRL,3407,1,3.91995828078382
DP-FedRL,3407,2,3.7627747369852
DP-FedRL,3407,3,3.99625444430398
DP-FedRL,3407,4,4.16733582132305
DP-FedRL,3407,5,4.2128859450943
DP-FedRL,3407,6,4.10323996293021
DP-FedRL,3407,7,3.93681186537638
DP-FedRL,3407,8,4.30797191224629
DP-FedRL,3407,9,3.87428378439698
DP-FedRL,3407,10,4.09759755513771
DP-FedRL,3407,11,4.30714187432383
DP-FedRL,3407,12,4.27066594698394
DP-FedRL,3407,13,4.0817417453545
DP-FedRL,3407,14,3.92011927190481
DP-FedRL,3407,15,4.19364328995321
DP-FedRL,3407,16,3.93960420287687
DP-FedRL,3407,17,4.07372244157807
DP-FedRL,3407,18,4.12194342005514
DP-FedRL,3407,19,4.18025607626777
DP-FedRL,3407,20,4.09690515480048
DP-FedRL,3407,21,4.21220240632731
DP-FedRL,3407,22,4.16175926174171
DP-FedRL,3407,23,4.01072095525326
DP-FedRL,3407,24,4.25555014605791
DP-FedRL,3407,25,4.33818010118472
DP-FedRL,3407,26,4.000287886762
DP-FedRL,3407,27,4.17744564781824
DP-FedRL,3407,28,4.00093284943597
DP-FedRL,3407,29,4.05689710053708
DP-FedRL,3407,30,4.06648487448508
DP-FedRL,3407,31,4.43133745958781
DP-FedRL,3407,32,3.81585247595784
DP-FedRL,3407,33,4.25018375366281
DP-FedRL,3407,34,4.24579336123988
DP-FedRL,3407,35,4.11266390524461
DP-FedRL,3407,36,4.27912542973447
DP-FedRL,3407,37,4.04269131968009
DP-FedRL,3407,38,4.05671161216446
DP-FedRL,3407,39,3.98967220066253
DP-FedRL,3407,40,4.29707978899302
DP-FedRL,3407,41,4.16455953096941
DP-FedRL,3407,42,4.02647454586173
DP-FedRL,3407,43,4.08762842544436
DP-FedRL,3407,44,3.85771755319842
DP-FedRL,3407,45,4.24327615774733
DP-FedRL,3407,46,3.95062055895871
DP-FedRL,3407,47,4.26164338043381
DP-FedRL,3407,48,4.52739477026727
DP-FedRL,3407,49,4.20011090427695
DP-FedRL,3407,50,4.19819355802273
DP-FedRL,3407,51,4.28416221649363
DP-FedRL,3407,52,4.27712750597023
DP-FedRL,3407,53,4.33902677590433
DP-FedRL,3407,54,4.08377144405819
DP-FedRL,3407,55,4.2817808601866
DP-FedRL,3407,56,4.13177492772935
DP-FedRL,3407,57,4.20607840056617
DP-FedRL,3407,58,4.00325087691128
DP-FedRL,3407,59,4.13365137641497
DP-FedRL,3407,60,4.39382025200139
DP-FedRL,3407,61,4.40251526586292
DP-FedRL,3407,62,4.2398026567433
DP-FedRL,3407,63,4.4022980016169
DP-FedRL,3407,64,4.35662563941115
DP-FedRL,3407,65,4.29144348645898
DP-FedRL,3407,66,4.02981542315321
DP-FedRL,3407,67,4.51664997310548
DP-FedRL,3407,68,4.23724972889412
DP-FedRL,3407,69,4.2717335348685
DP-FedRL,3407,70,4.42019177575377
DP-FedRL,3407,71,4.61361669476875
DP-FedRL,3407,72,4.18969899138452
DP-FedRL,3407,73,4.60717802331597
DP-FedRL,3407,74,4.14571319303713
DP-FedRL,3407,75,4.41719448033759
DP-FedRL,3407,76,4.20937939604178
DP-FedRL,3407,77,4.43674551721004
DP-FedRL,3407,78,4.57139154470626
DP-FedRL,3407,79,4.36927409060114
DP-FedRL,3407,80,4.46844338513641
DP-FedRL,3407,81,4.43093533615587
DP-FedRL,3407,82,4.4103971230272
DP-FedRL,3407,83,4.63009550133811
DP-FedRL,3407,84,4.71065302127214
DP-FedRL,3407,85,4.75627035855655
DP-FedRL,3407,86,4.63705467615876
DP-FedRL,3407,87,4.6030913598796
DP-FedRL,3407,88,4.71491836532448
DP-FedRL,3407,89,4.62186460086031
DP-FedRL,3407,90,4.76007326276635
DP-FedRL,3407,91,4.80840533551792
DP-FedRL,3407,92,4.55724647826326
DP-FedRL,3407,93,4.63669951419159
DP-FedRL,3407,94,4.73371174014594
DP-FedRL,3407,95,4.42516817974848
DP-FedRL,3407,96,4.77262381163261
DP-FedRL,3407,97,4.8340219591205
DP-FedRL,3407,98,4.8849023669521
DP-FedRL,3407,99,4.76549259227875
DP-FedRL,3407,100,4.69605060504125
DP-FedRL,3407,101,4.59909203855666
DP-FedRL,3407,102,4.87770066719011
DP-FedRL,3407,103,4.87863379447501
DP-FedRL,3407,104,4.79904071234637
DP-FedRL,3407,105,4.82974175732029
DP-FedRL,3407,106,4.97016425816002
DP-FedRL,3407,107,4.94783172685693
DP-FedRL,3407,108,4.55239539563344
DP-FedRL,3407,109,4.87104096085423
DP-FedRL,3407,110,5.1807078812151
DP-FedRL,3407,111,4.92956211560204
DP-FedRL,3407,112,4.79698915499958
DP-FedRL,3407,113,4.76983135875228
DP-FedRL,3407,114,5.00351410858486
DP-FedRL,3407,115,5.06450429975262
DP-FedRL,3407,116,5.12805754854425
DP-FedRL,3407,117,5.16901944558679
DP-FedRL,3407,118,5.0829711177971
DP-FedRL,3407,119,4.83269336704186
DP-FedRL,3407,120,5.00167541702587
DP-FedRL,3407,121,5.13228473506292
DP-FedRL,3407,122,5.02127392218218
DP-FedRL,3407,123,5.00998538017573
DP-FedRL,3407,124,4.89276635573612
DP-FedRL,3407,125,5.22774902301565
DP-FedRL,3407,126,5.16696656575351
DP-FedRL,3407,127,5.22658040285843
DP-FedRL,3407,128,5.09748225210159
DP-FedRL,3407,129,5.08790928887007
DP-FedRL,3407,130,5.19937596697916
DP-FedRL,3407,131,4.92681482934059
DP-FedRL,3407,132,5.09606701307267
DP-FedRL,3407,133,5.06657229814482
DP-FedRL,3407,134,5.13927192236721
DP-FedRL,3407,135,5.05737874770989
DP-FedRL,3407,136,4.96772122116612
DP-FedRL,3407,137,5.28221316088578
DP-FedRL,3407,138,5.26182662832401
DP-FedRL,3407,139,4.90760122485251
DP-FedRL,3407,140,5.15754706406944
DP-FedRL,3407,141,5.18578141693652
DP-FedRL,3407,142,5.1597786713466
DP-FedRL,3407,143,5.24941377696352
DP-FedRL,3407,144,5.21727427488023
DP-FedRL,3407,145,5.257029473481
DP-FedRL,3407,146,5.24700978674225
DP-FedRL,3407,147,5.21118270872971
DP-FedRL,3407,148,5.19803091402443
DP-FedRL,3407,149,5.14841356080733
DP-FedRL,3407,150,5.19079943806708
DP-FedRL,3407,151,4.84825410384984
DP-FedRL,3407,152,5.12621204604764
DP-FedRL,3407,153,5.15996368416496
DP-FedRL,3407,154,5.18321538790701
DP-FedRL,3407,155,5.30371996625916
DP-FedRL,3407,156,5.25937086476875
DP-FedRL,3407,157,5.29355467321858
DP-FedRL,3407,158,5.32359075808655
DP-FedRL,3407,159,5.24566560791694
DP-FedRL,3407,160,5.11954587628687
DP-FedRL,3407,161,5.09525656467183
DP-FedRL,3407,162,5.37345712948027
DP-FedRL,3407,163,5.20714919417323
DP-FedRL,3407,164,5.1679577362886
DP-FedRL,3407,165,5.11353528537621
DP-FedRL,3407,166,5.25178880657186
DP-FedRL,3407,167,5.32656905976013
DP-FedRL,3407,168,5.04199475188333
DP-FedRL,3407,169,5.24610239695643
DP-FedRL,3407,170,5.08568095022915
DP-FedRL,3407,171,5.17458561341842
DP-FedRL,3407,172,5.2519749042687
DP-FedRL,3407,173,5.10390850956769
DP-FedRL,3407,174,5.28240490040826
DP-FedRL,3407,175,5.31996728764052
DP-FedRL,3407,176,5.32871503986699
DP-FedRL,3407,177,4.9525512323501
DP-FedRL,3407,178,5.21455420611417
DP-FedRL,3407,179,5.11296550180086
DP-FedRL,3407,180,5.1586936820612
DP-FedRL,3407,181,5.09827543454439
DP-FedRL,3407,182,4.98070140432437
DP-FedRL,3407,183,5.18750473086243
DP-FedRL,3407,184,5.15394204866523
DP-FedRL,3407,185,5.23725437494667
DP-FedRL,3407,186,5.06000300424844
DP-FedRL,3407,187,5.30146145519825
DP-FedRL,3407,188,5.21376475585595
DP-FedRL,3407,189,5.2057009359253
DP-FedRL,3407,190,5.27579504591125
DP-FedRL,3407,191,5.27921651869031
DP-FedRL,3407,192,5.1761405234356
DP-FedRL,3407,193,5.12806116570765
DP-FedRL,3407,194,5.37243915080389
DP-FedRL,3407,195,5.06691330636723
DP-FedRL,3407,196,5.21610285080912
DP-FedRL,3407,197,5.08846595986345
DP-FedRL,3407,198,5.09724101779648
DP-FedRL,3407,199,5.31776788135257
DP-FedRL,3407,200,5.14260987128005
DP-FedRL,3407,201,5.24919336728455
DP-FedRL,3407,202,5.17041552778691
DP-FedRL,3407,203,5.23359562348298
DP-FedRL,3407,204,5.20366049820882
DP-FedRL,3407,205,5.09796986747598
DP-FedRL,3407,206,5.2031614195228
DP-FedRL,3407,207,5.35075841094105
DP-FedRL,3407,208,5.27090906120563
DP-FedRL,3407,209,5.06029652204945
DP-FedRL,3407,210,5.16807084954292
DP-FedRL,3407,211,5.2764886626507
DP-FedRL,3407,212,5.01341739219979
DP-FedRL,3407,213,5.23661127544685
DP-FedRL,3407,214,5.24939780443717
DP-FedRL,3407,215,5.19863325338803
DP-FedRL,3407,216,5.17302271275152
DP-FedRL,3407,217,5.19399431718328
DP-FedRL,3407,218,5.11962946385561
DP-FedRL,3407,219,5.21350871405588
DP-FedRL,3407,220,5.33098991201474
DP-FedRL,3407,221,5.152489392571
DP-FedRL,3407,222,5.16661049905069
DP-FedRL,3407,223,5.1176058763564
DP-FedRL,3407,224,5.26411298511955
DP-FedRL,3407,225,5.21520412929579
DP-FedRL,3407,226,5.15835520079187
DP-FedRL,3407,227,5.24922982682713
DP-FedRL,3407,228,5.35871110872778
DP-FedRL,3407,229,5.1386598221479
DP-FedRL,3407,230,5.0126257340663
DP-FedRL,3407,231,5.25070481531324
DP-FedRL,3407,232,5.21373842065913
DP-FedRL,3407,233,5.05313118517206
DP-FedRL,3407,234,5.24323878809023
DP-FedRL,3407,235,5.28080967710116
DP-FedRL,3407,236,5.02514787136462
DP-FedRL,3407,237,5.1255185150752
DP-FedRL,3407,238,5.17856680694291
DP-FedRL,3407,239,5.19996842956394
DP-FedRL,3407,240,5.15446056689975
DP-FedRL,3407,241,5.15157950662885
DP-FedRL,3407,242,5.18049508022748
DP-FedRL,3407,243,5.21423895588847
DP-FedRL,3407,244,5.17654725650047
DP-FedRL,3407,245,5.26271325111786
DP-FedRL,3407,246,5.09163373988713
DP-FedRL,3407,247,5.04623351487331
DP-FedRL,3407,248,5.32095857782577
DP-FedRL,3407,249,5.1508870261686
DP-FedRL,3407,250,5.24481455934104
DP-FedRL,3407,251,5.27770151523544
DP-FedRL,3407,252,5.18500048287492
DP-FedRL,3407,253,5.24450576206363
DP-FedRL,3407,254,5.18401034231385
DP-FedRL,3407,255,5.15270190812536
DP-FedRL,3407,256,5.24005661920421
DP-FedRL,3407,257,5.02035994637838
DP-FedRL,3407,258,5.2441749152606
DP-FedRL,3407,259,5.12678659465629
DP-FedRL,3407,260,5.1615420822756
DP-FedRL,3407,261,5.23475952851945
DP-FedRL,3407,262,5.17823591095286
DP-FedRL,3407,263,5.16975323845461
DP-FedRL,3407,264,5.21476879738289
DP-FedRL,3407,265,5.29702733927137
DP-FedRL,3407,266,5.26712515142308
DP-FedRL,3407,267,5.20480424137773
DP-FedRL,3407,268,5.07626733054274
DP-FedRL,3407,269,5.20297734724486
DP-FedRL,3407,270,5.17429434501343
DP-FedRL,3407,271,5.1593634271675
DP-FedRL,3407,272,5.17946597357092
DP-FedRL,3407,273,5.20261618982462
DP-FedRL,3407,274,5.18201439875124
DP-FedRL,3407,275,5.37854577912284
DP-FedRL,3407,276,5.23486727876616
DP-FedRL,3407,277,5.23028055569207
DP-FedRL,3407,278,5.35853957387947
DP-FedRL,3407,279,5.2105467036746
DP-FedRL,3407,280,5.01474092086856
DP-FedRL,3407,281,5.13947016329079
DP-FedRL,3407,282,5.20524941496948
DP-FedRL,3407,283,5.25491664733517
DP-FedRL,3407,284,5.10521891932463
DP-FedRL,3407,285,5.17904492131709
DP-FedRL,3407,286,5.31743299230091
DP-FedRL,3407,287,5.13866267531855
DP-FedRL,3407,288,5.31697284884553
DP-FedRL,3407,289,5.19447520057317
DP-FedRL,3407,290,5.21047485196681
DP-FedRL,3407,291,5.23171984310926
DP-FedRL,3407,292,5.17698653183711
DP-FedRL,3407,293,5.16571331863028
DP-FedRL,3407,294,5.31022599525422
DP-FedRL,3407,295,5.30077323538554
DP-FedRL,3407,296,5.33125219872612
DP-FedRL,3407,297,5.26746588917722
DP-FedRL,3407,298,5.09091211944058
DP-FedRL,3407,299,4.99079723958737
DP-FedRL,3407,300,5.12248740947481
DP-FedRL,3407,301,5.21395374129725
DP-FedRL,3407,302,5.29249950965115
DP-FedRL,3407,303,5.17247687872464
DP-FedRL,3407,304,5.07158305907385
DP-FedRL,3407,305,5.28220616857898
DP-FedRL,3407,306,5.0062796591665
DP-FedRL,3407,307,5.17481355627843
DP-FedRL,3407,308,5.11005114225948
DP-FedRL,3407,309,5.14288086168774
DP-FedRL,3407,310,5.12819300696127
DP-FedRL,3407,311,5.19100532338925
DP-FedRL,3407,312,5.13160819382175
DP-FedRL,3407,313,5.1840408226788
DP-FedRL,3407,314,5.14735508831797
DP-FedRL,3407,315,5.10459734748934
DP-FedRL,3407,316,5.15309215194062
DP-FedRL,3407,317,5.12628372961603
DP-FedRL,3407,318,5.18404637024196
DP-FedRL,3407,319,5.28056746624099
DP-FedRL,3407,320,5.13519222781115
DP-FedRL,3407,321,5.19279826148393
DP-FedRL,3407,322,5.17777567539087
DP-FedRL,3407,323,5.11038284730162
DP-FedRL,3407,324,5.2221932765926
DP-FedRL,3407,325,5.19153061152763
DP-FedRL,3407,326,5.23845395013872
DP-FedRL,3407,327,5.1181014827599
DP-FedRL,3407,328,5.17364163768725
DP-FedRL,3407,329,5.15217338666299
DP-FedRL,3407,330,5.2823754306895
DP-FedRL,3407,331,5.16745874334649
DP-FedRL,3407,332,5.13184089928646
DP-FedRL,3407,333,5.22467272417018
DP-FedRL,3407,334,5.19856143968005
DP-FedRL,3407,335,5.28887775690449
DP-FedRL,3407,336,5.17010289371062
DP-FedRL,3407,337,5.12158829432746
DP-FedRL,3407,338,5.17507863512578
DP-FedRL,3407,339,5.24905747237813
DP-FedRL,3407,340,5.017346548197
DP-FedRL,3407,341,5.19555504258308
DP-FedRL,3407,342,5.23535832976327
DP-FedRL,3407,343,5.18391193046734
DP-FedRL,3407,344,5.18665407863685
DP-FedRL,3407,345,5.27455700728037
DP-FedRL,3407,346,5.10380213831645
DP-FedRL,3407,347,5.11939899401312
DP-FedRL,3407,348,5.26354607794104
DP-FedRL,3407,349,5.19886086028515
DP-FedRL,3407,350,5.01641012880048
DP-FedRL,3407,351,5.19220925450159
DP-FedRL,3407,352,5.16750638412234
DP-FedRL,3407,353,5.2122301296665
DP-FedRL,3407,354,4.98967049984244
DP-FedRL,3407,355,5.04952694575657
DP-FedRL,3407,356,5.1777732530539
DP-FedRL,3407,357,5.03988773822284
DP-FedRL,3407,358,5.18537595239568
DP-FedRL,3407,359,5.10436580943929
DP-FedRL,3407,360,5.2266344845042
DP-FedRL,3407,361,5.02054409887883
DP-FedRL,3407,362,5.1357503658963
DP-FedRL,3407,363,5.1359314130674
DP-FedRL,3407,364,5.2693047383425
DP-FedRL,3407,365,5.2613179723663
DP-FedRL,3407,366,5.03650766693404
DP-FedRL,3407,367,5.30205631868884
DP-FedRL,3407,368,5.13906311673249
DP-FedRL,3407,369,4.97918068102043
DP-FedRL,3407,370,5.31420324664002
DP-FedRL,3407,371,5.26250384903585
DP-FedRL,3407,372,5.09114231586282
DP-FedRL,3407,373,5.20125292103715
DP-FedRL,3407,374,5.06131973689565
DP-FedRL,3407,375,5.26802760307291
DP-FedRL,3407,376,5.04093830071897
DP-FedRL,3407,377,5.13955199658085
DP-FedRL,3407,378,5.09576876395576
DP-FedRL,3407,379,5.0157833902819
DP-FedRL,3407,380,5.18386119486459
DP-FedRL,3407,381,5.00513870279601
DP-FedRL,3407,382,5.1701206869614
DP-FedRL,3407,383,5.09865516575374
DP-FedRL,3407,384,5.04698834043056
DP-FedRL,3407,385,5.19428851779855
DP-FedRL,3407,386,5.30296889958417
DP-FedRL,3407,387,5.10320455310872
DP-FedRL,3407,388,5.02844061477766
DP-FedRL,3407,389,5.11923250468159
DP-FedRL,3407,390,5.18628833215363
DP-FedRL,3407,391,5.1442519596426
DP-FedRL,3407,392,5.0022255454172
DP-FedRL,3407,393,5.02683414034852
DP-FedRL,3407,394,5.0776228396665
DP-FedRL,3407,395,5.1632208181572
DP-FedRL,3407,396,5.21247756481057
DP-FedRL,3407,397,5.15726878200511
DP-FedRL,3407,398,5.23285011998
DP-FedRL,3407,399,5.18906897085667
DP-FedRL,3407,400,5.06197441423538
DP-FedRL,4518,1,3.79838363415735
DP-FedRL,4518,2,4.08525852919118
DP-FedRL,4518,3,3.93940007172296
DP-FedRL,4518,4,4.1739022633992
DP-FedRL,4518,5,4.02411682708009
DP-FedRL,4518,6,3.88602510315549
DP-FedRL,4518,7,4.44925314424267
DP-FedRL,4518,8,4.16512567676756
DP-FedRL,4518,9,3.99777328575546
DP-FedRL,4518,10,4.16024600949448
DP-FedRL,4518,11,4.04165525430666
DP-FedRL,4518,12,3.85378011475613
DP-FedRL,4518,13,3.92392806228311
DP-FedRL,4518,14,4.01905276289688
DP-FedRL,4518,15,4.23101564874777
DP-FedRL,4518,16,3.85761250734623
DP-FedRL,4518,17,3.88545381130552
DP-FedRL,4518,18,4.03598853315175
DP-FedRL,4518,19,3.87489056431841
DP-FedRL,4518,20,3.70585092410382
DP-FedRL,4518,21,4.16636324875332
DP-FedRL,4518,22,3.96673662945572
DP-FedRL,4518,23,4.08506681868629
DP-FedRL,4518,24,3.9575394267714
DP-FedRL,4518,25,4.02103741372479
DP-FedRL,4518,26,4.20351081795713
DP-FedRL,4518,27,3.90780742530337
DP-FedRL,4518,28,4.09172983832447
DP-FedRL,4518,29,4.04203202233737
DP-FedRL,4518,30,3.88949164609331
DP-FedRL,4518,31,3.78221096424457
DP-FedRL,4518,32,4.18293152555528
DP-FedRL,4518,33,4.19980394113757
DP-FedRL,4518,34,4.03396303661258
DP-FedRL,4518,35,3.81512597805784
DP-FedRL,4518,36,3.93289347878993
DP-FedRL,4518,37,3.93810488050105
DP-FedRL,4518,38,4.03540932389445
DP-FedRL,4518,39,4.16618954417685
DP-FedRL,4518,40,4.07695731826742
DP-FedRL,4518,41,3.90570667985283
DP-FedRL,4518,42,3.96598670061308
DP-FedRL,4518,43,4.31070101776822
DP-FedRL,4518,44,4.18111176570458
DP-FedRL,4518,45,4.05072779111952
DP-FedRL,4518,46,4.31883572886772
DP-FedRL,4518,47,4.20404891254238
DP-FedRL,4518,48,3.94751029458555
DP-FedRL,4518,49,4.23903983645433
DP-FedRL,4518,50,4.40113002488885
DP-FedRL,4518,51,4.34593670572766
DP-FedRL,4518,52,3.77803895972995
DP-FedRL,4518,53,4.09719551328762
DP-FedRL,4518,54,4.35209373640865
DP-FedRL,4518,55,4.02761446858172
DP-FedRL,4518,56,3.96131692635604
DP-FedRL,4518,57,4.14622546055903
DP-FedRL,4518,58,3.89868599209799
DP-FedRL,4518,59,4.23788039702021
DP-FedRL,4518,60,4.194340486611
DP-FedRL,4518,61,4.0872973567729
DP-FedRL,4518,62,4.41334590444915
DP-FedRL,4518,63,4.27573705136007
DP-FedRL,4518,64,4.05922218172144
DP-FedRL,4518,65,4.3683538192705
DP-FedRL,4518,66,4.47115351307126
DP-FedRL,4518,67,4.43291236742985
DP-FedRL,4518,68,4.15097069965739
DP-FedRL,4518,69,4.30054310313122
DP-FedRL,4518,70,4.20359776549864
DP-FedRL,4518,71,4.09348718154768
DP-FedRL,4518,72,4.34849158924073
DP-FedRL,4518,73,4.21615691586303
DP-FedRL,4518,74,4.37157064373887
DP-FedRL,4518,75,4.51262206391167
DP-FedRL,4518,76,4.17576997568199
DP-FedRL,4518,77,4.28964953342366
DP-FedRL,4518,78,4.29852212559499
DP-FedRL,4518,79,4.49682705639422
DP-FedRL,4518,80,4.48882473770501
DP-FedRL,4518,81,4.61914458424382
DP-FedRL,4518,82,4.70168940440017
DP-FedRL,4518,83,4.57786063212432
DP-FedRL,4518,84,4.58877597845059
DP-FedRL,4518,85,4.63401886768289
DP-FedRL,4518,86,4.34875091061021
DP-FedRL,4518,87,4.82852775045415
DP-FedRL,4518,88,4.79649789421755
DP-FedRL,4518,89,4.47945046659815
DP-FedRL,4518,90,4.86609276146185
DP-FedRL,4518,91,4.75069034428283
DP-FedRL,4518,92,4.60569890452995
DP-FedRL,4518,93,4.72950349453793
DP-FedRL,4518,94,4.60360813232026
DP-FedRL,4518,95,4.81294242008647
DP-FedRL,4518,96,4.88166548988753
DP-FedRL,4518,97,4.87106232506281
DP-FedRL,4518,98,4.84085223093683
DP-FedRL,4518,99,4.71440597633567
DP-FedRL,4518,100,4.74093161060994
DP-FedRL,4518,101,4.72218064316804
DP-FedRL,4518,102,4.72490502237614
DP-FedRL,4518,103,4.81412053455795
DP-FedRL,4518,104,4.8178541573299
DP-FedRL,4518,105,4.99792486823546
DP-FedRL,4518,106,4.79845161732386
DP-FedRL,4518,107,4.80443222223493
DP-FedRL,4518,108,5.08902417983324
DP-FedRL,4518,109,4.96198756670149
DP-FedRL,4518,110,4.97219076853923
DP-FedRL,4518,111,4.99279072510796
DP-FedRL,4518,112,4.98938071282352
DP-FedRL,4518,113,4.89566708175774
DP-FedRL,4518,114,4.92828795906879
DP-FedRL,4518,115,4.98134824795144
DP-FedRL,4518,116,5.09709421769928
DP-FedRL,4518,117,4.87933527551998
DP-FedRL,4518,118,4.95463086031191
DP-FedRL,4518,119,4.91933363542177
DP-FedRL,4518,120,5.24998576400482
DP-FedRL,4518,121,5.1531891286594
DP-FedRL,4518,122,5.08122261843524
DP-FedRL,4518,123,5.16072703604819
DP-FedRL,4518,124,4.93447675785937
DP-FedRL,4518,125,4.97524974337951
DP-FedRL,4518,126,4.9623475927036
DP-FedRL,4518,127,5.06519328750458
DP-FedRL,4518,128,5.00062332591052
DP-FedRL,4518,129,5.07470733537781
DP-FedRL,4518,130,5.20264628404895
DP-FedRL,4518,131,5.03181036899556
DP-FedRL,4518,132,5.25988893423993
DP-FedRL,4518,133,5.23870461892163
DP-FedRL,4518,134,5.239273106912
DP-FedRL,4518,135,5.25265134731534
DP-FedRL,4518,136,5.19857495892626
DP-FedRL,4518,137,5.1704888550566
DP-FedRL,4518,138,5.21530276164526
DP-FedRL,4518,139,5.12641340577481
DP-FedRL,4518,140,5.0739864238429
DP-FedRL,4518,141,5.22647215050172
DP-FedRL,4518,142,5.19439033591673
DP-FedRL,4518,143,5.06439943269247
DP-FedRL,4518,144,5.14723039928857
DP-FedRL,4518,145,5.12687995017895
DP-FedRL,4518,146,5.33463233183159
DP-FedRL,4518,147,5.06151151887462
DP-FedRL,4518,148,5.28115697064112
DP-FedRL,4518,149,5.26294775030262
DP-FedRL,4518,150,5.21509284192519
DP-FedRL,4518,151,5.18291464728195
DP-FedRL,4518,152,5.15259839851706
DP-FedRL,4518,153,5.07676813170271
DP-FedRL,4518,154,5.1770742084751
DP-FedRL,4518,155,5.15342587068953
DP-FedRL,4518,156,5.17573171865923
DP-FedRL,4518,157,5.00958979713046
DP-FedRL,4518,158,5.19467833920119
DP-FedRL,4518,159,5.3653310279245
DP-FedRL,4518,160,5.13902133463763
DP-FedRL,4518,161,5.21037299015275
DP-FedRL,4518,162,5.13096992773131
DP-FedRL,4518,163,5.04245529805037
DP-FedRL,4518,164,5.17929539290993
DP-FedRL,4518,165,4.9904125000468
DP-FedRL,4518,166,5.14543814642916
DP-FedRL,4518,167,5.01263861868083
DP-FedRL,4518,168,5.01471513828144
DP-FedRL,4518,169,5.38900470506783
DP-FedRL,4518,170,5.31621100566269
DP-FedRL,4518,171,5.14289870420667
DP-FedRL,4518,172,5.36150970041122
DP-FedRL,4518,173,5.09792521541146
DP-FedRL,4518,174,5.17925602088488
DP-FedRL,4518,175,5.27874390543
DP-FedRL,4518,176,5.20374748863229
DP-FedRL,4518,177,5.3158580155283
DP-FedRL,4518,178,5.24884141923713
DP-FedRL,4518,179,5.23991529212859
DP-FedRL,4518,180,5.00249831340452
DP-FedRL,4518,181,5.22625011767307
DP-FedRL,4518,182,5.04213263329346
DP-FedRL,4518,183,5.18122441542688
DP-FedRL,4518,184,5.21728728575123
DP-FedRL,4518,185,5.30086889177365
DP-FedRL,4518,186,5.20815595635717
DP-FedRL,4518,187,5.25930080983453
DP-FedRL,4518,188,5.24245562890259
DP-FedRL,4518,189,5.22848458645904
DP-FedRL,4518,190,5.24197009831849
DP-FedRL,4518,191,5.3233366396053
DP-FedRL,4518,192,5.17136785692199
DP-FedRL,4518,193,5.12886604909851
DP-FedRL,4518,194,5.36828588312265
DP-FedRL,4518,195,5.21362717411539
DP-FedRL,4518,196,5.22957131275408
DP-FedRL,4518,197,5.23174845902111
DP-FedRL,4518,198,5.27090438766702
DP-FedRL,4518,199,5.32533780275725
DP-FedRL,4518,200,5.25795462076593
DP-FedRL,4518,201,5.28060168116202
DP-FedRL,4518,202,5.27181535849603
DP-FedRL,4518,203,5.27668929510626
DP-FedRL,4518,204,5.23942304337651
DP-FedRL,4518,205,5.09691092143386
DP-FedRL,4518,206,5.17105463666238
DP-FedRL,4518,207,5.10506841797539
DP-FedRL,4518,208,5.25001032813851
DP-FedRL,4518,209,5.22740360588623
DP-FedRL,4518,210,5.174426342125
DP-FedRL,4518,211,5.32010636346393
DP-FedRL,4518,212,5.10238792373256
DP-FedRL,4518,213,5.04580478930072
DP-FedRL,4518,214,5.14653634337469
DP-FedRL,4518,215,5.1733665448724
DP-FedRL,4518,216,5.10041470533547
DP-FedRL,4518,217,5.26424367358301
DP-FedRL,4518,218,5.28482303623588
DP-FedRL,4518,219,5.20613058443094
DP-FedRL,4518,220,5.24474437523213
DP-FedRL,4518,221,5.19303996557865
DP-FedRL,4518,222,5.25437105675037
DP-FedRL,4518,223,5.23349261699552
DP-FedRL,4518,224,5.16978778250872
DP-FedRL,4518,225,5.09812184607612
DP-FedRL,4518,226,5.18428976138317
DP-FedRL,4518,227,5.06034743160536
DP-FedRL,4518,228,4.98704377392615
DP-FedRL,4518,229,5.14736311421465
DP-FedRL,4518,230,5.18242545219325
DP-FedRL,4518,231,5.11681580403699
DP-FedRL,4518,232,5.21109351219621
DP-FedRL,4518,233,5.13402816806888
DP-FedRL,4518,234,5.10888940461922
DP-FedRL,4518,235,5.23392226573724
DP-FedRL,4518,236,5.14382221936001
DP-FedRL,4518,237,5.18291400303302
DP-FedRL,4518,238,5.18812314663638
DP-FedRL,4518,239,5.02935308276137
DP-FedRL,4518,240,5.14131781093041
DP-FedRL,4518,241,5.22500065595107
DP-FedRL,4518,242,5.26575471870655
DP-FedRL,4518,243,5.16988443327721
DP-FedRL,4518,244,5.11259801498538
DP-FedRL,4518,245,5.10958067753694
DP-FedRL,4518,246,5.19396275938549
DP-FedRL,4518,247,5.20252632317311
DP-FedRL,4518,248,5.10770661158747
DP-FedRL,4518,249,5.17981566773588
DP-FedRL,4518,250,5.13876450487999
DP-FedRL,4518,251,5.23368304595311
DP-FedRL,4518,252,5.15193644685672
DP-FedRL,4518,253,5.26398390689837
DP-FedRL,4518,254,5.13969245022576
DP-FedRL,4518,255,5.29977330439677
DP-FedRL,4518,256,5.23845622823634
DP-FedRL,4518,257,5.28819542976799
DP-FedRL,4518,258,5.17462695248951
DP-FedRL,4518,259,5.25460635284798
DP-FedRL,4518,260,5.20733642632039
DP-FedRL,4518,261,5.07123619490859
DP-FedRL,4518,262,5.30085028690503
DP-FedRL,4518,263,5.13243999493146
DP-FedRL,4518,264,5.19219333853734
DP-FedRL,4518,265,5.20207124429465
DP-FedRL,4518,266,5.34408983155606
DP-FedRL,4518,267,5.25141415045766
DP-FedRL,4518,268,5.14701033513888
DP-FedRL,4518,269,5.27197767592576
DP-FedRL,4518,270,5.30813894928696
DP-FedRL,4518,271,5.16726451850233
DP-FedRL,4518,272,5.19988676010334
DP-FedRL,4518,273,5.23981922290826
DP-FedRL,4518,274,5.24085677674806
DP-FedRL,4518,275,5.12537798809893
DP-FedRL,4518,276,5.24259886775262
DP-FedRL,4518,277,5.2896075542325
DP-FedRL,4518,278,5.29803412556532
DP-FedRL,4518,279,5.2604252853728
DP-FedRL,4518,280,5.20642787498325
DP-FedRL,4518,281,5.16403115862176
DP-FedRL,4518,282,5.17487404852414
DP-FedRL,4518,283,5.16749519426821
DP-FedRL,4518,284,5.16351690846023
DP-FedRL,4518,285,5.21441642351666
DP-FedRL,4518,286,4.98327474419352
DP-FedRL,4518,287,5.03714170529049
DP-FedRL,4518,288,5.05400320487379
DP-FedRL,4518,289,5.13360301766661
DP-FedRL,4518,290,5.20263190915108
DP-FedRL,4518,291,5.08303816956026
DP-FedRL,4518,292,5.02735502647134
DP-FedRL,4518,293,5.10149313675479
DP-FedRL,4518,294,5.19414453553924
DP-FedRL,4518,295,5.22580673417262
DP-FedRL,4518,296,5.08461392157411
DP-FedRL,4518,297,5.17881240905661
DP-FedRL,4518,298,5.14303648800681
DP-FedRL,4518,299,5.04448394611252
DP-FedRL,4518,300,5.26160336043194
DP-FedRL,4518,301,5.09443750425108
DP-FedRL,4518,302,5.23078272032984
DP-FedRL,4518,303,5.19080701574411
DP-FedRL,4518,304,5.22368879080325
DP-FedRL,4518,305,4.92765627022019
DP-FedRL,4518,306,5.06746510875541
DP-FedRL,4518,307,5.16825233529448
DP-FedRL,4518,308,5.08932606889371
DP-FedRL,4518,309,5.23793290630261
DP-FedRL,4518,310,5.22372436063297
DP-FedRL,4518,311,5.17166693611093
DP-FedRL,4518,312,5.15156084638501
DP-FedRL,4518,313,5.29233439198537
DP-FedRL,4518,314,5.01711821972734
DP-FedRL,4518,315,5.12892198918031
DP-FedRL,4518,316,5.21520869426518
DP-FedRL,4518,317,5.14659897920511
DP-FedRL,4518,318,5.25537679605507
DP-FedRL,4518,319,5.17570934526902
DP-FedRL,4518,320,5.23344092138903
DP-FedRL,4518,321,5.13189293060416
DP-FedRL,4518,322,5.11757593259994
DP-FedRL,4518,323,4.98175687744139
DP-FedRL,4518,324,5.14200882965905
DP-FedRL,4518,325,5.22582223122258
DP-FedRL,4518,326,5.16198695827695
DP-FedRL,4518,327,5.00236148164183
DP-FedRL,4518,328,5.06748083502348
DP-FedRL,4518,329,5.22410878607913
DP-FedRL,4518,330,5.22498439115996
DP-FedRL,4518,331,5.09811387355751
DP-FedRL,4518,332,5.26068804351781
DP-FedRL,4518,333,5.21723140444215
DP-FedRL,4518,334,5.1978275688499
DP-FedRL,4518,335,5.14693971343744
DP-FedRL,4518,336,5.09312318740161
DP-FedRL,4518,337,5.12290212592149
DP-FedRL,4518,338,5.20319599682893
DP-FedRL,4518,339,5.22605499319533
DP-FedRL,4518,340,5.22918990683523
DP-FedRL,4518,341,5.32099789633215
DP-FedRL,4518,342,5.03894981417376
DP-FedRL,4518,343,5.24471674214806
DP-FedRL,4518,344,5.12260437339363
DP-FedRL,4518,345,5.03278257486416
DP-FedRL,4518,346,5.0592420228026
DP-FedRL,4518,347,5.09077023953401
DP-FedRL,4518,348,5.17589119856175
DP-FedRL,4518,349,5.15679305734009
DP-FedRL,4518,350,5.19091648534071
DP-FedRL,4518,351,5.00101303755757
DP-FedRL,4518,352,5.08374865832302
DP-FedRL,4518,353,5.06762613406412
DP-FedRL,4518,354,5.18027644402459
DP-FedRL,4518,355,5.09624892819421
DP-FedRL,4518,356,5.26054685024878
DP-FedRL,4518,357,5.15713356383957
DP-FedRL,4518,358,5.18674979346239
DP-FedRL,4518,359,5.08765616349915
DP-FedRL,4518,360,5.25681360014375
DP-FedRL,4518,361,5.13966206020336
DP-FedRL,4518,362,5.29601478909206
DP-FedRL,4518,363,5.22455597154039
DP-FedRL,4518,364,5.14772246162989
DP-FedRL,4518,365,5.12487282724328
DP-FedRL,4518,366,5.40798199155865
DP-FedRL,4518,367,5.14188928076935
DP-FedRL,4518,368,5.24435888406434
DP-FedRL,4518,369,5.28476118603326
DP-FedRL,4518,370,5.21072685288641
DP-FedRL,4518,371,5.0730343308196
DP-FedRL,4518,372,5.2991115664773
DP-FedRL,4518,373,5.22286567456738
DP-FedRL,4518,374,5.18131202724628
DP-FedRL,4518,375,5.17939809465468
DP-FedRL,4518,376,5.25092540409968
DP-FedRL,4518,377,5.13783356881411
DP-FedRL,4518,378,5.23235203327398
DP-FedRL,4518,379,5.04479707478886
DP-FedRL,4518,380,5.22029844366168
DP-FedRL,4518,381,5.15484409028727
DP-FedRL,4518,382,5.12898779375569
DP-FedRL,4518,383,5.11018719234435
DP-FedRL,4518,384,5.25586954889658
DP-FedRL,4518,385,5.19634966702381
DP-FedRL,4518,386,5.16190940228283
DP-FedRL,4518,387,5.13132778556727
DP-FedRL,4518,388,5.07300908364091
DP-FedRL,4518,389,5.0361786320643
DP-FedRL,4518,390,5.07127273277893
DP-FedRL,4518,391,5.16685679380117
DP-FedRL,4518,392,5.10486399786235
DP-FedRL,4518,393,5.09043604328992
DP-FedRL,4518,394,5.05641217467354
DP-FedRL,4518,395,5.13058940335532
DP-FedRL,4518,396,4.95565303760901
DP-FedRL,4518,397,5.2189572017305
DP-FedRL,4518,398,5.04832556742491
DP-FedRL,4518,399,5.17932322894161
DP-FedRL,4518,400,5.04772167629951
DP-FedRL,5629,1,4.14231999666996
DP-FedRL,5629,2,4.07413820915746
DP-FedRL,5629,3,3.88205546251736
DP-FedRL,5629,4,4.1317476202974
DP-FedRL,5629,5,3.95944314314846
DP-FedRL,5629,6,4.16052083111614
DP-FedRL,5629,7,4.29119381238656
DP-FedRL,5629,8,4.13892998839117
DP-FedRL,5629,9,4.21186785913096
DP-FedRL,5629,10,4.28748068267323
DP-FedRL,5629,11,4.28325103033717
DP-FedRL,5629,12,4.05840565580469
DP-FedRL,5629,13,4.19915720156082
DP-FedRL,5629,14,4.24284149643536
DP-FedRL,5629,15,4.183031622939
DP-FedRL,5629,16,4.31481139355028
DP-FedRL,5629,17,4.17503715139325
DP-FedRL,5629,18,4.29363409699777
DP-FedRL,5629,19,3.83593893359124
DP-FedRL,5629,20,4.21895441842407
DP-FedRL,5629,21,4.30536596389094
DP-FedRL,5629,22,3.85699622839129
DP-FedRL,5629,23,4.47557440063856
DP-FedRL,5629,24,4.11229719348754
DP-FedRL,5629,25,4.09888691645008
DP-FedRL,5629,26,3.97571399728707
DP-FedRL,5629,27,4.39197507103976
DP-FedRL,5629,28,4.20349460539156
DP-FedRL,5629,29,4.03782380780131
DP-FedRL,5629,30,4.29880634731698
DP-FedRL,5629,31,4.25469167331288
DP-FedRL,5629,32,4.03711891482532
DP-FedRL,5629,33,4.21305256665239
DP-FedRL,5629,34,4.31579015743744
DP-FedRL,5629,35,4.07021358052306
DP-FedRL,5629,36,4.41544559714214
DP-FedRL,5629,37,4.20270488676518
DP-FedRL,5629,38,4.28957975343428
DP-FedRL,5629,39,4.42741102901784
DP-FedRL,5629,40,4.22157376793587
DP-FedRL,5629,41,4.29067401365065
DP-FedRL,5629,42,4.34987968843383
DP-FedRL,5629,43,4.49862109531774
DP-FedRL,5629,44,4.53480673647218
DP-FedRL,5629,45,4.4101375702271
DP-FedRL,5629,46,4.36787038678964
DP-FedRL,5629,47,4.49060247164959
DP-FedRL,5629,48,4.1879308126275
DP-FedRL,5629,49,4.25668952143041
DP-FedRL,5629,50,4.47342828384899
DP-FedRL,5629,51,4.34431441557605
DP-FedRL,5629,52,4.49337769794075
DP-FedRL,5629,53,4.35085264687819
DP-FedRL,5629,54,4.43616998510573
DP-FedRL,5629,55,4.59307631722253
DP-FedRL,5629,56,4.34820703035579
DP-FedRL,5629,57,4.54098027710142
DP-FedRL,5629,58,4.68097800091015
DP-FedRL,5629,59,4.43849050583111
DP-FedRL,5629,60,4.45453410896691
DP-FedRL,5629,61,4.54618634833412
DP-FedRL,5629,62,4.47287133474383
DP-FedRL,5629,63,4.47632356409802
DP-FedRL,5629,64,4.51597557878253
DP-FedRL,5629,65,4.67371675017152
DP-FedRL,5629,66,4.50946260099026
DP-FedRL,5629,67,4.66609075021216
DP-FedRL,5629,68,4.55185398949239
DP-FedRL,5629,69,4.55049503107668
DP-FedRL,5629,70,4.7642936613707
DP-FedRL,5629,71,4.77031553634498
DP-FedRL,5629,72,4.3172246135753
DP-FedRL,5629,73,4.63742096107675
DP-FedRL,5629,74,4.50381554184579
DP-FedRL,5629,75,4.82808564933136
DP-FedRL,5629,76,4.62165931077783
DP-FedRL,5629,77,4.85332494382173
DP-FedRL,5629,78,4.92310285299232
DP-FedRL,5629,79,4.82370205125658
DP-FedRL,5629,80,4.71717364814034
DP-FedRL,5629,81,4.79256594273457
DP-FedRL,5629,82,4.61593882667775
DP-FedRL,5629,83,4.84123297599143
DP-FedRL,5629,84,4.84320465085522
DP-FedRL,5629,85,4.80268794379568
DP-FedRL,5629,86,4.73358350734206
DP-FedRL,5629,87,4.83513454122836
DP-FedRL,5629,88,4.94181442918827
DP-FedRL,5629,89,4.80421363736673
DP-FedRL,5629,90,4.96218244904368
DP-FedRL,5629,91,4.87502535120789
DP-FedRL,5629,92,4.91064267430087
DP-FedRL,5629,93,5.02674722382546
DP-FedRL,5629,94,5.00144871759823
DP-FedRL,5629,95,5.01770968287448
DP-FedRL,5629,96,5.00160604432409
DP-FedRL,5629,97,4.9658543548777
DP-FedRL,5629,98,4.91073627990153
DP-FedRL,5629,99,4.88459959971554
DP-FedRL,5629,100,4.99690153069147
DP-FedRL,5629,101,5.01842786501237
DP-FedRL,5629,102,4.93625346468517
DP-FedRL,5629,103,5.08501935598028
DP-FedRL,5629,104,4.97725197136309
DP-FedRL,5629,105,4.97979554606996
DP-FedRL,5629,106,5.09167340453606
DP-FedRL,5629,107,5.13100729184105
DP-FedRL,5629,108,5.16831677463489
DP-FedRL,5629,109,5.10825698777353
DP-FedRL,5629,110,4.93964510376032
DP-FedRL,5629,111,5.11987067169816
DP-FedRL,5629,112,5.17440296609581
DP-FedRL,5629,113,5.19727054034216
DP-FedRL,5629,114,5.01761291587651
DP-FedRL,5629,115,5.20243128178741
DP-FedRL,5629,116,5.16282685732658
DP-FedRL,5629,117,5.22072954683976
DP-FedRL,5629,118,5.14271839672833
DP-FedRL,5629,119,5.20346264015024
DP-FedRL,5629,120,5.1045534522745
DP-FedRL,5629,121,5.31088737782499
DP-FedRL,5629,122,4.99028973794626
DP-FedRL,5629,123,5.21391457297101
DP-FedRL,5629,124,5.21040922946831
DP-FedRL,5629,125,5.19322764976478
DP-FedRL,5629,126,5.1840073523943
DP-FedRL,5629,127,5.14333203700912
DP-FedRL,5629,128,5.31334055527472
DP-FedRL,5629,129,5.13941965097189
DP-FedRL,5629,130,5.22758622331679
DP-FedRL,5629,131,5.13456822758739
DP-FedRL,5629,132,5.20544840019001
DP-FedRL,5629,133,5.36566154783714
DP-FedRL,5629,134,5.29932077694314
DP-FedRL,5629,135,5.16772245852078
DP-FedRL,5629,136,5.38061589289769
DP-FedRL,5629,137,5.14917980916695
DP-FedRL,5629,138,5.1798624363292
DP-FedRL,5629,139,5.25288416987034
DP-FedRL,5629,140,5.25367988529358
DP-FedRL,5629,141,5.19250421352354
DP-FedRL,5629,142,5.20128847387104
DP-FedRL,5629,143,5.27704143661953
DP-FedRL,5629,144,5.29666572596464
DP-FedRL,5629,145,5.32062918247475
DP-FedRL,5629,146,5.19053373463637
DP-FedRL,5629,147,5.25995814034947
DP-FedRL,5629,148,5.31447342638916
DP-FedRL,5629,149,5.24990447051247
DP-FedRL,5629,150,5.20126710716288
DP-FedRL,5629,151,5.16097684153128
DP-FedRL,5629,152,5.31883780651486
DP-FedRL,5629,153,5.11875677058917
DP-FedRL,5629,154,5.24058918006038
DP-FedRL,5629,155,5.26247345831968
DP-FedRL,5629,156,5.28595219972001
DP-FedRL,5629,157,5.21897796013572
DP-FedRL,5629,158,5.20466326507488
DP-FedRL,5629,159,5.24827760949916
DP-FedRL,5629,160,5.23247556827536
DP-FedRL,5629,161,5.18898580522853
DP-FedRL,5629,162,5.25074369778037
DP-FedRL,5629,163,5.27038035438737
DP-FedRL,5629,164,4.92032712139314
DP-FedRL,5629,165,5.26370707453373
DP-FedRL,5629,166,5.16242972194472
DP-FedRL,5629,167,5.2556720147297
DP-FedRL,5629,168,5.19763122739095
DP-FedRL,5629,169,5.2272272637538
DP-FedRL,5629,170,5.27134616652302
DP-FedRL,5629,171,5.1389086047798
DP-FedRL,5629,172,5.26756380844445
DP-FedRL,5629,173,5.12999544715671
DP-FedRL,5629,174,5.26740057347004
DP-FedRL,5629,175,5.30861211677565
DP-FedRL,5629,176,5.19168345132305
DP-FedRL,5629,177,5.09717287521387
DP-FedRL,5629,178,5.06641045758585
DP-FedRL,5629,179,5.05486673943276
DP-FedRL,5629,180,5.15085414160871
DP-FedRL,5629,181,5.28297734109911
DP-FedRL,5629,182,5.25034033581572
DP-FedRL,5629,183,5.27709930766723
DP-FedRL,5629,184,5.18401474106478
DP-FedRL,5629,185,5.20552505521176
DP-FedRL,5629,186,5.17600667628946
DP-FedRL,5629,187,5.25971113408105
DP-FedRL,5629,188,5.29714507310535
DP-FedRL,5629,189,5.23891288263665
DP-FedRL,5629,190,5.20646519316378
DP-FedRL,5629,191,5.18704053550033
DP-FedRL,5629,192,5.28144132287855
DP-FedRL,5629,193,5.14437528107226
DP-FedRL,5629,194,5.25028280153745
DP-FedRL,5629,195,5.25952308414608
DP-FedRL,5629,196,5.28796776346412
DP-FedRL,5629,197,5.14784662097391
DP-FedRL,5629,198,5.15375092138608
DP-FedRL,5629,199,5.19096860243704
DP-FedRL,5629,200,5.09970667347237
DP-FedRL,5629,201,5.31390946230404
DP-FedRL,5629,202,5.19095752260532
DP-FedRL,5629,203,5.23763853156411
DP-FedRL,5629,204,5.26048816746814
DP-FedRL,5629,205,5.22533695444331
DP-FedRL,5629,206,5.24972589255158
DP-FedRL,5629,207,5.24396999049758
DP-FedRL,5629,208,5.29513832431091
DP-FedRL,5629,209,5.22799981960859
DP-FedRL,5629,210,5.06758356232109
DP-FedRL,5629,211,5.24754274286436
DP-FedRL,5629,212,5.0808901321328
DP-FedRL,5629,213,5.2769342012519
DP-FedRL,5629,214,5.1425695352603
DP-FedRL,5629,215,5.39201141194407
DP-FedRL,5629,216,5.11124214737478
DP-FedRL,5629,217,5.33122321706358
DP-FedRL,5629,218,5.17892429680306
DP-FedRL,5629,219,5.32066601065832
DP-FedRL,5629,220,5.28920788773904
DP-FedRL,5629,221,5.19509759842833
DP-FedRL,5629,222,5.20482942544384
DP-FedRL,5629,223,5.06639697071528
DP-FedRL,5629,224,5.29759093428915
DP-FedRL,5629,225,5.38431772369692
DP-FedRL,5629,226,5.27388014526756
DP-FedRL,5629,227,5.15505374181247
DP-FedRL,5629,228,5.26633030672034
DP-FedRL,5629,229,5.18070946751526
DP-FedRL,5629,230,5.08794431282874
DP-FedRL,5629,231,5.23573929044293
DP-FedRL,5629,232,5.29710925804158
DP-FedRL,5629,233,5.2473503465324
DP-FedRL,5629,234,5.25639826449794
DP-FedRL,5629,235,5.28140458501254
DP-FedRL,5629,236,5.19171431037368
DP-FedRL,5629,237,5.2110921477558
DP-FedRL,5629,238,5.24334531980593
DP-FedRL,5629,239,5.10660248527511
DP-FedRL,5629,240,5.19278250060405
DP-FedRL,5629,241,5.19783704636823
DP-FedRL,5629,242,5.06479099859148
DP-FedRL,5629,243,5.35332997464317
DP-FedRL,5629,244,5.09041879853281
DP-FedRL,5629,245,5.24251874918479
DP-FedRL,5629,246,5.36781477075171
DP-FedRL,5629,247,5.31445413387116
DP-FedRL,5629,248,5.23414423214987
DP-FedRL,5629,249,5.11394177038458
DP-FedRL,5629,250,5.2721921398975
DP-FedRL,5629,251,5.3390802874839
DP-FedRL,5629,252,5.2282580360646
DP-FedRL,5629,253,5.21133765414183
DP-FedRL,5629,254,5.07374828283563
DP-FedRL,5629,255,5.30634137297476
DP-FedRL,5629,256,5.21536673702148
DP-FedRL,5629,257,5.17746390783937
DP-FedRL,5629,258,5.18782259251884
DP-FedRL,5629,259,5.24496408255722
DP-FedRL,5629,260,5.25508448027488
DP-FedRL,5629,261,5.1099349819613
DP-FedRL,5629,262,5.29005546123522
DP-FedRL,5629,263,5.21667186285563
DP-FedRL,5629,264,5.17147275388306
DP-FedRL,5629,265,5.24342319578808
DP-FedRL,5629,266,5.16788803385283
DP-FedRL,5629,267,5.11368383926756
DP-FedRL,5629,268,5.18655156902234
DP-FedRL,5629,269,5.00591374837472
DP-FedRL,5629,270,5.28795735780305
DP-FedRL,5629,271,5.23276902418684
DP-FedRL,5629,272,5.33070668188959
DP-FedRL,5629,273,5.17246615661514
DP-FedRL,5629,274,5.23346150448909
DP-FedRL,5629,275,5.20350271865683
DP-FedRL,5629,276,5.19813446157366
DP-FedRL,5629,277,5.12544983220426
DP-FedRL,5629,278,5.1546478020464
DP-FedRL,5629,279,5.19291011401715
DP-FedRL,5629,280,5.1880063398469
DP-FedRL,5629,281,5.35776313453389
DP-FedRL,5629,282,5.2993385095946
DP-FedRL,5629,283,5.30319498989167
DP-FedRL,5629,284,5.17049669746614
DP-FedRL,5629,285,5.29005491412614
DP-FedRL,5629,286,5.05395507625947
DP-FedRL,5629,287,5.39941896797407
DP-FedRL,5629,288,5.20840913770916
DP-FedRL,5629,289,5.17504451573954
DP-FedRL,5629,290,5.10159094448661
DP-FedRL,5629,291,5.08284343253368
DP-FedRL,5629,292,5.29209730429471
DP-FedRL,5629,293,5.20016179873517
DP-FedRL,5629,294,5.20284234590599
DP-FedRL,5629,295,5.24262794472755
DP-FedRL,5629,296,5.3310589702832
DP-FedRL,5629,297,5.28684305226817
DP-FedRL,5629,298,5.07715432012981
DP-FedRL,5629,299,5.17541033923202
DP-FedRL,5629,300,5.18813102922146
DP-FedRL,5629,301,5.10974782788148
DP-FedRL,5629,302,5.30741706869353
DP-FedRL,5629,303,5.0881241892834
DP-FedRL,5629,304,5.17485246368177
DP-FedRL,5629,305,5.19043084426786
DP-FedRL,5629,306,5.27632868514399
DP-FedRL,5629,307,5.26827087010741
DP-FedRL,5629,308,5.24554482845274
DP-FedRL,5629,309,5.25322354919519
DP-FedRL,5629,310,5.15338829570741
DP-FedRL,5629,311,5.18769801512394
DP-FedRL,5629,312,5.09610537858307
DP-FedRL,5629,313,5.13477490470523
DP-FedRL,5629,314,5.27171824283286
DP-FedRL,5629,315,5.13230876400598
DP-FedRL,5629,316,5.16900074261948
DP-FedRL,5629,317,5.21981900416642
DP-FedRL,5629,318,5.15450010875198
DP-FedRL,5629,319,5.21678345506926
DP-FedRL,5629,320,5.08637677378842
DP-FedRL,5629,321,5.19021697859013
DP-FedRL,5629,322,5.21613510419872
DP-FedRL,5629,323,5.19349980048929
DP-FedRL,5629,324,5.16441016881855
DP-FedRL,5629,325,5.25346239533531
DP-FedRL,5629,326,5.1825833351473
DP-FedRL,5629,327,5.16099011118175
DP-FedRL,5629,328,5.21424742484066
DP-FedRL,5629,329,5.14281524473378
DP-FedRL,5629,330,5.07201368585881
DP-FedRL,5629,331,5.24383780957369
DP-FedRL,5629,332,5.17882754507968
DP-FedRL,5629,333,5.28505172153915
DP-FedRL,5629,334,5.35781431836511
DP-FedRL,5629,335,5.29743959060499
DP-FedRL,5629,336,5.18410919318916
DP-FedRL,5629,337,5.18669240123233
DP-FedRL,5629,338,5.08844960423298
DP-FedRL,5629,339,5.19468493992426
DP-FedRL,5629,340,5.15027380126973
DP-FedRL,5629,341,5.21396615826617
DP-FedRL,5629,342,5.06050988247413
DP-FedRL,5629,343,5.17567476431499
DP-FedRL,5629,344,5.17960500026441
DP-FedRL,5629,345,5.24160938213937
DP-FedRL,5629,346,5.31767365003305
DP-FedRL,5629,347,5.09141876623592
DP-FedRL,5629,348,5.24921578392904
DP-FedRL,5629,349,5.15083688638621
DP-FedRL,5629,350,5.23950474989635
DP-FedRL,5629,351,5.29517565890402
DP-FedRL,5629,352,5.11010813499229
DP-FedRL,5629,353,5.07848647937113
DP-FedRL,5629,354,5.17379409974607
DP-FedRL,5629,355,5.17778236882958
DP-FedRL,5629,356,5.13429865466132
DP-FedRL,5629,357,5.30284852875918
DP-FedRL,5629,358,5.18758403661653
DP-FedRL,5629,359,5.31660057094027
DP-FedRL,5629,360,5.21905079056081
DP-FedRL,5629,361,5.20463065955375
DP-FedRL,5629,362,5.10662111051476
DP-FedRL,5629,363,5.09855202297904
DP-FedRL,5629,364,5.35134506581479
DP-FedRL,5629,365,5.10673229068437
DP-FedRL,5629,366,5.16479604190149
DP-FedRL,5629,367,5.25067163104833
DP-FedRL,5629,368,5.2130933159142
DP-FedRL,5629,369,5.37192409517671
DP-FedRL,5629,370,5.21655550647929
DP-FedRL,5629,371,5.30226733564189
DP-FedRL,5629,372,5.27009572518558
DP-FedRL,5629,373,5.14393790769887
DP-FedRL,5629,374,5.05063445225374
DP-FedRL,5629,375,5.14887428825731
DP-FedRL,5629,376,5.20818559942419
DP-FedRL,5629,377,5.19020491074799
DP-FedRL,5629,378,4.84124735706492
DP-FedRL,5629,379,5.21850313966367
DP-FedRL,5629,380,5.21589018886594
DP-FedRL,5629,381,5.25423888959764
DP-FedRL,5629,382,5.10888546258955
DP-FedRL,5629,383,5.07339358931946
DP-FedRL,5629,384,5.19135254931643
DP-FedRL,5629,385,5.18332232057711
DP-FedRL,5629,386,5.11944989852767
DP-FedRL,5629,387,5.18582838780726
DP-FedRL,5629,388,5.0585010405896
DP-FedRL,5629,389,5.15832617991829
DP-FedRL,5629,390,5.12177745740272
DP-FedRL,5629,391,4.99872160163265
DP-FedRL,5629,392,5.39252720182755
DP-FedRL,5629,393,5.00385691074017
DP-FedRL,5629,394,5.16236137410815
DP-FedRL,5629,395,5.18336081310092
DP-FedRL,5629,396,5.1763092775792
DP-FedRL,5629,397,5.24217955922044
DP-FedRL,5629,398,5.22108158808713
DP-FedRL,5629,399,5.30331769580506
DP-FedRL,5629,400,5.24335212386927
DP-FedRL,6740,1,4.12197488779144
DP-FedRL,6740,2,3.93121261308876
DP-FedRL,6740,3,4.20087819864322
DP-FedRL,6740,4,4.31566495553738
DP-FedRL,6740,5,4.26001603185958
DP-FedRL,6740,6,4.02810661957675
DP-FedRL,6740,7,4.20144044604932
DP-FedRL,6740,8,3.98186399277875
DP-FedRL,6740,9,4.22435152437166
DP-FedRL,6740,10,4.03771005231738
DP-FedRL,6740,11,4.07667336027931
DP-FedRL,6740,12,4.18057405319049
DP-FedRL,6740,13,4.06515199028175
DP-FedRL,6740,14,4.25254160228208
DP-FedRL,6740,15,4.34674268007818
DP-FedRL,6740,16,4.36445067104946
DP-FedRL,6740,17,4.16319247778502
DP-FedRL,6740,18,4.29788692941095
DP-FedRL,6740,19,4.33526530737131
DP-FedRL,6740,20,4.35153160433685
DP-FedRL,6740,21,4.18557651161376
DP-FedRL,6740,22,4.11964040494794
DP-FedRL,6740,23,3.9710838860138
DP-FedRL,6740,24,4.15459138400568
DP-FedRL,6740,25,4.21491435164899
DP-FedRL,6740,26,4.30034166130473
DP-FedRL,6740,27,4.39901212961169
DP-FedRL,6740,28,4.42349512845658
DP-FedRL,6740,29,4.16254533643995
DP-FedRL,6740,30,4.1063596089542
DP-FedRL,6740,31,4.13033464512894
DP-FedRL,6740,32,4.22737120410633
DP-FedRL,6740,33,4.27830225806736
DP-FedRL,6740,34,4.47608162436805
DP-FedRL,6740,35,4.20196236435517
DP-FedRL,6740,36,4.17596877662351
DP-FedRL,6740,37,4.47080049334334
DP-FedRL,6740,38,4.13087269916331
DP-FedRL,6740,39,4.35613196282746
DP-FedRL,6740,40,4.32973760553002
DP-FedRL,6740,41,4.42345203407863
DP-FedRL,6740,42,4.06371359237669
DP-FedRL,6740,43,4.27779846012674
DP-FedRL,6740,44,4.69331627383311
DP-FedRL,6740,45,4.2582485488785
DP-FedRL,6740,46,4.4302591436825
DP-FedRL,6740,47,4.49213400862084
DP-FedRL,6740,48,4.61103551919519
DP-FedRL,6740,49,4.34025215427121
DP-FedRL,6740,50,4.40336708526854
DP-FedRL,6740,51,3.93622706990169
DP-FedRL,6740,52,4.31822023330755
DP-FedRL,6740,53,4.50254780177471
DP-FedRL,6740,54,4.67412317153528
DP-FedRL,6740,55,4.47195963975141
DP-FedRL,6740,56,4.25586101981203
DP-FedRL,6740,57,4.34160512670792
DP-FedRL,6740,58,4.51450104534283
DP-FedRL,6740,59,4.38288601815134
DP-FedRL,6740,60,4.67548470953384
DP-FedRL,6740,61,4.60000568264782
DP-FedRL,6740,62,4.52740348940885
DP-FedRL,6740,63,4.59020304113022
DP-FedRL,6740,64,4.68922834945839
DP-FedRL,6740,65,4.61328952680335
DP-FedRL,6740,66,4.54922342276312
DP-FedRL,6740,67,4.58169494761539
DP-FedRL,6740,68,4.63106804429068
DP-FedRL,6740,69,4.86162594045736
DP-FedRL,6740,70,4.72828283295199
DP-FedRL,6740,71,4.51060565071893
DP-FedRL,6740,72,4.6386769183993
DP-FedRL,6740,73,4.6612003401926
DP-FedRL,6740,74,4.61333815465833
DP-FedRL,6740,75,4.57514888647386
DP-FedRL,6740,76,4.82726884351869
DP-FedRL,6740,77,4.7231119683416
DP-FedRL,6740,78,4.68186431009356
DP-FedRL,6740,79,4.77025001794639
DP-FedRL,6740,80,4.64789536547509
DP-FedRL,6740,81,4.7570166134215
DP-FedRL,6740,82,4.78579184119153
DP-FedRL,6740,83,4.87721633943159
DP-FedRL,6740,84,4.67934285059073
DP-FedRL,6740,85,4.91856154103422
DP-FedRL,6740,86,5.06327097771538
DP-FedRL,6740,87,4.76702978382025
DP-FedRL,6740,88,5.05254870955967
DP-FedRL,6740,89,4.85744853066253
DP-FedRL,6740,90,4.9857814438929
DP-FedRL,6740,91,4.84511934327748
DP-FedRL,6740,92,4.90536520882175
DP-FedRL,6740,93,4.9619425193862
DP-FedRL,6740,94,4.76789531457451
DP-FedRL,6740,95,4.88409705310386
DP-FedRL,6740,96,4.92627042188731
DP-FedRL,6740,97,4.90794834575667
DP-FedRL,6740,98,5.00240644411825
DP-FedRL,6740,99,4.95235109265182
DP-FedRL,6740,100,5.21566979642051
DP-FedRL,6740,101,5.01314942192687
DP-FedRL,6740,102,4.81920702414838
DP-FedRL,6740,103,4.94268771955201
DP-FedRL,6740,104,4.97240128090491
DP-FedRL,6740,105,5.06182582705187
DP-FedRL,6740,106,5.08344811388471
DP-FedRL,6740,107,5.05153426081549
DP-FedRL,6740,108,5.13301291776706
DP-FedRL,6740,109,5.15681988884392
DP-FedRL,6740,110,5.0758001516875
DP-FedRL,6740,111,5.1318699990594
DP-FedRL,6740,112,5.01508452407553
DP-FedRL,6740,113,5.09253609393887
DP-FedRL,6740,114,5.25989336196055
DP-FedRL,6740,115,5.10643518908596
DP-FedRL,6740,116,4.93175171240715
DP-FedRL,6740,117,5.0725522230286
DP-FedRL,6740,118,5.10106757925965
DP-FedRL,6740,119,5.20721872074204
DP-FedRL,6740,120,5.14700816545749
DP-FedRL,6740,121,5.23539746381064
DP-FedRL,6740,122,5.16008366912053
DP-FedRL,6740,123,5.15643186829402
DP-FedRL,6740,124,5.23785919805345
DP-FedRL,6740,125,5.14563891510898
DP-FedRL,6740,126,5.0194215383674
DP-FedRL,6740,127,5.12576041252786
DP-FedRL,6740,128,5.02232821274079
DP-FedRL,6740,129,4.93057525263314
DP-FedRL,6740,130,5.21517572943851
DP-FedRL,6740,131,5.17784296407202
DP-FedRL,6740,132,5.18149959886603
DP-FedRL,6740,133,5.1758847097429
DP-FedRL,6740,134,5.23102487702585
DP-FedRL,6740,135,5.21854688661672
DP-FedRL,6740,136,5.34463043101844
DP-FedRL,6740,137,5.29309040104542
DP-FedRL,6740,138,5.1502581558054
DP-FedRL,6740,139,5.13727170407478
DP-FedRL,6740,140,5.29245806605113
DP-FedRL,6740,141,5.23160826385459
DP-FedRL,6740,142,5.32141053741808
DP-FedRL,6740,143,5.02171054119702
DP-FedRL,6740,144,5.19334975973454
DP-FedRL,6740,145,5.17831959750508
DP-FedRL,6740,146,5.27244283576054
DP-FedRL,6740,147,5.35297642188687
DP-FedRL,6740,148,5.20443088359202
DP-FedRL,6740,149,5.27672029509185
DP-FedRL,6740,150,5.26751367292171
DP-FedRL,6740,151,5.27263765594951
DP-FedRL,6740,152,5.16361450542006
DP-FedRL,6740,153,5.15083777582973
DP-FedRL,6740,154,5.31640426998066
DP-FedRL,6740,155,5.32009156765193
DP-FedRL,6740,156,5.15948583170895
DP-FedRL,6740,157,5.31763886468441
DP-FedRL,6740,158,5.20177879143267
DP-FedRL,6740,159,5.18496009971098
DP-FedRL,6740,160,5.28081056314214
DP-FedRL,6740,161,5.28094439098606
DP-FedRL,6740,162,5.18569732217081
DP-FedRL,6740,163,5.31402487117539
DP-FedRL,6740,164,5.09245730415904
DP-FedRL,6740,165,5.18375777559331
DP-FedRL,6740,166,5.2742736913693
DP-FedRL,6740,167,5.06927911499634
DP-FedRL,6740,168,5.2215414586968
DP-FedRL,6740,169,5.15204331049256
DP-FedRL,6740,170,5.29731393619681
DP-FedRL,6740,171,5.14264024300112
DP-FedRL,6740,172,5.15226155190691
DP-FedRL,6740,173,5.32743159606305
DP-FedRL,6740,174,5.11930344262846
DP-FedRL,6740,175,5.24570230822034
DP-FedRL,6740,176,5.04661371769355
DP-FedRL,6740,177,5.23628753537562
DP-FedRL,6740,178,5.07925508169663
DP-FedRL,6740,179,5.14422352552447
DP-FedRL,6740,180,5.25160186841842
DP-FedRL,6740,181,5.28048693225425
DP-FedRL,6740,182,5.27656663285377
DP-FedRL,6740,183,5.21339543288405
DP-FedRL,6740,184,5.28628520613333
DP-FedRL,6740,185,4.98300835823801
DP-FedRL,6740,186,5.30058037990668
DP-FedRL,6740,187,5.13851398989217
DP-FedRL,6740,188,5.29094560397937
DP-FedRL,6740,189,5.10401848534435
DP-FedRL,6740,190,5.14083592001015
DP-FedRL,6740,191,5.07387915301373
DP-FedRL,6740,192,5.20745998678258
DP-FedRL,6740,193,5.41788701816386
DP-FedRL,6740,194,5.12825880274852
DP-FedRL,6740,195,5.17700050151572
DP-FedRL,6740,196,5.18052955655167
DP-FedRL,6740,197,5.17241052161957
DP-FedRL,6740,198,5.2666849328024
DP-FedRL,6740,199,5.11840086951308
DP-FedRL,6740,200,5.15295228932903
DP-FedRL,6740,201,5.18618861090959
DP-FedRL,6740,202,5.29032668885003
DP-FedRL,6740,203,5.24878059768915
DP-FedRL,6740,204,5.27682894319801
DP-FedRL,6740,205,5.2264876187196
DP-FedRL,6740,206,5.22717268867134
DP-FedRL,6740,207,5.23211134393577
DP-FedRL,6740,208,5.16026218584779
DP-FedRL,6740,209,5.27631873157795
DP-FedRL,6740,210,5.16591251676371
DP-FedRL,6740,211,5.18846131706939
DP-FedRL,6740,212,5.27185176307846
DP-FedRL,6740,213,5.14761015137824
DP-FedRL,6740,214,5.23175311830901
DP-FedRL,6740,215,5.23270096308329
DP-FedRL,6740,216,5.33893581077144
DP-FedRL,6740,217,5.08688955243377
DP-FedRL,6740,218,5.34246957728055
DP-FedRL,6740,219,5.21659548102893
DP-FedRL,6740,220,5.22641098742129
DP-FedRL,6740,221,5.2843564007845
DP-FedRL,6740,222,5.18541157770502
DP-FedRL,6740,223,5.13917801134329
DP-FedRL,6740,224,5.3110452288497
DP-FedRL,6740,225,5.26059310613562
DP-FedRL,6740,226,5.20996823534152
DP-FedRL,6740,227,5.07687728299424
DP-FedRL,6740,228,5.05549526522193
DP-FedRL,6740,229,5.27546205474663
DP-FedRL,6740,230,5.29445359954949
DP-FedRL,6740,231,5.01002305894048
DP-FedRL,6740,232,5.24791992615612
DP-FedRL,6740,233,5.32399618949508
DP-FedRL,6740,234,5.24671212991042
DP-FedRL,6740,235,5.14473557487796
DP-FedRL,6740,236,5.15651423476717
DP-FedRL,6740,237,5.27265521087575
DP-FedRL,6740,238,5.3546954100336
DP-FedRL,6740,239,5.11158047311133
DP-FedRL,6740,240,5.21964294584303
DP-FedRL,6740,241,5.08548947972863
DP-FedRL,6740,242,5.2165826458029
DP-FedRL,6740,243,5.19016256324695
DP-FedRL,6740,244,5.22559327063263
DP-FedRL,6740,245,5.12657890065218
DP-FedRL,6740,246,5.21532321433071
DP-FedRL,6740,247,5.13905122379084
DP-FedRL,6740,248,5.12257398786699
DP-FedRL,6740,249,5.21484549713254
DP-FedRL,6740,250,5.19596171313878
DP-FedRL,6740,251,5.43254354942449
DP-FedRL,6740,252,5.05484253729167
DP-FedRL,6740,253,5.24972714463266
DP-FedRL,6740,254,5.10227632667853
DP-FedRL,6740,255,5.2554058672136
DP-FedRL,6740,256,5.08245318697027
DP-FedRL,6740,257,5.16324533711228
DP-FedRL,6740,258,5.27486932724847
DP-FedRL,6740,259,5.28247479156167
DP-FedRL,6740,260,5.258000509667
DP-FedRL,6740,261,5.14002409191096
DP-FedRL,6740,262,5.19744032556776
DP-FedRL,6740,263,5.17223430503599
DP-FedRL,6740,264,5.17953317024924
DP-FedRL,6740,265,5.1716573292768
DP-FedRL,6740,266,5.14026523994814
DP-FedRL,6740,267,5.09196165402582
DP-FedRL,6740,268,5.25348535149264
DP-FedRL,6740,269,5.15633177631189
DP-FedRL,6740,270,5.22642945837901
DP-FedRL,6740,271,4.99192024339651
DP-FedRL,6740,272,5.21550289890689
DP-FedRL,6740,273,5.27650389113924
DP-FedRL,6740,274,5.05611871964999
DP-FedRL,6740,275,5.2751507129381
DP-FedRL,6740,276,5.02056924597799
DP-FedRL,6740,277,5.08681534950499
DP-FedRL,6740,278,5.31056986634092
DP-FedRL,6740,279,5.17383923616569
DP-FedRL,6740,280,5.23298408844209
DP-FedRL,6740,281,5.03691725642608
DP-FedRL,6740,282,5.12819794273492
DP-FedRL,6740,283,5.0875880398669
DP-FedRL,6740,284,5.20385802238929
DP-FedRL,6740,285,5.2110068909223
DP-FedRL,6740,286,5.08383735383082
DP-FedRL,6740,287,5.09072101056541
DP-FedRL,6740,288,5.17801050621161
DP-FedRL,6740,289,5.24686153488566
DP-FedRL,6740,290,5.17849254412287
DP-FedRL,6740,291,5.25488971070302
DP-FedRL,6740,292,5.13221613069146
DP-FedRL,6740,293,5.19130013723868
DP-FedRL,6740,294,5.08333055665048
DP-FedRL,6740,295,5.18656958808676
DP-FedRL,6740,296,4.95856013126742
DP-FedRL,6740,297,5.17373672425592
DP-FedRL,6740,298,5.22756124983998
DP-FedRL,6740,299,5.13011047302807
DP-FedRL,6740,300,5.21903111832456
DP-FedRL,6740,301,5.07799470471077
DP-FedRL,6740,302,5.08413872980972
DP-FedRL,6740,303,5.15915626367322
DP-FedRL,6740,304,5.12934944222143
DP-FedRL,6740,305,5.09792018279683
DP-FedRL,6740,306,5.14960714257306
DP-FedRL,6740,307,5.08927581437321
DP-FedRL,6740,308,5.19847223619319
DP-FedRL,6740,309,5.14142886095679
DP-FedRL,6740,310,5.2922744917233
DP-FedRL,6740,311,5.0889289517443
DP-FedRL,6740,312,5.2580036594849
DP-FedRL,6740,313,5.32394894096893
DP-FedRL,6740,314,5.21328357434493
DP-FedRL,6740,315,5.22661456068951
DP-FedRL,6740,316,5.19938722473568
DP-FedRL,6740,317,5.24652906839578
DP-FedRL,6740,318,5.15613243360977
DP-FedRL,6740,319,5.20967713379705
DP-FedRL,6740,320,5.267281928086
DP-FedRL,6740,321,5.1852848790883
DP-FedRL,6740,322,5.14714865387654
DP-FedRL,6740,323,5.12289169007275
DP-FedRL,6740,324,5.02211748449465
DP-FedRL,6740,325,5.32223148893027
DP-FedRL,6740,326,5.26205659419757
DP-FedRL,6740,327,5.24984624054377
DP-FedRL,6740,328,5.04235007925714
DP-FedRL,6740,329,5.14890304162561
DP-FedRL,6740,330,5.03859395582579
DP-FedRL,6740,331,5.39063191158379
DP-FedRL,6740,332,5.11899126479069
DP-FedRL,6740,333,5.21514153135042
DP-FedRL,6740,334,5.24064136780285
DP-FedRL,6740,335,5.14483611966693
DP-FedRL,6740,336,5.19406784901606
DP-FedRL,6740,337,5.28667485584999
DP-FedRL,6740,338,5.24839288043572
DP-FedRL,6740,339,5.27824246463363
DP-FedRL,6740,340,5.10310910523072
DP-FedRL,6740,341,5.16578894633621
DP-FedRL,6740,342,5.23262117326688
DP-FedRL,6740,343,5.13117978325132
DP-FedRL,6740,344,5.15821668420809
DP-FedRL,6740,345,5.16290538568448
DP-FedRL,6740,346,5.13036171599208
DP-FedRL,6740,347,5.18391351297435
DP-FedRL,6740,348,5.22456801835621
DP-FedRL,6740,349,5.13053845430965
DP-FedRL,6740,350,5.16203306870821
DP-FedRL,6740,351,5.15751091132567
DP-FedRL,6740,352,5.12733554108771
DP-FedRL,6740,353,5.32016634169709
DP-FedRL,6740,354,5.15108839260578
DP-FedRL,6740,355,5.25853157519171
DP-FedRL,6740,356,5.16612646221022
DP-FedRL,6740,357,5.30280954286598
DP-FedRL,6740,358,5.02809227760828
DP-FedRL,6740,359,5.25588442222699
DP-FedRL,6740,360,5.05096875250092
DP-FedRL,6740,361,5.19456010619684
DP-FedRL,6740,362,5.146241872136
DP-FedRL,6740,363,5.21474298820528
DP-FedRL,6740,364,5.27630681218372
DP-FedRL,6740,365,5.15657218495802
DP-FedRL,6740,366,5.03156246379193
DP-FedRL,6740,367,5.07885404769186
DP-FedRL,6740,368,5.19287174577481
DP-FedRL,6740,369,5.13422152674448
DP-FedRL,6740,370,5.23323456602573
DP-FedRL,6740,371,5.23140380805955
DP-FedRL,6740,372,5.20005493106002
DP-FedRL,6740,373,5.12592202680501
DP-FedRL,6740,374,5.21682393782472
DP-FedRL,6740,375,5.23119171444717
DP-FedRL,6740,376,5.12991911649992
DP-FedRL,6740,377,5.2521556788591
DP-FedRL,6740,378,5.23038478669868
DP-FedRL,6740,379,5.09115660366934
DP-FedRL,6740,380,5.29576892478622
DP-FedRL,6740,381,5.17660298598904
DP-FedRL,6740,382,5.21807108964594
DP-FedRL,6740,383,5.23927639766306
DP-FedRL,6740,384,5.1107471978181
DP-FedRL,6740,385,5.34353522674008
DP-FedRL,6740,386,5.04235913186286
DP-FedRL,6740,387,5.28921621408249
DP-FedRL,6740,388,5.07842415254208
DP-FedRL,6740,389,5.10479986607869
DP-FedRL,6740,390,5.22816755539642
DP-FedRL,6740,391,5.04935109125847
DP-FedRL,6740,392,5.27062417087064
DP-FedRL,6740,393,5.36900063465461
DP-FedRL,6740,394,5.25155357989933
DP-FedRL,6740,395,5.1847107684698
DP-FedRL,6740,396,5.19674234722483
DP-FedRL,6740,397,5.15158699817503
DP-FedRL,6740,398,5.23919699959754
DP-FedRL,6740,399,5.1862801767825
DP-FedRL,6740,400,5.02803097989951
DP-FedRL,7851,1,4.0239252661899
DP-FedRL,7851,2,4.10500801281614
DP-FedRL,7851,3,4.07708781477271
DP-FedRL,7851,4,3.73373388038756
DP-FedRL,7851,5,3.92570756991332
DP-FedRL,7851,6,4.13395273984851
DP-FedRL,7851,7,4.09109204524622
DP-FedRL,7851,8,3.9645804908417
DP-FedRL,7851,9,4.0798856098546
DP-FedRL,7851,10,4.06982188036315
DP-FedRL,7851,11,4.18280823069937
DP-FedRL,7851,12,4.26208017390945
DP-FedRL,7851,13,4.14033898896067
DP-FedRL,7851,14,4.16616206182903
DP-FedRL,7851,15,3.83734160692947
DP-FedRL,7851,16,4.04358293815035
DP-FedRL,7851,17,3.77177344905016
DP-FedRL,7851,18,3.94692628853199
DP-FedRL,7851,19,4.00932548549078
DP-FedRL,7851,20,3.91062084606046
DP-FedRL,7851,21,4.1652729550053
DP-FedRL,7851,22,4.00134734788922
DP-FedRL,7851,23,4.08715698845441
DP-FedRL,7851,24,4.02683913129074
DP-FedRL,7851,25,4.08090751893849
DP-FedRL,7851,26,4.15057737170261
DP-FedRL,7851,27,4.26044764299247
DP-FedRL,7851,28,4.203597702662
DP-FedRL,7851,29,4.143913736244
DP-FedRL,7851,30,4.17192400548404
DP-FedRL,7851,31,3.97884043506351
DP-FedRL,7851,32,3.95330132436766
DP-FedRL,7851,33,4.14600262902147
DP-FedRL,7851,34,4.38059345623499
DP-FedRL,7851,35,4.23519406656035
DP-FedRL,7851,36,4.14826925358251
DP-FedRL,7851,37,4.15297669078961
DP-FedRL,7851,38,4.24365249421934
DP-FedRL,7851,39,4.06824986244757
DP-FedRL,7851,40,4.16054067030498
DP-FedRL,7851,41,4.25166861334588
DP-FedRL,7851,42,4.30469773357443
DP-FedRL,7851,43,4.11688675841642
DP-FedRL,7851,44,4.16180889332615
DP-FedRL,7851,45,3.97002918150583
DP-FedRL,7851,46,4.44043956214464
DP-FedRL,7851,47,4.23189370909823
DP-FedRL,7851,48,4.12373751990715
DP-FedRL,7851,49,4.22210079818979
DP-FedRL,7851,50,4.13093318849214
DP-FedRL,7851,51,4.17140243749291
DP-FedRL,7851,52,4.2954314122226
DP-FedRL,7851,53,4.04341378854748
DP-FedRL,7851,54,4.270187923368
DP-FedRL,7851,55,3.9774030977796
DP-FedRL,7851,56,4.28982264361995
DP-FedRL,7851,57,4.19441030399318
DP-FedRL,7851,58,4.50605666671148
DP-FedRL,7851,59,4.17655097581582
DP-FedRL,7851,60,4.35119006584054
DP-FedRL,7851,61,4.35967009338636
DP-FedRL,7851,62,4.27531550993903
DP-FedRL,7851,63,4.32908770009917
DP-FedRL,7851,64,4.50745689953792
DP-FedRL,7851,65,4.36389970359676
DP-FedRL,7851,66,4.42914694883161
DP-FedRL,7851,67,4.44353886066968
DP-FedRL,7851,68,4.40652140857321
DP-FedRL,7851,69,4.4958288290093
DP-FedRL,7851,70,4.5653987437347
DP-FedRL,7851,71,4.51795450396931
DP-FedRL,7851,72,4.56643861270247
DP-FedRL,7851,73,4.35891635142561
DP-FedRL,7851,74,4.53569571035465
DP-FedRL,7851,75,4.51431564935443
DP-FedRL,7851,76,4.386610180788
DP-FedRL,7851,77,4.52567496761833
DP-FedRL,7851,78,4.39631821460497
DP-FedRL,7851,79,4.63968295224188
DP-FedRL,7851,80,4.69259795228642
DP-FedRL,7851,81,4.73197357961832
DP-FedRL,7851,82,4.64689282718114
DP-FedRL,7851,83,4.52416783065683
DP-FedRL,7851,84,4.47481573935601
DP-FedRL,7851,85,4.78802108002664
DP-FedRL,7851,86,4.81738407630178
DP-FedRL,7851,87,4.78654795149348
DP-FedRL,7851,88,4.68961006741774
DP-FedRL,7851,89,4.89775682538042
DP-FedRL,7851,90,4.71388653396008
DP-FedRL,7851,91,4.83216975882555
DP-FedRL,7851,92,4.63634973467794
DP-FedRL,7851,93,4.94338065130846
DP-FedRL,7851,94,4.59521581324315
DP-FedRL,7851,95,4.92358780351171
DP-FedRL,7851,96,4.79926916070139
DP-FedRL,7851,97,4.82003392336474
DP-FedRL,7851,98,4.81945661035361
DP-FedRL,7851,99,4.78813614747461
DP-FedRL,7851,100,4.80181625861238
DP-FedRL,7851,101,4.6781983997083
DP-FedRL,7851,102,4.86542232266396
DP-FedRL,7851,103,4.9191716177725
DP-FedRL,7851,104,4.72771839763114
DP-FedRL,7851,105,4.97211116423998
DP-FedRL,7851,106,5.06011048483312
DP-FedRL,7851,107,5.00559019997579
DP-FedRL,7851,108,4.91083903515336
DP-FedRL,7851,109,5.01130464030326
DP-FedRL,7851,110,5.16712676920385
DP-FedRL,7851,111,5.01844799651033
DP-FedRL,7851,112,5.13173439101288
DP-FedRL,7851,113,4.98502853335091
DP-FedRL,7851,114,4.94188022965452
DP-FedRL,7851,115,5.14569028383329
DP-FedRL,7851,116,5.02876607877552
DP-FedRL,7851,117,4.88760062907438
DP-FedRL,7851,118,5.13759058787999
DP-FedRL,7851,119,5.06756863984324
DP-FedRL,7851,120,5.02523885949463
DP-FedRL,7851,121,5.21834948073683
DP-FedRL,7851,122,5.03805754936665
DP-FedRL,7851,123,5.13088199624388
DP-FedRL,7851,124,5.03010254105536
DP-FedRL,7851,125,5.12017739138032
DP-FedRL,7851,126,5.05671239399671
DP-FedRL,7851,127,4.95244583192646
DP-FedRL,7851,128,5.23419695526735
DP-FedRL,7851,129,5.17140813212123
DP-FedRL,7851,130,5.05476910142028
DP-FedRL,7851,131,5.02014777751584
DP-FedRL,7851,132,5.14246343630185
DP-FedRL,7851,133,5.23668586299367
DP-FedRL,7851,134,5.17408626877359
DP-FedRL,7851,135,5.21823708550832
DP-FedRL,7851,136,5.28093161678673
DP-FedRL,7851,137,5.18597092566559
DP-FedRL,7851,138,5.12532776148231
DP-FedRL,7851,139,5.05085180498637
DP-FedRL,7851,140,5.09448451284222
DP-FedRL,7851,141,5.30385689367153
DP-FedRL,7851,142,5.06081738203821
DP-FedRL,7851,143,5.16635175022439
DP-FedRL,7851,144,5.33440331833269
DP-FedRL,7851,145,5.04840944805042
DP-FedRL,7851,146,5.15677164300489
DP-FedRL,7851,147,5.02959336126826
DP-FedRL,7851,148,5.17704595143941
DP-FedRL,7851,149,5.0317695244383
DP-FedRL,7851,150,5.17052880813699
DP-FedRL,7851,151,5.10879719613461
DP-FedRL,7851,152,5.17340371329135
DP-FedRL,7851,153,5.14450157600988
DP-FedRL,7851,154,5.01152287367136
DP-FedRL,7851,155,5.25864736102468
DP-FedRL,7851,156,4.96356964504756
DP-FedRL,7851,157,5.21529716888076
DP-FedRL,7851,158,5.17986881701657
DP-FedRL,7851,159,5.18927745011728
DP-FedRL,7851,160,5.19703889050866
DP-FedRL,7851,161,5.14102012338042
DP-FedRL,7851,162,5.19133538880212
DP-FedRL,7851,163,5.13326606149912
DP-FedRL,7851,164,5.24114565545965
DP-FedRL,7851,165,5.12106110286652
DP-FedRL,7851,166,5.0577676957582
DP-FedRL,7851,167,5.0287693493035
DP-FedRL,7851,168,5.13455755246039
DP-FedRL,7851,169,5.26690118277059
DP-FedRL,7851,170,5.21282573616691
DP-FedRL,7851,171,5.16884067169912
DP-FedRL,7851,172,5.15509177459953
DP-FedRL,7851,173,5.13307218887917
DP-FedRL,7851,174,5.23969050810414
DP-FedRL,7851,175,5.201795247818
DP-FedRL,7851,176,5.00708916213272
DP-FedRL,7851,177,5.24402367852356
DP-FedRL,7851,178,5.12472110414428
DP-FedRL,7851,179,4.82970033420906
DP-FedRL,7851,180,5.26012385161338
DP-FedRL,7851,181,5.28412126249184
DP-FedRL,7851,182,5.27420700152097
DP-FedRL,7851,183,5.19902934593067
DP-FedRL,7851,184,5.10175104543047
DP-FedRL,7851,185,5.16227471409604
DP-FedRL,7851,186,5.08416826567319
DP-FedRL,7851,187,5.00428118115911
DP-FedRL,7851,188,4.98677706772984
DP-FedRL,7851,189,5.03827862075163
DP-FedRL,7851,190,5.07751793968538
DP-FedRL,7851,191,5.18060979148075
DP-FedRL,7851,192,5.29209156434401
DP-FedRL,7851,193,5.10527425317077
DP-FedRL,7851,194,5.04597304951766
DP-FedRL,7851,195,5.23192553233528
DP-FedRL,7851,196,5.16093602233225
DP-FedRL,7851,197,5.27427644481524
DP-FedRL,7851,198,5.13354991147895
DP-FedRL,7851,199,5.20989041396224
DP-FedRL,7851,200,5.19428096586379
DP-FedRL,7851,201,5.12366206095803
DP-FedRL,7851,202,5.06470852812437
DP-FedRL,7851,203,5.14712396574794
DP-FedRL,7851,204,5.3931829709636
DP-FedRL,7851,205,5.09190489836445
DP-FedRL,7851,206,5.19712256992496
DP-FedRL,7851,207,5.06200033924755
DP-FedRL,7851,208,5.25369839598382
DP-FedRL,7851,209,5.14695267576601
DP-FedRL,7851,210,4.93711279793278
DP-FedRL,7851,211,5.11803703999437
DP-FedRL,7851,212,5.03232503182253
DP-FedRL,7851,213,5.27414347338928
DP-FedRL,7851,214,5.27551842240985
DP-FedRL,7851,215,5.08985456143864
DP-FedRL,7851,216,5.23144245256572
DP-FedRL,7851,217,5.08715656265296
DP-FedRL,7851,218,5.06518087618172
DP-FedRL,7851,219,5.12728377700933
DP-FedRL,7851,220,4.96957016405609
DP-FedRL,7851,221,5.12339398020724
DP-FedRL,7851,222,5.02908328821075
DP-FedRL,7851,223,5.25657632740671
DP-FedRL,7851,224,5.08355695018154
DP-FedRL,7851,225,5.17475632783731
DP-FedRL,7851,226,5.14260893607503
DP-FedRL,7851,227,5.26079178076688
DP-FedRL,7851,228,5.15089341408032
DP-FedRL,7851,229,5.0817886110776
DP-FedRL,7851,230,5.08864097292751
DP-FedRL,7851,231,5.21125779485245
DP-FedRL,7851,232,5.30103009884982
DP-FedRL,7851,233,4.96398351408794
DP-FedRL,7851,234,5.14558587588623
DP-FedRL,7851,235,5.2819758321301
DP-FedRL,7851,236,5.21318448375669
DP-FedRL,7851,237,5.16543297361784
DP-FedRL,7851,238,5.11954120336638
DP-FedRL,7851,239,4.99533811562939
DP-FedRL,7851,240,5.09966388037013
DP-FedRL,7851,241,5.24376006597481
DP-FedRL,7851,242,5.0670070839454
DP-FedRL,7851,243,5.26631233743523
DP-FedRL,7851,244,5.06380924456216
DP-FedRL,7851,245,5.1685115464581
DP-FedRL,7851,246,5.10959098063794
DP-FedRL,7851,247,5.12043142052821
DP-FedRL,7851,248,5.13217683046542
DP-FedRL,7851,249,5.22585473490621
DP-FedRL,7851,250,5.287727347274
DP-FedRL,7851,251,5.0495890945724
DP-FedRL,7851,252,5.36140554406202
DP-FedRL,7851,253,5.19126540490708
DP-FedRL,7851,254,5.2315933678558
DP-FedRL,7851,255,5.28898909372024
DP-FedRL,7851,256,5.33556901366671
DP-FedRL,7851,257,5.09905554865269
DP-FedRL,7851,258,5.12681646265669
DP-FedRL,7851,259,5.12701984947017
DP-FedRL,7851,260,5.29406503138564
DP-FedRL,7851,261,5.1157380207865
DP-FedRL,7851,262,5.16460637937765
DP-FedRL,7851,263,5.07180813851932
DP-FedRL,7851,264,5.23724638493261
DP-FedRL,7851,265,5.18540676417106
DP-FedRL,7851,266,5.19481332000245
DP-FedRL,7851,267,5.10952887460069
DP-FedRL,7851,268,5.19002880309961
DP-FedRL,7851,269,5.15149252460896
DP-FedRL,7851,270,5.1463578311959
DP-FedRL,7851,271,5.26882590967285
DP-FedRL,7851,272,5.20588257692201
DP-FedRL,7851,273,5.19740909337377
DP-FedRL,7851,274,5.08003928993237
DP-FedRL,7851,275,5.22684052206123
DP-FedRL,7851,276,5.14517584157202
DP-FedRL,7851,277,5.23084307700237
DP-FedRL,7851,278,5.30759116956507
DP-FedRL,7851,279,5.08608325687862
DP-FedRL,7851,280,5.12019355100472
DP-FedRL,7851,281,5.27202612577035
DP-FedRL,7851,282,5.17223007410308
DP-FedRL,7851,283,5.31013872877403
DP-FedRL,7851,284,5.21379278366976
DP-FedRL,7851,285,5.40589749476513
DP-FedRL,7851,286,5.15796791115202
DP-FedRL,7851,287,5.18782858330638
DP-FedRL,7851,288,5.20491220052441
DP-FedRL,7851,289,5.19782349323197
DP-FedRL,7851,290,5.14485828639693
DP-FedRL,7851,291,5.17754189052646
DP-FedRL,7851,292,5.16509913413763
DP-FedRL,7851,293,5.29860520217306
DP-FedRL,7851,294,5.11682342734399
DP-FedRL,7851,295,5.01628044673598
DP-FedRL,7851,296,5.24060183538897
DP-FedRL,7851,297,5.24539281149744
DP-FedRL,7851,298,5.20547365212565
DP-FedRL,7851,299,5.18643548093775
DP-FedRL,7851,300,5.18328832654016
DP-FedRL,7851,301,5.17567318939574
DP-FedRL,7851,302,5.14750557747193
DP-FedRL,7851,303,5.22809705765249
DP-FedRL,7851,304,5.15628024466759
DP-FedRL,7851,305,5.14134941244666
DP-FedRL,7851,306,5.11873470908709
DP-FedRL,7851,307,5.15479819027244
DP-FedRL,7851,308,5.17711375209568
DP-FedRL,7851,309,5.11849115991902
DP-FedRL,7851,310,5.37721307422257
DP-FedRL,7851,311,4.9805709705125
DP-FedRL,7851,312,5.131379128845
DP-FedRL,7851,313,5.34464427337482
DP-FedRL,7851,314,5.28182712733123
DP-FedRL,7851,315,5.30921082553674
DP-FedRL,7851,316,5.05714178744548
DP-FedRL,7851,317,5.1175410193457
DP-FedRL,7851,318,5.23871670931859
DP-FedRL,7851,319,5.23374271818086
DP-FedRL,7851,320,5.19263176838899
DP-FedRL,7851,321,5.16748246560627
DP-FedRL,7851,322,5.20810939074347
DP-FedRL,7851,323,5.28986198919709
DP-FedRL,7851,324,5.1629579068813
DP-FedRL,7851,325,5.15866199610856
DP-FedRL,7851,326,5.17664762796532
DP-FedRL,7851,327,5.13327617249784
DP-FedRL,7851,328,5.13817012275414
DP-FedRL,7851,329,5.16630264342194
DP-FedRL,7851,330,5.16005190845241
DP-FedRL,7851,331,5.11836628914522
DP-FedRL,7851,332,5.15031067421451
DP-FedRL,7851,333,5.14858858196281
DP-FedRL,7851,334,5.26094288065362
DP-FedRL,7851,335,5.09454998308788
DP-FedRL,7851,336,5.2801988436401
DP-FedRL,7851,337,5.07602819234296
DP-FedRL,7851,338,5.12617947197554
DP-FedRL,7851,339,5.17352590418701
DP-FedRL,7851,340,5.30122578435345
DP-FedRL,7851,341,5.14380935871713
DP-FedRL,7851,342,5.02140116436841
DP-FedRL,7851,343,5.24398108157075
DP-FedRL,7851,344,5.29169201683195
DP-FedRL,7851,345,5.19561220183252
DP-FedRL,7851,346,5.09281618262254
DP-FedRL,7851,347,5.10471524790376
DP-FedRL,7851,348,5.18042882459191
DP-FedRL,7851,349,5.28701048944946
DP-FedRL,7851,350,5.2145765680078
DP-FedRL,7851,351,5.18294333733338
DP-FedRL,7851,352,5.19210741046244
DP-FedRL,7851,353,5.17372813792189
DP-FedRL,7851,354,5.16668848714363
DP-FedRL,7851,355,5.26669661876879
DP-FedRL,7851,356,5.16493401037016
DP-FedRL,7851,357,5.06579358773781
DP-FedRL,7851,358,5.06233742223168
DP-FedRL,7851,359,5.14245018971446
DP-FedRL,7851,360,5.31674576191014
DP-FedRL,7851,361,5.19097818303258
DP-FedRL,7851,362,5.25480692119609
DP-FedRL,7851,363,5.19235921840915
DP-FedRL,7851,364,5.29045509438421
DP-FedRL,7851,365,5.14182826014445
DP-FedRL,7851,366,5.40701448637892
DP-FedRL,7851,367,5.22841024391086
DP-FedRL,7851,368,5.08379553753817
DP-FedRL,7851,369,5.28261405691594
DP-FedRL,7851,370,5.34578050148063
DP-FedRL,7851,371,5.22620273500266
DP-FedRL,7851,372,5.18356133531788
DP-FedRL,7851,373,5.07185352686153
DP-FedRL,7851,374,5.23389173850734
DP-FedRL,7851,375,5.03325649391358
DP-FedRL,7851,376,5.05438435302774
DP-FedRL,7851,377,5.22819528751243
DP-FedRL,7851,378,5.09289506034221
DP-FedRL,7851,379,5.17523896349576
DP-FedRL,7851,380,5.16529644021215
DP-FedRL,7851,381,5.1758030710237
DP-FedRL,7851,382,5.07014907371765
DP-FedRL,7851,383,5.20324869317603
DP-FedRL,7851,384,5.10545721197562
DP-FedRL,7851,385,5.18620221674777
DP-FedRL,7851,386,5.31814864823583
DP-FedRL,7851,387,5.05932949428969
DP-FedRL,7851,388,5.16282287922393
DP-FedRL,7851,389,5.11125101236391
DP-FedRL,7851,390,5.22685216773669
DP-FedRL,7851,391,5.25067649057147
DP-FedRL,7851,392,5.19112196401036
DP-FedRL,7851,393,5.27500645129203
DP-FedRL,7851,394,5.08708162590299
DP-FedRL,7851,395,5.3372994617005
DP-FedRL,7851,396,5.04420214273148
DP-FedRL,7851,397,5.16577080838873
DP-FedRL,7851,398,5.17932186556006
DP-FedRL,7851,399,5.21232437165485
DP-FedRL,7851,400,5.17844037034183
FedPPO,3407,1,3.92083846406485
FedPPO,3407,2,3.75881209553627
FedPPO,3407,3,4.04665921194037
FedPPO,3407,4,4.14355856328095
FedPPO,3407,5,4.31548715240671
FedPPO,3407,6,4.28180874917803
FedPPO,3407,7,4.09527591790899
FedPPO,3407,8,4.50895206097993
FedPPO,3407,9,4.18334872024539
FedPPO,3407,10,4.36234111073671
FedPPO,3407,11,4.64831825870991
FedPPO,3407,12,4.6184142000336
FedPPO,3407,13,4.53552500564368
FedPPO,3407,14,4.53946323217847
FedPPO,3407,15,4.79784040416353
FedPPO,3407,16,4.6003151783908
FedPPO,3407,17,4.70508967577356
FedPPO,3407,18,4.82534921822875
FedPPO,3407,19,4.97478391195311
FedPPO,3407,20,4.7827886056566
FedPPO,3407,21,4.87451690383037
FedPPO,3407,22,4.78922008095258
FedPPO,3407,23,4.86332712205812
FedPPO,3407,24,4.84499498700194
FedPPO,3407,25,5.04097393974172
FedPPO,3407,26,4.74507348581666
FedPPO,3407,27,4.97736275607129
FedPPO,3407,28,4.96410009903378
FedPPO,3407,29,4.84672654337578
FedPPO,3407,30,4.956638506607
FedPPO,3407,31,5.17239616963611
FedPPO,3407,32,4.8463308400226
FedPPO,3407,33,5.15747076967207
FedPPO,3407,34,5.02393964312638
FedPPO,3407,35,5.17449601908119
FedPPO,3407,36,5.12407880343414
FedPPO,3407,37,5.04770109359541
FedPPO,3407,38,5.05940918055113
FedPPO,3407,39,5.05565042750318
FedPPO,3407,40,5.1329028758195
FedPPO,3407,41,5.13143706435386
FedPPO,3407,42,5.28189926309405
FedPPO,3407,43,4.85811289149889
FedPPO,3407,44,4.91042338391198
FedPPO,3407,45,5.17264733786101
FedPPO,3407,46,5.04950062499174
FedPPO,3407,47,5.15057485101693
FedPPO,3407,48,5.44179897858544
FedPPO,3407,49,5.09891993057531
FedPPO,3407,50,5.18154991307121
FedPPO,3407,51,5.11454073518289
FedPPO,3407,52,5.21139396016676
FedPPO,3407,53,5.18645561807519
FedPPO,3407,54,5.09246674507614
FedPPO,3407,55,5.12487856763018
FedPPO,3407,56,5.131801348368
FedPPO,3407,57,5.13685854056566
FedPPO,3407,58,5.07517949288434
FedPPO,3407,59,5.04947447532918
FedPPO,3407,60,5.28059520899095
FedPPO,3407,61,5.19679080554167
FedPPO,3407,62,5.10058295037351
FedPPO,3407,63,5.07113065505335
FedPPO,3407,64,5.08112893560414
FedPPO,3407,65,5.01861175268963
FedPPO,3407,66,4.91618038221215
FedPPO,3407,67,5.276115310761
FedPPO,3407,68,4.95587371764463
FedPPO,3407,69,5.03078945158194
FedPPO,3407,70,5.23202170653641
FedPPO,3407,71,5.25584060683574
FedPPO,3407,72,5.04545570363503
FedPPO,3407,73,5.23276099872227
FedPPO,3407,74,5.04968443076223
FedPPO,3407,75,5.101452796779
FedPPO,3407,76,4.99087028388656
FedPPO,3407,77,5.24507661210859
FedPPO,3407,78,5.16282117258607
FedPPO,3407,79,5.19523095952158
FedPPO,3407,80,5.18521636100878
FedPPO,3407,81,5.07400154388244
FedPPO,3407,82,5.15639962091301
FedPPO,3407,83,5.28200296111344
FedPPO,3407,84,5.20542710053874
FedPPO,3407,85,5.24879025993026
FedPPO,3407,86,5.28158621427921
FedPPO,3407,87,5.14377287179087
FedPPO,3407,88,5.2145370377538
FedPPO,3407,89,5.27910596404479
FedPPO,3407,90,5.21643420243612
FedPPO,3407,91,5.23063992630525
FedPPO,3407,92,5.05821011442523
FedPPO,3407,93,5.14103937386656
FedPPO,3407,94,5.10986149214228
FedPPO,3407,95,5.11901384989547
FedPPO,3407,96,5.15870944686592
FedPPO,3407,97,5.36142286134686
FedPPO,3407,98,5.4021340365926
FedPPO,3407,99,5.1195882585885
FedPPO,3407,100,5.14069275834838
FedPPO,3407,101,5.10660300531342
FedPPO,3407,102,5.20136537685741
FedPPO,3407,103,5.3004869855924
FedPPO,3407,104,5.20506917089813
FedPPO,3407,105,5.23469993795333
FedPPO,3407,106,5.3361575163984
FedPPO,3407,107,5.23661270041738
FedPPO,3407,108,4.97654721423859
FedPPO,3407,109,5.19275677699826
FedPPO,3407,110,5.42463435102514
FedPPO,3407,111,5.20235118095684
FedPPO,3407,112,5.07328573497255
FedPPO,3407,113,5.14034473300705
FedPPO,3407,114,5.19322047736467
FedPPO,3407,115,5.2350785698937
FedPPO,3407,116,5.28297388074453
FedPPO,3407,117,5.31310733924653
FedPPO,3407,118,5.18868879720548
FedPPO,3407,119,5.02159660989885
FedPPO,3407,120,5.19393117279748
FedPPO,3407,121,5.32269533366566
FedPPO,3407,122,5.12818685964181
FedPPO,3407,123,5.20743431738328
FedPPO,3407,124,5.07120593212849
FedPPO,3407,125,5.34076521512047
FedPPO,3407,126,5.27504017170912
FedPPO,3407,127,5.33333156090896
FedPPO,3407,128,5.24575780628244
FedPPO,3407,129,5.1654219153173
FedPPO,3407,130,5.27036300675921
FedPPO,3407,131,5.05266670182677
FedPPO,3407,132,5.24707298929011
FedPPO,3407,133,5.14276225073661
FedPPO,3407,134,5.25279059137878
FedPPO,3407,135,5.15417849200896
FedPPO,3407,136,5.04854431382401
FedPPO,3407,137,5.32682213600252
FedPPO,3407,138,5.3171677635584
FedPPO,3407,139,5.02410481161088
FedPPO,3407,140,5.23879451285526
FedPPO,3407,141,5.23557303516859
FedPPO,3407,142,5.18224875848743
FedPPO,3407,143,5.32006132156314
FedPPO,3407,144,5.25113850856799
FedPPO,3407,145,5.27466445249356
FedPPO,3407,146,5.26192840056099
FedPPO,3407,147,5.25798696601053
FedPPO,3407,148,5.21855670130239
FedPPO,3407,149,5.1799047995731
FedPPO,3407,150,5.21560050194906
FedPPO,3407,151,4.86202249675659
FedPPO,3407,152,5.14936608600893
FedPPO,3407,153,5.15318120239694
FedPPO,3407,154,5.19314372066922
FedPPO,3407,155,5.31920603882268
FedPPO,3407,156,5.26365706170998
FedPPO,3407,157,5.29548199483737
FedPPO,3407,158,5.31239035173073
FedPPO,3407,159,5.23149905977655
FedPPO,3407,160,5.13331077686257
FedPPO,3407,161,5.10264569553643
FedPPO,3407,162,5.3607716816458
FedPPO,3407,163,5.21802546616808
FedPPO,3407,164,5.15889807963529
FedPPO,3407,165,5.11990503751377
FedPPO,3407,166,5.26870531270028
FedPPO,3407,167,5.29446395711502
FedPPO,3407,168,5.02878625748004
FedPPO,3407,169,5.22535735271496
FedPPO,3407,170,5.06601860558337
FedPPO,3407,171,5.16995278262774
FedPPO,3407,172,5.23410033673831
FedPPO,3407,173,5.08554855760425
FedPPO,3407,174,5.24484577933696
FedPPO,3407,175,5.28008057464144
FedPPO,3407,176,5.30999582510113
FedPPO,3407,177,4.95886015790279
FedPPO,3407,178,5.20611519566157
FedPPO,3407,179,5.09178721747034
FedPPO,3407,180,5.14677765428631
FedPPO,3407,181,5.0534605617468
FedPPO,3407,182,4.99443683180408
FedPPO,3407,183,5.17153937346401
FedPPO,3407,184,5.1549920859036
FedPPO,3407,185,5.2229344412891
FedPPO,3407,186,5.04623508862569
FedPPO,3407,187,5.28625916073487
FedPPO,3407,188,5.18398429088539
FedPPO,3407,189,5.17888246985692
FedPPO,3407,190,5.26897629830634
FedPPO,3407,191,5.25557952144765
FedPPO,3407,192,5.14284435094078
FedPPO,3407,193,5.09585034295454
FedPPO,3407,194,5.36706241826941
FedPPO,3407,195,5.06607838766958
FedPPO,3407,196,5.20410312673117
FedPPO,3407,197,5.07600780205404
FedPPO,3407,198,5.08535733811008
FedPPO,3407,199,5.31425879314673
FedPPO,3407,200,5.11668999618859
FedPPO,3407,201,5.21729990152994
FedPPO,3407,202,5.16865063956826
FedPPO,3407,203,5.2216134091135
FedPPO,3407,204,5.21043126898268
FedPPO,3407,205,5.08127729133116
FedPPO,3407,206,5.19461533728861
FedPPO,3407,207,5.35316750780495
FedPPO,3407,208,5.2556343976737
FedPPO,3407,209,5.04442088338096
FedPPO,3407,210,5.14573004740295
FedPPO,3407,211,5.26886826316986
FedPPO,3407,212,4.98723786283866
FedPPO,3407,213,5.23563318870191
FedPPO,3407,214,5.2516258047276
FedPPO,3407,215,5.19438611256713
FedPPO,3407,216,5.13383664280963
FedPPO,3407,217,5.1848374805033
FedPPO,3407,218,5.09344326371568
FedPPO,3407,219,5.20541257101104
FedPPO,3407,220,5.32436314396066
FedPPO,3407,221,5.11926074266943
FedPPO,3407,222,5.15907401694193
FedPPO,3407,223,5.10155645515557
FedPPO,3407,224,5.25073912243661
FedPPO,3407,225,5.19138060892727
FedPPO,3407,226,5.13495573286135
FedPPO,3407,227,5.21960186004625
FedPPO,3407,228,5.34021293788365
FedPPO,3407,229,5.10550488117903
FedPPO,3407,230,4.97985614289587
FedPPO,3407,231,5.21583061974205
FedPPO,3407,232,5.17205251834922
FedPPO,3407,233,5.02148967998172
FedPPO,3407,234,5.20420797464491
FedPPO,3407,235,5.26359069113695
FedPPO,3407,236,4.99801008541599
FedPPO,3407,237,5.06644550480787
FedPPO,3407,238,5.15595242098194
FedPPO,3407,239,5.18647031352756
FedPPO,3407,240,5.12534317453367
FedPPO,3407,241,5.14380869657772
FedPPO,3407,242,5.17232553034041
FedPPO,3407,243,5.2068834804543
FedPPO,3407,244,5.1786252100574
FedPPO,3407,245,5.24388574933025
FedPPO,3407,246,5.0636790015665
FedPPO,3407,247,5.0386423187941
FedPPO,3407,248,5.31810818427487
FedPPO,3407,249,5.10657904386782
FedPPO,3407,250,5.22922696478249
FedPPO,3407,251,5.26610028807306
FedPPO,3407,252,5.18392465606763
FedPPO,3407,253,5.2549229495855
FedPPO,3407,254,5.18525324114551
FedPPO,3407,255,5.15008590388454
FedPPO,3407,256,5.22873252029895
FedPPO,3407,257,5.01912720890955
FedPPO,3407,258,5.24499286747858
FedPPO,3407,259,5.1203107222313
FedPPO,3407,260,5.15556403256051
FedPPO,3407,261,5.22189575390885
FedPPO,3407,262,5.16435472899578
FedPPO,3407,263,5.15908038964057
FedPPO,3407,264,5.20707484431399
FedPPO,3407,265,5.29184924349282
FedPPO,3407,266,5.24079866507656
FedPPO,3407,267,5.19398580943035
FedPPO,3407,268,5.04458328865876
FedPPO,3407,269,5.19734024015613
FedPPO,3407,270,5.16673689681985
FedPPO,3407,271,5.1543650438824
FedPPO,3407,272,5.17338277622291
FedPPO,3407,273,5.1895711914546
FedPPO,3407,274,5.15502092658563
FedPPO,3407,275,5.36634338673087
FedPPO,3407,276,5.21572548735514
FedPPO,3407,277,5.21005965260228
FedPPO,3407,278,5.34978607745123
FedPPO,3407,279,5.18681141119969
FedPPO,3407,280,4.9899794383913
FedPPO,3407,281,5.11919310324778
FedPPO,3407,282,5.19248318187109
FedPPO,3407,283,5.25475518491105
FedPPO,3407,284,5.10256606297715
FedPPO,3407,285,5.16389009055777
FedPPO,3407,286,5.28357437691679
FedPPO,3407,287,5.11869939676555
FedPPO,3407,288,5.29683303558759
FedPPO,3407,289,5.18246440622398
FedPPO,3407,290,5.18298824660107
FedPPO,3407,291,5.21215323315971
FedPPO,3407,292,5.16699233851469
FedPPO,3407,293,5.14881545412382
FedPPO,3407,294,5.28555514252763
FedPPO,3407,295,5.27699166392162
FedPPO,3407,296,5.31616579922332
FedPPO,3407,297,5.2573588045153
FedPPO,3407,298,5.06920582963997
FedPPO,3407,299,4.96876732006399
FedPPO,3407,300,5.12091316017792
FedPPO,3407,301,5.20915385512034
FedPPO,3407,302,5.29128621781826
FedPPO,3407,303,5.17687138647955
FedPPO,3407,304,5.06626688428293
FedPPO,3407,305,5.29004923613662
FedPPO,3407,306,5.0086029460845
FedPPO,3407,307,5.1628623654145
FedPPO,3407,308,5.11198315157831
FedPPO,3407,309,5.13186783248545
FedPPO,3407,310,5.13569858772693
FedPPO,3407,311,5.19521241303357
FedPPO,3407,312,5.12943615660317
FedPPO,3407,313,5.18520388737475
FedPPO,3407,314,5.1459374536183
FedPPO,3407,315,5.10997897711916
FedPPO,3407,316,5.15505062004928
FedPPO,3407,317,5.12460881741208
FedPPO,3407,318,5.18367830781337
FedPPO,3407,319,5.28546225216781
FedPPO,3407,320,5.13317916831595
FedPPO,3407,321,5.19637308038231
FedPPO,3407,322,5.18166134867044
FedPPO,3407,323,5.103974624442
FedPPO,3407,324,5.23020080341951
FedPPO,3407,325,5.19690643507061
FedPPO,3407,326,5.2387723117608
FedPPO,3407,327,5.11362766774294
FedPPO,3407,328,5.17015033833103
FedPPO,3407,329,5.15801801030314
FedPPO,3407,330,5.28433645524069
FedPPO,3407,331,5.16927117042822
FedPPO,3407,332,5.11574804877447
FedPPO,3407,333,5.21913961154709
FedPPO,3407,334,5.19976313338192
FedPPO,3407,335,5.29419963705703
FedPPO,3407,336,5.16916781645599
FedPPO,3407,337,5.10815910611614
FedPPO,3407,338,5.18004825261591
FedPPO,3407,339,5.25048023583452
FedPPO,3407,340,5.02277867045437
FedPPO,3407,341,5.181017948803
FedPPO,3407,342,5.23813908533378
FedPPO,3407,343,5.17180388740027
FedPPO,3407,344,5.18390889031994
FedPPO,3407,345,5.28262387203172
FedPPO,3407,346,5.10881057384487
FedPPO,3407,347,5.11149333477355
FedPPO,3407,348,5.27254312982705
FedPPO,3407,349,5.21329675396492
FedPPO,3407,350,5.03147111426594
FedPPO,3407,351,5.20417341289907
FedPPO,3407,352,5.15857159016921
FedPPO,3407,353,5.20841558362123
FedPPO,3407,354,4.96112890275852
FedPPO,3407,355,5.03807737883145
FedPPO,3407,356,5.17672675252537
FedPPO,3407,357,5.0380823392574
FedPPO,3407,358,5.18106615627711
FedPPO,3407,359,5.09330335423609
FedPPO,3407,360,5.21788124267716
FedPPO,3407,361,5.0164105989272
FedPPO,3407,362,5.11220639749857
FedPPO,3407,363,5.11375222596069
FedPPO,3407,364,5.26931144941292
FedPPO,3407,365,5.24054014559877
FedPPO,3407,366,5.04086990807107
FedPPO,3407,367,5.28861369152476
FedPPO,3407,368,5.13537462104199
FedPPO,3407,369,4.96224773441335
FedPPO,3407,370,5.3013153956002
FedPPO,3407,371,5.25445401279641
FedPPO,3407,372,5.0984912398969
FedPPO,3407,373,5.19990714167229
FedPPO,3407,374,5.06270105816775
FedPPO,3407,375,5.26919822330649
FedPPO,3407,376,5.04730694377759
FedPPO,3407,377,5.13365807126008
FedPPO,3407,378,5.09364969195238
FedPPO,3407,379,5.00846844066391
FedPPO,3407,380,5.16976406761837
FedPPO,3407,381,4.99542579221011
FedPPO,3407,382,5.16011850540221
FedPPO,3407,383,5.09775343396466
FedPPO,3407,384,5.04207302269942
FedPPO,3407,385,5.18041665668325
FedPPO,3407,386,5.29498088268211
FedPPO,3407,387,5.08486169370653
FedPPO,3407,388,5.00551850658312
FedPPO,3407,389,5.10373247136498
FedPPO,3407,390,5.181730190183
FedPPO,3407,391,5.10905175810579
FedPPO,3407,392,4.99701110324081
FedPPO,3407,393,5.02177146289005
FedPPO,3407,394,5.06723532416505
FedPPO,3407,395,5.15409451027873
FedPPO,3407,396,5.20049438343074
FedPPO,3407,397,5.14615471808207
FedPPO,3407,398,5.22116808803085
FedPPO,3407,399,5.19031363149294
FedPPO,3407,400,5.07220902566527
FedPPO,4518,1,3.80646039002267
FedPPO,4518,2,4.13681735423652
FedPPO,4518,3,4.01013846172972
FedPPO,4518,4,4.30108096988555
FedPPO,4518,5,4.13890369810038
FedPPO,4518,6,4.01945723734327
FedPPO,4518,7,4.50342248536036
FedPPO,4518,8,4.3233870243616
FedPPO,4518,9,4.17420980701628
FedPPO,4518,10,4.3860146752519
FedPPO,4518,11,4.29804614202488
FedPPO,4518,12,4.0869315520938
FedPPO,4518,13,4.34506912828421
FedPPO,4518,14,4.50796525806116
FedPPO,4518,15,4.61321875105715
FedPPO,4518,16,4.30448019270196
FedPPO,4518,17,4.55565626329615
FedPPO,4518,18,4.70303249183355
FedPPO,4518,19,4.59895297604287
FedPPO,4518,20,4.65839621320181
FedPPO,4518,21,4.90527436571633
FedPPO,4518,22,4.74555501654825
FedPPO,4518,23,4.97338190877414
FedPPO,4518,24,4.85910610560164
FedPPO,4518,25,4.87102658677444
FedPPO,4518,26,5.06862173200063
FedPPO,4518,27,5.00971204942376
FedPPO,4518,28,4.98788742989256
FedPPO,4518,29,5.11601521228238
FedPPO,4518,30,4.95069066865511
FedPPO,4518,31,4.8854256201287
FedPPO,4518,32,5.26250004997121
FedPPO,4518,33,5.11705094098781
FedPPO,4518,34,5.02195764369631
FedPPO,4518,35,5.01813359915056
FedPPO,4518,36,5.0264778794599
FedPPO,4518,37,5.13574713532426
FedPPO,4518,38,5.24954467023753
FedPPO,4518,39,5.17547707266881
FedPPO,4518,40,5.1998620338999
FedPPO,4518,41,5.15616520182165
FedPPO,4518,42,5.19838298825942
FedPPO,4518,43,5.22914613962152
FedPPO,4518,44,5.25642849100878
FedPPO,4518,45,5.09206870105989
FedPPO,4518,46,5.2514150274895
FedPPO,4518,47,5.19919032687811
FedPPO,4518,48,5.09906712570031
FedPPO,4518,49,5.361944689963
FedPPO,4518,50,5.28373813092392
FedPPO,4518,51,5.19754697293909
FedPPO,4518,52,5.09410365704363
FedPPO,4518,53,5.10439368266458
FedPPO,4518,54,5.25301073226345
FedPPO,4518,55,5.11396309677422
FedPPO,4518,56,5.14245281488621
FedPPO,4518,57,5.16467535804837
FedPPO,4518,58,5.13782573467041
FedPPO,4518,59,5.15436113278683
FedPPO,4518,60,5.20362548495159
FedPPO,4518,61,5.01475072415991
FedPPO,4518,62,5.27393275876
FedPPO,4518,63,5.14951603856065
FedPPO,4518,64,5.08274454811688
FedPPO,4518,65,5.1914983736826
FedPPO,4518,66,5.17822434894188
FedPPO,4518,67,5.28936242988205
FedPPO,4518,68,5.22097111967997
FedPPO,4518,69,5.14377154901924
FedPPO,4518,70,5.15019999731092
FedPPO,4518,71,5.08004373978305
FedPPO,4518,72,4.95376151348296
FedPPO,4518,73,5.06636338869249
FedPPO,4518,74,5.09306250556952
FedPPO,4518,75,5.14356799808596
FedPPO,4518,76,4.87222589360531
FedPPO,4518,77,4.98847859171745
FedPPO,4518,78,5.28023581132026
FedPPO,4518,79,5.1739800500634
FedPPO,4518,80,5.20105961085637
FedPPO,4518,81,5.24392282084227
FedPPO,4518,82,5.13919962679067
FedPPO,4518,83,5.10234554975451
FedPPO,4518,84,5.07752780298702
FedPPO,4518,85,5.01087150596756
FedPPO,4518,86,5.03951814248744
FedPPO,4518,87,5.24823828786807
FedPPO,4518,88,5.26099606170979
FedPPO,4518,89,5.00559587551067
FedPPO,4518,90,5.30802952829629
FedPPO,4518,91,5.18634561202767
FedPPO,4518,92,5.1706020695306
FedPPO,4518,93,5.19330123288372
FedPPO,4518,94,5.14186667143773
FedPPO,4518,95,5.19919031768902
FedPPO,4518,96,5.19051950407524
FedPPO,4518,97,5.21473574315039
FedPPO,4518,98,5.16606841462359
FedPPO,4518,99,5.03691330236968
FedPPO,4518,100,5.04239094757845
FedPPO,4518,101,5.13407443726781
FedPPO,4518,102,5.13131638163273
FedPPO,4518,103,5.04023053963933
FedPPO,4518,104,5.05050855189888
FedPPO,4518,105,5.27452551804713
FedPPO,4518,106,4.97864067275353
FedPPO,4518,107,5.08837587125287
FedPPO,4518,108,5.27617214918978
FedPPO,4518,109,5.20926582542593
FedPPO,4518,110,5.23044444308806
FedPPO,4518,111,5.19583849520031
FedPPO,4518,112,5.12460816734749
FedPPO,4518,113,5.09300353824429
FedPPO,4518,114,5.16552587855125
FedPPO,4518,115,5.16591379275969
FedPPO,4518,116,5.22435885701265
FedPPO,4518,117,4.98104341334288
FedPPO,4518,118,5.06278028448764
FedPPO,4518,119,5.0046645201044
FedPPO,4518,120,5.35639655242905
FedPPO,4518,121,5.25035523424408
FedPPO,4518,122,5.13607623298132
FedPPO,4518,123,5.23326048664065
FedPPO,4518,124,4.98963422682934
FedPPO,4518,125,5.07833612770695
FedPPO,4518,126,5.01672227555503
FedPPO,4518,127,5.13433797402882
FedPPO,4518,128,5.0649201512059
FedPPO,4518,129,5.16333818635562
FedPPO,4518,130,5.21504852957983
FedPPO,4518,131,5.06148707688534
FedPPO,4518,132,5.29544547305299
FedPPO,4518,133,5.26103541654346
FedPPO,4518,134,5.21684641452378
FedPPO,4518,135,5.28629403100946
FedPPO,4518,136,5.19683904540812
FedPPO,4518,137,5.1806147258075
FedPPO,4518,138,5.22108247761351
FedPPO,4518,139,5.13567132966625
FedPPO,4518,140,5.08390122958559
FedPPO,4518,141,5.2329232844557
FedPPO,4518,142,5.22229589568528
FedPPO,4518,143,5.06049378281644
FedPPO,4518,144,5.12703038287953
FedPPO,4518,145,5.13213609592855
FedPPO,4518,146,5.32572861426086
FedPPO,4518,147,5.07367393102935
FedPPO,4518,148,5.29689573320238
FedPPO,4518,149,5.28685421961879
FedPPO,4518,150,5.2221995984354
FedPPO,4518,151,5.2100275767223
FedPPO,4518,152,5.16366679606637
FedPPO,4518,153,5.10041161076013
FedPPO,4518,154,5.21290740795941
FedPPO,4518,155,5.15936021980857
FedPPO,4518,156,5.1830983030005
FedPPO,4518,157,5.02608376713723
FedPPO,4518,158,5.20699286130985
FedPPO,4518,159,5.36235405009414
FedPPO,4518,160,5.15788297216539
FedPPO,4518,161,5.22081393293562
FedPPO,4518,162,5.12821537562244
FedPPO,4518,163,5.01258048999999
FedPPO,4518,164,5.16049711161135
FedPPO,4518,165,4.99369748250725
FedPPO,4518,166,5.13635736089224
FedPPO,4518,167,5.00503991230281
FedPPO,4518,168,5.00276225865024
FedPPO,4518,169,5.36853327496035
FedPPO,4518,170,5.3160328521368
FedPPO,4518,171,5.13339363986683
FedPPO,4518,172,5.36008365331837
FedPPO,4518,173,5.08926635276496
FedPPO,4518,174,5.13795066244472
FedPPO,4518,175,5.27656901874889
FedPPO,4518,176,5.18874890989022
FedPPO,4518,177,5.3192480273791
FedPPO,4518,178,5.2641723690958
FedPPO,4518,179,5.21597014895665
FedPPO,4518,180,4.98473759988639
FedPPO,4518,181,5.21343205746984
FedPPO,4518,182,5.05286292652745
FedPPO,4518,183,5.19940270846619
FedPPO,4518,184,5.2042968135803
FedPPO,4518,185,5.28689518125803
FedPPO,4518,186,5.18791876478048
FedPPO,4518,187,5.23704220395282
FedPPO,4518,188,5.21482652342517
FedPPO,4518,189,5.18277717906201
FedPPO,4518,190,5.23809312791814
FedPPO,4518,191,5.29889605334627
FedPPO,4518,192,5.1434436361327
FedPPO,4518,193,5.09850153304759
FedPPO,4518,194,5.36379307363692
FedPPO,4518,195,5.19332637260336
FedPPO,4518,196,5.21827683170589
FedPPO,4518,197,5.22165950195737
FedPPO,4518,198,5.24712771421044
FedPPO,4518,199,5.30201186345278
FedPPO,4518,200,5.24172692818298
FedPPO,4518,201,5.26354161839368
FedPPO,4518,202,5.24452209179349
FedPPO,4518,203,5.26185432947482
FedPPO,4518,204,5.21852831134934
FedPPO,4518,205,5.08004909298028
FedPPO,4518,206,5.15490582230518
FedPPO,4518,207,5.08458065108131
FedPPO,4518,208,5.24596260752118
FedPPO,4518,209,5.20991236937076
FedPPO,4518,210,5.15786323222746
FedPPO,4518,211,5.31705651155698
FedPPO,4518,212,5.07575227655544
FedPPO,4518,213,5.01520181280987
FedPPO,4518,214,5.13438422043246
FedPPO,4518,215,5.16664559348487
FedPPO,4518,216,5.09707957055597
FedPPO,4518,217,5.2423318864295
FedPPO,4518,218,5.27643678698065
FedPPO,4518,219,5.1722131189298
FedPPO,4518,220,5.2196799837857
FedPPO,4518,221,5.18872360210583
FedPPO,4518,222,5.24809178649527
FedPPO,4518,223,5.22681261330653
FedPPO,4518,224,5.17183600878971
FedPPO,4518,225,5.06471131650764
FedPPO,4518,226,5.18387101928957
FedPPO,4518,227,5.06024531242492
FedPPO,4518,228,4.99774772002912
FedPPO,4518,229,5.1430782230285
FedPPO,4518,230,5.17988264904679
FedPPO,4518,231,5.11382727045026
FedPPO,4518,232,5.19993845877685
FedPPO,4518,233,5.1301884770963
FedPPO,4518,234,5.11282098336673
FedPPO,4518,235,5.23549645971431
FedPPO,4518,236,5.14367400173577
FedPPO,4518,237,5.17503610832305
FedPPO,4518,238,5.18866531747002
FedPPO,4518,239,5.01797173271893
FedPPO,4518,240,5.13961283158393
FedPPO,4518,241,5.21705278343483
FedPPO,4518,242,5.25181997489402
FedPPO,4518,243,5.14986168728174
FedPPO,4518,244,5.09807856947653
FedPPO,4518,245,5.10182326470735
FedPPO,4518,246,5.17853746988483
FedPPO,4518,247,5.19331450692143
FedPPO,4518,248,5.095346495588
FedPPO,4518,249,5.168524507912
FedPPO,4518,250,5.13124111499228
FedPPO,4518,251,5.19443978783594
FedPPO,4518,252,5.13725383369895
FedPPO,4518,253,5.23150455126745
FedPPO,4518,254,5.12242649439404
FedPPO,4518,255,5.28281380884848
FedPPO,4518,256,5.23724065478569
FedPPO,4518,257,5.27866949854084
FedPPO,4518,258,5.17045672257754
FedPPO,4518,259,5.24482103628093
FedPPO,4518,260,5.20313604313854
FedPPO,4518,261,5.06346350240499
FedPPO,4518,262,5.28664573319521
FedPPO,4518,263,5.13092843914144
FedPPO,4518,264,5.1912241090725
FedPPO,4518,265,5.19992355387481
FedPPO,4518,266,5.33710540217735
FedPPO,4518,267,5.22514807402462
FedPPO,4518,268,5.13714023627286
FedPPO,4518,269,5.26083853855832
FedPPO,4518,270,5.30527595602803
FedPPO,4518,271,5.16117186703412
FedPPO,4518,272,5.20172593430141
FedPPO,4518,273,5.22512907041816
FedPPO,4518,274,5.24336375782381
FedPPO,4518,275,5.12543895689716
FedPPO,4518,276,5.23517087736241
FedPPO,4518,277,5.28692872729196
FedPPO,4518,278,5.29307442119658
FedPPO,4518,279,5.25897594238455
FedPPO,4518,280,5.19251266927059
FedPPO,4518,281,5.14345369294969
FedPPO,4518,282,5.17408430120929
FedPPO,4518,283,5.15888254316589
FedPPO,4518,284,5.14746473000202
FedPPO,4518,285,5.21254960219511
FedPPO,4518,286,4.97472241190426
FedPPO,4518,287,5.03272539380137
FedPPO,4518,288,5.05646718220229
FedPPO,4518,289,5.13111981225796
FedPPO,4518,290,5.20081524241171
FedPPO,4518,291,5.08501439810187
FedPPO,4518,292,5.02626272452099
FedPPO,4518,293,5.10132561551275
FedPPO,4518,294,5.19525356651366
FedPPO,4518,295,5.23345852141906
FedPPO,4518,296,5.08565146343836
FedPPO,4518,297,5.18119917791909
FedPPO,4518,298,5.15085917454576
FedPPO,4518,299,5.04960809212977
FedPPO,4518,300,5.27189890344765
FedPPO,4518,301,5.10696009945594
FedPPO,4518,302,5.2332891672168
FedPPO,4518,303,5.20992452033394
FedPPO,4518,304,5.22438217788979
FedPPO,4518,305,4.93939843884072
FedPPO,4518,306,5.06952097028928
FedPPO,4518,307,5.16771930923889
FedPPO,4518,308,5.09085114597874
FedPPO,4518,309,5.23798761471731
FedPPO,4518,310,5.21880773137146
FedPPO,4518,311,5.17510700212764
FedPPO,4518,312,5.15177960727067
FedPPO,4518,313,5.28911301096817
FedPPO,4518,314,5.00007682852924
FedPPO,4518,315,5.12314246299112
FedPPO,4518,316,5.21181256895665
FedPPO,4518,317,5.14784148339157
FedPPO,4518,318,5.25557219798198
FedPPO,4518,319,5.18539856083981
FedPPO,4518,320,5.24305618162663
FedPPO,4518,321,5.13430844477354
FedPPO,4518,322,5.1205156354776
FedPPO,4518,323,4.98505905050054
FedPPO,4518,324,5.14491789664237
FedPPO,4518,325,5.22692911877814
FedPPO,4518,326,5.16125742587164
FedPPO,4518,327,5.00051855794772
FedPPO,4518,328,5.06662406502932
FedPPO,4518,329,5.21238990840598
FedPPO,4518,330,5.20163730535462
FedPPO,4518,331,5.09725294297806
FedPPO,4518,332,5.26404133682296
FedPPO,4518,333,5.20650532503179
FedPPO,4518,334,5.18654515136544
FedPPO,4518,335,5.13980078387331
FedPPO,4518,336,5.10096505837759
FedPPO,4518,337,5.1164399543342
FedPPO,4518,338,5.19822336647629
FedPPO,4518,339,5.19872004288932
FedPPO,4518,340,5.21915082203202
FedPPO,4518,341,5.29862167787781
FedPPO,4518,342,5.02796074802292
FedPPO,4518,343,5.23819511872947
FedPPO,4518,344,5.09786592800165
FedPPO,4518,345,5.02007911378879
FedPPO,4518,346,5.01657773332989
FedPPO,4518,347,5.08395988775202
FedPPO,4518,348,5.15581236472071
FedPPO,4518,349,5.15169687539819
FedPPO,4518,350,5.18702095565373
FedPPO,4518,351,4.98560560725823
FedPPO,4518,352,5.10979224230913
FedPPO,4518,353,5.07115769429048
FedPPO,4518,354,5.17515336251002
FedPPO,4518,355,5.08150668559667
FedPPO,4518,356,5.25602836477498
FedPPO,4518,357,5.158295961106
FedPPO,4518,358,5.18195521080528
FedPPO,4518,359,5.08460676050152
FedPPO,4518,360,5.25499317888114
FedPPO,4518,361,5.13972057427486
FedPPO,4518,362,5.2790860112241
FedPPO,4518,363,5.21788440631452
FedPPO,4518,364,5.14507418418407
FedPPO,4518,365,5.10693441708498
FedPPO,4518,366,5.3972082793766
FedPPO,4518,367,5.12980855300929
FedPPO,4518,368,5.22321538059593
FedPPO,4518,369,5.27740467699652
FedPPO,4518,370,5.20548037208239
FedPPO,4518,371,5.04896449699425
FedPPO,4518,372,5.29461425175501
FedPPO,4518,373,5.20842521903646
FedPPO,4518,374,5.17781337560161
FedPPO,4518,375,5.17454033208853
FedPPO,4518,376,5.24326478060012
FedPPO,4518,377,5.1246702967989
FedPPO,4518,378,5.23235940028253
FedPPO,4518,379,5.04211650887774
FedPPO,4518,380,5.20174131800152
FedPPO,4518,381,5.13610912965047
FedPPO,4518,382,5.13105429221252
FedPPO,4518,383,5.10740357610405
FedPPO,4518,384,5.25071504044318
FedPPO,4518,385,5.19701838785366
FedPPO,4518,386,5.16249461014536
FedPPO,4518,387,5.13072163577416
FedPPO,4518,388,5.07337483997232
FedPPO,4518,389,5.034552969404
FedPPO,4518,390,5.07324849506212
FedPPO,4518,391,5.16036200729435
FedPPO,4518,392,5.10282430371103
FedPPO,4518,393,5.09164169204522
FedPPO,4518,394,5.05529957424492
FedPPO,4518,395,5.12994022926527
FedPPO,4518,396,4.95054496137164
FedPPO,4518,397,5.21918320693397
FedPPO,4518,398,5.05164492694289
FedPPO,4518,399,5.18415200318017
FedPPO,4518,400,5.0540678708042
FedPPO,5629,1,4.16893331969083
FedPPO,5629,2,4.13956688143045
FedPPO,5629,3,3.89997227551272
FedPPO,5629,4,4.14500622088914
FedPPO,5629,5,4.14275137207124
FedPPO,5629,6,4.30578063969791
FedPPO,5629,7,4.46222402122729
FedPPO,5629,8,4.37502308501358
FedPPO,5629,9,4.63862886746962
FedPPO,5629,10,4.49028415348918
FedPPO,5629,11,4.60108603414405
FedPPO,5629,12,4.48110536295503
FedPPO,5629,13,4.68733900578387
FedPPO,5629,14,4.66685331419312
FedPPO,5629,15,4.65315174728721
FedPPO,5629,16,4.79737829402371
FedPPO,5629,17,4.74615910819658
FedPPO,5629,18,4.9663364583676
FedPPO,5629,19,4.69277374186945
FedPPO,5629,20,5.0434677083893
FedPPO,5629,21,4.99517926549854
FedPPO,5629,22,4.91388580849048
FedPPO,5629,23,5.2427963228743
FedPPO,5629,24,4.95353542675253
FedPPO,5629,25,5.17371122958001
FedPPO,5629,26,4.99204930803378
FedPPO,5629,27,5.09582373440292
FedPPO,5629,28,5.0127869710685
FedPPO,5629,29,4.91910892855413
FedPPO,5629,30,5.14746489051435
FedPPO,5629,31,5.08792738687664
FedPPO,5629,32,5.05902665755369
FedPPO,5629,33,5.09375275962012
FedPPO,5629,34,5.25651471435243
FedPPO,5629,35,5.10551527735904
FedPPO,5629,36,5.22376179329636
FedPPO,5629,37,5.09071083789149
FedPPO,5629,38,5.22931994203468
FedPPO,5629,39,5.11293467548799
FedPPO,5629,40,5.11642248060174
FedPPO,5629,41,5.21265022400639
FedPPO,5629,42,5.08374441679095
FedPPO,5629,43,5.05806335906187
FedPPO,5629,44,5.23055573143229
FedPPO,5629,45,5.19234134516342
FedPPO,5629,46,5.13091445797779
FedPPO,5629,47,5.1410908298641
FedPPO,5629,48,5.02549619209151
FedPPO,5629,49,5.2017532984691
FedPPO,5629,50,5.23333620706677
FedPPO,5629,51,5.06329207091823
FedPPO,5629,52,5.23455600087644
FedPPO,5629,53,5.11417851709662
FedPPO,5629,54,5.28935496642743
FedPPO,5629,55,5.17447996307993
FedPPO,5629,56,5.08020359204694
FedPPO,5629,57,5.21701662672322
FedPPO,5629,58,5.24989776879789
FedPPO,5629,59,5.2460575436144
FedPPO,5629,60,5.16909199946728
FedPPO,5629,61,5.07618936486719
FedPPO,5629,62,5.17118933100538
FedPPO,5629,63,5.20548411587167
FedPPO,5629,64,5.19012771994105
FedPPO,5629,65,5.20007581485842
FedPPO,5629,66,5.15285059825651
FedPPO,5629,67,5.23621692395083
FedPPO,5629,68,5.13037214065654
FedPPO,5629,69,5.1448337565121
FedPPO,5629,70,5.31098453912341
FedPPO,5629,71,5.33722859583559
FedPPO,5629,72,5.00282060035543
FedPPO,5629,73,5.2300024052501
FedPPO,5629,74,4.96936368389035
FedPPO,5629,75,5.33248004109999
FedPPO,5629,76,5.18178480384771
FedPPO,5629,77,5.20760155376169
FedPPO,5629,78,5.26477354678229
FedPPO,5629,79,5.25937542228156
FedPPO,5629,80,5.322348508024
FedPPO,5629,81,5.1682772505269
FedPPO,5629,82,5.05934723711764
FedPPO,5629,83,5.20808421958261
FedPPO,5629,84,5.15624586273606
FedPPO,5629,85,5.20903043745448
FedPPO,5629,86,5.06419082107203
FedPPO,5629,87,5.1726784014528
FedPPO,5629,88,5.21018758551776
FedPPO,5629,89,5.13987927698996
FedPPO,5629,90,5.23380927156029
FedPPO,5629,91,5.12913528399365
FedPPO,5629,92,5.16359397779913
FedPPO,5629,93,5.20322822672731
FedPPO,5629,94,5.16828853753875
FedPPO,5629,95,5.22717442325178
FedPPO,5629,96,5.17745128365231
FedPPO,5629,97,5.18352114800637
FedPPO,5629,98,5.10880717725555
FedPPO,5629,99,5.03600581185026
FedPPO,5629,100,5.14801406183382
FedPPO,5629,101,5.13344132149097
FedPPO,5629,102,5.06518013725644
FedPPO,5629,103,5.24320536679298
FedPPO,5629,104,5.09547164893776
FedPPO,5629,105,5.10296766157496
FedPPO,5629,106,5.1697425805189
FedPPO,5629,107,5.22271001576797
FedPPO,5629,108,5.29038153910367
FedPPO,5629,109,5.18375671195365
FedPPO,5629,110,5.05349123453471
FedPPO,5629,111,5.17355366553183
FedPPO,5629,112,5.21135919240463
FedPPO,5629,113,5.2594603355728
FedPPO,5629,114,5.09063787357049
FedPPO,5629,115,5.23429680852471
FedPPO,5629,116,5.20647757167335
FedPPO,5629,117,5.28445811110405
FedPPO,5629,118,5.17292783578443
FedPPO,5629,119,5.18264404765613
FedPPO,5629,120,5.0648474432324
FedPPO,5629,121,5.34143538777124
FedPPO,5629,122,5.02280077303663
FedPPO,5629,123,5.1936478540319
FedPPO,5629,124,5.20287899825242
FedPPO,5629,125,5.21472254849586
FedPPO,5629,126,5.12612948676667
FedPPO,5629,127,5.0963988666496
FedPPO,5629,128,5.3126312065831
FedPPO,5629,129,5.11966439661408
FedPPO,5629,130,5.20028603142026
FedPPO,5629,131,5.09406507162285
FedPPO,5629,132,5.19782169384226
FedPPO,5629,133,5.3716614465262
FedPPO,5629,134,5.30042053128588
FedPPO,5629,135,5.15595851146981
FedPPO,5629,136,5.39384821834495
FedPPO,5629,137,5.09072105276802
FedPPO,5629,138,5.16136091349525
FedPPO,5629,139,5.20788179963106
FedPPO,5629,140,5.21726714438736
FedPPO,5629,141,5.16208362465611
FedPPO,5629,142,5.12668933257604
FedPPO,5629,143,5.25753279762537
FedPPO,5629,144,5.25048649231736
FedPPO,5629,145,5.30872597799122
FedPPO,5629,146,5.14575866740237
FedPPO,5629,147,5.23478408866928
FedPPO,5629,148,5.2861854412191
FedPPO,5629,149,5.22706211712647
FedPPO,5629,150,5.15302802379551
FedPPO,5629,151,5.12440736401272
FedPPO,5629,152,5.28735858253905
FedPPO,5629,153,5.08019082356318
FedPPO,5629,154,5.17045543722836
FedPPO,5629,155,5.21841865907155
FedPPO,5629,156,5.26376410811005
FedPPO,5629,157,5.21389231916065
FedPPO,5629,158,5.18277219597625
FedPPO,5629,159,5.21676606690967
FedPPO,5629,160,5.22060448612849
FedPPO,5629,161,5.18483374659689
FedPPO,5629,162,5.2097750689367
FedPPO,5629,163,5.245649775369
FedPPO,5629,164,4.90497881297706
FedPPO,5629,165,5.19411620678544
FedPPO,5629,166,5.12558393202253
FedPPO,5629,167,5.22864541274283
FedPPO,5629,168,5.16995777903409
FedPPO,5629,169,5.1842845299954
FedPPO,5629,170,5.21748978858099
FedPPO,5629,171,5.12664564477726
FedPPO,5629,172,5.24486887136384
FedPPO,5629,173,5.10722956874782
FedPPO,5629,174,5.2339067460115
FedPPO,5629,175,5.29871347645746
FedPPO,5629,176,5.18221249236142
FedPPO,5629,177,5.09151647196774
FedPPO,5629,178,5.05228999327713
FedPPO,5629,179,5.01984242554485
FedPPO,5629,180,5.15261205307184
FedPPO,5629,181,5.28516664072731
FedPPO,5629,182,5.23169068734408
FedPPO,5629,183,5.26487248819516
FedPPO,5629,184,5.1646207286784
FedPPO,5629,185,5.1669371676165
FedPPO,5629,186,5.13414469957505
FedPPO,5629,187,5.2474095154627
FedPPO,5629,188,5.29784864678337
FedPPO,5629,189,5.20611426753102
FedPPO,5629,190,5.19730487292332
FedPPO,5629,191,5.17795803361846
FedPPO,5629,192,5.25744706551661
FedPPO,5629,193,5.14219375700466
FedPPO,5629,194,5.25219412186321
FedPPO,5629,195,5.25380575926333
FedPPO,5629,196,5.26836102588644
FedPPO,5629,197,5.12058873960959
FedPPO,5629,198,5.1346302025177
FedPPO,5629,199,5.16549768240471
FedPPO,5629,200,5.08147090618214
FedPPO,5629,201,5.30255470622441
FedPPO,5629,202,5.16941207914243
FedPPO,5629,203,5.23549193595265
FedPPO,5629,204,5.25311113685784
FedPPO,5629,205,5.2145959326815
FedPPO,5629,206,5.23668581628705
FedPPO,5629,207,5.2379448350386
FedPPO,5629,208,5.27912411943603
FedPPO,5629,209,5.19798374482466
FedPPO,5629,210,5.05615693088869
FedPPO,5629,211,5.26081401135101
FedPPO,5629,212,5.07102957752135
FedPPO,5629,213,5.2827586681004
FedPPO,5629,214,5.14334399303694
FedPPO,5629,215,5.37491336747
FedPPO,5629,216,5.1192901735847
FedPPO,5629,217,5.33400825989026
FedPPO,5629,218,5.17788135190756
FedPPO,5629,219,5.31690643503155
FedPPO,5629,220,5.29255578450946
FedPPO,5629,221,5.20250274340781
FedPPO,5629,222,5.20187721081757
FedPPO,5629,223,5.06092126021015
FedPPO,5629,224,5.28753770174633
FedPPO,5629,225,5.4002475853348
FedPPO,5629,226,5.28420573472604
FedPPO,5629,227,5.1631561047751
FedPPO,5629,228,5.25592242611223
FedPPO,5629,229,5.1754836169612
FedPPO,5629,230,5.07354701416152
FedPPO,5629,231,5.22787401595737
FedPPO,5629,232,5.29285380205637
FedPPO,5629,233,5.24744984958305
FedPPO,5629,234,5.22331778828436
FedPPO,5629,235,5.26136268202325
FedPPO,5629,236,5.16358245419763
FedPPO,5629,237,5.21194494298894
FedPPO,5629,238,5.23567030982163
FedPPO,5629,239,5.10030236985435
FedPPO,5629,240,5.17274944470346
FedPPO,5629,241,5.17874668516873
FedPPO,5629,242,5.06165438841092
FedPPO,5629,243,5.34501323637226
FedPPO,5629,244,5.0909439110115
FedPPO,5629,245,5.24792560484615
FedPPO,5629,246,5.36076766483233
FedPPO,5629,247,5.29503064000122
FedPPO,5629,248,5.2191539719684
FedPPO,5629,249,5.10778965354981
FedPPO,5629,250,5.27793260296608
FedPPO,5629,251,5.3273459172649
FedPPO,5629,252,5.22873178275907
FedPPO,5629,253,5.1999377520641
FedPPO,5629,254,5.08137380861086
FedPPO,5629,255,5.29808289986098
FedPPO,5629,256,5.20304542837891
FedPPO,5629,257,5.16770318355901
FedPPO,5629,258,5.18668151699267
FedPPO,5629,259,5.23877710676673
FedPPO,5629,260,5.2342215921256
FedPPO,5629,261,5.10697343577144
FedPPO,5629,262,5.29582972411843
FedPPO,5629,263,5.21852411483572
FedPPO,5629,264,5.16790045814588
FedPPO,5629,265,5.24307678665982
FedPPO,5629,266,5.16513261786145
FedPPO,5629,267,5.10367253132585
FedPPO,5629,268,5.18399004983873
FedPPO,5629,269,5.0178251552033
FedPPO,5629,270,5.2839144880649
FedPPO,5629,271,5.22785145019335
FedPPO,5629,272,5.32144150689564
FedPPO,5629,273,5.16380555485679
FedPPO,5629,274,5.22648992994625
FedPPO,5629,275,5.19961347143338
FedPPO,5629,276,5.20243396673842
FedPPO,5629,277,5.12093762067714
FedPPO,5629,278,5.1442826765734
FedPPO,5629,279,5.18610432688085
FedPPO,5629,280,5.18996226341877
FedPPO,5629,281,5.35600749240878
FedPPO,5629,282,5.29931319206717
FedPPO,5629,283,5.30095203918881
FedPPO,5629,284,5.15931698422798
FedPPO,5629,285,5.28060437110044
FedPPO,5629,286,5.06341208799375
FedPPO,5629,287,5.38985857424627
FedPPO,5629,288,5.1950202611376
FedPPO,5629,289,5.16722619895577
FedPPO,5629,290,5.07743198141886
FedPPO,5629,291,5.0749780288855
FedPPO,5629,292,5.28377203088635
FedPPO,5629,293,5.19526067897572
FedPPO,5629,294,5.20014279060936
FedPPO,5629,295,5.2386738562073
FedPPO,5629,296,5.3259303283675
FedPPO,5629,297,5.28063787900808
FedPPO,5629,298,5.06695720395787
FedPPO,5629,299,5.16528953982484
FedPPO,5629,300,5.19344241375695
FedPPO,5629,301,5.09291213739704
FedPPO,5629,302,5.30525178882422
FedPPO,5629,303,5.08969751741521
FedPPO,5629,304,5.17201976283713
FedPPO,5629,305,5.17535652227449
FedPPO,5629,306,5.26724408581634
FedPPO,5629,307,5.26153866491132
FedPPO,5629,308,5.23242446658321
FedPPO,5629,309,5.25206005275603
FedPPO,5629,310,5.15086517005089
FedPPO,5629,311,5.18748751253546
FedPPO,5629,312,5.09531137930851
FedPPO,5629,313,5.10986223471171
FedPPO,5629,314,5.26846172574231
FedPPO,5629,315,5.1201090009781
FedPPO,5629,316,5.13905973405199
FedPPO,5629,317,5.19471836445395
FedPPO,5629,318,5.15031817133893
FedPPO,5629,319,5.21277453805342
FedPPO,5629,320,5.07946334689766
FedPPO,5629,321,5.18600026284935
FedPPO,5629,322,5.2111489826122
FedPPO,5629,323,5.18677278564789
FedPPO,5629,324,5.16767842458913
FedPPO,5629,325,5.26836956160392
FedPPO,5629,326,5.18444157062558
FedPPO,5629,327,5.16971420161583
FedPPO,5629,328,5.22207626117509
FedPPO,5629,329,5.14533308218046
FedPPO,5629,330,5.08416557405453
FedPPO,5629,331,5.24643648669237
FedPPO,5629,332,5.17982518192585
FedPPO,5629,333,5.29870864447281
FedPPO,5629,334,5.35580308777538
FedPPO,5629,335,5.29716530112607
FedPPO,5629,336,5.18848296830445
FedPPO,5629,337,5.20068087806015
FedPPO,5629,338,5.09910572185079
FedPPO,5629,339,5.19109264717213
FedPPO,5629,340,5.15284711010286
FedPPO,5629,341,5.2123433020042
FedPPO,5629,342,5.06122637490263
FedPPO,5629,343,5.17396098694124
FedPPO,5629,344,5.17319428879365
FedPPO,5629,345,5.23451798126812
FedPPO,5629,346,5.32449042932005
FedPPO,5629,347,5.08471774409455
FedPPO,5629,348,5.24239585623685
FedPPO,5629,349,5.12125520033204
FedPPO,5629,350,5.22059013090438
FedPPO,5629,351,5.28002803411212
FedPPO,5629,352,5.1060955596438
FedPPO,5629,353,5.03287174912924
FedPPO,5629,354,5.15752758306833
FedPPO,5629,355,5.17324364999493
FedPPO,5629,356,5.12569939246112
FedPPO,5629,357,5.31548264186707
FedPPO,5629,358,5.16933527635943
FedPPO,5629,359,5.30888935456495
FedPPO,5629,360,5.22152138372812
FedPPO,5629,361,5.19814212767642
FedPPO,5629,362,5.10462605882945
FedPPO,5629,363,5.07574784591394
FedPPO,5629,364,5.34932872530536
FedPPO,5629,365,5.10448918402463
FedPPO,5629,366,5.14743962026479
FedPPO,5629,367,5.2530227009398
FedPPO,5629,368,5.20934600629081
FedPPO,5629,369,5.36664697605809
FedPPO,5629,370,5.21399929799383
FedPPO,5629,371,5.30257434064864
FedPPO,5629,372,5.25749844356205
FedPPO,5629,373,5.13356310177545
FedPPO,5629,374,5.05669567536941
FedPPO,5629,375,5.15385678466112
FedPPO,5629,376,5.20189698245581
FedPPO,5629,377,5.19189382427232
FedPPO,5629,378,4.83718372281062
FedPPO,5629,379,5.21894038754289
FedPPO,5629,380,5.1952633597612
FedPPO,5629,381,5.26308874751624
FedPPO,5629,382,5.10194880661633
FedPPO,5629,383,5.06241813804357
FedPPO,5629,384,5.18516767669294
FedPPO,5629,385,5.18633285350319
FedPPO,5629,386,5.11656455097955
FedPPO,5629,387,5.19793660665076
FedPPO,5629,388,5.05531039454026
FedPPO,5629,389,5.15447592919639
FedPPO,5629,390,5.11031095844562
FedPPO,5629,391,5.00368393706324
FedPPO,5629,392,5.38935837659621
FedPPO,5629,393,5.0025593186159
FedPPO,5629,394,5.1415221532589
FedPPO,5629,395,5.17472085209823
FedPPO,5629,396,5.1735589273358
FedPPO,5629,397,5.23966121775097
FedPPO,5629,398,5.23525203890211
FedPPO,5629,399,5.30192151654728
FedPPO,5629,400,5.24588049081414
FedPPO,6740,1,4.17316218570062
FedPPO,6740,2,3.87257536393178
FedPPO,6740,3,4.26390966910466
FedPPO,6740,4,4.40070764734157
FedPPO,6740,5,4.35880915939422
FedPPO,6740,6,4.15034113008312
FedPPO,6740,7,4.37437085129469
FedPPO,6740,8,4.26141212223062
FedPPO,6740,9,4.53114138590599
FedPPO,6740,10,4.40980041270125
FedPPO,6740,11,4.47430221517867
FedPPO,6740,12,4.53769225541637
FedPPO,6740,13,4.56714898725436
FedPPO,6740,14,4.70822690414978
FedPPO,6740,15,4.81629862231715
FedPPO,6740,16,4.99094860697008
FedPPO,6740,17,4.783396731549
FedPPO,6740,18,5.0262604161909
FedPPO,6740,19,4.95828138957006
FedPPO,6740,20,4.99301590197674
FedPPO,6740,21,4.96856442253012
FedPPO,6740,22,4.97602388457208
FedPPO,6740,23,5.0615215504334
FedPPO,6740,24,5.1301309775233
FedPPO,6740,25,5.03031822525883
FedPPO,6740,26,5.14439491932627
FedPPO,6740,27,5.2199308993136
FedPPO,6740,28,5.24115761026616
FedPPO,6740,29,5.11449853245428
FedPPO,6740,30,5.04273625462882
FedPPO,6740,31,5.10148462133192
FedPPO,6740,32,5.03783180576814
FedPPO,6740,33,5.2682192615585
FedPPO,6740,34,5.24344649824454
FedPPO,6740,35,5.1971693518433
FedPPO,6740,36,5.19329864375857
FedPPO,6740,37,5.25950832172973
FedPPO,6740,38,5.08776601211904
FedPPO,6740,39,5.23178945228521
FedPPO,6740,40,5.17285323060364
FedPPO,6740,41,5.20184572685401
FedPPO,6740,42,5.11591678676502
FedPPO,6740,43,5.1148447966625
FedPPO,6740,44,5.19237899759698
FedPPO,6740,45,5.20765368239261
FedPPO,6740,46,5.22151268740229
FedPPO,6740,47,5.19569523747246
FedPPO,6740,48,5.27726454766592
FedPPO,6740,49,5.19853261943994
FedPPO,6740,50,5.15481412588261
FedPPO,6740,51,5.06569755113367
FedPPO,6740,52,5.25061566316917
FedPPO,6740,53,5.29703666651413
FedPPO,6740,54,5.39778732224312
FedPPO,6740,55,5.24267083615921
FedPPO,6740,56,5.09556717401646
FedPPO,6740,57,5.12831020287397
FedPPO,6740,58,5.23609315225481
FedPPO,6740,59,5.20789409942562
FedPPO,6740,60,5.30174728856829
FedPPO,6740,61,5.14046107075828
FedPPO,6740,62,5.19097256978569
FedPPO,6740,63,5.19799929491082
FedPPO,6740,64,5.2145649468001
FedPPO,6740,65,5.1654068691101
FedPPO,6740,66,5.2967922668765
FedPPO,6740,67,5.04668547980491
FedPPO,6740,68,5.23229824654496
FedPPO,6740,69,5.36340453634993
FedPPO,6740,70,5.14078623274372
FedPPO,6740,71,5.16273500238944
FedPPO,6740,72,5.13806331200255
FedPPO,6740,73,5.19034151577982
FedPPO,6740,74,5.24985703093823
FedPPO,6740,75,5.21189038454623
FedPPO,6740,76,5.27668559119505
FedPPO,6740,77,5.17114098926151
FedPPO,6740,78,5.06044375219934
FedPPO,6740,79,5.20825128229379
FedPPO,6740,80,5.13755994159831
FedPPO,6740,81,5.12713709497577
FedPPO,6740,82,5.1673533437536
FedPPO,6740,83,5.23414410279825
FedPPO,6740,84,5.15119014987067
FedPPO,6740,85,5.19458244903912
FedPPO,6740,86,5.32093449807588
FedPPO,6740,87,5.13598171451023
FedPPO,6740,88,5.36822514692546
FedPPO,6740,89,5.16642857895484
FedPPO,6740,90,5.19311585196002
FedPPO,6740,91,5.16089084596552
FedPPO,6740,92,5.16602567361669
FedPPO,6740,93,5.29116808757905
FedPPO,6740,94,5.12332650977975
FedPPO,6740,95,5.23925077745605
FedPPO,6740,96,5.1529199495022
FedPPO,6740,97,5.15124942742778
FedPPO,6740,98,5.34732399558686
FedPPO,6740,99,5.19228384176237
FedPPO,6740,100,5.37338343795713
FedPPO,6740,101,5.15088850101854
FedPPO,6740,102,5.14323507978011
FedPPO,6740,103,5.14176662543522
FedPPO,6740,104,5.18788771360765
FedPPO,6740,105,5.21455381165954
FedPPO,6740,106,5.27396943328691
FedPPO,6740,107,5.19428467390109
FedPPO,6740,108,5.24903087834066
FedPPO,6740,109,5.26335527712766
FedPPO,6740,110,5.22355736825804
FedPPO,6740,111,5.25856094016533
FedPPO,6740,112,5.15049623280725
FedPPO,6740,113,5.18899853617394
FedPPO,6740,114,5.3702434032462
FedPPO,6740,115,5.18883848242941
FedPPO,6740,116,5.05860360142373
FedPPO,6740,117,5.13723844692486
FedPPO,6740,118,5.11626727933426
FedPPO,6740,119,5.25136688654287
FedPPO,6740,120,5.2103081062425
FedPPO,6740,121,5.320538775068
FedPPO,6740,122,5.22454653715776
FedPPO,6740,123,5.27615116933876
FedPPO,6740,124,5.25297521547945
FedPPO,6740,125,5.18699790141487
FedPPO,6740,126,5.12094474284664
FedPPO,6740,127,5.16445147084299
FedPPO,6740,128,5.06372108756327
FedPPO,6740,129,4.96734215447573
FedPPO,6740,130,5.24750931843066
FedPPO,6740,131,5.19834649137683
FedPPO,6740,132,5.19295467559844
FedPPO,6740,133,5.17884535859759
FedPPO,6740,134,5.23427552724968
FedPPO,6740,135,5.23068548362373
FedPPO,6740,136,5.29383176523893
FedPPO,6740,137,5.29476778312584
FedPPO,6740,138,5.10124315252943
FedPPO,6740,139,5.11821376787256
FedPPO,6740,140,5.27552302821748
FedPPO,6740,141,5.19667845944045
FedPPO,6740,142,5.29340615258403
FedPPO,6740,143,5.01258724382667
FedPPO,6740,144,5.18904335809069
FedPPO,6740,145,5.15400634171104
FedPPO,6740,146,5.27145388571775
FedPPO,6740,147,5.29897790835359
FedPPO,6740,148,5.18956365277295
FedPPO,6740,149,5.22662735800114
FedPPO,6740,150,5.25771394070178
FedPPO,6740,151,5.24061085674416
FedPPO,6740,152,5.12758912396782
FedPPO,6740,153,5.11728212189263
FedPPO,6740,154,5.2828663696035
FedPPO,6740,155,5.29623712435828
FedPPO,6740,156,5.10442291009826
FedPPO,6740,157,5.28557419185404
FedPPO,6740,158,5.14481748096481
FedPPO,6740,159,5.11307673454303
FedPPO,6740,160,5.25217784669479
FedPPO,6740,161,5.24150959514749
FedPPO,6740,162,5.11767669050886
FedPPO,6740,163,5.27766642459646
FedPPO,6740,164,5.04453518672027
FedPPO,6740,165,5.14295909555892
FedPPO,6740,166,5.23602582728814
FedPPO,6740,167,5.03000408948359
FedPPO,6740,168,5.21576264292561
FedPPO,6740,169,5.10715241984912
FedPPO,6740,170,5.27426652222152
FedPPO,6740,171,5.12442816881754
FedPPO,6740,172,5.11826533166225
FedPPO,6740,173,5.32356335162717
FedPPO,6740,174,5.09669722292392
FedPPO,6740,175,5.24112131031823
FedPPO,6740,176,5.03336112802095
FedPPO,6740,177,5.21857667200697
FedPPO,6740,178,5.05139177002724
FedPPO,6740,179,5.12373482845425
FedPPO,6740,180,5.22533158326052
FedPPO,6740,181,5.25780049871953
FedPPO,6740,182,5.25198106164806
FedPPO,6740,183,5.18101087120865
FedPPO,6740,184,5.24231230887832
FedPPO,6740,185,4.94781137899167
FedPPO,6740,186,5.29063450058093
FedPPO,6740,187,5.12775571005321
FedPPO,6740,188,5.28534842170169
FedPPO,6740,189,5.08569096523237
FedPPO,6740,190,5.11027619362282
FedPPO,6740,191,5.06549923645436
FedPPO,6740,192,5.18854348864078
FedPPO,6740,193,5.40474395224416
FedPPO,6740,194,5.11755632047684
FedPPO,6740,195,5.14985178648453
FedPPO,6740,196,5.13756043990945
FedPPO,6740,197,5.15570757793827
FedPPO,6740,198,5.26110480729348
FedPPO,6740,199,5.10600153493856
FedPPO,6740,200,5.13941587404906
FedPPO,6740,201,5.18010795506401
FedPPO,6740,202,5.2682251838584
FedPPO,6740,203,5.23858145396437
FedPPO,6740,204,5.2672963779212
FedPPO,6740,205,5.22981016789819
FedPPO,6740,206,5.23229214657099
FedPPO,6740,207,5.22600086332046
FedPPO,6740,208,5.13810012228134
FedPPO,6740,209,5.25337174149863
FedPPO,6740,210,5.16234640727802
FedPPO,6740,211,5.15251749546384
FedPPO,6740,212,5.24503358826828
FedPPO,6740,213,5.13821576524405
FedPPO,6740,214,5.21653346631313
FedPPO,6740,215,5.21357036312836
FedPPO,6740,216,5.3099897033528
FedPPO,6740,217,5.08145153896089
FedPPO,6740,218,5.3350560564953
FedPPO,6740,219,5.19964437752985
FedPPO,6740,220,5.21808501796164
FedPPO,6740,221,5.27529145160891
FedPPO,6740,222,5.17480170749048
FedPPO,6740,223,5.1079745728797
FedPPO,6740,224,5.2970444784274
FedPPO,6740,225,5.23483964958355
FedPPO,6740,226,5.19363754687646
FedPPO,6740,227,5.04804719732355
FedPPO,6740,228,5.03623996052224
FedPPO,6740,229,5.273943341093
FedPPO,6740,230,5.28714115381051
FedPPO,6740,231,4.98801004210248
FedPPO,6740,232,5.23059820454504
FedPPO,6740,233,5.29788298139899
FedPPO,6740,234,5.23441409098018
FedPPO,6740,235,5.11858879948032
FedPPO,6740,236,5.13971487771048
FedPPO,6740,237,5.24310260394494
FedPPO,6740,238,5.3310963387423
FedPPO,6740,239,5.06423372067295
FedPPO,6740,240,5.17379460041095
FedPPO,6740,241,5.04970988614983
FedPPO,6740,242,5.17984339448896
FedPPO,6740,243,5.14007754656756
FedPPO,6740,244,5.20353707709226
FedPPO,6740,245,5.10084397496672
FedPPO,6740,246,5.17944823874341
FedPPO,6740,247,5.06044554583935
FedPPO,6740,248,5.08928860980472
FedPPO,6740,249,5.18976706050784
FedPPO,6740,250,5.16715407062641
FedPPO,6740,251,5.41154687810397
FedPPO,6740,252,5.04002696511651
FedPPO,6740,253,5.21551595518155
FedPPO,6740,254,5.07093428180161
FedPPO,6740,255,5.2396111639472
FedPPO,6740,256,5.0746521189489
FedPPO,6740,257,5.15495996001626
FedPPO,6740,258,5.27000976557708
FedPPO,6740,259,5.276396359998
FedPPO,6740,260,5.23151371918301
FedPPO,6740,261,5.13608475060459
FedPPO,6740,262,5.19270894735252
FedPPO,6740,263,5.17008089527535
FedPPO,6740,264,5.18496288272212
FedPPO,6740,265,5.17790255871324
FedPPO,6740,266,5.1424424707423
FedPPO,6740,267,5.09424154529528
FedPPO,6740,268,5.2457055551391
FedPPO,6740,269,5.17686460977276
FedPPO,6740,270,5.23815116469453
FedPPO,6740,271,4.9937968333514
FedPPO,6740,272,5.2242899300279
FedPPO,6740,273,5.28286343129827
FedPPO,6740,274,5.07504722373668
FedPPO,6740,275,5.28393380804116
FedPPO,6740,276,5.02924137475454
FedPPO,6740,277,5.10934848855481
FedPPO,6740,278,5.31988960267522
FedPPO,6740,279,5.19209091152507
FedPPO,6740,280,5.25047297041172
FedPPO,6740,281,5.05250844452299
FedPPO,6740,282,5.15768881684085
FedPPO,6740,283,5.12128813983663
FedPPO,6740,284,5.21729406640174
FedPPO,6740,285,5.25275266883127
FedPPO,6740,286,5.10695189245114
FedPPO,6740,287,5.13135878880118
FedPPO,6740,288,5.163581893923
FedPPO,6740,289,5.23946241850881
FedPPO,6740,290,5.18495701523515
FedPPO,6740,291,5.25960153375037
FedPPO,6740,292,5.12582001761068
FedPPO,6740,293,5.19780105758649
FedPPO,6740,294,5.07935728672074
FedPPO,6740,295,5.17222598024386
FedPPO,6740,296,4.96221269462048
FedPPO,6740,297,5.17558965377306
FedPPO,6740,298,5.23799187690716
FedPPO,6740,299,5.12611092905671
FedPPO,6740,300,5.22316987394532
FedPPO,6740,301,5.08691459039903
FedPPO,6740,302,5.08732906160368
FedPPO,6740,303,5.17892109810575
FedPPO,6740,304,5.13690855752632
FedPPO,6740,305,5.10767726476784
FedPPO,6740,306,5.16085687082767
FedPPO,6740,307,5.09839212284014
FedPPO,6740,308,5.21136597653752
FedPPO,6740,309,5.15056324514421
FedPPO,6740,310,5.30541988843073
FedPPO,6740,311,5.09377534992186
FedPPO,6740,312,5.26320265536779
FedPPO,6740,313,5.31058346003658
FedPPO,6740,314,5.21058458131083
FedPPO,6740,315,5.24451168047327
FedPPO,6740,316,5.19996544275669
FedPPO,6740,317,5.23145256897401
FedPPO,6740,318,5.15410110545853
FedPPO,6740,319,5.19937761431756
FedPPO,6740,320,5.27611715769036
FedPPO,6740,321,5.18735341712663
FedPPO,6740,322,5.15627573865873
FedPPO,6740,323,5.11065227534602
FedPPO,6740,324,5.04575214466839
FedPPO,6740,325,5.327844672826
FedPPO,6740,326,5.26226816694232
FedPPO,6740,327,5.25095388932522
FedPPO,6740,328,5.04049774571635
FedPPO,6740,329,5.16038681617491
FedPPO,6740,330,5.05888748285281
FedPPO,6740,331,5.38824720170459
FedPPO,6740,332,5.13066265482755
FedPPO,6740,333,5.21916623771707
FedPPO,6740,334,5.24259443163502
FedPPO,6740,335,5.13283988774872
FedPPO,6740,336,5.20942195222648
FedPPO,6740,337,5.28717025588253
FedPPO,6740,338,5.25101179023514
FedPPO,6740,339,5.28082176487936
FedPPO,6740,340,5.10249074754731
FedPPO,6740,341,5.15677638140385
FedPPO,6740,342,5.22927273713193
FedPPO,6740,343,5.12747926891393
FedPPO,6740,344,5.16394148006408
FedPPO,6740,345,5.15698863862893
FedPPO,6740,346,5.13437756512495
FedPPO,6740,347,5.18294475098446
FedPPO,6740,348,5.22330437375786
FedPPO,6740,349,5.13259684012002
FedPPO,6740,350,5.14822420457964
FedPPO,6740,351,5.15728328778135
FedPPO,6740,352,5.12838767515714
FedPPO,6740,353,5.31380356946015
FedPPO,6740,354,5.13654387783919
FedPPO,6740,355,5.25128348067706
FedPPO,6740,356,5.1522465933963
FedPPO,6740,357,5.29973055023457
FedPPO,6740,358,5.02171917957508
FedPPO,6740,359,5.23548819275272
FedPPO,6740,360,5.03987960805358
FedPPO,6740,361,5.18482439196381
FedPPO,6740,362,5.13912010967603
FedPPO,6740,363,5.19619103925247
FedPPO,6740,364,5.25888205128665
FedPPO,6740,365,5.14523550914571
FedPPO,6740,366,5.01148490927538
FedPPO,6740,367,5.05192772779777
FedPPO,6740,368,5.17369445527071
FedPPO,6740,369,5.11931628454009
FedPPO,6740,370,5.21535414386511
FedPPO,6740,371,5.22482699804652
FedPPO,6740,372,5.18513268574418
FedPPO,6740,373,5.10815519046784
FedPPO,6740,374,5.19165684168556
FedPPO,6740,375,5.22189268648101
FedPPO,6740,376,5.10219194319805
FedPPO,6740,377,5.23468829366622
FedPPO,6740,378,5.17767907255257
FedPPO,6740,379,5.06340933709697
FedPPO,6740,380,5.27273597676202
FedPPO,6740,381,5.1392987479113
FedPPO,6740,382,5.1762059370089
FedPPO,6740,383,5.19289193960467
FedPPO,6740,384,5.08013957686478
FedPPO,6740,385,5.30671510644946
FedPPO,6740,386,5.01978249138209
FedPPO,6740,387,5.2531450840124
FedPPO,6740,388,5.04547023348976
FedPPO,6740,389,5.06717381728177
FedPPO,6740,390,5.20852266043832
FedPPO,6740,391,5.02467143571698
FedPPO,6740,392,5.2406438994151
FedPPO,6740,393,5.3594990104737
FedPPO,6740,394,5.23051374914489
FedPPO,6740,395,5.15347909652533
FedPPO,6740,396,5.16553029036189
FedPPO,6740,397,5.09177457783326
FedPPO,6740,398,5.19707513363866
FedPPO,6740,399,5.14258398623758
FedPPO,6740,400,4.97671282521264
FedPPO,7851,1,4.04353347377476
FedPPO,7851,2,4.15737151238291
FedPPO,7851,3,3.99448185180967
FedPPO,7851,4,3.77939506685798
FedPPO,7851,5,4.04208838070503
FedPPO,7851,6,4.30981085861192
FedPPO,7851,7,4.27751478426612
FedPPO,7851,8,4.27220946217334
FedPPO,7851,9,4.3640757381334
FedPPO,7851,10,4.47250808691695
FedPPO,7851,11,4.67766911911778
FedPPO,7851,12,4.76120930994059
FedPPO,7851,13,4.67417899477429
FedPPO,7851,14,4.65957079409688
FedPPO,7851,15,4.69818883370536
FedPPO,7851,16,4.58409142221159
FedPPO,7851,17,4.68220691059012
FedPPO,7851,18,4.96825754765605
FedPPO,7851,19,4.8501657256086
FedPPO,7851,20,4.78606228969167
FedPPO,7851,21,5.08647502217605
FedPPO,7851,22,4.94204552209918
FedPPO,7851,23,5.16072037362409
FedPPO,7851,24,5.04293364848187
FedPPO,7851,25,5.04297926845654
FedPPO,7851,26,5.07410600885617
FedPPO,7851,27,5.19952532968501
FedPPO,7851,28,5.14959525961711
FedPPO,7851,29,5.11402084135813
FedPPO,7851,30,5.10459028704281
FedPPO,7851,31,5.05202080965088
FedPPO,7851,32,4.98257248768855
FedPPO,7851,33,5.11621981307414
FedPPO,7851,34,5.31984351384504
FedPPO,7851,35,5.25174268112839
FedPPO,7851,36,5.25141534478146
FedPPO,7851,37,5.15140112772168
FedPPO,7851,38,5.13534491640358
FedPPO,7851,39,5.07047341411475
FedPPO,7851,40,5.31067987068383
FedPPO,7851,41,5.25037500305563
FedPPO,7851,42,5.22099478878919
FedPPO,7851,43,5.13226137648586
FedPPO,7851,44,5.21111610627431
FedPPO,7851,45,4.98859587794417
FedPPO,7851,46,5.20458737455373
FedPPO,7851,47,5.17146874589299
FedPPO,7851,48,5.18001429610809
FedPPO,7851,49,5.14485310059579
FedPPO,7851,50,5.08605636508987
FedPPO,7851,51,5.14153648835465
FedPPO,7851,52,5.2898297093123
FedPPO,7851,53,5.06799359407481
FedPPO,7851,54,5.1040321285308
FedPPO,7851,55,5.01505526742501
FedPPO,7851,56,5.30905883720681
FedPPO,7851,57,5.15165836708929
FedPPO,7851,58,5.28333280796651
FedPPO,7851,59,5.12399946700927
FedPPO,7851,60,5.15936143084157
FedPPO,7851,61,5.17286240684557
FedPPO,7851,62,5.21178323727063
FedPPO,7851,63,5.24844217058456
FedPPO,7851,64,5.2847240866712
FedPPO,7851,65,5.18536515960777
FedPPO,7851,66,5.24339458115858
FedPPO,7851,67,5.29117272464298
FedPPO,7851,68,5.25185965170744
FedPPO,7851,69,5.16757339361585
FedPPO,7851,70,5.31393910093369
FedPPO,7851,71,5.27190134931759
FedPPO,7851,72,5.27553529102899
FedPPO,7851,73,5.24257586057256
FedPPO,7851,74,5.20400659887782
FedPPO,7851,75,5.19488650915143
FedPPO,7851,76,5.15775837715577
FedPPO,7851,77,5.30278536849089
FedPPO,7851,78,5.08426824991279
FedPPO,7851,79,5.26435908870302
FedPPO,7851,80,5.23689282931698
FedPPO,7851,81,5.20956016348071
FedPPO,7851,82,5.17094924240406
FedPPO,7851,83,5.19141443546689
FedPPO,7851,84,5.08179171273449
FedPPO,7851,85,5.24440228139613
FedPPO,7851,86,5.2228518383439
FedPPO,7851,87,5.23301446976815
FedPPO,7851,88,5.18443829394388
FedPPO,7851,89,5.24075520122952
FedPPO,7851,90,5.06240467681628
FedPPO,7851,91,5.22191278174799
FedPPO,7851,92,5.14837886811544
FedPPO,7851,93,5.2055141721399
FedPPO,7851,94,5.06688104416688
FedPPO,7851,95,5.33666870153479
FedPPO,7851,96,5.26902990961539
FedPPO,7851,97,5.07886999049454
FedPPO,7851,98,5.16204686952476
FedPPO,7851,99,5.09144190743779
FedPPO,7851,100,5.10166063629221
FedPPO,7851,101,5.09200223648308
FedPPO,7851,102,5.14001780483719
FedPPO,7851,103,5.16145885901669
FedPPO,7851,104,4.98262818471927
FedPPO,7851,105,5.23023526021252
FedPPO,7851,106,5.29097601289305
FedPPO,7851,107,5.22027737303426
FedPPO,7851,108,5.13539750033578
FedPPO,7851,109,5.16555978188989
FedPPO,7851,110,5.31276212361754
FedPPO,7851,111,5.2461130114234
FedPPO,7851,112,5.31269780298676
FedPPO,7851,113,5.11321621255819
FedPPO,7851,114,5.13148304743498
FedPPO,7851,115,5.24009188267109
FedPPO,7851,116,5.14060562480776
FedPPO,7851,117,5.08318045343276
FedPPO,7851,118,5.28271328511112
FedPPO,7851,119,5.23766856474009
FedPPO,7851,120,5.09096783625894
FedPPO,7851,121,5.31896614106883
FedPPO,7851,122,5.15064903152621
FedPPO,7851,123,5.25850291020773
FedPPO,7851,124,5.17161858715499
FedPPO,7851,125,5.2230469826055
FedPPO,7851,126,5.16551030049945
FedPPO,7851,127,5.06982212592896
FedPPO,7851,128,5.29503047758796
FedPPO,7851,129,5.26208613915781
FedPPO,7851,130,5.17392184291679
FedPPO,7851,131,5.09659640514384
FedPPO,7851,132,5.24185388897599
FedPPO,7851,133,5.27092766482104
FedPPO,7851,134,5.23792567512432
FedPPO,7851,135,5.21684245390672
FedPPO,7851,136,5.31296271137443
FedPPO,7851,137,5.20909413990913
FedPPO,7851,138,5.13025746711046
FedPPO,7851,139,5.08277959819557
FedPPO,7851,140,5.14387366093291
FedPPO,7851,141,5.31884458400219
FedPPO,7851,142,5.08679569822119
FedPPO,7851,143,5.1985216304959
FedPPO,7851,144,5.3755231820376
FedPPO,7851,145,5.08001673468018
FedPPO,7851,146,5.18198194022492
FedPPO,7851,147,5.11558997146401
FedPPO,7851,148,5.19988528342653
FedPPO,7851,149,5.05609744508934
FedPPO,7851,150,5.16994715927563
FedPPO,7851,151,5.19395039034583
FedPPO,7851,152,5.19513980390942
FedPPO,7851,153,5.14440817818954
FedPPO,7851,154,5.03502517257152
FedPPO,7851,155,5.28581710514998
FedPPO,7851,156,4.97137708245772
FedPPO,7851,157,5.2129263444264
FedPPO,7851,158,5.20193003604965
FedPPO,7851,159,5.21507095963289
FedPPO,7851,160,5.24939120302302
FedPPO,7851,161,5.18447530688854
FedPPO,7851,162,5.22104861316466
FedPPO,7851,163,5.13050655693302
FedPPO,7851,164,5.25339135642801
FedPPO,7851,165,5.13950678434311
FedPPO,7851,166,5.08732530100654
FedPPO,7851,167,5.03318412363089
FedPPO,7851,168,5.14662209965057
FedPPO,7851,169,5.27464231886324
FedPPO,7851,170,5.22279565855217
FedPPO,7851,171,5.17133680709068
FedPPO,7851,172,5.15432311821328
FedPPO,7851,173,5.21246753944771
FedPPO,7851,174,5.25022741611205
FedPPO,7851,175,5.20794744802661
FedPPO,7851,176,5.02459519484971
FedPPO,7851,177,5.25352201375091
FedPPO,7851,178,5.16429128907372
FedPPO,7851,179,4.88677349436362
FedPPO,7851,180,5.2842025185734
FedPPO,7851,181,5.32041295634824
FedPPO,7851,182,5.27580079403013
FedPPO,7851,183,5.23094087508263
FedPPO,7851,184,5.13589272550269
FedPPO,7851,185,5.20191833394146
FedPPO,7851,186,5.1242615940669
FedPPO,7851,187,5.03494044140539
FedPPO,7851,188,5.02421770852976
FedPPO,7851,189,5.10869682826504
FedPPO,7851,190,5.09875162067803
FedPPO,7851,191,5.23028933577789
FedPPO,7851,192,5.29210328638469
FedPPO,7851,193,5.14241845664219
FedPPO,7851,194,5.06077958085923
FedPPO,7851,195,5.25130379804393
FedPPO,7851,196,5.23113887897951
FedPPO,7851,197,5.28547582905967
FedPPO,7851,198,5.18716881401846
FedPPO,7851,199,5.218270483816
FedPPO,7851,200,5.22333375097167
FedPPO,7851,201,5.19086350943061
FedPPO,7851,202,5.07401874900661
FedPPO,7851,203,5.18227179913142
FedPPO,7851,204,5.41906608428637
FedPPO,7851,205,5.11107573719168
FedPPO,7851,206,5.23412076285293
FedPPO,7851,207,5.07653592193408
FedPPO,7851,208,5.28360321779884
FedPPO,7851,209,5.20826712567139
FedPPO,7851,210,4.99174799759114
FedPPO,7851,211,5.2058818934166
FedPPO,7851,212,5.06848907058209
FedPPO,7851,213,5.30632900422938
FedPPO,7851,214,5.31492908897041
FedPPO,7851,215,5.14035863656879
FedPPO,7851,216,5.24946432248618
FedPPO,7851,217,5.1278033102843
FedPPO,7851,218,5.15191054945822
FedPPO,7851,219,5.15054426057511
FedPPO,7851,220,5.0168088801022
FedPPO,7851,221,5.18621833459886
FedPPO,7851,222,5.06172805666495
FedPPO,7851,223,5.31928907481547
FedPPO,7851,224,5.1020165345895
FedPPO,7851,225,5.18275717380488
FedPPO,7851,226,5.17466484894323
FedPPO,7851,227,5.31295749294712
FedPPO,7851,228,5.15567301009035
FedPPO,7851,229,5.14005490254912
FedPPO,7851,230,5.1598122550639
FedPPO,7851,231,5.2269001139197
FedPPO,7851,232,5.29268254279296
FedPPO,7851,233,4.97969766847268
FedPPO,7851,234,5.18381352563541
FedPPO,7851,235,5.32500327161355
FedPPO,7851,236,5.24329518704316
FedPPO,7851,237,5.17428629915814
FedPPO,7851,238,5.1340810997558
FedPPO,7851,239,5.0021338334948
FedPPO,7851,240,5.11140007930198
FedPPO,7851,241,5.28181790054899
FedPPO,7851,242,5.09835289920798
FedPPO,7851,243,5.3027865900652
FedPPO,7851,244,5.09092821504065
FedPPO,7851,245,5.18992741884357
FedPPO,7851,246,5.12309833068287
FedPPO,7851,247,5.14366124756249
FedPPO,7851,248,5.15320113067764
FedPPO,7851,249,5.22899988336602
FedPPO,7851,250,5.29463177115274
FedPPO,7851,251,5.0540088188771
FedPPO,7851,252,5.36139188878425
FedPPO,7851,253,5.22296289957522
FedPPO,7851,254,5.22302333465407
FedPPO,7851,255,5.28863284539725
FedPPO,7851,256,5.34016479174171
FedPPO,7851,257,5.08523567517345
FedPPO,7851,258,5.13634818971905
FedPPO,7851,259,5.15241322468525
FedPPO,7851,260,5.29901364871719
FedPPO,7851,261,5.1312502095875
FedPPO,7851,262,5.18752090740732
FedPPO,7851,263,5.08335880321416
FedPPO,7851,264,5.24344292699889
FedPPO,7851,265,5.19564872844746
FedPPO,7851,266,5.20145645544918
FedPPO,7851,267,5.10553230838908
FedPPO,7851,268,5.18651705009869
FedPPO,7851,269,5.16181712378963
FedPPO,7851,270,5.13940578831415
FedPPO,7851,271,5.25323448397281
FedPPO,7851,272,5.21046269380498
FedPPO,7851,273,5.20039891635416
FedPPO,7851,274,5.06863773907013
FedPPO,7851,275,5.22196026433269
FedPPO,7851,276,5.15934841959415
FedPPO,7851,277,5.22320666332007
FedPPO,7851,278,5.3030175895356
FedPPO,7851,279,5.08494475043297
FedPPO,7851,280,5.10482555836623
FedPPO,7851,281,5.26926753157758
FedPPO,7851,282,5.16546129740504
FedPPO,7851,283,5.30282198423641
FedPPO,7851,284,5.21438669766917
FedPPO,7851,285,5.40934084220892
FedPPO,7851,286,5.17632583690639
FedPPO,7851,287,5.1852760595155
FedPPO,7851,288,5.21423942398457
FedPPO,7851,289,5.18930370006922
FedPPO,7851,290,5.15003493732264
FedPPO,7851,291,5.16550584684786
FedPPO,7851,292,5.16901785884941
FedPPO,7851,293,5.29176889027065
FedPPO,7851,294,5.12015157506491
FedPPO,7851,295,5.013001268129
FedPPO,7851,296,5.23583905235476
FedPPO,7851,297,5.24816630615053
FedPPO,7851,298,5.20764628178188
FedPPO,7851,299,5.18709896986568
FedPPO,7851,300,5.18104449291089
FedPPO,7851,301,5.17431703619019
FedPPO,7851,302,5.14842894801523
FedPPO,7851,303,5.2229296203451
FedPPO,7851,304,5.16118216013543
FedPPO,7851,305,5.14248004207803
FedPPO,7851,306,5.11670980697518
FedPPO,7851,307,5.15244713148945
FedPPO,7851,308,5.18062658349573
FedPPO,7851,309,5.11054458319907
FedPPO,7851,310,5.37729683131932
FedPPO,7851,311,4.98569023271994
FedPPO,7851,312,5.13195532515899
FedPPO,7851,313,5.34423014002115
FedPPO,7851,314,5.28492508272593
FedPPO,7851,315,5.30596652664361
FedPPO,7851,316,5.05570950726025
FedPPO,7851,317,5.12036732893878
FedPPO,7851,318,5.23921053671002
FedPPO,7851,319,5.23580215213167
FedPPO,7851,320,5.19373198059662
FedPPO,7851,321,5.16739774161351
FedPPO,7851,322,5.20301924278241
FedPPO,7851,323,5.28236674253213
FedPPO,7851,324,5.1563760126298
FedPPO,7851,325,5.16539948043437
FedPPO,7851,326,5.17671725564603
FedPPO,7851,327,5.13020552705858
FedPPO,7851,328,5.13755471485982
FedPPO,7851,329,5.16190866493386
FedPPO,7851,330,5.15743822453218
FedPPO,7851,331,5.11960696023232
FedPPO,7851,332,5.14811319190761
FedPPO,7851,333,5.14703336614786
FedPPO,7851,334,5.26654076190304
FedPPO,7851,335,5.10290729629146
FedPPO,7851,336,5.27982963649008
FedPPO,7851,337,5.07859274296691
FedPPO,7851,338,5.13558738394135
FedPPO,7851,339,5.17859006041398
FedPPO,7851,340,5.30257498276824
FedPPO,7851,341,5.15327657823004
FedPPO,7851,342,5.029119193205
FedPPO,7851,343,5.24757296731769
FedPPO,7851,344,5.29140868676317
FedPPO,7851,345,5.20275431136898
FedPPO,7851,346,5.08956918709067
FedPPO,7851,347,5.09993354640946
FedPPO,7851,348,5.17629988480128
FedPPO,7851,349,5.28406035851457
FedPPO,7851,350,5.21016155557253
FedPPO,7851,351,5.17584682177316
FedPPO,7851,352,5.1898483701534
FedPPO,7851,353,5.16750156520127
FedPPO,7851,354,5.15959779915765
FedPPO,7851,355,5.2662571633394
FedPPO,7851,356,5.1589957651015
FedPPO,7851,357,5.05623736436803
FedPPO,7851,358,5.04933062839736
FedPPO,7851,359,5.12935261993674
FedPPO,7851,360,5.31241713306103
FedPPO,7851,361,5.17680263086127
FedPPO,7851,362,5.22015738200329
FedPPO,7851,363,5.16913471255082
FedPPO,7851,364,5.26524672578438
FedPPO,7851,365,5.12257636669218
FedPPO,7851,366,5.38657863235631
FedPPO,7851,367,5.19650118486229
FedPPO,7851,368,5.05829152498996
FedPPO,7851,369,5.25961155950442
FedPPO,7851,370,5.3204003810817
FedPPO,7851,371,5.2060095666536
FedPPO,7851,372,5.18289115407323
FedPPO,7851,373,5.04576841295017
FedPPO,7851,374,5.22682518443105
FedPPO,7851,375,5.02094882096593
FedPPO,7851,376,5.04738214962242
FedPPO,7851,377,5.22237759585776
FedPPO,7851,378,5.08116669730961
FedPPO,7851,379,5.1679340006068
FedPPO,7851,380,5.16803950220232
FedPPO,7851,381,5.17140144181848
FedPPO,7851,382,5.04779335517788
FedPPO,7851,383,5.19085259179037
FedPPO,7851,384,5.09703606484413
FedPPO,7851,385,5.16970820586535
FedPPO,7851,386,5.31437935983675
FedPPO,7851,387,5.05559057484585
FedPPO,7851,388,5.16551988517009
FedPPO,7851,389,5.09899245142769
FedPPO,7851,390,5.22449545996119
FedPPO,7851,391,5.24552815564788
FedPPO,7851,392,5.17882482939853
FedPPO,7851,393,5.27071513863699
FedPPO,7851,394,5.07186822501667
FedPPO,7851,395,5.33068646785903
FedPPO,7851,396,5.03929003577778
FedPPO,7851,397,5.16407841128754
FedPPO,7851,398,5.17275329795926
FedPPO,7851,399,5.20942048296623
FedPPO,7851,400,5.17370895252401
JIT-APFRL,3407,1,3.92193025871901
JIT-APFRL,3407,2,3.75255121274991
JIT-APFRL,3407,3,3.99473625000196
JIT-APFRL,3407,4,4.06773509692784
JIT-APFRL,3407,5,4.20032406560546
JIT-APFRL,3407,6,4.11303649537558
JIT-APFRL,3407,7,3.89063508035195
JIT-APFRL,3407,8,4.30093599410885
JIT-APFRL,3407,9,3.83768724783568
JIT-APFRL,3407,10,4.12124477699884
JIT-APFRL,3407,11,4.32680313074843
JIT-APFRL,3407,12,4.27409239342874
JIT-APFRL,3407,13,4.01555547126317
JIT-APFRL,3407,14,3.91999361438453
JIT-APFRL,3407,15,4.19869787191462
JIT-APFRL,3407,16,3.97619109878318
JIT-APFRL,3407,17,4.10809400636289
JIT-APFRL,3407,18,4.1181528017024
JIT-APFRL,3407,19,4.21850437232771
JIT-APFRL,3407,20,4.14987288540275
JIT-APFRL,3407,21,4.26832007701094
JIT-APFRL,3407,22,4.16546036427408
JIT-APFRL,3407,23,4.00930797164179
JIT-APFRL,3407,24,4.27608170223982
JIT-APFRL,3407,25,4.38380110397977
JIT-APFRL,3407,26,4.00082732317456
JIT-APFRL,3407,27,4.19565444604693
JIT-APFRL,3407,28,3.99876889271017
JIT-APFRL,3407,29,4.07274649819834
JIT-APFRL,3407,30,4.12063069754151
JIT-APFRL,3407,31,4.41595587097286
JIT-APFRL,3407,32,3.81049628287019
JIT-APFRL,3407,33,4.2633437529499
JIT-APFRL,3407,34,4.32299220878236
JIT-APFRL,3407,35,4.11053413924407
JIT-APFRL,3407,36,4.27075270101528
JIT-APFRL,3407,37,4.10324785241038
JIT-APFRL,3407,38,4.10510701681932
JIT-APFRL,3407,39,4.00815369407705
JIT-APFRL,3407,40,4.34706822594131
JIT-APFRL,3407,41,4.18154412239304
JIT-APFRL,3407,42,4.14365122727849
JIT-APFRL,3407,43,4.10517822830087
JIT-APFRL,3407,44,3.91238363990514
JIT-APFRL,3407,45,4.27025511878654
JIT-APFRL,3407,46,4.04859433333139
JIT-APFRL,3407,47,4.2336120575898
JIT-APFRL,3407,48,4.62917540955511
JIT-APFRL,3407,49,4.24246392843284
JIT-APFRL,3407,50,4.31729842410186
JIT-APFRL,3407,51,4.32129759710817
JIT-APFRL,3407,52,4.303541410505
JIT-APFRL,3407,53,4.38771253047719
JIT-APFRL,3407,54,4.15030677890827
JIT-APFRL,3407,55,4.29913173193764
JIT-APFRL,3407,56,4.21636932150954
JIT-APFRL,3407,57,4.25224859218946
JIT-APFRL,3407,58,4.09128611717938
JIT-APFRL,3407,59,4.24471830527304
JIT-APFRL,3407,60,4.48088681258616
JIT-APFRL,3407,61,4.4495293707043
JIT-APFRL,3407,62,4.24726896801234
JIT-APFRL,3407,63,4.46483178411617
JIT-APFRL,3407,64,4.39016659883062
JIT-APFRL,3407,65,4.26968364519818
JIT-APFRL,3407,66,4.0565214843934
JIT-APFRL,3407,67,4.52808075648526
JIT-APFRL,3407,68,4.23847712691095
JIT-APFRL,3407,69,4.24769635379375
JIT-APFRL,3407,70,4.51318081706384
JIT-APFRL,3407,71,4.60696062101787
JIT-APFRL,3407,72,4.18735158672604
JIT-APFRL,3407,73,4.62254074215255
JIT-APFRL,3407,74,4.1735972443387
JIT-APFRL,3407,75,4.42295434919582
JIT-APFRL,3407,76,4.14586620446795
JIT-APFRL,3407,77,4.40746824831778
JIT-APFRL,3407,78,4.53657380875611
JIT-APFRL,3407,79,4.32708287002865
JIT-APFRL,3407,80,4.4715851291108
JIT-APFRL,3407,81,4.39840917449633
JIT-APFRL,3407,82,4.31469671108397
JIT-APFRL,3407,83,4.55142042486254
JIT-APFRL,3407,84,4.6099203794913
JIT-APFRL,3407,85,4.66248736958704
JIT-APFRL,3407,86,4.54772849263018
JIT-APFRL,3407,87,4.48964160444511
JIT-APFRL,3407,88,4.59109728532442
JIT-APFRL,3407,89,4.51558221051462
JIT-APFRL,3407,90,4.65434923753738
JIT-APFRL,3407,91,4.68320406296008
JIT-APFRL,3407,92,4.40768984213366
JIT-APFRL,3407,93,4.50519471802188
JIT-APFRL,3407,94,4.57596591129838
JIT-APFRL,3407,95,4.28561151162503
JIT-APFRL,3407,96,4.66408720263474
JIT-APFRL,3407,97,4.60545801872195
JIT-APFRL,3407,98,4.78085267046369
JIT-APFRL,3407,99,4.62722204967447
JIT-APFRL,3407,100,4.49233002970357
JIT-APFRL,3407,101,4.38539472874062
JIT-APFRL,3407,102,4.78298339496697
JIT-APFRL,3407,103,4.60733834659403
JIT-APFRL,3407,104,4.58403349138835
JIT-APFRL,3407,105,4.56046608076519
JIT-APFRL,3407,106,4.69022931939558
JIT-APFRL,3407,107,4.76182785757613
JIT-APFRL,3407,108,4.3994099666708
JIT-APFRL,3407,109,4.62866324506931
JIT-APFRL,3407,110,4.97009785911806
JIT-APFRL,3407,111,4.67117923822804
JIT-APFRL,3407,112,4.52450681261521
JIT-APFRL,3407,113,4.53617317734144
JIT-APFRL,3407,114,4.84095073183966
JIT-APFRL,3407,115,4.84361716357128
JIT-APFRL,3407,116,4.84350406169775
JIT-APFRL,3407,117,5.00071705007959
JIT-APFRL,3407,118,4.90904547956215
JIT-APFRL,3407,119,4.49626622724676
JIT-APFRL,3407,120,4.75239490794911
JIT-APFRL,3407,121,4.78442821568463
JIT-APFRL,3407,122,4.77838635485251
JIT-APFRL,3407,123,4.68299917993447
JIT-APFRL,3407,124,4.70865991350315
JIT-APFRL,3407,125,4.93436402261467
JIT-APFRL,3407,126,4.91543733862569
JIT-APFRL,3407,127,5.03705661740671
JIT-APFRL,3407,128,4.81252320242554
JIT-APFRL,3407,129,4.882463920176
JIT-APFRL,3407,130,4.95115855601608
JIT-APFRL,3407,131,4.62147865609677
JIT-APFRL,3407,132,4.85715595766404
JIT-APFRL,3407,133,4.8292138489918
JIT-APFRL,3407,134,4.91877526961396
JIT-APFRL,3407,135,4.7738132635816
JIT-APFRL,3407,136,4.71012770512464
JIT-APFRL,3407,137,5.11085966811282
JIT-APFRL,3407,138,5.03391692977166
JIT-APFRL,3407,139,4.56898162123741
JIT-APFRL,3407,140,4.85914020198578
JIT-APFRL,3407,141,4.99279818915254
JIT-APFRL,3407,142,4.90017680871847
JIT-APFRL,3407,143,4.86995392394137
JIT-APFRL,3407,144,5.0464840093811
JIT-APFRL,3407,145,5.07804796341896
JIT-APFRL,3407,146,5.03267299518065
JIT-APFRL,3407,147,4.9172937106456
JIT-APFRL,3407,148,4.92596018679749
JIT-APFRL,3407,149,4.86558057064041
JIT-APFRL,3407,150,4.97031682843167
JIT-APFRL,3407,151,4.48933159712817
JIT-APFRL,3407,152,4.89672677614188
JIT-APFRL,3407,153,4.91051082984939
JIT-APFRL,3407,154,4.91241161447837
JIT-APFRL,3407,155,5.02443205976988
JIT-APFRL,3407,156,4.96397930352883
JIT-APFRL,3407,157,5.01852263653241
JIT-APFRL,3407,158,4.97505571867485
JIT-APFRL,3407,159,4.97952214323193
JIT-APFRL,3407,160,4.84945664681867
JIT-APFRL,3407,161,4.88003222675544
JIT-APFRL,3407,162,5.13302998631098
JIT-APFRL,3407,163,4.97887446261925
JIT-APFRL,3407,164,4.94194230173175
JIT-APFRL,3407,165,4.88318357177285
JIT-APFRL,3407,166,5.02389275610473
JIT-APFRL,3407,167,4.99431726557271
JIT-APFRL,3407,168,4.83631899116319
JIT-APFRL,3407,169,5.04631842678009
JIT-APFRL,3407,170,4.87025371598666
JIT-APFRL,3407,171,5.039654406516
JIT-APFRL,3407,172,4.91492493596872
JIT-APFRL,3407,173,4.83905911821349
JIT-APFRL,3407,174,5.05607134797514
JIT-APFRL,3407,175,5.04271501711293
JIT-APFRL,3407,176,5.12310648256951
JIT-APFRL,3407,177,4.78044956852105
JIT-APFRL,3407,178,5.01355203077718
JIT-APFRL,3407,179,4.85088285340801
JIT-APFRL,3407,180,5.00806867335773
JIT-APFRL,3407,181,4.80914279327062
JIT-APFRL,3407,182,4.84653481790855
JIT-APFRL,3407,183,4.94879396998221
JIT-APFRL,3407,184,4.98605775443345
JIT-APFRL,3407,185,5.05320300004358
JIT-APFRL,3407,186,4.87978481618216
JIT-APFRL,3407,187,5.147498607638
JIT-APFRL,3407,188,5.01644788086614
JIT-APFRL,3407,189,5.01422966989435
JIT-APFRL,3407,190,5.12870923600761
JIT-APFRL,3407,191,5.10019778293348
JIT-APFRL,3407,192,4.99374925946672
JIT-APFRL,3407,193,4.90398774443929
JIT-APFRL,3407,194,5.19999494071751
JIT-APFRL,3407,195,4.93621136447792
JIT-APFRL,3407,196,4.9432557615323
JIT-APFRL,3407,197,4.91601141562004
JIT-APFRL,3407,198,4.85932274454779
JIT-APFRL,3407,199,5.08908952358444
JIT-APFRL,3407,200,4.89801271403057
JIT-APFRL,3407,201,4.92454783612263
JIT-APFRL,3407,202,5.02618618190526
JIT-APFRL,3407,203,5.06156241955224
JIT-APFRL,3407,204,4.95778297622599
JIT-APFRL,3407,205,4.91250804023742
JIT-APFRL,3407,206,5.00212245907224
JIT-APFRL,3407,207,5.0676700611964
JIT-APFRL,3407,208,5.08956126593244
JIT-APFRL,3407,209,4.81056582528167
JIT-APFRL,3407,210,4.98582418479725
JIT-APFRL,3407,211,5.10645934983137
JIT-APFRL,3407,212,4.83343244565588
JIT-APFRL,3407,213,5.01792455730319
JIT-APFRL,3407,214,5.00870900789738
JIT-APFRL,3407,215,5.01085863699643
JIT-APFRL,3407,216,5.02255580318673
JIT-APFRL,3407,217,5.04872409778875
JIT-APFRL,3407,218,4.93591586137965
JIT-APFRL,3407,219,4.98858613196895
JIT-APFRL,3407,220,5.09515687167685
JIT-APFRL,3407,221,4.90596698580138
JIT-APFRL,3407,222,5.01322039726862
JIT-APFRL,3407,223,4.9430459066034
JIT-APFRL,3407,224,5.11565030117619
JIT-APFRL,3407,225,5.07233193107787
JIT-APFRL,3407,226,4.98471233299866
JIT-APFRL,3407,227,5.11562595364237
JIT-APFRL,3407,228,5.2134529941464
JIT-APFRL,3407,229,4.96192949095319
JIT-APFRL,3407,230,4.86866711846589
JIT-APFRL,3407,231,5.10355927797882
JIT-APFRL,3407,232,5.06849231578158
JIT-APFRL,3407,233,4.87271933251868
JIT-APFRL,3407,234,5.07521019830343
JIT-APFRL,3407,235,5.15160809775663
JIT-APFRL,3407,236,4.87874734709738
JIT-APFRL,3407,237,4.9255041573759
JIT-APFRL,3407,238,4.98722169721344
JIT-APFRL,3407,239,5.06275226468942
JIT-APFRL,3407,240,5.01684245311226
JIT-APFRL,3407,241,5.02837953161563
JIT-APFRL,3407,242,5.07596327897887
JIT-APFRL,3407,243,5.09665457286027
JIT-APFRL,3407,244,5.10525729538224
JIT-APFRL,3407,245,5.13046250689468
JIT-APFRL,3407,246,4.89888830562595
JIT-APFRL,3407,247,4.89098614739408
JIT-APFRL,3407,248,5.20421798254627
JIT-APFRL,3407,249,4.97212448651028
JIT-APFRL,3407,250,5.15446873730483
JIT-APFRL,3407,251,5.11108096496053
JIT-APFRL,3407,252,5.07095472913229
JIT-APFRL,3407,253,5.12057050356664
JIT-APFRL,3407,254,5.01444203039046
JIT-APFRL,3407,255,4.96886377632908
JIT-APFRL,3407,256,5.09399200570465
JIT-APFRL,3407,257,4.91034964777788
JIT-APFRL,3407,258,5.15952952509398
JIT-APFRL,3407,259,5.05122082363023
JIT-APFRL,3407,260,5.05196207152742
JIT-APFRL,3407,261,5.10694487254138
JIT-APFRL,3407,262,5.05037494738626
JIT-APFRL,3407,263,5.03090265566237
JIT-APFRL,3407,264,5.12211491386066
JIT-APFRL,3407,265,5.18890774552085
JIT-APFRL,3407,266,5.17520469947297
JIT-APFRL,3407,267,5.11015256456978
JIT-APFRL,3407,268,4.91235531674994
JIT-APFRL,3407,269,5.13834315385371
JIT-APFRL,3407,270,5.08476119261459
JIT-APFRL,3407,271,5.06618125465185
JIT-APFRL,3407,272,5.00727305983618
JIT-APFRL,3407,273,5.11546147264183
JIT-APFRL,3407,274,5.00256459069872
JIT-APFRL,3407,275,5.25801032186444
JIT-APFRL,3407,276,5.07214558159457
JIT-APFRL,3407,277,5.11525002453221
JIT-APFRL,3407,278,5.25622818581007
JIT-APFRL,3407,279,5.06187728396041
JIT-APFRL,3407,280,4.8187409111506
JIT-APFRL,3407,281,4.99112682898278
JIT-APFRL,3407,282,5.0446820405306
JIT-APFRL,3407,283,5.14953426079507
JIT-APFRL,3407,284,5.04652931034677
JIT-APFRL,3407,285,5.09529282601163
JIT-APFRL,3407,286,5.22794854970899
JIT-APFRL,3407,287,5.07828127354404
JIT-APFRL,3407,288,5.21413611216958
JIT-APFRL,3407,289,5.05166232067006
JIT-APFRL,3407,290,5.10126438931335
JIT-APFRL,3407,291,5.12197937434464
JIT-APFRL,3407,292,5.10874432004364
JIT-APFRL,3407,293,5.02701701196389
JIT-APFRL,3407,294,5.20210544240459
JIT-APFRL,3407,295,5.09893167225167
JIT-APFRL,3407,296,5.21198810280277
JIT-APFRL,3407,297,5.16594211968648
JIT-APFRL,3407,298,5.01116737631252
JIT-APFRL,3407,299,4.84034312400526
JIT-APFRL,3407,300,5.01241228312777
JIT-APFRL,3407,301,5.05783925819895
JIT-APFRL,3407,302,5.26937783518755
JIT-APFRL,3407,303,5.08768760476617
JIT-APFRL,3407,304,5.00648422788152
JIT-APFRL,3407,305,5.22289466896522
JIT-APFRL,3407,306,4.91700361754573
JIT-APFRL,3407,307,5.11016946887449
JIT-APFRL,3407,308,5.0383914716502
JIT-APFRL,3407,309,5.05063545277034
JIT-APFRL,3407,310,5.08337894818129
JIT-APFRL,3407,311,5.1147517292689
JIT-APFRL,3407,312,5.03494366589468
JIT-APFRL,3407,313,5.10827981083452
JIT-APFRL,3407,314,5.07529695311777
JIT-APFRL,3407,315,5.08400463389582
JIT-APFRL,3407,316,5.07043906382909
JIT-APFRL,3407,317,4.98074901376662
JIT-APFRL,3407,318,5.07730484888159
JIT-APFRL,3407,319,5.21606739544047
JIT-APFRL,3407,320,5.05975669343493
JIT-APFRL,3407,321,5.13383025652424
JIT-APFRL,3407,322,5.14662358678525
JIT-APFRL,3407,323,5.01867815112919
JIT-APFRL,3407,324,5.11265975530578
JIT-APFRL,3407,325,5.06746861059341
JIT-APFRL,3407,326,5.09484498454806
JIT-APFRL,3407,327,5.05282337895314
JIT-APFRL,3407,328,5.07749080859438
JIT-APFRL,3407,329,5.08599167490922
JIT-APFRL,3407,330,5.21231441666696
JIT-APFRL,3407,331,5.11483997339718
JIT-APFRL,3407,332,5.06073979858318
JIT-APFRL,3407,333,5.19360357128924
JIT-APFRL,3407,334,5.14825034172253
JIT-APFRL,3407,335,5.23849660513074
JIT-APFRL,3407,336,5.08355892953782
JIT-APFRL,3407,337,5.06429459264803
JIT-APFRL,3407,338,5.13863345518955
JIT-APFRL,3407,339,5.23362553238865
JIT-APFRL,3407,340,4.95595482975795
JIT-APFRL,3407,341,5.11212434677303
JIT-APFRL,3407,342,5.21634169999633
JIT-APFRL,3407,343,5.12733429122315
JIT-APFRL,3407,344,5.14803691553478
JIT-APFRL,3407,345,5.25277069120111
JIT-APFRL,3407,346,5.06304276704769
JIT-APFRL,3407,347,5.08603523401809
JIT-APFRL,3407,348,5.26103175211557
JIT-APFRL,3407,349,5.21350312209558
JIT-APFRL,3407,350,5.00083665688525
JIT-APFRL,3407,351,5.1606001309881
JIT-APFRL,3407,352,5.1620286298584
JIT-APFRL,3407,353,5.19479928947694
JIT-APFRL,3407,354,4.96665791328549
JIT-APFRL,3407,355,5.05433336853209
JIT-APFRL,3407,356,5.16720280799731
JIT-APFRL,3407,357,5.03675686226205
JIT-APFRL,3407,358,5.17529121886883
JIT-APFRL,3407,359,5.09457953673915
JIT-APFRL,3407,360,5.230610665635
JIT-APFRL,3407,361,5.040835728759
JIT-APFRL,3407,362,5.11810649520936
JIT-APFRL,3407,363,5.17254285739183
JIT-APFRL,3407,364,5.30352160846883
JIT-APFRL,3407,365,5.27614302635141
JIT-APFRL,3407,366,5.08351956871505
JIT-APFRL,3407,367,5.3308523042245
JIT-APFRL,3407,368,5.15666784349226
JIT-APFRL,3407,369,4.9806483222725
JIT-APFRL,3407,370,5.33154782700214
JIT-APFRL,3407,371,5.30672236287551
JIT-APFRL,3407,372,5.1501564819817
JIT-APFRL,3407,373,5.22137325687077
JIT-APFRL,3407,374,5.06483962602061
JIT-APFRL,3407,375,5.29367054986266
JIT-APFRL,3407,376,5.07548243428032
JIT-APFRL,3407,377,5.15426839940344
JIT-APFRL,3407,378,5.10197736346861
JIT-APFRL,3407,379,5.00666392413421
JIT-APFRL,3407,380,5.10141106017193
JIT-APFRL,3407,381,5.01000757191902
JIT-APFRL,3407,382,5.15081279698475
JIT-APFRL,3407,383,5.11409596151572
JIT-APFRL,3407,384,5.05096997476439
JIT-APFRL,3407,385,5.20267375767006
JIT-APFRL,3407,386,5.30552891079336
JIT-APFRL,3407,387,5.09079714446005
JIT-APFRL,3407,388,5.01194198248827
JIT-APFRL,3407,389,5.11482854382177
JIT-APFRL,3407,390,5.17962769725856
JIT-APFRL,3407,391,5.13457222745057
JIT-APFRL,3407,392,5.03360582397695
JIT-APFRL,3407,393,5.03457921083175
JIT-APFRL,3407,394,5.09228223491353
JIT-APFRL,3407,395,5.14978892820974
JIT-APFRL,3407,396,5.20036072538959
JIT-APFRL,3407,397,5.14260254530475
JIT-APFRL,3407,398,5.24728429834016
JIT-APFRL,3407,399,5.19181166000034
JIT-APFRL,3407,400,5.09956964646972
JIT-APFRL,4518,1,3.86567457004934
JIT-APFRL,4518,2,4.11560159292401
JIT-APFRL,4518,3,3.96464345993213
JIT-APFRL,4518,4,4.2399938078451
JIT-APFRL,4518,5,4.06406984551227
JIT-APFRL,4518,6,3.82394832280023
JIT-APFRL,4518,7,4.3890885525303
JIT-APFRL,4518,8,4.1886316701665
JIT-APFRL,4518,9,3.98253948669809
JIT-APFRL,4518,10,4.14057587971976
JIT-APFRL,4518,11,4.03445208005611
JIT-APFRL,4518,12,3.82601100205036
JIT-APFRL,4518,13,3.95253052724233
JIT-APFRL,4518,14,4.04411130318697
JIT-APFRL,4518,15,4.19268945407517
JIT-APFRL,4518,16,3.84355456966514
JIT-APFRL,4518,17,3.9396921773488
JIT-APFRL,4518,18,4.09800875577694
JIT-APFRL,4518,19,3.88404804780069
JIT-APFRL,4518,20,3.72802577513315
JIT-APFRL,4518,21,4.1928147554294
JIT-APFRL,4518,22,3.99307219283836
JIT-APFRL,4518,23,4.13298852741071
JIT-APFRL,4518,24,4.00758590932094
JIT-APFRL,4518,25,4.00449354400257
JIT-APFRL,4518,26,4.26964378762527
JIT-APFRL,4518,27,3.9545119627309
JIT-APFRL,4518,28,4.12844765452324
JIT-APFRL,4518,29,4.01866940052571
JIT-APFRL,4518,30,3.95009328528627
JIT-APFRL,4518,31,3.73436830330856
JIT-APFRL,4518,32,4.22771252008759
JIT-APFRL,4518,33,4.27081423725217
JIT-APFRL,4518,34,4.04029000705307
JIT-APFRL,4518,35,3.80184529184037
JIT-APFRL,4518,36,3.9520305753559
JIT-APFRL,4518,37,3.9524486755271
JIT-APFRL,4518,38,4.05672584391065
JIT-APFRL,4518,39,4.16064863975756
JIT-APFRL,4518,40,4.02707909702781
JIT-APFRL,4518,41,3.94019006458856
JIT-APFRL,4518,42,4.03757033336972
JIT-APFRL,4518,43,4.36971223799714
JIT-APFRL,4518,44,4.20144750405562
JIT-APFRL,4518,45,4.08995005637588
JIT-APFRL,4518,46,4.36043959081562
JIT-APFRL,4518,47,4.219505659106
JIT-APFRL,4518,48,3.9407647059841
JIT-APFRL,4518,49,4.23615123589537
JIT-APFRL,4518,50,4.40135972965029
JIT-APFRL,4518,51,4.36068694488978
JIT-APFRL,4518,52,3.84958354454876
JIT-APFRL,4518,53,4.07444936731473
JIT-APFRL,4518,54,4.39521019264225
JIT-APFRL,4518,55,4.00965442923133
JIT-APFRL,4518,56,3.93699852697133
JIT-APFRL,4518,57,4.20821069602721
JIT-APFRL,4518,58,3.93306672735597
JIT-APFRL,4518,59,4.19201227636113
JIT-APFRL,4518,60,4.19775392403996
JIT-APFRL,4518,61,4.09565884373272
JIT-APFRL,4518,62,4.44752521273958
JIT-APFRL,4518,63,4.2620183090322
JIT-APFRL,4518,64,4.01685313111067
JIT-APFRL,4518,65,4.32263050633646
JIT-APFRL,4518,66,4.45184672979155
JIT-APFRL,4518,67,4.39405339703893
JIT-APFRL,4518,68,4.13204466727904
JIT-APFRL,4518,69,4.29910002695276
JIT-APFRL,4518,70,4.15130400128179
JIT-APFRL,4518,71,4.07402790873247
JIT-APFRL,4518,72,4.34801573349598
JIT-APFRL,4518,73,4.10670983380352
JIT-APFRL,4518,74,4.30187949574476
JIT-APFRL,4518,75,4.44822457284509
JIT-APFRL,4518,76,4.05041077657871
JIT-APFRL,4518,77,4.15023391076604
JIT-APFRL,4518,78,4.13934353533977
JIT-APFRL,4518,79,4.41464386096808
JIT-APFRL,4518,80,4.41911315585651
JIT-APFRL,4518,81,4.48424225953725
JIT-APFRL,4518,82,4.57890163445428
JIT-APFRL,4518,83,4.44842902661591
JIT-APFRL,4518,84,4.52862027045114
JIT-APFRL,4518,85,4.56710225732659
JIT-APFRL,4518,86,4.0757291989029
JIT-APFRL,4518,87,4.71012262071413
JIT-APFRL,4518,88,4.64292717976036
JIT-APFRL,4518,89,4.28750641156744
JIT-APFRL,4518,90,4.74127596309764
JIT-APFRL,4518,91,4.62687356185323
JIT-APFRL,4518,92,4.4672566218964
JIT-APFRL,4518,93,4.55236824581768
JIT-APFRL,4518,94,4.4965760787503
JIT-APFRL,4518,95,4.63079506361004
JIT-APFRL,4518,96,4.69310330891783
JIT-APFRL,4518,97,4.75200699985349
JIT-APFRL,4518,98,4.5972222059619
JIT-APFRL,4518,99,4.58032238765171
JIT-APFRL,4518,100,4.46222033039205
JIT-APFRL,4518,101,4.59728736533474
JIT-APFRL,4518,102,4.48992087193405
JIT-APFRL,4518,103,4.59536793812172
JIT-APFRL,4518,104,4.60262070895281
JIT-APFRL,4518,105,4.80437177150308
JIT-APFRL,4518,106,4.57067688212543
JIT-APFRL,4518,107,4.53034184959164
JIT-APFRL,4518,108,4.8520877725601
JIT-APFRL,4518,109,4.75749104024827
JIT-APFRL,4518,110,4.74257913847557
JIT-APFRL,4518,111,4.78193347785921
JIT-APFRL,4518,112,4.7644335484755
JIT-APFRL,4518,113,4.59298071345848
JIT-APFRL,4518,114,4.63916748423702
JIT-APFRL,4518,115,4.63602799850488
JIT-APFRL,4518,116,4.85940984751256
JIT-APFRL,4518,117,4.65344922379019
JIT-APFRL,4518,118,4.58969839807171
JIT-APFRL,4518,119,4.54425733935169
JIT-APFRL,4518,120,4.97012492086366
JIT-APFRL,4518,121,4.86216279932956
JIT-APFRL,4518,122,4.83288816920364
JIT-APFRL,4518,123,4.93480483170208
JIT-APFRL,4518,124,4.70506638192513
JIT-APFRL,4518,125,4.64927135813208
JIT-APFRL,4518,126,4.72164344018025
JIT-APFRL,4518,127,4.79190718089905
JIT-APFRL,4518,128,4.69511765335252
JIT-APFRL,4518,129,4.86244365023078
JIT-APFRL,4518,130,4.9711161733048
JIT-APFRL,4518,131,4.83033832460667
JIT-APFRL,4518,132,5.03170609144381
JIT-APFRL,4518,133,5.0318465382702
JIT-APFRL,4518,134,4.9733102308273
JIT-APFRL,4518,135,5.0030596997914
JIT-APFRL,4518,136,4.98042665731714
JIT-APFRL,4518,137,4.90208395709511
JIT-APFRL,4518,138,5.04702204911007
JIT-APFRL,4518,139,4.84404431137009
JIT-APFRL,4518,140,4.78906313860911
JIT-APFRL,4518,141,4.99825845272171
JIT-APFRL,4518,142,4.96705283326424
JIT-APFRL,4518,143,4.75775317134876
JIT-APFRL,4518,144,4.88194354854083
JIT-APFRL,4518,145,4.9189543007839
JIT-APFRL,4518,146,5.07102678296221
JIT-APFRL,4518,147,4.83386408588418
JIT-APFRL,4518,148,5.09464721508914
JIT-APFRL,4518,149,5.03525063075061
JIT-APFRL,4518,150,5.07989923650131
JIT-APFRL,4518,151,4.9283261440014
JIT-APFRL,4518,152,4.96204876437206
JIT-APFRL,4518,153,4.87021579665142
JIT-APFRL,4518,154,5.01927817480704
JIT-APFRL,4518,155,4.93726034700214
JIT-APFRL,4518,156,5.06338675623266
JIT-APFRL,4518,157,4.86349045326705
JIT-APFRL,4518,158,5.02582731854815
JIT-APFRL,4518,159,5.24073682181032
JIT-APFRL,4518,160,5.00331700797673
JIT-APFRL,4518,161,5.11229309962592
JIT-APFRL,4518,162,5.03110364992623
JIT-APFRL,4518,163,4.86752090751533
JIT-APFRL,4518,164,5.01667965943093
JIT-APFRL,4518,165,4.82207295169486
JIT-APFRL,4518,166,4.96867120898472
JIT-APFRL,4518,167,4.8368299215791
JIT-APFRL,4518,168,4.86193013176228
JIT-APFRL,4518,169,5.25203024715836
JIT-APFRL,4518,170,5.20027663047598
JIT-APFRL,4518,171,4.99411861322617
JIT-APFRL,4518,172,5.20558418379487
JIT-APFRL,4518,173,4.96666085470661
JIT-APFRL,4518,174,5.00927185512614
JIT-APFRL,4518,175,5.15710133119458
JIT-APFRL,4518,176,4.99467096090315
JIT-APFRL,4518,177,5.21394370330035
JIT-APFRL,4518,178,5.1631556659031
JIT-APFRL,4518,179,5.06377705565884
JIT-APFRL,4518,180,4.87428342796316
JIT-APFRL,4518,181,5.07769851631065
JIT-APFRL,4518,182,4.89251435109439
JIT-APFRL,4518,183,5.06412110662868
JIT-APFRL,4518,184,5.10446251590253
JIT-APFRL,4518,185,5.18492770375972
JIT-APFRL,4518,186,5.08966296909848
JIT-APFRL,4518,187,5.14698853868378
JIT-APFRL,4518,188,5.08986545115017
JIT-APFRL,4518,189,5.10661482372409
JIT-APFRL,4518,190,5.14858065293604
JIT-APFRL,4518,191,5.24264543450157
JIT-APFRL,4518,192,5.06086743700321
JIT-APFRL,4518,193,4.94897420527164
JIT-APFRL,4518,194,5.28102080961542
JIT-APFRL,4518,195,5.12686674715543
JIT-APFRL,4518,196,5.15705164555434
JIT-APFRL,4518,197,5.1126097156599
JIT-APFRL,4518,198,5.18818971119803
JIT-APFRL,4518,199,5.22181853378552
JIT-APFRL,4518,200,5.20119331642131
JIT-APFRL,4518,201,5.18724768955524
JIT-APFRL,4518,202,5.16257686730964
JIT-APFRL,4518,203,5.20611451245089
JIT-APFRL,4518,204,5.13681798999491
JIT-APFRL,4518,205,5.00703976224218
JIT-APFRL,4518,206,5.06279205169997
JIT-APFRL,4518,207,5.00744060711352
JIT-APFRL,4518,208,5.17076338861748
JIT-APFRL,4518,209,5.12166482939276
JIT-APFRL,4518,210,5.10583392363148
JIT-APFRL,4518,211,5.23672988502482
JIT-APFRL,4518,212,4.96826625847983
JIT-APFRL,4518,213,4.96738454338063
JIT-APFRL,4518,214,5.02426593957855
JIT-APFRL,4518,215,5.11488890422407
JIT-APFRL,4518,216,5.05003804095574
JIT-APFRL,4518,217,5.16076434998157
JIT-APFRL,4518,218,5.22387873695687
JIT-APFRL,4518,219,5.1404005731503
JIT-APFRL,4518,220,5.18482589062918
JIT-APFRL,4518,221,5.11937195447233
JIT-APFRL,4518,222,5.19135041292552
JIT-APFRL,4518,223,5.18031550189535
JIT-APFRL,4518,224,5.16968519133319
JIT-APFRL,4518,225,5.00977012223695
JIT-APFRL,4518,226,5.11500426511026
JIT-APFRL,4518,227,5.0136854382176
JIT-APFRL,4518,228,4.94966067664424
JIT-APFRL,4518,229,5.11197076540365
JIT-APFRL,4518,230,5.13992235854006
JIT-APFRL,4518,231,5.0725686151699
JIT-APFRL,4518,232,5.15187871328742
JIT-APFRL,4518,233,5.11312982183737
JIT-APFRL,4518,234,5.07185451158817
JIT-APFRL,4518,235,5.18876750542579
JIT-APFRL,4518,236,5.07440063295083
JIT-APFRL,4518,237,5.14003279970813
JIT-APFRL,4518,238,5.15394411270133
JIT-APFRL,4518,239,4.96358820417197
JIT-APFRL,4518,240,5.09797804462316
JIT-APFRL,4518,241,5.13910779232808
JIT-APFRL,4518,242,5.19467627655296
JIT-APFRL,4518,243,5.10950632959752
JIT-APFRL,4518,244,5.05061909684207
JIT-APFRL,4518,245,5.07035797408902
JIT-APFRL,4518,246,5.17060120204266
JIT-APFRL,4518,247,5.17191486373126
JIT-APFRL,4518,248,5.05705123260496
JIT-APFRL,4518,249,5.17459924689088
JIT-APFRL,4518,250,5.09259775830655
JIT-APFRL,4518,251,5.18863237433829
JIT-APFRL,4518,252,5.102481209737
JIT-APFRL,4518,253,5.21258409754598
JIT-APFRL,4518,254,5.09308262156911
JIT-APFRL,4518,255,5.23636186453486
JIT-APFRL,4518,256,5.18598548235713
JIT-APFRL,4518,257,5.24062939787768
JIT-APFRL,4518,258,5.13219324797316
JIT-APFRL,4518,259,5.19007144118021
JIT-APFRL,4518,260,5.1607128808377
JIT-APFRL,4518,261,5.01311335337334
JIT-APFRL,4518,262,5.24499014678592
JIT-APFRL,4518,263,5.08996830783877
JIT-APFRL,4518,264,5.14690465963137
JIT-APFRL,4518,265,5.13419418151259
JIT-APFRL,4518,266,5.27294792165019
JIT-APFRL,4518,267,5.15702101779383
JIT-APFRL,4518,268,5.10684704093717
JIT-APFRL,4518,269,5.23485480880215
JIT-APFRL,4518,270,5.27181193077387
JIT-APFRL,4518,271,5.1444907630354
JIT-APFRL,4518,272,5.15743222756988
JIT-APFRL,4518,273,5.20097717839486
JIT-APFRL,4518,274,5.21565700340053
JIT-APFRL,4518,275,5.11306511629273
JIT-APFRL,4518,276,5.21629948033973
JIT-APFRL,4518,277,5.27191126063528
JIT-APFRL,4518,278,5.2506276808711
JIT-APFRL,4518,279,5.20892750983075
JIT-APFRL,4518,280,5.15071682408062
JIT-APFRL,4518,281,5.11156766953036
JIT-APFRL,4518,282,5.15522591020582
JIT-APFRL,4518,283,5.13562072099715
JIT-APFRL,4518,284,5.13845561144447
JIT-APFRL,4518,285,5.16691264268743
JIT-APFRL,4518,286,4.96900150442502
JIT-APFRL,4518,287,5.02862560646598
JIT-APFRL,4518,288,5.0515386825296
JIT-APFRL,4518,289,5.13175859543773
JIT-APFRL,4518,290,5.18303123326733
JIT-APFRL,4518,291,5.09530136645493
JIT-APFRL,4518,292,5.00302559040041
JIT-APFRL,4518,293,5.0986794082837
JIT-APFRL,4518,294,5.19165492066193
JIT-APFRL,4518,295,5.2083469226539
JIT-APFRL,4518,296,5.07063495757513
JIT-APFRL,4518,297,5.16767925608576
JIT-APFRL,4518,298,5.13420499588704
JIT-APFRL,4518,299,5.05165964220073
JIT-APFRL,4518,300,5.24444857701054
JIT-APFRL,4518,301,5.10052377117824
JIT-APFRL,4518,302,5.22765477898148
JIT-APFRL,4518,303,5.19032599579478
JIT-APFRL,4518,304,5.24746099003567
JIT-APFRL,4518,305,4.94568634406358
JIT-APFRL,4518,306,5.0859660440328
JIT-APFRL,4518,307,5.16142569967144
JIT-APFRL,4518,308,5.10485097060133
JIT-APFRL,4518,309,5.25681078576599
JIT-APFRL,4518,310,5.21116831476331
JIT-APFRL,4518,311,5.17363796451707
JIT-APFRL,4518,312,5.1262213592037
JIT-APFRL,4518,313,5.29868654302273
JIT-APFRL,4518,314,5.01600406820616
JIT-APFRL,4518,315,5.11427365846225
JIT-APFRL,4518,316,5.20099588155748
JIT-APFRL,4518,317,5.13997344284545
JIT-APFRL,4518,318,5.25481394186561
JIT-APFRL,4518,319,5.18841323883647
JIT-APFRL,4518,320,5.23428443639154
JIT-APFRL,4518,321,5.13746450055354
JIT-APFRL,4518,322,5.0966618778044
JIT-APFRL,4518,323,5.02319750944655
JIT-APFRL,4518,324,5.14608773215557
JIT-APFRL,4518,325,5.19421668840784
JIT-APFRL,4518,326,5.15091595362989
JIT-APFRL,4518,327,5.01285693683934
JIT-APFRL,4518,328,5.09656712455138
JIT-APFRL,4518,329,5.21912981384344
JIT-APFRL,4518,330,5.2074152960438
JIT-APFRL,4518,331,5.10982661288334
JIT-APFRL,4518,332,5.27041847159246
JIT-APFRL,4518,333,5.21482472313754
JIT-APFRL,4518,334,5.21625085270143
JIT-APFRL,4518,335,5.15599480412118
JIT-APFRL,4518,336,5.1103204378477
JIT-APFRL,4518,337,5.12265058797126
JIT-APFRL,4518,338,5.19296080242934
JIT-APFRL,4518,339,5.23260290054403
JIT-APFRL,4518,340,5.22789582694983
JIT-APFRL,4518,341,5.31274382265242
JIT-APFRL,4518,342,5.04698842946136
JIT-APFRL,4518,343,5.22909298448343
JIT-APFRL,4518,344,5.10358351896926
JIT-APFRL,4518,345,5.03278177861748
JIT-APFRL,4518,346,5.05855607061622
JIT-APFRL,4518,347,5.1043953129072
JIT-APFRL,4518,348,5.15768580894502
JIT-APFRL,4518,349,5.16875079708197
JIT-APFRL,4518,350,5.20034040067984
JIT-APFRL,4518,351,5.01854821038669
JIT-APFRL,4518,352,5.12643210186473
JIT-APFRL,4518,353,5.08154304369802
JIT-APFRL,4518,354,5.17520270760976
JIT-APFRL,4518,355,5.0672773535887
JIT-APFRL,4518,356,5.2454453234899
JIT-APFRL,4518,357,5.14600947445126
JIT-APFRL,4518,358,5.15795761175996
JIT-APFRL,4518,359,5.06927091599689
JIT-APFRL,4518,360,5.24690384617318
JIT-APFRL,4518,361,5.10400460080473
JIT-APFRL,4518,362,5.2758804001629
JIT-APFRL,4518,363,5.2078290354774
JIT-APFRL,4518,364,5.13741143603288
JIT-APFRL,4518,365,5.11277633550484
JIT-APFRL,4518,366,5.38367184695072
JIT-APFRL,4518,367,5.11626229741817
JIT-APFRL,4518,368,5.22128822190952
JIT-APFRL,4518,369,5.28328937354803
JIT-APFRL,4518,370,5.1973628617018
JIT-APFRL,4518,371,5.0600454971867
JIT-APFRL,4518,372,5.29242838846845
JIT-APFRL,4518,373,5.2159497136198
JIT-APFRL,4518,374,5.17911902093643
JIT-APFRL,4518,375,5.18016160811543
JIT-APFRL,4518,376,5.25467357075471
JIT-APFRL,4518,377,5.1478836180075
JIT-APFRL,4518,378,5.21803016043146
JIT-APFRL,4518,379,5.05795819668534
JIT-APFRL,4518,380,5.23065017870787
JIT-APFRL,4518,381,5.16006575070253
JIT-APFRL,4518,382,5.1397768828933
JIT-APFRL,4518,383,5.13210557409201
JIT-APFRL,4518,384,5.25801722256314
JIT-APFRL,4518,385,5.21215923722638
JIT-APFRL,4518,386,5.19753215279732
JIT-APFRL,4518,387,5.14392011992646
JIT-APFRL,4518,388,5.11370344785007
JIT-APFRL,4518,389,5.05879936331284
JIT-APFRL,4518,390,5.1427480357339
JIT-APFRL,4518,391,5.25762567025469
JIT-APFRL,4518,392,5.11665266924828
JIT-APFRL,4518,393,5.14484911590094
JIT-APFRL,4518,394,5.10333129780757
JIT-APFRL,4518,395,5.15024097671072
JIT-APFRL,4518,396,5.0460213842217
JIT-APFRL,4518,397,5.24208553295482
JIT-APFRL,4518,398,5.06139831802008
JIT-APFRL,4518,399,5.2098973782179
JIT-APFRL,4518,400,5.0982329146071
JIT-APFRL,5629,1,4.15886184264195
JIT-APFRL,5629,2,4.10150940576949
JIT-APFRL,5629,3,3.87061002196138
JIT-APFRL,5629,4,4.03826931718219
JIT-APFRL,5629,5,4.03575638407888
JIT-APFRL,5629,6,4.13897901762131
JIT-APFRL,5629,7,4.29479283614089
JIT-APFRL,5629,8,4.16031338456537
JIT-APFRL,5629,9,4.29108714991386
JIT-APFRL,5629,10,4.27434574274227
JIT-APFRL,5629,11,4.29731623520614
JIT-APFRL,5629,12,4.07154366389734
JIT-APFRL,5629,13,4.24846588308538
JIT-APFRL,5629,14,4.26798715214618
JIT-APFRL,5629,15,4.18676653486514
JIT-APFRL,5629,16,4.31320430739977
JIT-APFRL,5629,17,4.22790151190446
JIT-APFRL,5629,18,4.27771448816064
JIT-APFRL,5629,19,3.84217618464336
JIT-APFRL,5629,20,4.25617135140674
JIT-APFRL,5629,21,4.27643449924788
JIT-APFRL,5629,22,3.89983245704943
JIT-APFRL,5629,23,4.43157995437858
JIT-APFRL,5629,24,4.13629741733979
JIT-APFRL,5629,25,4.15273888134709
JIT-APFRL,5629,26,4.02193423316399
JIT-APFRL,5629,27,4.41282578187057
JIT-APFRL,5629,28,4.22245056528847
JIT-APFRL,5629,29,4.05389561966942
JIT-APFRL,5629,30,4.34218041544868
JIT-APFRL,5629,31,4.23376190927906
JIT-APFRL,5629,32,4.06487832989375
JIT-APFRL,5629,33,4.20667113112451
JIT-APFRL,5629,34,4.34409689872231
JIT-APFRL,5629,35,4.05460979008289
JIT-APFRL,5629,36,4.409152484383
JIT-APFRL,5629,37,4.1883648211624
JIT-APFRL,5629,38,4.27106404362715
JIT-APFRL,5629,39,4.48924064332503
JIT-APFRL,5629,40,4.17609709305376
JIT-APFRL,5629,41,4.30778499461632
JIT-APFRL,5629,42,4.32303363607856
JIT-APFRL,5629,43,4.50410760876374
JIT-APFRL,5629,44,4.5690260986481
JIT-APFRL,5629,45,4.42260544574169
JIT-APFRL,5629,46,4.35822243842736
JIT-APFRL,5629,47,4.47284172981368
JIT-APFRL,5629,48,4.21155418050291
JIT-APFRL,5629,49,4.19567189695225
JIT-APFRL,5629,50,4.43299752183653
JIT-APFRL,5629,51,4.27585632870642
JIT-APFRL,5629,52,4.37850357671281
JIT-APFRL,5629,53,4.36099526328076
JIT-APFRL,5629,54,4.47581371013715
JIT-APFRL,5629,55,4.56393348752939
JIT-APFRL,5629,56,4.32370482577472
JIT-APFRL,5629,57,4.52431714195188
JIT-APFRL,5629,58,4.66696358179217
JIT-APFRL,5629,59,4.41111332757092
JIT-APFRL,5629,60,4.41036516570442
JIT-APFRL,5629,61,4.57507921709469
JIT-APFRL,5629,62,4.43927448823927
JIT-APFRL,5629,63,4.38859529177591
JIT-APFRL,5629,64,4.49152731769021
JIT-APFRL,5629,65,4.57324145631164
JIT-APFRL,5629,66,4.47274212946681
JIT-APFRL,5629,67,4.65654044444107
JIT-APFRL,5629,68,4.35697613146566
JIT-APFRL,5629,69,4.50726584311383
JIT-APFRL,5629,70,4.63528734381399
JIT-APFRL,5629,71,4.66802797653748
JIT-APFRL,5629,72,4.22404999688268
JIT-APFRL,5629,73,4.46471090358605
JIT-APFRL,5629,74,4.3369109854223
JIT-APFRL,5629,75,4.76024999382403
JIT-APFRL,5629,76,4.44188832294306
JIT-APFRL,5629,77,4.72028390218885
JIT-APFRL,5629,78,4.76619232954997
JIT-APFRL,5629,79,4.66839484524435
JIT-APFRL,5629,80,4.57479286701934
JIT-APFRL,5629,81,4.6430225952955
JIT-APFRL,5629,82,4.48853700189627
JIT-APFRL,5629,83,4.69960325147493
JIT-APFRL,5629,84,4.69561369334427
JIT-APFRL,5629,85,4.7105172415675
JIT-APFRL,5629,86,4.51858852625851
JIT-APFRL,5629,87,4.72141572796487
JIT-APFRL,5629,88,4.78527410759619
JIT-APFRL,5629,89,4.57685087368666
JIT-APFRL,5629,90,4.84748965670274
JIT-APFRL,5629,91,4.64413589621219
JIT-APFRL,5629,92,4.73438244853931
JIT-APFRL,5629,93,4.85562887398442
JIT-APFRL,5629,94,4.82197013351031
JIT-APFRL,5629,95,4.80142794128187
JIT-APFRL,5629,96,4.85002828761499
JIT-APFRL,5629,97,4.77343457254754
JIT-APFRL,5629,98,4.67606069825315
JIT-APFRL,5629,99,4.66976508600453
JIT-APFRL,5629,100,4.85596907460182
JIT-APFRL,5629,101,4.7910663942552
JIT-APFRL,5629,102,4.65377893604989
JIT-APFRL,5629,103,4.92844593442668
JIT-APFRL,5629,104,4.82205172549958
JIT-APFRL,5629,105,4.81300718420866
JIT-APFRL,5629,106,4.90733528099202
JIT-APFRL,5629,107,4.96386925907213
JIT-APFRL,5629,108,4.98281032370915
JIT-APFRL,5629,109,4.88344503140828
JIT-APFRL,5629,110,4.76749113219881
JIT-APFRL,5629,111,4.83307454878357
JIT-APFRL,5629,112,4.98212658058591
JIT-APFRL,5629,113,4.89623101118682
JIT-APFRL,5629,114,4.83428670935645
JIT-APFRL,5629,115,4.96044850547637
JIT-APFRL,5629,116,4.97378423716125
JIT-APFRL,5629,117,4.99908380421691
JIT-APFRL,5629,118,5.03208575058388
JIT-APFRL,5629,119,4.90323943842786
JIT-APFRL,5629,120,4.84166966109511
JIT-APFRL,5629,121,5.20193724778766
JIT-APFRL,5629,122,4.74593276032812
JIT-APFRL,5629,123,5.02039824486936
JIT-APFRL,5629,124,4.96208559811208
JIT-APFRL,5629,125,5.0793730363801
JIT-APFRL,5629,126,4.84781593544478
JIT-APFRL,5629,127,4.83021608176432
JIT-APFRL,5629,128,5.08623909672579
JIT-APFRL,5629,129,4.96302712033021
JIT-APFRL,5629,130,4.98941756413122
JIT-APFRL,5629,131,4.82866785147305
JIT-APFRL,5629,132,5.0593164950459
JIT-APFRL,5629,133,5.19986901701435
JIT-APFRL,5629,134,5.10947462599479
JIT-APFRL,5629,135,5.01552860789799
JIT-APFRL,5629,136,5.29346027450663
JIT-APFRL,5629,137,4.95257762383574
JIT-APFRL,5629,138,5.06798649156099
JIT-APFRL,5629,139,5.03520732312538
JIT-APFRL,5629,140,5.07216727367218
JIT-APFRL,5629,141,5.05288288051465
JIT-APFRL,5629,142,4.93568783580329
JIT-APFRL,5629,143,5.10075974165867
JIT-APFRL,5629,144,5.06415327539216
JIT-APFRL,5629,145,5.20961487993987
JIT-APFRL,5629,146,5.01902972022487
JIT-APFRL,5629,147,5.10589152293886
JIT-APFRL,5629,148,5.12191569191655
JIT-APFRL,5629,149,5.06645938899656
JIT-APFRL,5629,150,5.03718762939595
JIT-APFRL,5629,151,4.97964030131651
JIT-APFRL,5629,152,5.21320796152876
JIT-APFRL,5629,153,4.97330443230787
JIT-APFRL,5629,154,5.02785197895141
JIT-APFRL,5629,155,5.11989318255023
JIT-APFRL,5629,156,5.13941613845619
JIT-APFRL,5629,157,5.1488437408079
JIT-APFRL,5629,158,5.08158364146719
JIT-APFRL,5629,159,5.1431413538552
JIT-APFRL,5629,160,5.03388579025229
JIT-APFRL,5629,161,5.05616571197177
JIT-APFRL,5629,162,5.1131613683872
JIT-APFRL,5629,163,5.18107113925807
JIT-APFRL,5629,164,4.80977751913837
JIT-APFRL,5629,165,5.12786112632774
JIT-APFRL,5629,166,5.05690220966997
JIT-APFRL,5629,167,5.16354231348456
JIT-APFRL,5629,168,5.13521410651113
JIT-APFRL,5629,169,5.13059757477916
JIT-APFRL,5629,170,5.15479866723932
JIT-APFRL,5629,171,5.06583688802961
JIT-APFRL,5629,172,5.22216756241541
JIT-APFRL,5629,173,5.04339539916234
JIT-APFRL,5629,174,5.14963128855955
JIT-APFRL,5629,175,5.23253416758115
JIT-APFRL,5629,176,5.02124484270319
JIT-APFRL,5629,177,5.00851360308865
JIT-APFRL,5629,178,4.96764242886665
JIT-APFRL,5629,179,4.92805562079309
JIT-APFRL,5629,180,5.0375852861663
JIT-APFRL,5629,181,5.1885422517741
JIT-APFRL,5629,182,5.19396782240291
JIT-APFRL,5629,183,5.20932003458398
JIT-APFRL,5629,184,5.13426892401813
JIT-APFRL,5629,185,5.08048077592333
JIT-APFRL,5629,186,5.07720990437664
JIT-APFRL,5629,187,5.19630489554878
JIT-APFRL,5629,188,5.21474329153415
JIT-APFRL,5629,189,5.14261183554216
JIT-APFRL,5629,190,5.13682387998183
JIT-APFRL,5629,191,5.13795334731264
JIT-APFRL,5629,192,5.24114471829588
JIT-APFRL,5629,193,5.11011734878573
JIT-APFRL,5629,194,5.21838444029314
JIT-APFRL,5629,195,5.21659968274335
JIT-APFRL,5629,196,5.25743263289906
JIT-APFRL,5629,197,5.07521616255007
JIT-APFRL,5629,198,5.10833882707438
JIT-APFRL,5629,199,5.13218879973882
JIT-APFRL,5629,200,5.05776412015901
JIT-APFRL,5629,201,5.26720338935414
JIT-APFRL,5629,202,5.15132555207977
JIT-APFRL,5629,203,5.21570926285845
JIT-APFRL,5629,204,5.22652285950063
JIT-APFRL,5629,205,5.19271373217776
JIT-APFRL,5629,206,5.21913384279777
JIT-APFRL,5629,207,5.21504914719659
JIT-APFRL,5629,208,5.22852831733934
JIT-APFRL,5629,209,5.19543409716725
JIT-APFRL,5629,210,5.02933546467841
JIT-APFRL,5629,211,5.21432000274815
JIT-APFRL,5629,212,5.03541476768246
JIT-APFRL,5629,213,5.24611614278049
JIT-APFRL,5629,214,5.10963770434906
JIT-APFRL,5629,215,5.35386926375676
JIT-APFRL,5629,216,5.05959715831185
JIT-APFRL,5629,217,5.30039466210401
JIT-APFRL,5629,218,5.151158783407
JIT-APFRL,5629,219,5.26107058068707
JIT-APFRL,5629,220,5.22553792128307
JIT-APFRL,5629,221,5.12562380409611
JIT-APFRL,5629,222,5.15025971740678
JIT-APFRL,5629,223,4.98707461969255
JIT-APFRL,5629,224,5.24674500891846
JIT-APFRL,5629,225,5.31582472491758
JIT-APFRL,5629,226,5.25664605081214
JIT-APFRL,5629,227,5.12984353914652
JIT-APFRL,5629,228,5.20279616164828
JIT-APFRL,5629,229,5.15058760012363
JIT-APFRL,5629,230,5.06144639054132
JIT-APFRL,5629,231,5.20303747816388
JIT-APFRL,5629,232,5.23697364476019
JIT-APFRL,5629,233,5.23410308970096
JIT-APFRL,5629,234,5.209643186124
JIT-APFRL,5629,235,5.2201542086822
JIT-APFRL,5629,236,5.14967900792928
JIT-APFRL,5629,237,5.16038281620058
JIT-APFRL,5629,238,5.21858239032577
JIT-APFRL,5629,239,5.0664327462068
JIT-APFRL,5629,240,5.15973200900113
JIT-APFRL,5629,241,5.16813117116316
JIT-APFRL,5629,242,5.03313050885004
JIT-APFRL,5629,243,5.32041032623207
JIT-APFRL,5629,244,5.06397557856507
JIT-APFRL,5629,245,5.21900157969497
JIT-APFRL,5629,246,5.3516446327982
JIT-APFRL,5629,247,5.26991521362195
JIT-APFRL,5629,248,5.18045544321312
JIT-APFRL,5629,249,5.04100133858646
JIT-APFRL,5629,250,5.25929229320375
JIT-APFRL,5629,251,5.28857802087592
JIT-APFRL,5629,252,5.18861886032201
JIT-APFRL,5629,253,5.15771368676299
JIT-APFRL,5629,254,5.04566958358753
JIT-APFRL,5629,255,5.26483962710429
JIT-APFRL,5629,256,5.17344047970219
JIT-APFRL,5629,257,5.15320601329435
JIT-APFRL,5629,258,5.1524484552876
JIT-APFRL,5629,259,5.20823584215034
JIT-APFRL,5629,260,5.21835123027387
JIT-APFRL,5629,261,5.07497854412835
JIT-APFRL,5629,262,5.23980681692296
JIT-APFRL,5629,263,5.19799671080737
JIT-APFRL,5629,264,5.15570338180579
JIT-APFRL,5629,265,5.21352351467142
JIT-APFRL,5629,266,5.14238424672094
JIT-APFRL,5629,267,5.08546223216131
JIT-APFRL,5629,268,5.15680685106948
JIT-APFRL,5629,269,4.95551901804627
JIT-APFRL,5629,270,5.25004183666902
JIT-APFRL,5629,271,5.18709590506567
JIT-APFRL,5629,272,5.28058055448317
JIT-APFRL,5629,273,5.13988695370171
JIT-APFRL,5629,274,5.19553849504767
JIT-APFRL,5629,275,5.18830854912461
JIT-APFRL,5629,276,5.19204740271753
JIT-APFRL,5629,277,5.06624737752215
JIT-APFRL,5629,278,5.12564807832487
JIT-APFRL,5629,279,5.15426143769319
JIT-APFRL,5629,280,5.15275086467761
JIT-APFRL,5629,281,5.30502691005722
JIT-APFRL,5629,282,5.26550873926631
JIT-APFRL,5629,283,5.28553051100923
JIT-APFRL,5629,284,5.15059234941708
JIT-APFRL,5629,285,5.24563436845439
JIT-APFRL,5629,286,5.02972261830631
JIT-APFRL,5629,287,5.36898792420097
JIT-APFRL,5629,288,5.19162664893241
JIT-APFRL,5629,289,5.14351228068211
JIT-APFRL,5629,290,5.08563215686464
JIT-APFRL,5629,291,5.06555847865516
JIT-APFRL,5629,292,5.28165050291727
JIT-APFRL,5629,293,5.20530292765534
JIT-APFRL,5629,294,5.20353622438171
JIT-APFRL,5629,295,5.25237006564121
JIT-APFRL,5629,296,5.3354883259137
JIT-APFRL,5629,297,5.27963989110381
JIT-APFRL,5629,298,5.06905695349982
JIT-APFRL,5629,299,5.16844668325596
JIT-APFRL,5629,300,5.17828845548249
JIT-APFRL,5629,301,5.09359205414305
JIT-APFRL,5629,302,5.29805973804414
JIT-APFRL,5629,303,5.06901619824763
JIT-APFRL,5629,304,5.17976538886914
JIT-APFRL,5629,305,5.18388157806986
JIT-APFRL,5629,306,5.25102183571869
JIT-APFRL,5629,307,5.26243578881711
JIT-APFRL,5629,308,5.24153363160832
JIT-APFRL,5629,309,5.23999570252358
JIT-APFRL,5629,310,5.14422959676989
JIT-APFRL,5629,311,5.17465429243246
JIT-APFRL,5629,312,5.07429949712921
JIT-APFRL,5629,313,5.12008324294302
JIT-APFRL,5629,314,5.27067985380076
JIT-APFRL,5629,315,5.12410370645444
JIT-APFRL,5629,316,5.16905270923714
JIT-APFRL,5629,317,5.20833803642339
JIT-APFRL,5629,318,5.13392974276609
JIT-APFRL,5629,319,5.20960356505384
JIT-APFRL,5629,320,5.06944330052814
JIT-APFRL,5629,321,5.18363185291522
JIT-APFRL,5629,322,5.2007621792399
JIT-APFRL,5629,323,5.18073038244589
JIT-APFRL,5629,324,5.15013539132367
JIT-APFRL,5629,325,5.2513135095708
JIT-APFRL,5629,326,5.18402684260738
JIT-APFRL,5629,327,5.16623912123827
JIT-APFRL,5629,328,5.21135335313465
JIT-APFRL,5629,329,5.16178157301527
JIT-APFRL,5629,330,5.07421742148138
JIT-APFRL,5629,331,5.2409070278545
JIT-APFRL,5629,332,5.16961113576057
JIT-APFRL,5629,333,5.26467683415519
JIT-APFRL,5629,334,5.33901392444792
JIT-APFRL,5629,335,5.2765959545256
JIT-APFRL,5629,336,5.18446693993731
JIT-APFRL,5629,337,5.14963716422629
JIT-APFRL,5629,338,5.08122814859082
JIT-APFRL,5629,339,5.19184816598746
JIT-APFRL,5629,340,5.13575729412597
JIT-APFRL,5629,341,5.18625960979168
JIT-APFRL,5629,342,5.0344004658942
JIT-APFRL,5629,343,5.14373787645547
JIT-APFRL,5629,344,5.15907839136133
JIT-APFRL,5629,345,5.23183035538134
JIT-APFRL,5629,346,5.31688344034635
JIT-APFRL,5629,347,5.0905660733146
JIT-APFRL,5629,348,5.25314148800664
JIT-APFRL,5629,349,5.14935612129111
JIT-APFRL,5629,350,5.23614470864043
JIT-APFRL,5629,351,5.28541868544136
JIT-APFRL,5629,352,5.11055416793808
JIT-APFRL,5629,353,5.03958171818835
JIT-APFRL,5629,354,5.1579180156379
JIT-APFRL,5629,355,5.17763498530471
JIT-APFRL,5629,356,5.11956829768625
JIT-APFRL,5629,357,5.2953245266706
JIT-APFRL,5629,358,5.17301459850322
JIT-APFRL,5629,359,5.31905188803367
JIT-APFRL,5629,360,5.22667222770183
JIT-APFRL,5629,361,5.20729811820781
JIT-APFRL,5629,362,5.11106660580848
JIT-APFRL,5629,363,5.11526449413482
JIT-APFRL,5629,364,5.35329735707387
JIT-APFRL,5629,365,5.10150307210333
JIT-APFRL,5629,366,5.17260309647934
JIT-APFRL,5629,367,5.24855217088888
JIT-APFRL,5629,368,5.23523811854525
JIT-APFRL,5629,369,5.36343837686085
JIT-APFRL,5629,370,5.21655792470112
JIT-APFRL,5629,371,5.29977696174633
JIT-APFRL,5629,372,5.28157184684642
JIT-APFRL,5629,373,5.15496885321885
JIT-APFRL,5629,374,5.09522451543141
JIT-APFRL,5629,375,5.19179830679343
JIT-APFRL,5629,376,5.21015685177484
JIT-APFRL,5629,377,5.20459074961512
JIT-APFRL,5629,378,4.8814165297028
JIT-APFRL,5629,379,5.22798214374553
JIT-APFRL,5629,380,5.23162984943341
JIT-APFRL,5629,381,5.27406943032701
JIT-APFRL,5629,382,5.12644942974082
JIT-APFRL,5629,383,5.08507843079576
JIT-APFRL,5629,384,5.21026598274243
JIT-APFRL,5629,385,5.19428600225266
JIT-APFRL,5629,386,5.10979269353727
JIT-APFRL,5629,387,5.18891110655246
JIT-APFRL,5629,388,5.06157103199888
JIT-APFRL,5629,389,5.16554268607939
JIT-APFRL,5629,390,5.12800315948841
JIT-APFRL,5629,391,5.01937029480939
JIT-APFRL,5629,392,5.39780591291665
JIT-APFRL,5629,393,5.02210906735541
JIT-APFRL,5629,394,5.17854074791595
JIT-APFRL,5629,395,5.18784346445283
JIT-APFRL,5629,396,5.20365255789192
JIT-APFRL,5629,397,5.25720460453956
JIT-APFRL,5629,398,5.25658269407431
JIT-APFRL,5629,399,5.30356438896835
JIT-APFRL,5629,400,5.24618051261988
JIT-APFRL,6740,1,4.14309517281923
JIT-APFRL,6740,2,3.82062625298615
JIT-APFRL,6740,3,4.18174143051639
JIT-APFRL,6740,4,4.32371921226554
JIT-APFRL,6740,5,4.28258429698651
JIT-APFRL,6740,6,4.04076805656287
JIT-APFRL,6740,7,4.19259922924195
JIT-APFRL,6740,8,3.96872153886797
JIT-APFRL,6740,9,4.25423039099988
JIT-APFRL,6740,10,4.0257344406346
JIT-APFRL,6740,11,4.05814282193968
JIT-APFRL,6740,12,4.16343729091065
JIT-APFRL,6740,13,4.04681213175625
JIT-APFRL,6740,14,4.26236481016184
JIT-APFRL,6740,15,4.29620476857615
JIT-APFRL,6740,16,4.34538993903291
JIT-APFRL,6740,17,4.19373777567835
JIT-APFRL,6740,18,4.33854139074946
JIT-APFRL,6740,19,4.33122659766331
JIT-APFRL,6740,20,4.32154595483445
JIT-APFRL,6740,21,4.22510613449357
JIT-APFRL,6740,22,4.19438809386779
JIT-APFRL,6740,23,4.01720258677371
JIT-APFRL,6740,24,4.24051989770727
JIT-APFRL,6740,25,4.24107900292404
JIT-APFRL,6740,26,4.34625612375174
JIT-APFRL,6740,27,4.37792730309711
JIT-APFRL,6740,28,4.40443304095472
JIT-APFRL,6740,29,4.13437725757806
JIT-APFRL,6740,30,4.12790051259868
JIT-APFRL,6740,31,4.19530744913526
JIT-APFRL,6740,32,4.19838838337337
JIT-APFRL,6740,33,4.28492982461399
JIT-APFRL,6740,34,4.42340103582573
JIT-APFRL,6740,35,4.24150248043359
JIT-APFRL,6740,36,4.24358287151243
JIT-APFRL,6740,37,4.51380072757795
JIT-APFRL,6740,38,4.17235419241608
JIT-APFRL,6740,39,4.35331423576975
JIT-APFRL,6740,40,4.32832603221475
JIT-APFRL,6740,41,4.39672779330204
JIT-APFRL,6740,42,4.13409595956789
JIT-APFRL,6740,43,4.30800263600265
JIT-APFRL,6740,44,4.72366899859605
JIT-APFRL,6740,45,4.32201090226227
JIT-APFRL,6740,46,4.49625263928637
JIT-APFRL,6740,47,4.49996315628744
JIT-APFRL,6740,48,4.64667167292565
JIT-APFRL,6740,49,4.35517757987227
JIT-APFRL,6740,50,4.39993322031678
JIT-APFRL,6740,51,3.99262892122864
JIT-APFRL,6740,52,4.42007732001707
JIT-APFRL,6740,53,4.46770646121579
JIT-APFRL,6740,54,4.68599428918945
JIT-APFRL,6740,55,4.49319936854575
JIT-APFRL,6740,56,4.30091300722127
JIT-APFRL,6740,57,4.36281437564817
JIT-APFRL,6740,58,4.50972018183886
JIT-APFRL,6740,59,4.43579267226397
JIT-APFRL,6740,60,4.7479670521426
JIT-APFRL,6740,61,4.57449251048013
JIT-APFRL,6740,62,4.52172880016899
JIT-APFRL,6740,63,4.64334324503118
JIT-APFRL,6740,64,4.64582491727006
JIT-APFRL,6740,65,4.61821145567396
JIT-APFRL,6740,66,4.56038132694655
JIT-APFRL,6740,67,4.55054293512243
JIT-APFRL,6740,68,4.60506187678796
JIT-APFRL,6740,69,4.85537687248875
JIT-APFRL,6740,70,4.69661487698102
JIT-APFRL,6740,71,4.48361758537246
JIT-APFRL,6740,72,4.55992821740924
JIT-APFRL,6740,73,4.63023997808081
JIT-APFRL,6740,74,4.6455579583652
JIT-APFRL,6740,75,4.59155671472547
JIT-APFRL,6740,76,4.77132506278605
JIT-APFRL,6740,77,4.66793848442757
JIT-APFRL,6740,78,4.65749982354226
JIT-APFRL,6740,79,4.73518619720546
JIT-APFRL,6740,80,4.56063471540854
JIT-APFRL,6740,81,4.75990533448678
JIT-APFRL,6740,82,4.76094201458631
JIT-APFRL,6740,83,4.82007547753889
JIT-APFRL,6740,84,4.59344062177854
JIT-APFRL,6740,85,4.84968252908337
JIT-APFRL,6740,86,4.98840139247716
JIT-APFRL,6740,87,4.65645525143235
JIT-APFRL,6740,88,4.93107733853364
JIT-APFRL,6740,89,4.75337894162043
JIT-APFRL,6740,90,4.92686529365705
JIT-APFRL,6740,91,4.74326517547176
JIT-APFRL,6740,92,4.81446578602786
JIT-APFRL,6740,93,4.82441910141643
JIT-APFRL,6740,94,4.74831056382688
JIT-APFRL,6740,95,4.75488027067719
JIT-APFRL,6740,96,4.8473105902545
JIT-APFRL,6740,97,4.76273028811457
JIT-APFRL,6740,98,4.90830212202182
JIT-APFRL,6740,99,4.85135966572771
JIT-APFRL,6740,100,5.14080274854082
JIT-APFRL,6740,101,4.89526097665864
JIT-APFRL,6740,102,4.72620906896915
JIT-APFRL,6740,103,4.77314217745395
JIT-APFRL,6740,104,4.79542856327982
JIT-APFRL,6740,105,4.96674833212614
JIT-APFRL,6740,106,4.96136462296915
JIT-APFRL,6740,107,4.85025404897791
JIT-APFRL,6740,108,4.99662822390033
JIT-APFRL,6740,109,5.0843351885724
JIT-APFRL,6740,110,4.9624458154881
JIT-APFRL,6740,111,5.03121756797059
JIT-APFRL,6740,112,4.80141277329421
JIT-APFRL,6740,113,5.01453756153747
JIT-APFRL,6740,114,5.0450916032143
JIT-APFRL,6740,115,5.02298483315717
JIT-APFRL,6740,116,4.78827947359737
JIT-APFRL,6740,117,5.00725911790348
JIT-APFRL,6740,118,4.89377560618011
JIT-APFRL,6740,119,5.03970322142498
JIT-APFRL,6740,120,4.9826401894651
JIT-APFRL,6740,121,5.06520070161059
JIT-APFRL,6740,122,5.00446598608074
JIT-APFRL,6740,123,4.98358008708249
JIT-APFRL,6740,124,5.04916787554636
JIT-APFRL,6740,125,5.01014024431309
JIT-APFRL,6740,126,4.84821241245136
JIT-APFRL,6740,127,4.95382865429163
JIT-APFRL,6740,128,4.78615587548372
JIT-APFRL,6740,129,4.71418410250706
JIT-APFRL,6740,130,5.04148871672175
JIT-APFRL,6740,131,4.98885999972631
JIT-APFRL,6740,132,5.01321843166904
JIT-APFRL,6740,133,4.98137323533824
JIT-APFRL,6740,134,5.0080905297155
JIT-APFRL,6740,135,5.05324030250348
JIT-APFRL,6740,136,5.13383120569787
JIT-APFRL,6740,137,5.11270898219428
JIT-APFRL,6740,138,4.97370452158493
JIT-APFRL,6740,139,5.01430542184584
JIT-APFRL,6740,140,5.17021987745982
JIT-APFRL,6740,141,4.96993213940782
JIT-APFRL,6740,142,5.18117956531951
JIT-APFRL,6740,143,4.78800773960288
JIT-APFRL,6740,144,5.06002645127606
JIT-APFRL,6740,145,5.01689748515116
JIT-APFRL,6740,146,5.09585483789796
JIT-APFRL,6740,147,5.11294247783424
JIT-APFRL,6740,148,5.08340284841691
JIT-APFRL,6740,149,5.09495908573295
JIT-APFRL,6740,150,5.16833009502691
JIT-APFRL,6740,151,5.1406881377609
JIT-APFRL,6740,152,5.05390360945937
JIT-APFRL,6740,153,4.94269377928824
JIT-APFRL,6740,154,5.19214550229513
JIT-APFRL,6740,155,5.18410881783885
JIT-APFRL,6740,156,5.03052521290827
JIT-APFRL,6740,157,5.15074958376914
JIT-APFRL,6740,158,5.05950505076712
JIT-APFRL,6740,159,5.02727570057308
JIT-APFRL,6740,160,5.12413517035383
JIT-APFRL,6740,161,5.17053944591719
JIT-APFRL,6740,162,5.01636464371699
JIT-APFRL,6740,163,5.2120100498698
JIT-APFRL,6740,164,4.96045507060816
JIT-APFRL,6740,165,5.02909791698842
JIT-APFRL,6740,166,5.1981230982671
JIT-APFRL,6740,167,4.96283043445391
JIT-APFRL,6740,168,5.17692362571057
JIT-APFRL,6740,169,5.05741425951221
JIT-APFRL,6740,170,5.20837335630639
JIT-APFRL,6740,171,5.04410702200635
JIT-APFRL,6740,172,5.04491965034326
JIT-APFRL,6740,173,5.22489850653714
JIT-APFRL,6740,174,4.95616316648755
JIT-APFRL,6740,175,5.18069122843189
JIT-APFRL,6740,176,4.95774723992232
JIT-APFRL,6740,177,5.1245046695599
JIT-APFRL,6740,178,4.95524090317473
JIT-APFRL,6740,179,5.05516883648117
JIT-APFRL,6740,180,5.17456963210489
JIT-APFRL,6740,181,5.175110894895
JIT-APFRL,6740,182,5.18072749648513
JIT-APFRL,6740,183,5.12054627695965
JIT-APFRL,6740,184,5.13735596079554
JIT-APFRL,6740,185,4.82739448478907
JIT-APFRL,6740,186,5.19874304111909
JIT-APFRL,6740,187,5.07551065298613
JIT-APFRL,6740,188,5.22832179792931
JIT-APFRL,6740,189,5.00569148379975
JIT-APFRL,6740,190,5.04268538555044
JIT-APFRL,6740,191,5.03642357676909
JIT-APFRL,6740,192,5.12426869479928
JIT-APFRL,6740,193,5.37449202349232
JIT-APFRL,6740,194,5.07504231395939
JIT-APFRL,6740,195,5.08679872970224
JIT-APFRL,6740,196,5.04271839501614
JIT-APFRL,6740,197,5.09040146689449
JIT-APFRL,6740,198,5.21411072105375
JIT-APFRL,6740,199,5.0622669469303
JIT-APFRL,6740,200,5.04493577476441
JIT-APFRL,6740,201,5.15629676760555
JIT-APFRL,6740,202,5.22328823648282
JIT-APFRL,6740,203,5.19873956199149
JIT-APFRL,6740,204,5.23259270466466
JIT-APFRL,6740,205,5.18204439433129
JIT-APFRL,6740,206,5.18947017437378
JIT-APFRL,6740,207,5.20000444479597
JIT-APFRL,6740,208,5.08742086753269
JIT-APFRL,6740,209,5.23200044014383
JIT-APFRL,6740,210,5.10928409516066
JIT-APFRL,6740,211,5.11535682824632
JIT-APFRL,6740,212,5.19246353356808
JIT-APFRL,6740,213,5.11827959610967
JIT-APFRL,6740,214,5.18991544697899
JIT-APFRL,6740,215,5.18780196101061
JIT-APFRL,6740,216,5.28336658401007
JIT-APFRL,6740,217,5.02579597640324
JIT-APFRL,6740,218,5.30778396781918
JIT-APFRL,6740,219,5.18257864361204
JIT-APFRL,6740,220,5.20334293970774
JIT-APFRL,6740,221,5.24001726823542
JIT-APFRL,6740,222,5.15412576804805
JIT-APFRL,6740,223,5.07024740913384
JIT-APFRL,6740,224,5.25968767939178
JIT-APFRL,6740,225,5.20789253320959
JIT-APFRL,6740,226,5.16721912568104
JIT-APFRL,6740,227,5.030299442943
JIT-APFRL,6740,228,4.98677007516412
JIT-APFRL,6740,229,5.25852678280287
JIT-APFRL,6740,230,5.28114606708407
JIT-APFRL,6740,231,4.98033646754794
JIT-APFRL,6740,232,5.2066661859734
JIT-APFRL,6740,233,5.28122936073759
JIT-APFRL,6740,234,5.21099767727139
JIT-APFRL,6740,235,5.10009690200163
JIT-APFRL,6740,236,5.12136063519235
JIT-APFRL,6740,237,5.23570226315375
JIT-APFRL,6740,238,5.31559525571947
JIT-APFRL,6740,239,5.02948993282884
JIT-APFRL,6740,240,5.13784646598944
JIT-APFRL,6740,241,5.04105216530365
JIT-APFRL,6740,242,5.1653701623988
JIT-APFRL,6740,243,5.12449357323015
JIT-APFRL,6740,244,5.19011808663542
JIT-APFRL,6740,245,5.09738351036983
JIT-APFRL,6740,246,5.20045953149408
JIT-APFRL,6740,247,5.06270427968358
JIT-APFRL,6740,248,5.08443737057391
JIT-APFRL,6740,249,5.18362979858128
JIT-APFRL,6740,250,5.17806238493404
JIT-APFRL,6740,251,5.42530302701313
JIT-APFRL,6740,252,5.03372571144459
JIT-APFRL,6740,253,5.21705216717983
JIT-APFRL,6740,254,5.08623564998844
JIT-APFRL,6740,255,5.25830403801032
JIT-APFRL,6740,256,5.06380932946827
JIT-APFRL,6740,257,5.15603798149106
JIT-APFRL,6740,258,5.26787818738227
JIT-APFRL,6740,259,5.27521028905633
JIT-APFRL,6740,260,5.22826369872852
JIT-APFRL,6740,261,5.12524857660933
JIT-APFRL,6740,262,5.18086568017362
JIT-APFRL,6740,263,5.16860803812931
JIT-APFRL,6740,264,5.15432781476721
JIT-APFRL,6740,265,5.15991645531796
JIT-APFRL,6740,266,5.13284550541251
JIT-APFRL,6740,267,5.08782059218113
JIT-APFRL,6740,268,5.22674180761761
JIT-APFRL,6740,269,5.15499101931129
JIT-APFRL,6740,270,5.23868602575794
JIT-APFRL,6740,271,5.02233033034752
JIT-APFRL,6740,272,5.22123097592215
JIT-APFRL,6740,273,5.28219485044855
JIT-APFRL,6740,274,5.07657564368938
JIT-APFRL,6740,275,5.28364470219332
JIT-APFRL,6740,276,5.03608282100132
JIT-APFRL,6740,277,5.11064099860158
JIT-APFRL,6740,278,5.32840294883484
JIT-APFRL,6740,279,5.20280875061152
JIT-APFRL,6740,280,5.25410275368057
JIT-APFRL,6740,281,5.06274061643991
JIT-APFRL,6740,282,5.16648901550215
JIT-APFRL,6740,283,5.13334210006721
JIT-APFRL,6740,284,5.21645513499481
JIT-APFRL,6740,285,5.24593925258857
JIT-APFRL,6740,286,5.09257586522042
JIT-APFRL,6740,287,5.10399143835882
JIT-APFRL,6740,288,5.1722498151204
JIT-APFRL,6740,289,5.24251979836927
JIT-APFRL,6740,290,5.16644877086594
JIT-APFRL,6740,291,5.23513343733457
JIT-APFRL,6740,292,5.12461682579519
JIT-APFRL,6740,293,5.18755250413581
JIT-APFRL,6740,294,5.07120737714547
JIT-APFRL,6740,295,5.16065942914196
JIT-APFRL,6740,296,4.94427453091566
JIT-APFRL,6740,297,5.16977200375392
JIT-APFRL,6740,298,5.23102828197405
JIT-APFRL,6740,299,5.12765219000321
JIT-APFRL,6740,300,5.22069361088888
JIT-APFRL,6740,301,5.08073693142372
JIT-APFRL,6740,302,5.07451437620767
JIT-APFRL,6740,303,5.13688163188897
JIT-APFRL,6740,304,5.12808989663469
JIT-APFRL,6740,305,5.10435938583695
JIT-APFRL,6740,306,5.14624059687039
JIT-APFRL,6740,307,5.08059496769569
JIT-APFRL,6740,308,5.20503058941504
JIT-APFRL,6740,309,5.12276274715012
JIT-APFRL,6740,310,5.28940397788507
JIT-APFRL,6740,311,5.07379769317176
JIT-APFRL,6740,312,5.24319315754391
JIT-APFRL,6740,313,5.2963420070024
JIT-APFRL,6740,314,5.18582418800531
JIT-APFRL,6740,315,5.24649171786434
JIT-APFRL,6740,316,5.19163068374111
JIT-APFRL,6740,317,5.22743217352033
JIT-APFRL,6740,318,5.16455203516005
JIT-APFRL,6740,319,5.19709573088714
JIT-APFRL,6740,320,5.27515961511739
JIT-APFRL,6740,321,5.18673728576617
JIT-APFRL,6740,322,5.12214406246541
JIT-APFRL,6740,323,5.09900064751331
JIT-APFRL,6740,324,5.03708647574048
JIT-APFRL,6740,325,5.31099868986166
JIT-APFRL,6740,326,5.25773860795221
JIT-APFRL,6740,327,5.25009983176569
JIT-APFRL,6740,328,5.03998981502753
JIT-APFRL,6740,329,5.1501713954465
JIT-APFRL,6740,330,5.0465927712141
JIT-APFRL,6740,331,5.3816584471238
JIT-APFRL,6740,332,5.10568341289289
JIT-APFRL,6740,333,5.20781465819286
JIT-APFRL,6740,334,5.21233433384292
JIT-APFRL,6740,335,5.12608051561878
JIT-APFRL,6740,336,5.19048277959034
JIT-APFRL,6740,337,5.27869968144466
JIT-APFRL,6740,338,5.217644320881
JIT-APFRL,6740,339,5.2666363359447
JIT-APFRL,6740,340,5.06982894564613
JIT-APFRL,6740,341,5.15356162746802
JIT-APFRL,6740,342,5.19713559556452
JIT-APFRL,6740,343,5.12081126006939
JIT-APFRL,6740,344,5.14093313127908
JIT-APFRL,6740,345,5.14932866001599
JIT-APFRL,6740,346,5.09461571374484
JIT-APFRL,6740,347,5.19558976724913
JIT-APFRL,6740,348,5.20155061363499
JIT-APFRL,6740,349,5.10777891128409
JIT-APFRL,6740,350,5.13893925254672
JIT-APFRL,6740,351,5.14082555973522
JIT-APFRL,6740,352,5.12112265438695
JIT-APFRL,6740,353,5.28592024946288
JIT-APFRL,6740,354,5.127380499503
JIT-APFRL,6740,355,5.24453738269971
JIT-APFRL,6740,356,5.15481309052624
JIT-APFRL,6740,357,5.2978420131179
JIT-APFRL,6740,358,5.0220569233657
JIT-APFRL,6740,359,5.25004786610113
JIT-APFRL,6740,360,5.04009900137665
JIT-APFRL,6740,361,5.17911585303383
JIT-APFRL,6740,362,5.14911990804578
JIT-APFRL,6740,363,5.19536222553537
JIT-APFRL,6740,364,5.25186999470529
JIT-APFRL,6740,365,5.14653039752592
JIT-APFRL,6740,366,5.02831049181714
JIT-APFRL,6740,367,5.06183876785918
JIT-APFRL,6740,368,5.18690491310883
JIT-APFRL,6740,369,5.12247188610696
JIT-APFRL,6740,370,5.23305648761402
JIT-APFRL,6740,371,5.2110924205972
JIT-APFRL,6740,372,5.20253788989312
JIT-APFRL,6740,373,5.12208402499281
JIT-APFRL,6740,374,5.22686923977098
JIT-APFRL,6740,375,5.26334215750009
JIT-APFRL,6740,376,5.11636551908371
JIT-APFRL,6740,377,5.2559849201248
JIT-APFRL,6740,378,5.23301884081164
JIT-APFRL,6740,379,5.09510773342544
JIT-APFRL,6740,380,5.28219220561523
JIT-APFRL,6740,381,5.17060511861525
JIT-APFRL,6740,382,5.20545958664642
JIT-APFRL,6740,383,5.22103457416592
JIT-APFRL,6740,384,5.10429558169638
JIT-APFRL,6740,385,5.32250175653924
JIT-APFRL,6740,386,5.02899625479512
JIT-APFRL,6740,387,5.28840995133491
JIT-APFRL,6740,388,5.09907400022179
JIT-APFRL,6740,389,5.10545268317602
JIT-APFRL,6740,390,5.22910201705594
JIT-APFRL,6740,391,5.04474352284015
JIT-APFRL,6740,392,5.25679828698049
JIT-APFRL,6740,393,5.36453849642892
JIT-APFRL,6740,394,5.24597682367055
JIT-APFRL,6740,395,5.15281987540466
JIT-APFRL,6740,396,5.18516873680664
JIT-APFRL,6740,397,5.14243854147582
JIT-APFRL,6740,398,5.21721435790841
JIT-APFRL,6740,399,5.18681133004299
JIT-APFRL,6740,400,5.03466000692686
JIT-APFRL,7851,1,4.03925738965456
JIT-APFRL,7851,2,4.1141682429019
JIT-APFRL,7851,3,3.94554837352379
JIT-APFRL,7851,4,3.66860705845115
JIT-APFRL,7851,5,3.92451612038474
JIT-APFRL,7851,6,4.08376002727614
JIT-APFRL,7851,7,4.09099082411853
JIT-APFRL,7851,8,4.03904629359097
JIT-APFRL,7851,9,4.06238042583318
JIT-APFRL,7851,10,4.02389818815855
JIT-APFRL,7851,11,4.2409527249343
JIT-APFRL,7851,12,4.24806350228554
JIT-APFRL,7851,13,4.15777999677608
JIT-APFRL,7851,14,4.17745182661631
JIT-APFRL,7851,15,3.85725229447648
JIT-APFRL,7851,16,4.03378272377477
JIT-APFRL,7851,17,3.70732534206214
JIT-APFRL,7851,18,4.04824385334477
JIT-APFRL,7851,19,3.97767217685649
JIT-APFRL,7851,20,3.94965033028582
JIT-APFRL,7851,21,4.26527079153805
JIT-APFRL,7851,22,4.03097885671962
JIT-APFRL,7851,23,4.09107491670452
JIT-APFRL,7851,24,4.07795021653704
JIT-APFRL,7851,25,4.12220859437498
JIT-APFRL,7851,26,4.17750957650989
JIT-APFRL,7851,27,4.3322883755495
JIT-APFRL,7851,28,4.24055414597943
JIT-APFRL,7851,29,4.09635506160028
JIT-APFRL,7851,30,4.19325066895442
JIT-APFRL,7851,31,3.94744353486864
JIT-APFRL,7851,32,4.01807007885777
JIT-APFRL,7851,33,4.14217901094406
JIT-APFRL,7851,34,4.36364909837839
JIT-APFRL,7851,35,4.25834211432934
JIT-APFRL,7851,36,4.3070045316329
JIT-APFRL,7851,37,4.2216289860538
JIT-APFRL,7851,38,4.3171965235557
JIT-APFRL,7851,39,4.13499407340097
JIT-APFRL,7851,40,4.2255323415465
JIT-APFRL,7851,41,4.33534278745811
JIT-APFRL,7851,42,4.42826673650561
JIT-APFRL,7851,43,4.13016445921386
JIT-APFRL,7851,44,4.19116853150063
JIT-APFRL,7851,45,4.01796394535116
JIT-APFRL,7851,46,4.43455597983242
JIT-APFRL,7851,47,4.36481797674133
JIT-APFRL,7851,48,4.22146759305346
JIT-APFRL,7851,49,4.33732122623579
JIT-APFRL,7851,50,4.24140675221528
JIT-APFRL,7851,51,4.23225624054046
JIT-APFRL,7851,52,4.36262657998877
JIT-APFRL,7851,53,4.07604355136371
JIT-APFRL,7851,54,4.28753915678994
JIT-APFRL,7851,55,4.04023168670614
JIT-APFRL,7851,56,4.44178568589798
JIT-APFRL,7851,57,4.26247249291615
JIT-APFRL,7851,58,4.57075370682835
JIT-APFRL,7851,59,4.22567779592755
JIT-APFRL,7851,60,4.43372268616647
JIT-APFRL,7851,61,4.34213757874381
JIT-APFRL,7851,62,4.40363507478841
JIT-APFRL,7851,63,4.34085641699842
JIT-APFRL,7851,64,4.59449052730787
JIT-APFRL,7851,65,4.45350997114465
JIT-APFRL,7851,66,4.48355050502362
JIT-APFRL,7851,67,4.51315855235205
JIT-APFRL,7851,68,4.47328234654497
JIT-APFRL,7851,69,4.51933876804966
JIT-APFRL,7851,70,4.5642846553586
JIT-APFRL,7851,71,4.59179802951865
JIT-APFRL,7851,72,4.53794577292664
JIT-APFRL,7851,73,4.36629635399119
JIT-APFRL,7851,74,4.63469059153549
JIT-APFRL,7851,75,4.61605167587344
JIT-APFRL,7851,76,4.42869986971305
JIT-APFRL,7851,77,4.59875161940519
JIT-APFRL,7851,78,4.44276499780743
JIT-APFRL,7851,79,4.6714226679472
JIT-APFRL,7851,80,4.70299784829218
JIT-APFRL,7851,81,4.72603120903636
JIT-APFRL,7851,82,4.61983502400612
JIT-APFRL,7851,83,4.53205415723409
JIT-APFRL,7851,84,4.44718813506739
JIT-APFRL,7851,85,4.7911051197671
JIT-APFRL,7851,86,4.83169770770928
JIT-APFRL,7851,87,4.82778199817427
JIT-APFRL,7851,88,4.68353466471133
JIT-APFRL,7851,89,4.87882366791549
JIT-APFRL,7851,90,4.69072394612655
JIT-APFRL,7851,91,4.80319286310573
JIT-APFRL,7851,92,4.62854932710727
JIT-APFRL,7851,93,4.86324734535727
JIT-APFRL,7851,94,4.53363627423149
JIT-APFRL,7851,95,4.83498431198026
JIT-APFRL,7851,96,4.7130630510756
JIT-APFRL,7851,97,4.74544416896034
JIT-APFRL,7851,98,4.75999952644265
JIT-APFRL,7851,99,4.70149164394546
JIT-APFRL,7851,100,4.64641630857273
JIT-APFRL,7851,101,4.57693357240448
JIT-APFRL,7851,102,4.70481399847845
JIT-APFRL,7851,103,4.80474313475343
JIT-APFRL,7851,104,4.67403470761759
JIT-APFRL,7851,105,4.85346696513668
JIT-APFRL,7851,106,4.90139276163117
JIT-APFRL,7851,107,4.89503987718225
JIT-APFRL,7851,108,4.77865707895643
JIT-APFRL,7851,109,4.81036240385571
JIT-APFRL,7851,110,5.04931914289709
JIT-APFRL,7851,111,4.82548637139043
JIT-APFRL,7851,112,4.94696929437723
JIT-APFRL,7851,113,4.81984471648957
JIT-APFRL,7851,114,4.7930883256407
JIT-APFRL,7851,115,5.00248129194313
JIT-APFRL,7851,116,4.86381426213547
JIT-APFRL,7851,117,4.65992652897613
JIT-APFRL,7851,118,4.96303361307632
JIT-APFRL,7851,119,4.96283954872274
JIT-APFRL,7851,120,4.84462368325137
JIT-APFRL,7851,121,5.05074892996396
JIT-APFRL,7851,122,4.88508876097586
JIT-APFRL,7851,123,5.01747203957979
JIT-APFRL,7851,124,4.88832703031016
JIT-APFRL,7851,125,4.97296062237273
JIT-APFRL,7851,126,4.91603401708247
JIT-APFRL,7851,127,4.82653452190529
JIT-APFRL,7851,128,5.05517570993341
JIT-APFRL,7851,129,5.10232345076906
JIT-APFRL,7851,130,4.92213818893492
JIT-APFRL,7851,131,4.83608093608674
JIT-APFRL,7851,132,4.97007639915284
JIT-APFRL,7851,133,5.1233089287287
JIT-APFRL,7851,134,5.08364284824174
JIT-APFRL,7851,135,5.09107204911175
JIT-APFRL,7851,136,5.14235879279325
JIT-APFRL,7851,137,5.0391704763703
JIT-APFRL,7851,138,5.0246709915757
JIT-APFRL,7851,139,4.9447603228705
JIT-APFRL,7851,140,4.99912196629035
JIT-APFRL,7851,141,5.18088154270696
JIT-APFRL,7851,142,4.94056911483243
JIT-APFRL,7851,143,5.0482940487198
JIT-APFRL,7851,144,5.20834618486332
JIT-APFRL,7851,145,4.99665288655877
JIT-APFRL,7851,146,5.03766802612862
JIT-APFRL,7851,147,4.91301701570999
JIT-APFRL,7851,148,5.06102679227032
JIT-APFRL,7851,149,4.92534179805441
JIT-APFRL,7851,150,5.04951801423923
JIT-APFRL,7851,151,4.96541556742209
JIT-APFRL,7851,152,5.10801642811028
JIT-APFRL,7851,153,5.08975575041105
JIT-APFRL,7851,154,4.88537834139656
JIT-APFRL,7851,155,5.17887518786388
JIT-APFRL,7851,156,4.86820840585452
JIT-APFRL,7851,157,5.07460363555006
JIT-APFRL,7851,158,5.07434413212031
JIT-APFRL,7851,159,5.12380490333086
JIT-APFRL,7851,160,5.13337014229948
JIT-APFRL,7851,161,5.0639788245774
JIT-APFRL,7851,162,5.07579290014787
JIT-APFRL,7851,163,5.07809522056851
JIT-APFRL,7851,164,5.15974472002303
JIT-APFRL,7851,165,5.05609771557621
JIT-APFRL,7851,166,4.99076505899996
JIT-APFRL,7851,167,4.95732630017315
JIT-APFRL,7851,168,5.08588638396695
JIT-APFRL,7851,169,5.23429317608292
JIT-APFRL,7851,170,5.15926884315916
JIT-APFRL,7851,171,5.10544371044815
JIT-APFRL,7851,172,5.09657828390197
JIT-APFRL,7851,173,5.0877043759001
JIT-APFRL,7851,174,5.21350095766828
JIT-APFRL,7851,175,5.13023163440003
JIT-APFRL,7851,176,4.97646030532305
JIT-APFRL,7851,177,5.20928727703363
JIT-APFRL,7851,178,5.05479030227367
JIT-APFRL,7851,179,4.80053008208427
JIT-APFRL,7851,180,5.22149601718084
JIT-APFRL,7851,181,5.25900535280736
JIT-APFRL,7851,182,5.25273735432919
JIT-APFRL,7851,183,5.19599587630243
JIT-APFRL,7851,184,5.08589832314685
JIT-APFRL,7851,185,5.13748121160592
JIT-APFRL,7851,186,5.06595108813055
JIT-APFRL,7851,187,4.99506942575322
JIT-APFRL,7851,188,4.96575976147023
JIT-APFRL,7851,189,5.05808451949978
JIT-APFRL,7851,190,5.05782664023545
JIT-APFRL,7851,191,5.16680326449861
JIT-APFRL,7851,192,5.25973583297765
JIT-APFRL,7851,193,5.07799501077306
JIT-APFRL,7851,194,5.01772749092081
JIT-APFRL,7851,195,5.21235260329006
JIT-APFRL,7851,196,5.15440183251352
JIT-APFRL,7851,197,5.23366172518791
JIT-APFRL,7851,198,5.0854395412954
JIT-APFRL,7851,199,5.17634076406535
JIT-APFRL,7851,200,5.15795735107855
JIT-APFRL,7851,201,5.1034018838589
JIT-APFRL,7851,202,5.02697497352608
JIT-APFRL,7851,203,5.1539253164309
JIT-APFRL,7851,204,5.39351612945258
JIT-APFRL,7851,205,5.11511655203437
JIT-APFRL,7851,206,5.17271203890709
JIT-APFRL,7851,207,5.04843864613289
JIT-APFRL,7851,208,5.23740514268212
JIT-APFRL,7851,209,5.1656941693782
JIT-APFRL,7851,210,4.94698925325058
JIT-APFRL,7851,211,5.13880313840028
JIT-APFRL,7851,212,5.01411141917587
JIT-APFRL,7851,213,5.26870100279409
JIT-APFRL,7851,214,5.27784251871855
JIT-APFRL,7851,215,5.082679191033
JIT-APFRL,7851,216,5.23761288729347
JIT-APFRL,7851,217,5.07390422488275
JIT-APFRL,7851,218,5.07787285619112
JIT-APFRL,7851,219,5.12342108301551
JIT-APFRL,7851,220,4.97633622867048
JIT-APFRL,7851,221,5.13043081859795
JIT-APFRL,7851,222,5.01232696660079
JIT-APFRL,7851,223,5.2543121180994
JIT-APFRL,7851,224,5.04684250945505
JIT-APFRL,7851,225,5.14021156971907
JIT-APFRL,7851,226,5.09923799836156
JIT-APFRL,7851,227,5.24721871402585
JIT-APFRL,7851,228,5.14059457302413
JIT-APFRL,7851,229,5.08008480727664
JIT-APFRL,7851,230,5.06924844032551
JIT-APFRL,7851,231,5.18775772093955
JIT-APFRL,7851,232,5.28132369088514
JIT-APFRL,7851,233,4.94852084740044
JIT-APFRL,7851,234,5.15815253348075
JIT-APFRL,7851,235,5.28937797865679
JIT-APFRL,7851,236,5.19113655753406
JIT-APFRL,7851,237,5.16830833826352
JIT-APFRL,7851,238,5.08867153730276
JIT-APFRL,7851,239,4.9787323657126
JIT-APFRL,7851,240,5.09433309515898
JIT-APFRL,7851,241,5.24216580742617
JIT-APFRL,7851,242,5.05762718249443
JIT-APFRL,7851,243,5.25546855703849
JIT-APFRL,7851,244,5.06865942340042
JIT-APFRL,7851,245,5.12873829760336
JIT-APFRL,7851,246,5.08510844585239
JIT-APFRL,7851,247,5.07847638843065
JIT-APFRL,7851,248,5.07780162620585
JIT-APFRL,7851,249,5.2060105338679
JIT-APFRL,7851,250,5.25362640800613
JIT-APFRL,7851,251,4.98871562786172
JIT-APFRL,7851,252,5.30986765762552
JIT-APFRL,7851,253,5.17067355387555
JIT-APFRL,7851,254,5.20396848591761
JIT-APFRL,7851,255,5.24589666184429
JIT-APFRL,7851,256,5.32973361357489
JIT-APFRL,7851,257,5.03581072175906
JIT-APFRL,7851,258,5.10049366530614
JIT-APFRL,7851,259,5.09335516238779
JIT-APFRL,7851,260,5.24435974971662
JIT-APFRL,7851,261,5.07826743407739
JIT-APFRL,7851,262,5.14408827235013
JIT-APFRL,7851,263,5.03076932830106
JIT-APFRL,7851,264,5.19311998837024
JIT-APFRL,7851,265,5.14500087658286
JIT-APFRL,7851,266,5.16378999858498
JIT-APFRL,7851,267,5.07816708950899
JIT-APFRL,7851,268,5.15760593758101
JIT-APFRL,7851,269,5.13483894321939
JIT-APFRL,7851,270,5.11803563719844
JIT-APFRL,7851,271,5.19863985141957
JIT-APFRL,7851,272,5.16191553963167
JIT-APFRL,7851,273,5.18730589212045
JIT-APFRL,7851,274,5.0426587753741
JIT-APFRL,7851,275,5.17763357535006
JIT-APFRL,7851,276,5.11506455777089
JIT-APFRL,7851,277,5.19514879522163
JIT-APFRL,7851,278,5.27571042098987
JIT-APFRL,7851,279,5.06080462821696
JIT-APFRL,7851,280,5.0768171709613
JIT-APFRL,7851,281,5.23935601761999
JIT-APFRL,7851,282,5.14170126950875
JIT-APFRL,7851,283,5.26295369149331
JIT-APFRL,7851,284,5.18356677699084
JIT-APFRL,7851,285,5.39198339866286
JIT-APFRL,7851,286,5.17730169233104
JIT-APFRL,7851,287,5.16195734232478
JIT-APFRL,7851,288,5.17964236949845
JIT-APFRL,7851,289,5.16343437863686
JIT-APFRL,7851,290,5.12893282819705
JIT-APFRL,7851,291,5.14819655012599
JIT-APFRL,7851,292,5.14058506093821
JIT-APFRL,7851,293,5.27757997916257
JIT-APFRL,7851,294,5.0905208893411
JIT-APFRL,7851,295,4.99793852107241
JIT-APFRL,7851,296,5.22603030938804
JIT-APFRL,7851,297,5.20734716750102
JIT-APFRL,7851,298,5.1965151342555
JIT-APFRL,7851,299,5.16267147617158
JIT-APFRL,7851,300,5.152823669282
JIT-APFRL,7851,301,5.15594790577348
JIT-APFRL,7851,302,5.11901337615275
JIT-APFRL,7851,303,5.21224436638213
JIT-APFRL,7851,304,5.13250372345406
JIT-APFRL,7851,305,5.09347282748819
JIT-APFRL,7851,306,5.08712179613076
JIT-APFRL,7851,307,5.1447536381753
JIT-APFRL,7851,308,5.15265471544285
JIT-APFRL,7851,309,5.11179639644584
JIT-APFRL,7851,310,5.35452543143727
JIT-APFRL,7851,311,4.98079991153204
JIT-APFRL,7851,312,5.13753523422979
JIT-APFRL,7851,313,5.34935002074309
JIT-APFRL,7851,314,5.28184911415359
JIT-APFRL,7851,315,5.30204102823124
JIT-APFRL,7851,316,5.05927604475414
JIT-APFRL,7851,317,5.11372659578005
JIT-APFRL,7851,318,5.2594111439326
JIT-APFRL,7851,319,5.2507028279971
JIT-APFRL,7851,320,5.20161120576891
JIT-APFRL,7851,321,5.18745993212346
JIT-APFRL,7851,322,5.201629699904
JIT-APFRL,7851,323,5.29642397410625
JIT-APFRL,7851,324,5.14998990481946
JIT-APFRL,7851,325,5.15619813239135
JIT-APFRL,7851,326,5.16835664029665
JIT-APFRL,7851,327,5.1258018662201
JIT-APFRL,7851,328,5.08719397498797
JIT-APFRL,7851,329,5.15655933074485
JIT-APFRL,7851,330,5.1542069533996
JIT-APFRL,7851,331,5.11577273580675
JIT-APFRL,7851,332,5.10887610790463
JIT-APFRL,7851,333,5.1372692894787
JIT-APFRL,7851,334,5.24988129754391
JIT-APFRL,7851,335,5.09184205222607
JIT-APFRL,7851,336,5.28209572333214
JIT-APFRL,7851,337,5.04321794757843
JIT-APFRL,7851,338,5.12583642399317
JIT-APFRL,7851,339,5.1795017576068
JIT-APFRL,7851,340,5.31143439767112
JIT-APFRL,7851,341,5.18075785443118
JIT-APFRL,7851,342,5.02165207197166
JIT-APFRL,7851,343,5.24660801867288
JIT-APFRL,7851,344,5.28909707621173
JIT-APFRL,7851,345,5.19704066111759
JIT-APFRL,7851,346,5.09822938799485
JIT-APFRL,7851,347,5.10743239249749
JIT-APFRL,7851,348,5.16273024153447
JIT-APFRL,7851,349,5.30105863094454
JIT-APFRL,7851,350,5.21033168707847
JIT-APFRL,7851,351,5.16262894836359
JIT-APFRL,7851,352,5.18315642203489
JIT-APFRL,7851,353,5.16896624982677
JIT-APFRL,7851,354,5.17662866592712
JIT-APFRL,7851,355,5.27059612143474
JIT-APFRL,7851,356,5.16692190820743
JIT-APFRL,7851,357,5.07016691442316
JIT-APFRL,7851,358,5.07047079503434
JIT-APFRL,7851,359,5.16548732319899
JIT-APFRL,7851,360,5.3268662871398
JIT-APFRL,7851,361,5.20249517781136
JIT-APFRL,7851,362,5.26008484071305
JIT-APFRL,7851,363,5.19982842642219
JIT-APFRL,7851,364,5.28386950512981
JIT-APFRL,7851,365,5.15052327933985
JIT-APFRL,7851,366,5.40640041405191
JIT-APFRL,7851,367,5.22492379114766
JIT-APFRL,7851,368,5.09546479313667
JIT-APFRL,7851,369,5.30450584247392
JIT-APFRL,7851,370,5.36017889061481
JIT-APFRL,7851,371,5.24322399924579
JIT-APFRL,7851,372,5.19590438587285
JIT-APFRL,7851,373,5.07484705268701
JIT-APFRL,7851,374,5.2464660598761
JIT-APFRL,7851,375,5.03917043367421
JIT-APFRL,7851,376,5.06326511736845
JIT-APFRL,7851,377,5.23520141847636
JIT-APFRL,7851,378,5.10003894413371
JIT-APFRL,7851,379,5.18804745932723
JIT-APFRL,7851,380,5.18634073196528
JIT-APFRL,7851,381,5.17395886852972
JIT-APFRL,7851,382,5.07012845971859
JIT-APFRL,7851,383,5.20760795719997
JIT-APFRL,7851,384,5.10837643055711
JIT-APFRL,7851,385,5.18180707230542
JIT-APFRL,7851,386,5.31979041808518
JIT-APFRL,7851,387,5.07017461096206
JIT-APFRL,7851,388,5.18170054532012
JIT-APFRL,7851,389,5.10855083593962
JIT-APFRL,7851,390,5.22839640662839
JIT-APFRL,7851,391,5.26491442880869
JIT-APFRL,7851,392,5.18241225798846
JIT-APFRL,7851,393,5.2777929088381
JIT-APFRL,7851,394,5.07562917012005
JIT-APFRL,7851,395,5.34200508598622
JIT-APFRL,7851,396,5.0429956100537
JIT-APFRL,7851,397,5.16961238785151
JIT-APFRL,7851,398,5.17786554594092
JIT-APFRL,7851,399,5.21418322195743
JIT-APFRL,7851,400,5.18130411329155
